<?xml version="1.0" encoding="UTF-8"?>
<gpx creator="Garmin Connect" version="1.1"
  xsi:schemaLocation="http://www.topografix.com/GPX/1/1 http://www.topografix.com/GPX/11.xsd"
  xmlns:ns3="http://www.garmin.com/xmlschemas/TrackPointExtension/v1"
  xmlns="http://www.topografix.com/GPX/1/1"
  xmlns:xsi="http://www.w3.org/2001/XMLSchema-instance" xmlns:ns2="http://www.garmin.com/xmlschemas/GpxExtensions/v3">
  <metadata>
    <name>Ignite_FullTSP</name>
    <link href="connect.garmin.com">
      <text>Garmin Connect</text>
    </link>
    <time>2023-03-17T00:57:49.000Z</time>
  </metadata>
  <trk>
    <name>Ignite_FullTSP</name>
    <trkseg>
      <trkpt lat="34.01144027709961" lon="-118.49493026733398">
        <ele>19.0</ele>
        <time>2023-03-17T00:57:49.000Z</time>
      </trkpt>
      <trkpt lat="34.01238441467285" lon="-118.49602460861206">
        <ele>20.0</ele>
        <time>2023-03-17T00:57:49.044Z</time>
      </trkpt>
      <trkpt lat="34.01268490590155" lon="-118.4964108467102">
        <ele>20.0</ele>
        <time>2023-03-17T00:57:49.102Z</time>
      </trkpt>
      <trkpt lat="34.012835109606385" lon="-118.49656105041504">
        <ele>21.0</ele>
        <time>2023-03-17T00:57:49.167Z</time>
      </trkpt>
      <trkpt lat="34.01369341649115" lon="-118.49761247634888">
        <ele>22.0</ele>
        <time>2023-03-17T00:57:49.273Z</time>
      </trkpt>
      <trkpt lat="34.01410102844238" lon="-118.49806308746338">
        <ele>22.0</ele>
        <time>2023-03-17T00:57:49.397Z</time>
      </trkpt>
      <trkpt lat="34.01416540145874" lon="-118.49795579910278">
        <ele>22.0</ele>
        <time>2023-03-17T00:57:49.525Z</time>
      </trkpt>
      <trkpt lat="34.0145302657038" lon="-118.4975266456604">
        <ele>23.0</ele>
        <time>2023-03-17T00:57:49.670Z</time>
      </trkpt>
      <trkpt lat="34.01489496231079" lon="-118.49705457687378">
        <ele>24.0</ele>
        <time>2023-03-17T00:57:49.833Z</time>
      </trkpt>
      <trkpt lat="34.01701793074608" lon="-118.49441687576473">
        <ele>27.0</ele>
        <time>2023-03-17T00:57:50.097Z</time>
      </trkpt>
      <trkpt lat="34.017598712816834" lon="-118.49375009536743">
        <ele>29.0</ele>
        <time>2023-03-17T00:57:50.388Z</time>
      </trkpt>
      <trkpt lat="34.01768445968628" lon="-118.49362134933472">
        <ele>29.0</ele>
        <time>2023-03-17T00:57:50.684Z</time>
      </trkpt>
      <trkpt lat="34.01813507080078" lon="-118.49306344985962">
        <ele>30.0</ele>
        <time>2023-03-17T00:57:51.001Z</time>
      </trkpt>
      <trkpt lat="34.018607223406434" lon="-118.49250555038452">
        <ele>31.0</ele>
        <time>2023-03-17T00:57:51.340Z</time>
      </trkpt>
      <trkpt lat="34.01888617314398" lon="-118.4921407699585">
        <ele>31.0</ele>
        <time>2023-03-17T00:57:51.693Z</time>
      </trkpt>
      <trkpt lat="34.01920795440674" lon="-118.49175453186035">
        <ele>33.0</ele>
        <time>2023-03-17T00:57:52.061Z</time>
      </trkpt>
      <trkpt lat="34.01922949589789" lon="-118.491690158844">
        <ele>33.0</ele>
        <time>2023-03-17T00:57:52.431Z</time>
      </trkpt>
      <trkpt lat="34.019358241930604" lon="-118.49156141281128">
        <ele>33.0</ele>
        <time>2023-03-17T00:57:52.806Z</time>
      </trkpt>
      <trkpt lat="34.019615733996034" lon="-118.49119663238525">
        <ele>33.0</ele>
        <time>2023-03-17T00:57:53.195Z</time>
      </trkpt>
      <trkpt lat="34.01974448002875" lon="-118.49106788635254">
        <ele>34.0</ele>
        <time>2023-03-17T00:57:53.589Z</time>
      </trkpt>
      <trkpt lat="34.02023800648749" lon="-118.49042415618896">
        <ele>35.0</ele>
        <time>2023-03-17T00:57:54.008Z</time>
      </trkpt>
      <trkpt lat="34.02062424458563" lon="-118.48997354507446">
        <ele>36.0</ele>
        <time>2023-03-17T00:57:54.444Z</time>
      </trkpt>
      <trkpt lat="34.021010398864746" lon="-118.48948001861572">
        <ele>36.0</ele>
        <time>2023-03-17T00:57:54.899Z</time>
      </trkpt>
      <trkpt lat="34.02139672078192" lon="-118.4890079498291">
        <ele>36.0</ele>
        <time>2023-03-17T00:57:55.373Z</time>
      </trkpt>
      <trkpt lat="34.02161121368408" lon="-118.48877191543579">
        <ele>37.0</ele>
        <time>2023-03-17T00:57:55.856Z</time>
      </trkpt>
      <trkpt lat="34.021782875061035" lon="-118.48853588104248">
        <ele>37.0</ele>
        <time>2023-03-17T00:57:56.348Z</time>
      </trkpt>
      <trkpt lat="34.0229416731745" lon="-118.48714113235474">
        <ele>40.0</ele>
        <time>2023-03-17T00:57:56.895Z</time>
      </trkpt>
      <trkpt lat="34.023306453600526" lon="-118.48666906356812">
        <ele>40.0</ele>
        <time>2023-03-17T00:57:57.459Z</time>
      </trkpt>
      <trkpt lat="34.02448662556708" lon="-118.48523139953613">
        <ele>42.0</ele>
        <time>2023-03-17T00:57:58.079Z</time>
      </trkpt>
      <trkpt lat="34.024593913927674" lon="-118.48505973815918">
        <ele>42.0</ele>
        <time>2023-03-17T00:57:58.705Z</time>
      </trkpt>
      <trkpt lat="34.02678259648383" lon="-118.4823989868164">
        <ele>45.0</ele>
        <time>2023-03-17T00:57:59.435Z</time>
      </trkpt>
      <trkpt lat="34.027533615008" lon="-118.48143339157104">
        <ele>46.0</ele>
        <time>2023-03-17T00:58:00.201Z</time>
      </trkpt>
      <trkpt lat="34.02837046422064" lon="-118.48044633865356">
        <ele>47.0</ele>
        <time>2023-03-17T00:58:01.007Z</time>
      </trkpt>
      <trkpt lat="34.02916431427002" lon="-118.47943782806396">
        <ele>47.0</ele>
        <time>2023-03-17T00:58:01.851Z</time>
      </trkpt>
      <trkpt lat="34.03036602772772" lon="-118.47795724868774">
        <ele>48.0</ele>
        <time>2023-03-17T00:58:02.752Z</time>
      </trkpt>
      <trkpt lat="34.03043040074408" lon="-118.47784996032715">
        <ele>48.0</ele>
        <time>2023-03-17T00:58:03.657Z</time>
      </trkpt>
      <trkpt lat="34.03070935048163" lon="-118.47754955291748">
        <ele>48.0</ele>
        <time>2023-03-17T00:58:04.574Z</time>
      </trkpt>
      <trkpt lat="34.03113850392401" lon="-118.47699165344238">
        <ele>48.0</ele>
        <time>2023-03-17T00:58:05.512Z</time>
      </trkpt>
      <trkpt lat="34.03158903121948" lon="-118.4764552116394">
        <ele>48.0</ele>
        <time>2023-03-17T00:58:06.472Z</time>
      </trkpt>
      <trkpt lat="34.0316104888916" lon="-118.47641229629517">
        <ele>48.0</ele>
        <time>2023-03-17T00:58:07.433Z</time>
      </trkpt>
      <trkpt lat="34.0319109801203" lon="-118.47606897354126">
        <ele>48.0</ele>
        <time>2023-03-17T00:58:08.408Z</time>
      </trkpt>
      <trkpt lat="34.032061183825135" lon="-118.47585439682007">
        <ele>48.0</ele>
        <time>2023-03-17T00:58:09.391Z</time>
      </trkpt>
      <trkpt lat="34.03298386372626" lon="-118.47473859786987">
        <ele>49.0</ele>
        <time>2023-03-17T00:58:10.417Z</time>
      </trkpt>
      <trkpt lat="34.033069694414735" lon="-118.47460985183716">
        <ele>49.0</ele>
        <time>2023-03-17T00:58:11.448Z</time>
      </trkpt>
      <trkpt lat="34.033327186480165" lon="-118.47433090209961">
        <ele>49.0</ele>
        <time>2023-03-17T00:58:12.490Z</time>
      </trkpt>
      <trkpt lat="34.034013748168945" lon="-118.47345113754272">
        <ele>52.0</ele>
        <time>2023-03-17T00:58:13.566Z</time>
      </trkpt>
      <trkpt lat="34.03414257802069" lon="-118.47332239151001">
        <ele>52.0</ele>
        <time>2023-03-17T00:58:14.647Z</time>
      </trkpt>
      <trkpt lat="34.035086715593934" lon="-118.47212076187134">
        <ele>54.0</ele>
        <time>2023-03-17T00:58:15.774Z</time>
      </trkpt>
      <trkpt lat="34.035322749987245" lon="-118.47184181213379">
        <ele>55.0</ele>
        <time>2023-03-17T00:58:16.912Z</time>
      </trkpt>
      <trkpt lat="34.03590210713446" lon="-118.47109079360962">
        <ele>57.0</ele>
        <time>2023-03-17T00:58:18.078Z</time>
      </trkpt>
      <trkpt lat="34.03712519444525" lon="-118.4696102142334">
        <ele>60.0</ele>
        <time>2023-03-17T00:58:19.302Z</time>
      </trkpt>
      <trkpt lat="34.03819807805121" lon="-118.46827983856201">
        <ele>64.0</ele>
        <time>2023-03-17T00:58:20.577Z</time>
      </trkpt>
      <trkpt lat="34.03862714767456" lon="-118.46772193908691">
        <ele>65.0</ele>
        <time>2023-03-17T00:58:21.873Z</time>
      </trkpt>
      <trkpt lat="34.03909930028021" lon="-118.46660614013672">
        <ele>65.0</ele>
        <time>2023-03-17T00:58:23.204Z</time>
      </trkpt>
      <trkpt lat="34.03937825001776" lon="-118.4660267829895">
        <ele>66.0</ele>
        <time>2023-03-17T00:58:24.554Z</time>
      </trkpt>
      <trkpt lat="34.039592826738954" lon="-118.46549034118652">
        <ele>66.0</ele>
        <time>2023-03-17T00:58:25.920Z</time>
      </trkpt>
      <trkpt lat="34.03985031880438" lon="-118.46495389938354">
        <ele>66.0</ele>
        <time>2023-03-17T00:58:27.303Z</time>
      </trkpt>
      <trkpt lat="34.04191025532782" lon="-118.46023321151733">
        <ele>62.0</ele>
        <time>2023-03-17T00:58:28.834Z</time>
      </trkpt>
      <trkpt lat="34.04238224029541" lon="-118.45920324325562">
        <ele>61.0</ele>
        <time>2023-03-17T00:58:30.398Z</time>
      </trkpt>
      <trkpt lat="34.042553985491395" lon="-118.45877408981323">
        <ele>61.0</ele>
        <time>2023-03-17T00:58:31.975Z</time>
      </trkpt>
      <trkpt lat="34.04362686909735" lon="-118.45637083053589">
        <ele>63.0</ele>
        <time>2023-03-17T00:58:33.627Z</time>
      </trkpt>
      <trkpt lat="34.044034564867616" lon="-118.45540523529053">
        <ele>65.0</ele>
        <time>2023-03-17T00:58:35.309Z</time>
      </trkpt>
      <trkpt lat="34.04422768391669" lon="-118.45499753952026">
        <ele>66.0</ele>
        <time>2023-03-17T00:58:37.004Z</time>
      </trkpt>
      <trkpt lat="34.04469975270331" lon="-118.45390319824219">
        <ele>67.0</ele>
        <time>2023-03-17T00:58:38.733Z</time>
      </trkpt>
      <trkpt lat="34.0449143294245" lon="-118.45345258712769">
        <ele>68.0</ele>
        <time>2023-03-17T00:58:40.477Z</time>
      </trkpt>
      <trkpt lat="34.04495724476874" lon="-118.45332384109497">
        <ele>68.0</ele>
        <time>2023-03-17T00:58:42.225Z</time>
      </trkpt>
      <trkpt lat="34.04512890614569" lon="-118.45295906066895">
        <ele>69.0</ele>
        <time>2023-03-17T00:58:43.984Z</time>
      </trkpt>
      <trkpt lat="34.045322025194764" lon="-118.45248699188232">
        <ele>70.0</ele>
        <time>2023-03-17T00:58:45.758Z</time>
      </trkpt>
      <trkpt lat="34.04549368657172" lon="-118.45199346542358">
        <ele>71.0</ele>
        <time>2023-03-17T00:58:47.547Z</time>
      </trkpt>
      <trkpt lat="34.04572972096503" lon="-118.4511137008667">
        <ele>73.0</ele>
        <time>2023-03-17T00:58:49.361Z</time>
      </trkpt>
      <trkpt lat="34.04596575535834" lon="-118.45031976699829">
        <ele>74.0</ele>
        <time>2023-03-17T00:58:51.199Z</time>
      </trkpt>
      <trkpt lat="34.04598721303046" lon="-118.45019102096558">
        <ele>74.0</ele>
        <time>2023-03-17T00:58:53.040Z</time>
      </trkpt>
      <trkpt lat="34.04613741673529" lon="-118.44971895217896">
        <ele>75.0</ele>
        <time>2023-03-17T00:58:54.895Z</time>
      </trkpt>
      <trkpt lat="34.046266162768006" lon="-118.44916105270386">
        <ele>75.0</ele>
        <time>2023-03-17T00:58:56.766Z</time>
      </trkpt>
      <trkpt lat="34.046330535784364" lon="-118.44901084899902">
        <ele>75.0</ele>
        <time>2023-03-17T00:58:58.642Z</time>
      </trkpt>
      <trkpt lat="34.04645919799805" lon="-118.44851732254028">
        <ele>76.0</ele>
        <time>2023-03-17T00:59:00.532Z</time>
      </trkpt>
      <trkpt lat="34.046502113342285" lon="-118.4484314918518">
        <ele>76.0</ele>
        <time>2023-03-17T00:59:02.425Z</time>
      </trkpt>
      <trkpt lat="34.04665240086615" lon="-118.44785213470459">
        <ele>77.0</ele>
        <time>2023-03-17T00:59:04.335Z</time>
      </trkpt>
      <trkpt lat="34.04665240086615" lon="-118.44778776168823">
        <ele>77.0</ele>
        <time>2023-03-17T00:59:06.247Z</time>
      </trkpt>
      <trkpt lat="34.04667385853827" lon="-118.44776630401611">
        <ele>77.0</ele>
        <time>2023-03-17T00:59:08.160Z</time>
      </trkpt>
      <trkpt lat="34.04673823155463" lon="-118.44750881195068">
        <ele>79.0</ele>
        <time>2023-03-17T00:59:10.080Z</time>
      </trkpt>
      <trkpt lat="34.046824062243104" lon="-118.44725131988525">
        <ele>79.0</ele>
        <time>2023-03-17T00:59:12.008Z</time>
      </trkpt>
      <trkpt lat="34.04712438583374" lon="-118.44613552093506">
        <ele>77.0</ele>
        <time>2023-03-17T00:59:13.968Z</time>
      </trkpt>
      <trkpt lat="34.04712446965277" lon="-118.44592094421387">
        <ele>77.0</ele>
        <time>2023-03-17T00:59:15.934Z</time>
      </trkpt>
      <trkpt lat="34.04740341939032" lon="-118.44489097595215">
        <ele>77.0</ele>
        <time>2023-03-17T00:59:17.930Z</time>
      </trkpt>
      <trkpt lat="34.04763945378363" lon="-118.44407558441162">
        <ele>77.0</ele>
        <time>2023-03-17T00:59:19.950Z</time>
      </trkpt>
      <trkpt lat="34.04789694584906" lon="-118.4432601928711">
        <ele>77.0</ele>
        <time>2023-03-17T00:59:21.994Z</time>
      </trkpt>
      <trkpt lat="34.04860504902899" lon="-118.44077110290527">
        <ele>76.0</ele>
        <time>2023-03-17T00:59:24.111Z</time>
      </trkpt>
      <trkpt lat="34.04875525273383" lon="-118.44017028808594">
        <ele>76.0</ele>
        <time>2023-03-17T00:59:26.245Z</time>
      </trkpt>
      <trkpt lat="34.04939889907837" lon="-118.43780994415283">
        <ele>72.0</ele>
        <time>2023-03-17T00:59:28.448Z</time>
      </trkpt>
      <trkpt lat="34.04946335591376" lon="-118.43761682510376">
        <ele>71.0</ele>
        <time>2023-03-17T00:59:30.657Z</time>
      </trkpt>
      <trkpt lat="34.04984951019287" lon="-118.43613624572754">
        <ele>71.0</ele>
        <time>2023-03-17T00:59:32.909Z</time>
      </trkpt>
      <trkpt lat="34.050278747454286" lon="-118.43472003936768">
        <ele>70.0</ele>
        <time>2023-03-17T00:59:35.203Z</time>
      </trkpt>
      <trkpt lat="34.05038603581488" lon="-118.43446254730225">
        <ele>72.0</ele>
        <time>2023-03-17T00:59:37.505Z</time>
      </trkpt>
      <trkpt lat="34.05064352788031" lon="-118.4339690208435">
        <ele>74.0</ele>
        <time>2023-03-17T00:59:39.823Z</time>
      </trkpt>
      <trkpt lat="34.0524245146662" lon="-118.43141555786133">
        <ele>78.0</ele>
        <time>2023-03-17T00:59:42.233Z</time>
      </trkpt>
      <trkpt lat="34.05319699086249" lon="-118.43019247055054">
        <ele>75.0</ele>
        <time>2023-03-17T00:59:44.686Z</time>
      </trkpt>
      <trkpt lat="34.05336865223944" lon="-118.42997789382935">
        <ele>75.0</ele>
        <time>2023-03-17T00:59:47.147Z</time>
      </trkpt>
      <trkpt lat="34.05693062581122" lon="-118.4247636795044">
        <ele>76.0</ele>
        <time>2023-03-17T00:59:49.795Z</time>
      </trkpt>
      <trkpt lat="34.05740261077881" lon="-118.42403411865234">
        <ele>75.0</ele>
        <time>2023-03-17T00:59:52.468Z</time>
      </trkpt>
      <trkpt lat="34.05748852528632" lon="-118.42392683029175">
        <ele>75.0</ele>
        <time>2023-03-17T00:59:55.145Z</time>
      </trkpt>
      <trkpt lat="34.05766018666327" lon="-118.4236478805542">
        <ele>77.0</ele>
        <time>2023-03-17T00:59:57.832Z</time>
      </trkpt>
      <trkpt lat="34.05899056233466" lon="-118.42167377471924">
        <ele>86.0</ele>
        <time>2023-03-17T01:00:00.589Z</time>
      </trkpt>
      <trkpt lat="34.05939817428589" lon="-118.4209656715393">
        <ele>88.0</ele>
        <time>2023-03-17T01:00:03.370Z</time>
      </trkpt>
      <trkpt lat="34.060063445940614" lon="-118.4199571609497">
        <ele>88.0</ele>
        <time>2023-03-17T01:00:06.187Z</time>
      </trkpt>
      <trkpt lat="34.06105041503906" lon="-118.41841220855713">
        <ele>87.0</ele>
        <time>2023-03-17T01:00:09.058Z</time>
      </trkpt>
      <trkpt lat="34.06115778721869" lon="-118.41828346252441">
        <ele>87.0</ele>
        <time>2023-03-17T01:00:11.934Z</time>
      </trkpt>
      <trkpt lat="34.06233795918524" lon="-118.41654539108276">
        <ele>86.0</ele>
        <time>2023-03-17T01:00:14.872Z</time>
      </trkpt>
      <trkpt lat="34.06287440098822" lon="-118.41581583023071">
        <ele>86.0</ele>
        <time>2023-03-17T01:00:17.837Z</time>
      </trkpt>
      <trkpt lat="34.06291731633246" lon="-118.41572999954224">
        <ele>86.0</ele>
        <time>2023-03-17T01:00:20.805Z</time>
      </trkpt>
      <trkpt lat="34.06317472457886" lon="-118.41536521911621">
        <ele>86.0</ele>
        <time>2023-03-17T01:00:23.786Z</time>
      </trkpt>
      <trkpt lat="34.063475131988525" lon="-118.4150218963623">
        <ele>85.0</ele>
        <time>2023-03-17T01:00:26.781Z</time>
      </trkpt>
      <trkpt lat="34.06388291157782" lon="-118.41476440429688">
        <ele>85.0</ele>
        <time>2023-03-17T01:00:29.791Z</time>
      </trkpt>
      <trkpt lat="34.064226150512695" lon="-118.41444253921509">
        <ele>85.0</ele>
        <time>2023-03-17T01:00:32.816Z</time>
      </trkpt>
      <trkpt lat="34.064505100250244" lon="-118.4141206741333">
        <ele>86.0</ele>
        <time>2023-03-17T01:00:35.853Z</time>
      </trkpt>
      <trkpt lat="34.06579256057739" lon="-118.41223239898682">
        <ele>84.0</ele>
        <time>2023-03-17T01:00:38.958Z</time>
      </trkpt>
      <trkpt lat="34.06594284810126" lon="-118.41203927993774">
        <ele>84.0</ele>
        <time>2023-03-17T01:00:42.070Z</time>
      </trkpt>
      <trkpt lat="34.06671389937401" lon="-118.41090386733413">
        <ele>83.0</ele>
        <time>2023-03-17T01:00:45.223Z</time>
      </trkpt>
      <trkpt lat="34.06695135869086" lon="-118.41058015823364">
        <ele>83.0</ele>
        <time>2023-03-17T01:00:48.388Z</time>
      </trkpt>
      <trkpt lat="34.0670371055603" lon="-118.41042995452881">
        <ele>83.0</ele>
        <time>2023-03-17T01:00:51.558Z</time>
      </trkpt>
      <trkpt lat="34.06714447773993" lon="-118.4103012084961">
        <ele>83.0</ele>
        <time>2023-03-17T01:00:54.733Z</time>
      </trkpt>
      <trkpt lat="34.06753063201904" lon="-118.40970039367676">
        <ele>83.0</ele>
        <time>2023-03-17T01:00:57.929Z</time>
      </trkpt>
      <trkpt lat="34.06821736134589" lon="-118.40871334075928">
        <ele>83.0</ele>
        <time>2023-03-17T01:01:01.161Z</time>
      </trkpt>
      <trkpt lat="34.068496227264404" lon="-118.4082841873169">
        <ele>83.0</ele>
        <time>2023-03-17T01:01:04.408Z</time>
      </trkpt>
      <trkpt lat="34.06856068409979" lon="-118.40821981430054">
        <ele>83.0</ele>
        <time>2023-03-17T01:01:07.658Z</time>
      </trkpt>
      <trkpt lat="34.06883963383734" lon="-118.40781211853027">
        <ele>82.0</ele>
        <time>2023-03-17T01:01:10.922Z</time>
      </trkpt>
      <trkpt lat="34.06888254918158" lon="-118.4077262878418">
        <ele>82.0</ele>
        <time>2023-03-17T01:01:14.189Z</time>
      </trkpt>
      <trkpt lat="34.06922587193549" lon="-118.40721130371094">
        <ele>83.0</ele>
        <time>2023-03-17T01:01:17.474Z</time>
      </trkpt>
      <trkpt lat="34.06952619552612" lon="-118.40680360794067">
        <ele>82.0</ele>
        <time>2023-03-17T01:01:20.774Z</time>
      </trkpt>
      <trkpt lat="34.06956919468939" lon="-118.4067177772522">
        <ele>82.0</ele>
        <time>2023-03-17T01:01:24.077Z</time>
      </trkpt>
      <trkpt lat="34.06995543278754" lon="-118.40613842010498">
        <ele>82.0</ele>
        <time>2023-03-17T01:01:27.401Z</time>
      </trkpt>
      <trkpt lat="34.07021292485297" lon="-118.40579509735107">
        <ele>82.0</ele>
        <time>2023-03-17T01:01:30.737Z</time>
      </trkpt>
      <trkpt lat="34.070255840197206" lon="-118.4057092666626">
        <ele>82.0</ele>
        <time>2023-03-17T01:01:34.076Z</time>
      </trkpt>
      <trkpt lat="34.07160767354071" lon="-118.40377807617188">
        <ele>83.0</ele>
        <time>2023-03-17T01:01:37.485Z</time>
      </trkpt>
      <trkpt lat="34.07181277871132" lon="-118.40345126576722">
        <ele>83.0</ele>
        <time>2023-03-17T01:01:40.905Z</time>
      </trkpt>
      <trkpt lat="34.073002422228456" lon="-118.40171813964844">
        <ele>80.0</ele>
        <time>2023-03-17T01:01:44.388Z</time>
      </trkpt>
      <trkpt lat="34.07315262593329" lon="-118.40152502059937">
        <ele>80.0</ele>
        <time>2023-03-17T01:01:47.878Z</time>
      </trkpt>
      <trkpt lat="34.073495948687196" lon="-118.40098857879639">
        <ele>79.0</ele>
        <time>2023-03-17T01:01:51.387Z</time>
      </trkpt>
      <trkpt lat="34.07381781376898" lon="-118.40051651000977">
        <ele>79.0</ele>
        <time>2023-03-17T01:01:54.913Z</time>
      </trkpt>
      <trkpt lat="34.07392510212958" lon="-118.40038776397705">
        <ele>79.0</ele>
        <time>2023-03-17T01:01:58.444Z</time>
      </trkpt>
      <trkpt lat="34.07512664794922" lon="-118.39860677719116">
        <ele>78.0</ele>
        <time>2023-03-17T01:02:02.038Z</time>
      </trkpt>
      <trkpt lat="34.07581337727606" lon="-118.39761972427368">
        <ele>77.0</ele>
        <time>2023-03-17T01:02:05.668Z</time>
      </trkpt>
      <trkpt lat="34.076285446062684" lon="-118.39697599411011">
        <ele>77.0</ele>
        <time>2023-03-17T01:02:09.321Z</time>
      </trkpt>
      <trkpt lat="34.07714366912842" lon="-118.39568853378296">
        <ele>75.0</ele>
        <time>2023-03-17T01:02:13.020Z</time>
      </trkpt>
      <trkpt lat="34.07720812596381" lon="-118.3956241607666">
        <ele>75.0</ele>
        <time>2023-03-17T01:02:16.722Z</time>
      </trkpt>
      <trkpt lat="34.07770165242255" lon="-118.39489459991455">
        <ele>74.0</ele>
        <time>2023-03-17T01:02:20.450Z</time>
      </trkpt>
      <trkpt lat="34.077787483111024" lon="-118.39474439620972">
        <ele>74.0</ele>
        <time>2023-03-17T01:02:24.183Z</time>
      </trkpt>
      <trkpt lat="34.07866724766791" lon="-118.39345693588257">
        <ele>73.0</ele>
        <time>2023-03-17T01:02:27.962Z</time>
      </trkpt>
      <trkpt lat="34.07916069030762" lon="-118.39274883270264">
        <ele>72.0</ele>
        <time>2023-03-17T01:02:31.767Z</time>
      </trkpt>
      <trkpt lat="34.07941826619208" lon="-118.39240550994873">
        <ele>72.0</ele>
        <time>2023-03-17T01:02:35.585Z</time>
      </trkpt>
      <trkpt lat="34.07976150512695" lon="-118.39186906814575">
        <ele>71.0</ele>
        <time>2023-03-17T01:02:39.421Z</time>
      </trkpt>
      <trkpt lat="34.08010482788086" lon="-118.39141845703125">
        <ele>71.0</ele>
        <time>2023-03-17T01:02:43.274Z</time>
      </trkpt>
      <trkpt lat="34.080448150634766" lon="-118.39036703109741">
        <ele>70.0</ele>
        <time>2023-03-17T01:02:47.158Z</time>
      </trkpt>
      <trkpt lat="34.08055552281439" lon="-118.39015245437622">
        <ele>70.0</ele>
        <time>2023-03-17T01:02:51.049Z</time>
      </trkpt>
      <trkpt lat="34.08061989583075" lon="-118.39006662368774">
        <ele>70.0</ele>
        <time>2023-03-17T01:02:54.944Z</time>
      </trkpt>
      <trkpt lat="34.08085593022406" lon="-118.38976621627808">
        <ele>70.0</ele>
        <time>2023-03-17T01:02:58.850Z</time>
      </trkpt>
      <trkpt lat="34.08169277943671" lon="-118.38976621627808">
        <ele>71.0</ele>
        <time>2023-03-17T01:03:02.784Z</time>
      </trkpt>
      <trkpt lat="34.082229221239686" lon="-118.3897876739502">
        <ele>73.0</ele>
        <time>2023-03-17T01:03:06.736Z</time>
      </trkpt>
      <trkpt lat="34.088730895891786" lon="-118.3897876739502">
        <ele>113.0</ele>
        <time>2023-03-17T01:03:10.904Z</time>
      </trkpt>
      <trkpt lat="34.09053526818752" lon="-118.38976621627808">
        <ele>128.0</ele>
        <time>2023-03-17T01:03:15.132Z</time>
      </trkpt>
      <trkpt lat="34.090599808841944" lon="-118.38971106335521">
        <ele>129.0</ele>
        <time>2023-03-17T01:03:19.363Z</time>
      </trkpt>
      <trkpt lat="34.09061917103827" lon="-118.38920831680298">
        <ele>129.0</ele>
        <time>2023-03-17T01:03:23.608Z</time>
      </trkpt>
      <trkpt lat="34.09061917103827" lon="-118.3881139755249">
        <ele>126.0</ele>
        <time>2023-03-17T01:03:27.883Z</time>
      </trkpt>
      <trkpt lat="34.09064062871039" lon="-118.38783502578735">
        <ele>124.0</ele>
        <time>2023-03-17T01:03:32.166Z</time>
      </trkpt>
      <trkpt lat="34.09064062871039" lon="-118.38663339614868">
        <ele>121.0</ele>
        <time>2023-03-17T01:03:36.482Z</time>
      </trkpt>
      <trkpt lat="34.09061917103827" lon="-118.38624715805054">
        <ele>119.0</ele>
        <time>2023-03-17T01:03:40.809Z</time>
      </trkpt>
      <trkpt lat="34.09064062871039" lon="-118.38603258132935">
        <ele>118.0</ele>
        <time>2023-03-17T01:03:45.142Z</time>
      </trkpt>
      <trkpt lat="34.09064062871039" lon="-118.3837366104126">
        <ele>109.0</ele>
        <time>2023-03-17T01:03:49.538Z</time>
      </trkpt>
      <trkpt lat="34.090726459398866" lon="-118.38330745697021">
        <ele>109.0</ele>
        <time>2023-03-17T01:03:53.947Z</time>
      </trkpt>
      <trkpt lat="34.091026866808534" lon="-118.38274955749512">
        <ele>110.0</ele>
        <time>2023-03-17T01:03:58.374Z</time>
      </trkpt>
      <trkpt lat="34.09111269749701" lon="-118.38264226913452">
        <ele>110.0</ele>
        <time>2023-03-17T01:04:02.805Z</time>
      </trkpt>
      <trkpt lat="34.0913272742182" lon="-118.38229894638062">
        <ele>113.0</ele>
        <time>2023-03-17T01:04:07.248Z</time>
      </trkpt>
      <trkpt lat="34.09145602025092" lon="-118.38197708129883">
        <ele>115.0</ele>
        <time>2023-03-17T01:04:11.701Z</time>
      </trkpt>
      <trkpt lat="34.091691970825195" lon="-118.38120460510254">
        <ele>119.0</ele>
        <time>2023-03-17T01:04:16.177Z</time>
      </trkpt>
      <trkpt lat="34.09169205464423" lon="-118.38103294372559">
        <ele>118.0</ele>
        <time>2023-03-17T01:04:20.657Z</time>
      </trkpt>
      <trkpt lat="34.09186371602118" lon="-118.38058233261108">
        <ele>119.0</ele>
        <time>2023-03-17T01:04:25.151Z</time>
      </trkpt>
      <trkpt lat="34.09252882003784" lon="-118.37910175323486">
        <ele>117.0</ele>
        <time>2023-03-17T01:04:29.692Z</time>
      </trkpt>
      <trkpt lat="34.092700481414795" lon="-118.37884426116943">
        <ele>118.0</ele>
        <time>2023-03-17T01:04:34.242Z</time>
      </trkpt>
      <trkpt lat="34.09287222661078" lon="-118.37867259979248">
        <ele>119.0</ele>
        <time>2023-03-17T01:04:38.799Z</time>
      </trkpt>
      <trkpt lat="34.09409531392157" lon="-118.37687015533447">
        <ele>132.0</ele>
        <time>2023-03-17T01:04:43.421Z</time>
      </trkpt>
      <trkpt lat="34.09437426365912" lon="-118.37641954421997">
        <ele>135.0</ele>
        <time>2023-03-17T01:04:48.058Z</time>
      </trkpt>
      <trkpt lat="34.094481552019715" lon="-118.37607622146606">
        <ele>134.0</ele>
        <time>2023-03-17T01:04:52.705Z</time>
      </trkpt>
      <trkpt lat="34.09458884038031" lon="-118.37564706802368">
        <ele>136.0</ele>
        <time>2023-03-17T01:04:57.365Z</time>
      </trkpt>
      <trkpt lat="34.09493216313422" lon="-118.37397336959839">
        <ele>127.0</ele>
        <time>2023-03-17T01:05:02.072Z</time>
      </trkpt>
      <trkpt lat="34.09503945149481" lon="-118.37358713150024">
        <ele>127.0</ele>
        <time>2023-03-17T01:05:06.791Z</time>
      </trkpt>
      <trkpt lat="34.09512519836426" lon="-118.37313652038574">
        <ele>125.0</ele>
        <time>2023-03-17T01:05:11.523Z</time>
      </trkpt>
      <trkpt lat="34.09533985890448" lon="-118.37238550186157">
        <ele>121.0</ele>
        <time>2023-03-17T01:05:16.277Z</time>
      </trkpt>
      <trkpt lat="34.095511520281434" lon="-118.3720850944519">
        <ele>122.0</ele>
        <time>2023-03-17T01:05:21.041Z</time>
      </trkpt>
      <trkpt lat="34.09561880864203" lon="-118.37193489074707">
        <ele>122.0</ele>
        <time>2023-03-17T01:05:25.810Z</time>
      </trkpt>
      <trkpt lat="34.0959192160517" lon="-118.3716344833374">
        <ele>124.0</ele>
        <time>2023-03-17T01:05:30.592Z</time>
      </trkpt>
      <trkpt lat="34.09602650441229" lon="-118.37148427963257">
        <ele>126.0</ele>
        <time>2023-03-17T01:05:35.380Z</time>
      </trkpt>
      <trkpt lat="34.09641274251044" lon="-118.3706259727478">
        <ele>124.0</ele>
        <time>2023-03-17T01:05:40.195Z</time>
      </trkpt>
      <trkpt lat="34.096713149920106" lon="-118.36989641189575">
        <ele>126.0</ele>
        <time>2023-03-17T01:05:45.032Z</time>
      </trkpt>
      <trkpt lat="34.096970558166504" lon="-118.36942434310913">
        <ele>125.0</ele>
        <time>2023-03-17T01:05:49.885Z</time>
      </trkpt>
      <trkpt lat="34.09785040654242" lon="-118.36822271347046">
        <ele>129.0</ele>
        <time>2023-03-17T01:05:54.782Z</time>
      </trkpt>
      <trkpt lat="34.0979362372309" lon="-118.36794376373291">
        <ele>130.0</ele>
        <time>2023-03-17T01:05:59.687Z</time>
      </trkpt>
      <trkpt lat="34.09800052642822" lon="-118.36566925048828">
        <ele>129.0</ele>
        <time>2023-03-17T01:06:04.655Z</time>
      </trkpt>
      <trkpt lat="34.098000610247254" lon="-118.36438179016113">
        <ele>128.0</ele>
        <time>2023-03-17T01:06:09.659Z</time>
      </trkpt>
      <trkpt lat="34.09802206791937" lon="-118.36405992507935">
        <ele>128.0</ele>
        <time>2023-03-17T01:06:14.672Z</time>
      </trkpt>
      <trkpt lat="34.09802198410034" lon="-118.36296558380127">
        <ele>125.0</ele>
        <time>2023-03-17T01:06:19.715Z</time>
      </trkpt>
      <trkpt lat="34.09804352559149" lon="-118.36230039596558">
        <ele>124.0</ele>
        <time>2023-03-17T01:06:24.777Z</time>
      </trkpt>
      <trkpt lat="34.09804352559149" lon="-118.36172103881836">
        <ele>122.0</ele>
        <time>2023-03-17T01:06:29.855Z</time>
      </trkpt>
      <trkpt lat="34.09806498326361" lon="-118.36157083511353">
        <ele>121.0</ele>
        <time>2023-03-17T01:06:34.937Z</time>
      </trkpt>
      <trkpt lat="34.09806498326361" lon="-118.35822343826294">
        <ele>115.0</ele>
        <time>2023-03-17T01:06:40.112Z</time>
      </trkpt>
      <trkpt lat="34.09804352559149" lon="-118.35770845413208">
        <ele>115.0</ele>
        <time>2023-03-17T01:06:45.301Z</time>
      </trkpt>
      <trkpt lat="34.09804352559149" lon="-118.35502624511719">
        <ele>112.0</ele>
        <time>2023-03-17T01:06:50.564Z</time>
      </trkpt>
      <trkpt lat="34.09802206791937" lon="-118.35393190383911">
        <ele>110.0</ele>
        <time>2023-03-17T01:06:55.857Z</time>
      </trkpt>
      <trkpt lat="34.09802206791937" lon="-118.3502197265625">
        <ele>109.0</ele>
        <time>2023-03-17T01:07:01.253Z</time>
      </trkpt>
      <trkpt lat="34.098000610247254" lon="-118.35004806518555">
        <ele>109.0</ele>
        <time>2023-03-17T01:07:06.654Z</time>
      </trkpt>
      <trkpt lat="34.098000610247254" lon="-118.34519863128662">
        <ele>109.0</ele>
        <time>2023-03-17T01:07:12.189Z</time>
      </trkpt>
      <trkpt lat="34.097979152575135" lon="-118.34464073181152">
        <ele>108.0</ele>
        <time>2023-03-17T01:07:17.740Z</time>
      </trkpt>
      <trkpt lat="34.097979152575135" lon="-118.3386754989624">
        <ele>106.0</ele>
        <time>2023-03-17T01:07:23.456Z</time>
      </trkpt>
      <trkpt lat="34.098258102312684" lon="-118.33869695663452">
        <ele>107.0</ele>
        <time>2023-03-17T01:07:29.181Z</time>
      </trkpt>
      <trkpt lat="34.099717140197754" lon="-118.33869695663452">
        <ele>110.0</ele>
        <time>2023-03-17T01:07:34.955Z</time>
      </trkpt>
      <trkpt lat="34.10033949650824" lon="-118.33871841430664">
        <ele>113.0</ele>
        <time>2023-03-17T01:07:40.749Z</time>
      </trkpt>
      <trkpt lat="34.102935791015625" lon="-118.33871841430664">
        <ele>120.0</ele>
        <time>2023-03-17T01:07:46.630Z</time>
      </trkpt>
      <trkpt lat="34.1030216217041" lon="-118.33873987197876">
        <ele>120.0</ele>
        <time>2023-03-17T01:07:52.514Z</time>
      </trkpt>
      <trkpt lat="34.10338648594916" lon="-118.33873987197876">
        <ele>120.0</ele>
        <time>2023-03-17T01:07:58.410Z</time>
      </trkpt>
      <trkpt lat="34.10353668965399" lon="-118.33871841430664">
        <ele>121.0</ele>
        <time>2023-03-17T01:08:04.311Z</time>
      </trkpt>
      <trkpt lat="34.10383709706366" lon="-118.33863258361816">
        <ele>122.0</ele>
        <time>2023-03-17T01:08:10.222Z</time>
      </trkpt>
      <trkpt lat="34.104008758440614" lon="-118.33852529525757">
        <ele>123.0</ele>
        <time>2023-03-17T01:08:16.140Z</time>
      </trkpt>
      <trkpt lat="34.10418041981757" lon="-118.33828926086426">
        <ele>123.0</ele>
        <time>2023-03-17T01:08:22.066Z</time>
      </trkpt>
      <trkpt lat="34.10426625050604" lon="-118.3381175994873">
        <ele>124.0</ele>
        <time>2023-03-17T01:08:27.998Z</time>
      </trkpt>
      <trkpt lat="34.10428770817816" lon="-118.33803176879883">
        <ele>124.0</ele>
        <time>2023-03-17T01:08:33.932Z</time>
      </trkpt>
      <trkpt lat="34.104459369555116" lon="-118.3377742767334">
        <ele>125.0</ele>
        <time>2023-03-17T01:08:39.875Z</time>
      </trkpt>
      <trkpt lat="34.10452374257147" lon="-118.33770990371704">
        <ele>126.0</ele>
        <time>2023-03-17T01:08:45.821Z</time>
      </trkpt>
      <trkpt lat="34.1047812346369" lon="-118.33753824234009">
        <ele>126.0</ele>
        <time>2023-03-17T01:08:51.777Z</time>
      </trkpt>
      <trkpt lat="34.10512455739081" lon="-118.33747386932373">
        <ele>127.0</ele>
        <time>2023-03-17T01:08:57.745Z</time>
      </trkpt>
      <trkpt lat="34.10598278045654" lon="-118.33749532699585">
        <ele>129.0</ele>
        <time>2023-03-17T01:09:03.741Z</time>
      </trkpt>
      <trkpt lat="34.10714157857001" lon="-118.33749532699585">
        <ele>134.0</ele>
        <time>2023-03-17T01:09:09.776Z</time>
      </trkpt>
      <trkpt lat="34.10759218968451" lon="-118.33740949630737">
        <ele>136.0</ele>
        <time>2023-03-17T01:09:15.826Z</time>
      </trkpt>
      <trkpt lat="34.108193004503846" lon="-118.3371090888977">
        <ele>138.0</ele>
        <time>2023-03-17T01:09:21.898Z</time>
      </trkpt>
      <trkpt lat="34.10872936248779" lon="-118.3367657661438">
        <ele>139.0</ele>
        <time>2023-03-17T01:09:27.990Z</time>
      </trkpt>
      <trkpt lat="34.10877227783203" lon="-118.3366584777832">
        <ele>139.0</ele>
        <time>2023-03-17T01:09:34.085Z</time>
      </trkpt>
      <trkpt lat="34.10909422673285" lon="-118.33646535873413">
        <ele>140.0</ele>
        <time>2023-03-17T01:09:40.192Z</time>
      </trkpt>
      <trkpt lat="34.10973787307739" lon="-118.33618640899658">
        <ele>142.0</ele>
        <time>2023-03-17T01:09:46.322Z</time>
      </trkpt>
      <trkpt lat="34.1099310759455" lon="-118.33612203598022">
        <ele>143.0</ele>
        <time>2023-03-17T01:09:52.458Z</time>
      </trkpt>
      <trkpt lat="34.11130436696112" lon="-118.33582162857056">
        <ele>151.0</ele>
        <time>2023-03-17T01:09:58.641Z</time>
      </trkpt>
      <trkpt lat="34.11158323287964" lon="-118.33584308624268">
        <ele>152.0</ele>
        <time>2023-03-17T01:10:04.833Z</time>
      </trkpt>
      <trkpt lat="34.11188364028931" lon="-118.33595037460327">
        <ele>154.0</ele>
        <time>2023-03-17T01:10:11.036Z</time>
      </trkpt>
      <trkpt lat="34.112892150878906" lon="-118.33646535873413">
        <ele>160.0</ele>
        <time>2023-03-17T01:10:17.275Z</time>
      </trkpt>
      <trkpt lat="34.11439427174628" lon="-118.33708763122559">
        <ele>166.0</ele>
        <time>2023-03-17T01:10:23.567Z</time>
      </trkpt>
      <trkpt lat="34.11606797017157" lon="-118.33747386932373">
        <ele>173.0</ele>
        <time>2023-03-17T01:10:29.916Z</time>
      </trkpt>
      <trkpt lat="34.11658295430243" lon="-118.33764553070068">
        <ele>175.0</ele>
        <time>2023-03-17T01:10:36.282Z</time>
      </trkpt>
      <trkpt lat="34.118192195892334" lon="-118.33828926086426">
        <ele>186.0</ele>
        <time>2023-03-17T01:10:42.705Z</time>
      </trkpt>
      <trkpt lat="34.11872863769531" lon="-118.33863258361816">
        <ele>189.0</ele>
        <time>2023-03-17T01:10:49.148Z</time>
      </trkpt>
      <trkpt lat="34.11909341812134" lon="-118.33895444869995">
        <ele>192.0</ele>
        <time>2023-03-17T01:10:55.606Z</time>
      </trkpt>
      <trkpt lat="34.11954402923584" lon="-118.33953380584717">
        <ele>195.0</ele>
        <time>2023-03-17T01:11:02.086Z</time>
      </trkpt>
      <trkpt lat="34.11988743580878" lon="-118.33987712860107">
        <ele>199.0</ele>
        <time>2023-03-17T01:11:08.581Z</time>
      </trkpt>
      <trkpt lat="34.1205096244812" lon="-118.3402419090271">
        <ele>204.0</ele>
        <time>2023-03-17T01:11:15.099Z</time>
      </trkpt>
      <trkpt lat="34.121131896972656" lon="-118.34043502807617">
        <ele>204.0</ele>
        <time>2023-03-17T01:11:21.638Z</time>
      </trkpt>
      <trkpt lat="34.1216254234314" lon="-118.34067106246948">
        <ele>208.0</ele>
        <time>2023-03-17T01:11:28.195Z</time>
      </trkpt>
      <trkpt lat="34.12205457687378" lon="-118.34101438522339">
        <ele>212.0</ele>
        <time>2023-03-17T01:11:34.769Z</time>
      </trkpt>
      <trkpt lat="34.12366398610175" lon="-118.34279537200928">
        <ele>228.0</ele>
        <time>2023-03-17T01:11:41.416Z</time>
      </trkpt>
      <trkpt lat="34.124393463134766" lon="-118.34376096725464">
        <ele>231.0</ele>
        <time>2023-03-17T01:11:48.099Z</time>
      </trkpt>
      <trkpt lat="34.12458658218384" lon="-118.34395408630371">
        <ele>230.0</ele>
        <time>2023-03-17T01:11:54.791Z</time>
      </trkpt>
      <trkpt lat="34.12583112716675" lon="-118.34474802017212">
        <ele>232.0</ele>
        <time>2023-03-17T01:12:01.529Z</time>
      </trkpt>
      <trkpt lat="34.12664660252631" lon="-118.34537029266357">
        <ele>230.0</ele>
        <time>2023-03-17T01:12:08.300Z</time>
      </trkpt>
      <trkpt lat="34.12827738560736" lon="-118.34700107574463">
        <ele>218.0</ele>
        <time>2023-03-17T01:12:15.141Z</time>
      </trkpt>
      <trkpt lat="34.128684997558594" lon="-118.34760189056396">
        <ele>216.0</ele>
        <time>2023-03-17T01:12:22.004Z</time>
      </trkpt>
      <trkpt lat="34.128964031115174" lon="-118.34796667098999">
        <ele>215.0</ele>
        <time>2023-03-17T01:12:28.880Z</time>
      </trkpt>
      <trkpt lat="34.129693591967225" lon="-118.34901809692383">
        <ele>215.0</ele>
        <time>2023-03-17T01:12:35.794Z</time>
      </trkpt>
      <trkpt lat="34.1316032409668" lon="-118.35200071334839">
        <ele>208.0</ele>
        <time>2023-03-17T01:12:42.812Z</time>
      </trkpt>
      <trkpt lat="34.13171052932739" lon="-118.35206508636475">
        <ele>208.0</ele>
        <time>2023-03-17T01:12:49.834Z</time>
      </trkpt>
      <trkpt lat="34.13211830891669" lon="-118.35273027420044">
        <ele>204.0</ele>
        <time>2023-03-17T01:12:56.879Z</time>
      </trkpt>
      <trkpt lat="34.132225597277284" lon="-118.35294485092163">
        <ele>203.0</ele>
        <time>2023-03-17T01:13:03.931Z</time>
      </trkpt>
      <trkpt lat="34.13239725865424" lon="-118.35354566574097">
        <ele>201.0</ele>
        <time>2023-03-17T01:13:11.001Z</time>
      </trkpt>
      <trkpt lat="34.1326117515564" lon="-118.35444688796997">
        <ele>199.0</ele>
        <time>2023-03-17T01:13:18.097Z</time>
      </trkpt>
      <trkpt lat="34.13256883621216" lon="-118.35453271865845">
        <ele>199.0</ele>
        <time>2023-03-17T01:13:25.195Z</time>
      </trkpt>
      <trkpt lat="34.13263329304755" lon="-118.35479021072388">
        <ele>199.0</ele>
        <time>2023-03-17T01:13:32.301Z</time>
      </trkpt>
      <trkpt lat="34.13274058140814" lon="-118.35534811019897">
        <ele>197.0</ele>
        <time>2023-03-17T01:13:39.423Z</time>
      </trkpt>
      <trkpt lat="34.132955158129334" lon="-118.35618495941162">
        <ele>193.0</ele>
        <time>2023-03-17T01:13:46.569Z</time>
      </trkpt>
      <trkpt lat="34.13383483886719" lon="-118.35770845413208">
        <ele>189.0</ele>
        <time>2023-03-17T01:13:53.766Z</time>
      </trkpt>
      <trkpt lat="34.134221160784364" lon="-118.35886716842651">
        <ele>189.0</ele>
        <time>2023-03-17T01:14:00.998Z</time>
      </trkpt>
      <trkpt lat="34.13430699147284" lon="-118.3591890335083">
        <ele>189.0</ele>
        <time>2023-03-17T01:14:08.239Z</time>
      </trkpt>
      <trkpt lat="34.13477906025946" lon="-118.36069107055664">
        <ele>189.0</ele>
        <time>2023-03-17T01:14:15.525Z</time>
      </trkpt>
      <trkpt lat="34.134972179308534" lon="-118.36112022399902">
        <ele>188.0</ele>
        <time>2023-03-17T01:14:22.824Z</time>
      </trkpt>
      <trkpt lat="34.13525112904608" lon="-118.36146354675293">
        <ele>186.0</ele>
        <time>2023-03-17T01:14:30.136Z</time>
      </trkpt>
      <trkpt lat="34.13550862111151" lon="-118.36172103881836">
        <ele>185.0</ele>
        <time>2023-03-17T01:14:37.460Z</time>
      </trkpt>
      <trkpt lat="34.1363883856684" lon="-118.36251497268677">
        <ele>183.0</ele>
        <time>2023-03-17T01:14:44.820Z</time>
      </trkpt>
      <trkpt lat="34.13673162460327" lon="-118.3628797531128">
        <ele>183.0</ele>
        <time>2023-03-17T01:14:52.195Z</time>
      </trkpt>
      <trkpt lat="34.137160778045654" lon="-118.36326599121094">
        <ele>182.0</ele>
        <time>2023-03-17T01:14:59.588Z</time>
      </trkpt>
      <trkpt lat="34.13735398091376" lon="-118.3631157875061">
        <ele>182.0</ele>
        <time>2023-03-17T01:15:06.989Z</time>
      </trkpt>
      <trkpt lat="34.13752564229071" lon="-118.36300849914551">
        <ele>182.0</ele>
        <time>2023-03-17T01:15:14.396Z</time>
      </trkpt>
      <trkpt lat="34.138126373291016" lon="-118.3626651763916">
        <ele>179.0</ele>
        <time>2023-03-17T01:15:21.825Z</time>
      </trkpt>
      <trkpt lat="34.138469779863954" lon="-118.36249351501465">
        <ele>178.0</ele>
        <time>2023-03-17T01:15:29.267Z</time>
      </trkpt>
      <trkpt lat="34.13900622166693" lon="-118.36219310760498">
        <ele>177.0</ele>
        <time>2023-03-17T01:15:36.729Z</time>
      </trkpt>
      <trkpt lat="34.13911351002753" lon="-118.36215019226074">
        <ele>177.0</ele>
        <time>2023-03-17T01:15:44.194Z</time>
      </trkpt>
      <trkpt lat="34.139413917437196" lon="-118.36195707321167">
        <ele>176.0</ele>
        <time>2023-03-17T01:15:51.671Z</time>
      </trkpt>
      <trkpt lat="34.1398645285517" lon="-118.36169958114624">
        <ele>175.0</ele>
        <time>2023-03-17T01:15:59.164Z</time>
      </trkpt>
      <trkpt lat="34.140636920928955" lon="-118.36129188537598">
        <ele>174.0</ele>
        <time>2023-03-17T01:16:06.685Z</time>
      </trkpt>
      <trkpt lat="34.14072283543646" lon="-118.36116313934326">
        <ele>174.0</ele>
        <time>2023-03-17T01:16:14.211Z</time>
      </trkpt>
      <trkpt lat="34.14121627807617" lon="-118.36094856262207">
        <ele>174.0</ele>
        <time>2023-03-17T01:16:21.754Z</time>
      </trkpt>
      <trkpt lat="34.14198565296829" lon="-118.36091729812324">
        <ele>172.0</ele>
        <time>2023-03-17T01:16:29.323Z</time>
      </trkpt>
      <trkpt lat="34.14227415807545" lon="-118.36102458648384">
        <ele>171.0</ele>
        <time>2023-03-17T01:16:36.902Z</time>
      </trkpt>
      <trkpt lat="34.14373411796987" lon="-118.3617864176631">
        <ele>173.0</ele>
        <time>2023-03-17T01:16:44.534Z</time>
      </trkpt>
      <trkpt lat="34.144617235288024" lon="-118.36238731630147">
        <ele>174.0</ele>
        <time>2023-03-17T01:16:52.200Z</time>
      </trkpt>
      <trkpt lat="34.14547814056277" lon="-118.36288092657924">
        <ele>175.0</ele>
        <time>2023-03-17T01:16:59.897Z</time>
      </trkpt>
      <trkpt lat="34.14738183841109" lon="-118.36406663060188">
        <ele>177.0</ele>
        <time>2023-03-17T01:17:07.666Z</time>
      </trkpt>
      <trkpt lat="34.148588832467794" lon="-118.36479099467397">
        <ele>178.0</ele>
        <time>2023-03-17T01:17:15.480Z</time>
      </trkpt>
      <trkpt lat="34.149582758545876" lon="-118.36538116447628">
        <ele>179.0</ele>
        <time>2023-03-17T01:17:23.331Z</time>
      </trkpt>
      <trkpt lat="34.15029278956354" lon="-118.36577821522951">
        <ele>179.0</ele>
        <time>2023-03-17T01:17:31.208Z</time>
      </trkpt>
      <trkpt lat="34.15124237537384" lon="-118.36637374944985">
        <ele>180.0</ele>
        <time>2023-03-17T01:17:39.120Z</time>
      </trkpt>
      <trkpt lat="34.15237988345325" lon="-118.36704564280808">
        <ele>181.0</ele>
        <time>2023-03-17T01:17:47.074Z</time>
      </trkpt>
      <trkpt lat="34.157358314841986" lon="-118.37008240632713">
        <ele>184.0</ele>
        <time>2023-03-17T01:17:55.214Z</time>
      </trkpt>
      <trkpt lat="34.160455260425806" lon="-118.37192801758647">
        <ele>186.0</ele>
        <time>2023-03-17T01:18:03.469Z</time>
      </trkpt>
      <trkpt lat="34.16197263635695" lon="-118.3728937804699">
        <ele>188.0</ele>
        <time>2023-03-17T01:18:11.781Z</time>
      </trkpt>
      <trkpt lat="34.16560174897313" lon="-118.37503988295794">
        <ele>191.0</ele>
        <time>2023-03-17T01:18:20.228Z</time>
      </trkpt>
      <trkpt lat="34.1690400056541" lon="-118.37715145200491">
        <ele>193.0</ele>
        <time>2023-03-17T01:18:28.803Z</time>
      </trkpt>
      <trkpt lat="34.1708064917475" lon="-118.37820053100586">
        <ele>195.0</ele>
        <time>2023-03-17T01:18:37.444Z</time>
      </trkpt>
      <trkpt lat="34.171621883288026" lon="-118.37871551513672">
        <ele>196.0</ele>
        <time>2023-03-17T01:18:46.116Z</time>
      </trkpt>
      <trkpt lat="34.172158325091004" lon="-118.3790373802185">
        <ele>196.0</ele>
        <time>2023-03-17T01:18:54.808Z</time>
      </trkpt>
      <trkpt lat="34.172673309221864" lon="-118.37931632995605">
        <ele>196.0</ele>
        <time>2023-03-17T01:19:03.518Z</time>
      </trkpt>
      <trkpt lat="34.172866344451904" lon="-118.37944507598877">
        <ele>196.0</ele>
        <time>2023-03-17T01:19:12.236Z</time>
      </trkpt>
      <trkpt lat="34.17451866902411" lon="-118.38043212890625">
        <ele>198.0</ele>
        <time>2023-03-17T01:19:21.015Z</time>
      </trkpt>
      <trkpt lat="34.17494782246649" lon="-118.3807110786438">
        <ele>199.0</ele>
        <time>2023-03-17T01:19:29.810Z</time>
      </trkpt>
      <trkpt lat="34.175355518236756" lon="-118.38094711303711">
        <ele>199.0</ele>
        <time>2023-03-17T01:19:38.620Z</time>
      </trkpt>
      <trkpt lat="34.17580604553223" lon="-118.38118314743042">
        <ele>200.0</ele>
        <time>2023-03-17T01:19:47.447Z</time>
      </trkpt>
      <trkpt lat="34.176642978563905" lon="-118.38174104690552">
        <ele>201.0</ele>
        <time>2023-03-17T01:19:56.306Z</time>
      </trkpt>
      <trkpt lat="34.17709358967841" lon="-118.38199853897095">
        <ele>202.0</ele>
        <time>2023-03-17T01:20:05.181Z</time>
      </trkpt>
      <trkpt lat="34.178617084398866" lon="-118.38292121887207">
        <ele>203.0</ele>
        <time>2023-03-17T01:20:14.113Z</time>
      </trkpt>
      <trkpt lat="34.17874583043158" lon="-118.38298559188843">
        <ele>203.0</ele>
        <time>2023-03-17T01:20:23.050Z</time>
      </trkpt>
      <trkpt lat="34.179067611694336" lon="-118.38320016860962">
        <ele>204.0</ele>
        <time>2023-03-17T01:20:31.999Z</time>
      </trkpt>
      <trkpt lat="34.1797757986933" lon="-118.38360786437988">
        <ele>205.0</ele>
        <time>2023-03-17T01:20:40.974Z</time>
      </trkpt>
      <trkpt lat="34.18018349446356" lon="-118.38386535644531">
        <ele>205.0</ele>
        <time>2023-03-17T01:20:49.964Z</time>
      </trkpt>
      <trkpt lat="34.18099888600409" lon="-118.38433742523193">
        <ele>206.0</ele>
        <time>2023-03-17T01:20:58.984Z</time>
      </trkpt>
      <trkpt lat="34.18117046356201" lon="-118.38446617126465">
        <ele>206.0</ele>
        <time>2023-03-17T01:21:08.011Z</time>
      </trkpt>
      <trkpt lat="34.182243430987" lon="-118.3850884437561">
        <ele>207.0</ele>
        <time>2023-03-17T01:21:17.078Z</time>
      </trkpt>
      <trkpt lat="34.18250092305243" lon="-118.38526010513306">
        <ele>207.0</ele>
        <time>2023-03-17T01:21:26.154Z</time>
      </trkpt>
      <trkpt lat="34.18404587544501" lon="-118.3862042427063">
        <ele>209.0</ele>
        <time>2023-03-17T01:21:35.288Z</time>
      </trkpt>
      <trkpt lat="34.184389198198915" lon="-118.38639736175537">
        <ele>210.0</ele>
        <time>2023-03-17T01:21:44.435Z</time>
      </trkpt>
      <trkpt lat="34.184603774920106" lon="-118.3865475654602">
        <ele>210.0</ele>
        <time>2023-03-17T01:21:53.590Z</time>
      </trkpt>
      <trkpt lat="34.18608435429633" lon="-118.38740587234497">
        <ele>211.0</ele>
        <time>2023-03-17T01:22:02.800Z</time>
      </trkpt>
      <trkpt lat="34.18619164265692" lon="-118.38749170303345">
        <ele>211.0</ele>
        <time>2023-03-17T01:22:12.014Z</time>
      </trkpt>
      <trkpt lat="34.18668508529663" lon="-118.387770652771">
        <ele>212.0</ele>
        <time>2023-03-17T01:22:21.246Z</time>
      </trkpt>
      <trkpt lat="34.18750056065619" lon="-118.387770652771">
        <ele>213.0</ele>
        <time>2023-03-17T01:22:30.505Z</time>
      </trkpt>
      <trkpt lat="34.18771513737738" lon="-118.38779211044312">
        <ele>213.0</ele>
        <time>2023-03-17T01:22:39.771Z</time>
      </trkpt>
      <trkpt lat="34.1916633490473" lon="-118.38779211044312">
        <ele>217.0</ele>
        <time>2023-03-17T01:22:49.169Z</time>
      </trkpt>
      <trkpt lat="34.19211387634277" lon="-118.387770652771">
        <ele>217.0</ele>
        <time>2023-03-17T01:22:58.582Z</time>
      </trkpt>
      <trkpt lat="34.19756420888007" lon="-118.387770652771">
        <ele>223.0</ele>
        <time>2023-03-17T01:23:08.176Z</time>
      </trkpt>
      <trkpt lat="34.19840105809271" lon="-118.38781356811523">
        <ele>225.0</ele>
        <time>2023-03-17T01:23:17.798Z</time>
      </trkpt>
      <trkpt lat="34.20329340733588" lon="-118.38779211044312">
        <ele>231.0</ele>
        <time>2023-03-17T01:23:27.583Z</time>
      </trkpt>
      <trkpt lat="34.20380839146674" lon="-118.387770652771">
        <ele>232.0</ele>
        <time>2023-03-17T01:23:37.385Z</time>
      </trkpt>
      <trkpt lat="34.20704849995673" lon="-118.387770652771">
        <ele>236.0</ele>
        <time>2023-03-17T01:23:47.295Z</time>
      </trkpt>
      <trkpt lat="34.20726307667792" lon="-118.38779211044312">
        <ele>236.0</ele>
        <time>2023-03-17T01:23:57.212Z</time>
      </trkpt>
      <trkpt lat="34.20775660313666" lon="-118.387770652771">
        <ele>237.0</ele>
        <time>2023-03-17T01:24:07.145Z</time>
      </trkpt>
      <trkpt lat="34.20900114811957" lon="-118.387770652771">
        <ele>238.0</ele>
        <time>2023-03-17T01:24:17.120Z</time>
      </trkpt>
      <trkpt lat="34.20919426716864" lon="-118.38779211044312">
        <ele>239.0</ele>
        <time>2023-03-17T01:24:27.101Z</time>
      </trkpt>
      <trkpt lat="34.20940884388983" lon="-118.387770652771">
        <ele>239.0</ele>
        <time>2023-03-17T01:24:37.090Z</time>
      </trkpt>
      <trkpt lat="34.21024569310248" lon="-118.387770652771">
        <ele>241.0</ele>
        <time>2023-03-17T01:24:47.106Z</time>
      </trkpt>
      <trkpt lat="34.210589015856385" lon="-118.38779211044312">
        <ele>241.0</ele>
        <time>2023-03-17T01:24:57.134Z</time>
      </trkpt>
      <trkpt lat="34.21101816929877" lon="-118.387770652771">
        <ele>242.0</ele>
        <time>2023-03-17T01:25:07.176Z</time>
      </trkpt>
      <trkpt lat="34.212091052904725" lon="-118.387770652771">
        <ele>243.0</ele>
        <time>2023-03-17T01:25:17.254Z</time>
      </trkpt>
      <trkpt lat="34.21318975277245" lon="-118.38781340047717">
        <ele>244.0</ele>
        <time>2023-03-17T01:25:27.368Z</time>
      </trkpt>
      <trkpt lat="34.214644096791744" lon="-118.38778657838702">
        <ele>246.0</ele>
        <time>2023-03-17T01:25:37.531Z</time>
      </trkpt>
      <trkpt lat="34.21599199064076" lon="-118.38780267164111">
        <ele>247.0</ele>
        <time>2023-03-17T01:25:47.739Z</time>
      </trkpt>
      <trkpt lat="34.21906840056181" lon="-118.38779160752892">
        <ele>252.0</ele>
        <time>2023-03-17T01:25:58.049Z</time>
      </trkpt>
      <trkpt lat="34.22184834256768" lon="-118.38780233636498">
        <ele>255.0</ele>
        <time>2023-03-17T01:26:08.452Z</time>
      </trkpt>
      <trkpt lat="34.22727738507092" lon="-118.38775900192559">
        <ele>260.0</ele>
        <time>2023-03-17T01:26:19.035Z</time>
      </trkpt>
      <trkpt lat="34.22979539260268" lon="-118.38776973076165">
        <ele>265.0</ele>
        <time>2023-03-17T01:26:29.702Z</time>
      </trkpt>
      <trkpt lat="34.23367881216109" lon="-118.38782337494195">
        <ele>269.0</ele>
        <time>2023-03-17T01:26:40.498Z</time>
      </trkpt>
      <trkpt lat="34.23858147114515" lon="-118.39297405444086">
        <ele>275.0</ele>
        <time>2023-03-17T01:26:51.511Z</time>
      </trkpt>
      <trkpt lat="34.24515045247972" lon="-118.39994880370796">
        <ele>281.0</ele>
        <time>2023-03-17T01:27:02.815Z</time>
      </trkpt>
      <trkpt lat="34.24830498173833" lon="-118.40324775315821">
        <ele>281.0</ele>
        <time>2023-03-17T01:27:14.258Z</time>
      </trkpt>
      <trkpt lat="34.24833297729492" lon="-118.40330600738525">
        <ele>281.0</ele>
        <time>2023-03-17T01:27:25.703Z</time>
      </trkpt>
      <trkpt lat="34.24859055317938" lon="-118.40356349945068">
        <ele>281.0</ele>
        <time>2023-03-17T01:27:37.159Z</time>
      </trkpt>
      <trkpt lat="34.2486120108515" lon="-118.40360641479492">
        <ele>281.0</ele>
        <time>2023-03-17T01:27:48.617Z</time>
      </trkpt>
      <trkpt lat="34.249277198687196" lon="-118.40431451797485">
        <ele>281.0</ele>
        <time>2023-03-17T01:28:00.104Z</time>
      </trkpt>
      <trkpt lat="34.2501784209162" lon="-118.40523719787598">
        <ele>283.0</ele>
        <time>2023-03-17T01:28:11.631Z</time>
      </trkpt>
      <trkpt lat="34.25408363342285" lon="-118.40939998626709">
        <ele>292.0</ele>
        <time>2023-03-17T01:28:23.331Z</time>
      </trkpt>
      <trkpt lat="34.25496348179877" lon="-118.4103012084961">
        <ele>294.0</ele>
        <time>2023-03-17T01:28:35.070Z</time>
      </trkpt>
      <trkpt lat="34.25640114583075" lon="-118.41188907623291">
        <ele>297.0</ele>
        <time>2023-03-17T01:28:46.873Z</time>
      </trkpt>
      <trkpt lat="34.25715216435492" lon="-118.4126615524292">
        <ele>298.0</ele>
        <time>2023-03-17T01:28:58.709Z</time>
      </trkpt>
      <trkpt lat="34.258761489763856" lon="-118.41439962387085">
        <ele>300.0</ele>
        <time>2023-03-17T01:29:10.617Z</time>
      </trkpt>
      <trkpt lat="34.25891169346869" lon="-118.41452836990356">
        <ele>300.0</ele>
        <time>2023-03-17T01:29:22.531Z</time>
      </trkpt>
      <trkpt lat="34.25938376225531" lon="-118.41504335403442">
        <ele>300.0</ele>
        <time>2023-03-17T01:29:34.467Z</time>
      </trkpt>
      <trkpt lat="34.25985583104193" lon="-118.41551542282104">
        <ele>302.0</ele>
        <time>2023-03-17T01:29:46.423Z</time>
      </trkpt>
      <trkpt lat="34.26313877105713" lon="-118.41897010803223">
        <ele>306.0</ele>
        <time>2023-03-17T01:29:58.524Z</time>
      </trkpt>
      <trkpt lat="34.2631817702204" lon="-118.41903448104858">
        <ele>306.0</ele>
        <time>2023-03-17T01:30:10.627Z</time>
      </trkpt>
      <trkpt lat="34.263503635302186" lon="-118.41935634613037">
        <ele>306.0</ele>
        <time>2023-03-17T01:30:22.744Z</time>
      </trkpt>
      <trkpt lat="34.265499198809266" lon="-118.42148065567017">
        <ele>309.0</ele>
        <time>2023-03-17T01:30:34.950Z</time>
      </trkpt>
      <trkpt lat="34.266014182940125" lon="-118.42199563980103">
        <ele>309.0</ele>
        <time>2023-03-17T01:30:47.178Z</time>
      </trkpt>
      <trkpt lat="34.26607855595648" lon="-118.4220814704895">
        <ele>309.0</ele>
        <time>2023-03-17T01:30:59.409Z</time>
      </trkpt>
      <trkpt lat="34.266979694366455" lon="-118.42304706573486">
        <ele>310.0</ele>
        <time>2023-03-17T01:31:11.681Z</time>
      </trkpt>
      <trkpt lat="34.26910408772528" lon="-118.42525720596313">
        <ele>312.0</ele>
        <time>2023-03-17T01:31:24.046Z</time>
      </trkpt>
      <trkpt lat="34.27056320942938" lon="-118.42686653137207">
        <ele>314.0</ele>
        <time>2023-03-17T01:31:36.477Z</time>
      </trkpt>
      <trkpt lat="34.271528804674745" lon="-118.42787504196167">
        <ele>315.0</ele>
        <time>2023-03-17T01:31:48.950Z</time>
      </trkpt>
      <trkpt lat="34.272043788805604" lon="-118.42845439910889">
        <ele>316.0</ele>
        <time>2023-03-17T01:32:01.447Z</time>
      </trkpt>
      <trkpt lat="34.27258023060858" lon="-118.42899084091187">
        <ele>317.0</ele>
        <time>2023-03-17T01:32:13.967Z</time>
      </trkpt>
      <trkpt lat="34.27318104542792" lon="-118.42965602874756">
        <ele>318.0</ele>
        <time>2023-03-17T01:32:26.514Z</time>
      </trkpt>
      <trkpt lat="34.27326679229736" lon="-118.42972040176392">
        <ele>318.0</ele>
        <time>2023-03-17T01:32:39.065Z</time>
      </trkpt>
      <trkpt lat="34.277729988098145" lon="-118.43444108963013">
        <ele>320.0</ele>
        <time>2023-03-17T01:32:51.813Z</time>
      </trkpt>
      <trkpt lat="34.278223514556885" lon="-118.43493461608887">
        <ele>320.0</ele>
        <time>2023-03-17T01:33:04.583Z</time>
      </trkpt>
      <trkpt lat="34.278459548950195" lon="-118.43529939651489">
        <ele>320.0</ele>
        <time>2023-03-17T01:33:17.365Z</time>
      </trkpt>
      <trkpt lat="34.27863129414618" lon="-118.4357500076294">
        <ele>320.0</ele>
        <time>2023-03-17T01:33:30.161Z</time>
      </trkpt>
      <trkpt lat="34.278738498687744" lon="-118.43624353408813">
        <ele>321.0</ele>
        <time>2023-03-17T01:33:42.971Z</time>
      </trkpt>
      <trkpt lat="34.278717041015625" lon="-118.43639373779297">
        <ele>321.0</ele>
        <time>2023-03-17T01:33:55.785Z</time>
      </trkpt>
      <trkpt lat="34.2788028717041" lon="-118.43680143356323">
        <ele>321.0</ele>
        <time>2023-03-17T01:34:08.611Z</time>
      </trkpt>
      <trkpt lat="34.279017532244325" lon="-118.4374451637268">
        <ele>322.0</ele>
        <time>2023-03-17T01:34:21.456Z</time>
      </trkpt>
      <trkpt lat="34.279532516375184" lon="-118.43806743621826">
        <ele>322.0</ele>
        <time>2023-03-17T01:34:34.325Z</time>
      </trkpt>
      <trkpt lat="34.28013333119452" lon="-118.43871116638184">
        <ele>323.0</ele>
        <time>2023-03-17T01:34:47.221Z</time>
      </trkpt>
      <trkpt lat="34.28019770421088" lon="-118.43875408172607">
        <ele>324.0</ele>
        <time>2023-03-17T01:35:00.120Z</time>
      </trkpt>
      <trkpt lat="34.280783515423536" lon="-118.43936143442988">
        <ele>324.0</ele>
        <time>2023-03-17T01:35:13.044Z</time>
      </trkpt>
      <trkpt lat="34.28090580739081" lon="-118.43948364257812">
        <ele>324.0</ele>
        <time>2023-03-17T01:35:25.974Z</time>
      </trkpt>
      <trkpt lat="34.28097018040717" lon="-118.43952655792236">
        <ele>324.0</ele>
        <time>2023-03-17T01:35:38.906Z</time>
      </trkpt>
      <trkpt lat="34.281506622210145" lon="-118.4401273727417">
        <ele>324.0</ele>
        <time>2023-03-17T01:35:51.862Z</time>
      </trkpt>
      <trkpt lat="34.28159245289862" lon="-118.44019174575806">
        <ele>325.0</ele>
        <time>2023-03-17T01:36:04.822Z</time>
      </trkpt>
      <trkpt lat="34.28305157460272" lon="-118.44182252883911">
        <ele>325.0</ele>
        <time>2023-03-17T01:36:17.848Z</time>
      </trkpt>
      <trkpt lat="34.28412445820868" lon="-118.44287395477295">
        <ele>326.0</ele>
        <time>2023-03-17T01:36:30.920Z</time>
      </trkpt>
      <trkpt lat="34.28418883122504" lon="-118.44295978546143">
        <ele>326.0</ele>
        <time>2023-03-17T01:36:43.995Z</time>
      </trkpt>
      <trkpt lat="34.284274661913514" lon="-118.44302415847778">
        <ele>326.0</ele>
        <time>2023-03-17T01:36:57.074Z</time>
      </trkpt>
      <trkpt lat="34.28461798466742" lon="-118.44343185424805">
        <ele>327.0</ele>
        <time>2023-03-17T01:37:10.169Z</time>
      </trkpt>
      <trkpt lat="34.28481110371649" lon="-118.44362497329712">
        <ele>326.0</ele>
        <time>2023-03-17T01:37:23.272Z</time>
      </trkpt>
      <trkpt lat="34.28534754551947" lon="-118.44422578811646">
        <ele>327.0</ele>
        <time>2023-03-17T01:37:36.399Z</time>
      </trkpt>
      <trkpt lat="34.28588398732245" lon="-118.44476222991943">
        <ele>328.0</ele>
        <time>2023-03-17T01:37:49.550Z</time>
      </trkpt>
      <trkpt lat="34.28646334446967" lon="-118.44538450241089">
        <ele>328.0</ele>
        <time>2023-03-17T01:38:02.726Z</time>
      </trkpt>
      <trkpt lat="34.286506259813905" lon="-118.44544887542725">
        <ele>328.0</ele>
        <time>2023-03-17T01:38:15.905Z</time>
      </trkpt>
      <trkpt lat="34.289982402697206" lon="-118.44911813735962">
        <ele>334.0</ele>
        <time>2023-03-17T01:38:29.237Z</time>
      </trkpt>
      <trkpt lat="34.29015406407416" lon="-118.44926834106445">
        <ele>334.0</ele>
        <time>2023-03-17T01:38:42.577Z</time>
      </trkpt>
      <trkpt lat="34.29030426777899" lon="-118.44937562942505">
        <ele>335.0</ele>
        <time>2023-03-17T01:38:55.922Z</time>
      </trkpt>
      <trkpt lat="34.29039009846747" lon="-118.44946146011353">
        <ele>335.0</ele>
        <time>2023-03-17T01:39:09.271Z</time>
      </trkpt>
      <trkpt lat="34.290497386828065" lon="-118.44952583312988">
        <ele>335.0</ele>
        <time>2023-03-17T01:39:22.624Z</time>
      </trkpt>
      <trkpt lat="34.29092654027045" lon="-118.44986915588379">
        <ele>336.0</ele>
        <time>2023-03-17T01:39:35.994Z</time>
      </trkpt>
      <trkpt lat="34.291248405352235" lon="-118.45014810562134">
        <ele>337.0</ele>
        <time>2023-03-17T01:39:49.377Z</time>
      </trkpt>
      <trkpt lat="34.29189406335354" lon="-118.4506443142891">
        <ele>337.0</ele>
        <time>2023-03-17T01:40:02.786Z</time>
      </trkpt>
      <trkpt lat="34.29184913635254" lon="-118.45062017440796">
        <ele>337.0</ele>
        <time>2023-03-17T01:40:16.196Z</time>
      </trkpt>
      <trkpt lat="34.29212808609009" lon="-118.45089912414551">
        <ele>337.0</ele>
        <time>2023-03-17T01:40:29.619Z</time>
      </trkpt>
      <trkpt lat="34.293179512023926" lon="-118.45169305801392">
        <ele>341.0</ele>
        <time>2023-03-17T01:40:43.083Z</time>
      </trkpt>
      <trkpt lat="34.293480003252625" lon="-118.45195055007935">
        <ele>342.0</ele>
        <time>2023-03-17T01:40:56.559Z</time>
      </trkpt>
      <trkpt lat="34.293522918596864" lon="-118.45197200775146">
        <ele>343.0</ele>
        <time>2023-03-17T01:41:10.037Z</time>
      </trkpt>
      <trkpt lat="34.29384469985962" lon="-118.45227241516113">
        <ele>343.0</ele>
        <time>2023-03-17T01:41:23.528Z</time>
      </trkpt>
      <trkpt lat="34.295260990038514" lon="-118.4541392326355">
        <ele>347.0</ele>
        <time>2023-03-17T01:41:37.089Z</time>
      </trkpt>
      <trkpt lat="34.29590472020209" lon="-118.4549331665039">
        <ele>349.0</ele>
        <time>2023-03-17T01:41:50.681Z</time>
      </trkpt>
      <trkpt lat="34.295969093218446" lon="-118.4550404548645">
        <ele>349.0</ele>
        <time>2023-03-17T01:42:04.276Z</time>
      </trkpt>
      <trkpt lat="34.296999061480165" lon="-118.45634937286377">
        <ele>353.0</ele>
        <time>2023-03-17T01:42:17.921Z</time>
      </trkpt>
      <trkpt lat="34.29768570698798" lon="-118.45727205276489">
        <ele>355.0</ele>
        <time>2023-03-17T01:42:31.600Z</time>
      </trkpt>
      <trkpt lat="34.29792174138129" lon="-118.45755100250244">
        <ele>355.0</ele>
        <time>2023-03-17T01:42:45.290Z</time>
      </trkpt>
      <trkpt lat="34.2986083868891" lon="-118.45845222473145">
        <ele>356.0</ele>
        <time>2023-03-17T01:42:59.014Z</time>
      </trkpt>
      <trkpt lat="34.29880150593817" lon="-118.458731174469">
        <ele>357.0</ele>
        <time>2023-03-17T01:43:12.748Z</time>
      </trkpt>
      <trkpt lat="34.299187660217285" lon="-118.45920324325562">
        <ele>357.0</ele>
        <time>2023-03-17T01:43:26.501Z</time>
      </trkpt>
      <trkpt lat="34.299767101183534" lon="-118.45995426177979">
        <ele>358.0</ele>
        <time>2023-03-17T01:43:40.282Z</time>
      </trkpt>
      <trkpt lat="34.30011042393744" lon="-118.4604263305664">
        <ele>359.0</ele>
        <time>2023-03-17T01:43:54.080Z</time>
      </trkpt>
      <trkpt lat="34.300518119707704" lon="-118.46091985702515">
        <ele>361.0</ele>
        <time>2023-03-17T01:44:07.897Z</time>
      </trkpt>
      <trkpt lat="34.30161246098578" lon="-118.46235752105713">
        <ele>362.0</ele>
        <time>2023-03-17T01:44:21.768Z</time>
      </trkpt>
      <trkpt lat="34.301698291674256" lon="-118.4624433517456">
        <ele>362.0</ele>
        <time>2023-03-17T01:44:35.643Z</time>
      </trkpt>
      <trkpt lat="34.30176258087158" lon="-118.4625506401062">
        <ele>362.0</ele>
        <time>2023-03-17T01:44:49.522Z</time>
      </trkpt>
      <trkpt lat="34.30339344777167" lon="-118.46463203430176">
        <ele>365.0</ele>
        <time>2023-03-17T01:45:03.480Z</time>
      </trkpt>
      <trkpt lat="34.3036509398371" lon="-118.46499681472778">
        <ele>366.0</ele>
        <time>2023-03-17T01:45:17.451Z</time>
      </trkpt>
      <trkpt lat="34.304509246721864" lon="-118.46606969833374">
        <ele>368.0</ele>
        <time>2023-03-17T01:45:31.463Z</time>
      </trkpt>
      <trkpt lat="34.30463799275458" lon="-118.46626281738281">
        <ele>369.0</ele>
        <time>2023-03-17T01:45:45.482Z</time>
      </trkpt>
      <trkpt lat="34.30506714619696" lon="-118.46679925918579">
        <ele>369.0</ele>
        <time>2023-03-17T01:45:59.522Z</time>
      </trkpt>
      <trkpt lat="34.30577524937689" lon="-118.46774339675903">
        <ele>371.0</ele>
        <time>2023-03-17T01:46:13.597Z</time>
      </trkpt>
      <trkpt lat="34.30684813298285" lon="-118.46911668777466">
        <ele>374.0</ele>
        <time>2023-03-17T01:46:27.724Z</time>
      </trkpt>
      <trkpt lat="34.30740603245795" lon="-118.46986770629883">
        <ele>375.0</ele>
        <time>2023-03-17T01:46:41.879Z</time>
      </trkpt>
      <trkpt lat="34.30888661183417" lon="-118.47177743911743">
        <ele>378.0</ele>
        <time>2023-03-17T01:46:56.106Z</time>
      </trkpt>
      <trkpt lat="34.309187019243836" lon="-118.4721851348877">
        <ele>379.0</ele>
        <time>2023-03-17T01:47:10.348Z</time>
      </trkpt>
      <trkpt lat="34.30931576527655" lon="-118.47231388092041">
        <ele>379.0</ele>
        <time>2023-03-17T01:47:24.595Z</time>
      </trkpt>
      <trkpt lat="34.31006678380072" lon="-118.47332239151001">
        <ele>382.0</ele>
        <time>2023-03-17T01:47:38.880Z</time>
      </trkpt>
      <trkpt lat="34.31036719121039" lon="-118.47368717193604">
        <ele>383.0</ele>
        <time>2023-03-17T01:47:53.179Z</time>
      </trkpt>
      <trkpt lat="34.31133270263672" lon="-118.47493171691895">
        <ele>387.0</ele>
        <time>2023-03-17T01:48:07.525Z</time>
      </trkpt>
      <trkpt lat="34.312191093340516" lon="-118.47604751586914">
        <ele>388.0</ele>
        <time>2023-03-17T01:48:21.913Z</time>
      </trkpt>
      <trkpt lat="34.31259878911078" lon="-118.47664833068848">
        <ele>388.0</ele>
        <time>2023-03-17T01:48:36.323Z</time>
      </trkpt>
      <trkpt lat="34.3127703666687" lon="-118.47705602645874">
        <ele>389.0</ele>
        <time>2023-03-17T01:48:50.745Z</time>
      </trkpt>
      <trkpt lat="34.312920570373535" lon="-118.47765684127808">
        <ele>389.0</ele>
        <time>2023-03-17T01:49:05.184Z</time>
      </trkpt>
      <trkpt lat="34.31397199630737" lon="-118.48415851593018">
        <ele>386.0</ele>
        <time>2023-03-17T01:49:19.806Z</time>
      </trkpt>
      <trkpt lat="34.31513079442084" lon="-118.49072456359863">
        <ele>391.0</ele>
        <time>2023-03-17T01:49:34.614Z</time>
      </trkpt>
      <trkpt lat="34.315195167437196" lon="-118.49093914031982">
        <ele>391.0</ele>
        <time>2023-03-17T01:49:49.428Z</time>
      </trkpt>
      <trkpt lat="34.31540974415839" lon="-118.49138975143433">
        <ele>390.0</ele>
        <time>2023-03-17T01:50:04.256Z</time>
      </trkpt>
      <trkpt lat="34.3157958984375" lon="-118.49205493927002">
        <ele>390.0</ele>
        <time>2023-03-17T01:50:19.107Z</time>
      </trkpt>
      <trkpt lat="34.31605339050293" lon="-118.4923768043518">
        <ele>390.0</ele>
        <time>2023-03-17T01:50:33.970Z</time>
      </trkpt>
      <trkpt lat="34.31648254394531" lon="-118.49276304244995">
        <ele>389.0</ele>
        <time>2023-03-17T01:50:48.851Z</time>
      </trkpt>
      <trkpt lat="34.31753405369818" lon="-118.4935998916626">
        <ele>389.0</ele>
        <time>2023-03-17T01:51:03.774Z</time>
      </trkpt>
      <trkpt lat="34.31854248046875" lon="-118.49432945251465">
        <ele>390.0</ele>
        <time>2023-03-17T01:51:18.736Z</time>
      </trkpt>
      <trkpt lat="34.31897163391113" lon="-118.49469423294067">
        <ele>391.0</ele>
        <time>2023-03-17T01:51:33.716Z</time>
      </trkpt>
      <trkpt lat="34.31933641433716" lon="-118.49514484405518">
        <ele>392.0</ele>
        <time>2023-03-17T01:51:48.713Z</time>
      </trkpt>
      <trkpt lat="34.31959399022162" lon="-118.49557399749756">
        <ele>392.0</ele>
        <time>2023-03-17T01:52:03.725Z</time>
      </trkpt>
      <trkpt lat="34.319937312975526" lon="-118.49647521972656">
        <ele>393.0</ele>
        <time>2023-03-17T01:52:18.764Z</time>
      </trkpt>
      <trkpt lat="34.32034500874579" lon="-118.49784851074219">
        <ele>398.0</ele>
        <time>2023-03-17T01:52:33.843Z</time>
      </trkpt>
      <trkpt lat="34.320688247680664" lon="-118.49866390228271">
        <ele>401.0</ele>
        <time>2023-03-17T01:52:48.947Z</time>
      </trkpt>
      <trkpt lat="34.321138858795166" lon="-118.49941492080688">
        <ele>405.0</ele>
        <time>2023-03-17T01:53:04.077Z</time>
      </trkpt>
      <trkpt lat="34.32354220189154" lon="-118.5029125213623">
        <ele>411.0</ele>
        <time>2023-03-17T01:53:19.332Z</time>
      </trkpt>
      <trkpt lat="34.32364949025214" lon="-118.50304126739502">
        <ele>412.0</ele>
        <time>2023-03-17T01:53:34.592Z</time>
      </trkpt>
      <trkpt lat="34.32407855987549" lon="-118.5033631324768">
        <ele>414.0</ele>
        <time>2023-03-17T01:53:49.869Z</time>
      </trkpt>
      <trkpt lat="34.324378967285156" lon="-118.5034704208374">
        <ele>414.0</ele>
        <time>2023-03-17T01:54:05.157Z</time>
      </trkpt>
      <trkpt lat="34.324679458513856" lon="-118.50349187850952">
        <ele>414.0</ele>
        <time>2023-03-17T01:54:20.455Z</time>
      </trkpt>
      <trkpt lat="34.324958408251405" lon="-118.50340604782104">
        <ele>414.0</ele>
        <time>2023-03-17T01:54:35.762Z</time>
      </trkpt>
      <trkpt lat="34.32549476623535" lon="-118.50327730178833">
        <ele>416.0</ele>
        <time>2023-03-17T01:54:51.087Z</time>
      </trkpt>
      <trkpt lat="34.32603120803833" lon="-118.50329875946045">
        <ele>417.0</ele>
        <time>2023-03-17T01:55:06.430Z</time>
      </trkpt>
      <trkpt lat="34.33229693211615" lon="-118.50598096847534">
        <ele>435.0</ele>
        <time>2023-03-17T01:55:21.995Z</time>
      </trkpt>
      <trkpt lat="34.33265400119126" lon="-118.50616889074445">
        <ele>435.0</ele>
        <time>2023-03-17T01:55:37.573Z</time>
      </trkpt>
      <trkpt lat="34.33272977359593" lon="-118.50617039948702">
        <ele>435.0</ele>
        <time>2023-03-17T01:55:53.153Z</time>
      </trkpt>
      <trkpt lat="34.33504343032837" lon="-118.5040283203125">
        <ele>449.0</ele>
        <time>2023-03-17T01:56:08.830Z</time>
      </trkpt>
      <trkpt lat="34.33555841445923" lon="-118.50379228591919">
        <ele>454.0</ele>
        <time>2023-03-17T01:56:24.526Z</time>
      </trkpt>
      <trkpt lat="34.33594465255737" lon="-118.50370645523071">
        <ele>455.0</ele>
        <time>2023-03-17T01:56:40.235Z</time>
      </trkpt>
      <trkpt lat="34.33633089065552" lon="-118.50370645523071">
        <ele>455.0</ele>
        <time>2023-03-17T01:56:55.956Z</time>
      </trkpt>
      <trkpt lat="34.336717212572694" lon="-118.50379228591919">
        <ele>457.0</ele>
        <time>2023-03-17T01:57:11.691Z</time>
      </trkpt>
      <trkpt lat="34.337124824523926" lon="-118.50396394729614">
        <ele>459.0</ele>
        <time>2023-03-17T01:57:27.440Z</time>
      </trkpt>
      <trkpt lat="34.33748960494995" lon="-118.50426435470581">
        <ele>462.0</ele>
        <time>2023-03-17T01:57:43.204Z</time>
      </trkpt>
      <trkpt lat="34.33772563934326" lon="-118.50452184677124">
        <ele>464.0</ele>
        <time>2023-03-17T01:57:58.978Z</time>
      </trkpt>
      <trkpt lat="34.337918758392334" lon="-118.50480079650879">
        <ele>467.0</ele>
        <time>2023-03-17T01:58:14.762Z</time>
      </trkpt>
      <trkpt lat="34.338154792785645" lon="-118.50527286529541">
        <ele>464.0</ele>
        <time>2023-03-17T01:58:30.561Z</time>
      </trkpt>
      <trkpt lat="34.33905601501465" lon="-118.50782632827759">
        <ele>473.0</ele>
        <time>2023-03-17T01:58:46.437Z</time>
      </trkpt>
      <trkpt lat="34.33918476104736" lon="-118.5080623626709">
        <ele>474.0</ele>
        <time>2023-03-17T01:59:02.321Z</time>
      </trkpt>
      <trkpt lat="34.33950662612915" lon="-118.50853443145752">
        <ele>478.0</ele>
        <time>2023-03-17T01:59:18.222Z</time>
      </trkpt>
      <trkpt lat="34.33980703353882" lon="-118.50881338119507">
        <ele>482.0</ele>
        <time>2023-03-17T01:59:34.135Z</time>
      </trkpt>
      <trkpt lat="34.340150356292725" lon="-118.50904941558838">
        <ele>488.0</ele>
        <time>2023-03-17T01:59:50.061Z</time>
      </trkpt>
      <trkpt lat="34.3406867980957" lon="-118.50924253463745">
        <ele>491.0</ele>
        <time>2023-03-17T02:00:06.006Z</time>
      </trkpt>
      <trkpt lat="34.34497841633856" lon="-118.51027250289917">
        <ele>520.0</ele>
        <time>2023-03-17T02:00:22.097Z</time>
      </trkpt>
      <trkpt lat="34.34553623199463" lon="-118.51022958755493">
        <ele>525.0</ele>
        <time>2023-03-17T02:00:38.206Z</time>
      </trkpt>
      <trkpt lat="34.346115589141846" lon="-118.51003646850586">
        <ele>528.0</ele>
        <time>2023-03-17T02:00:54.335Z</time>
      </trkpt>
      <trkpt lat="34.3477463722229" lon="-118.5089635848999">
        <ele>524.0</ele>
        <time>2023-03-17T02:01:10.526Z</time>
      </trkpt>
      <trkpt lat="34.34884071350098" lon="-118.50838422775269">
        <ele>516.0</ele>
        <time>2023-03-17T02:01:26.757Z</time>
      </trkpt>
      <trkpt lat="34.34974193572998" lon="-118.50812673568726">
        <ele>506.0</ele>
        <time>2023-03-17T02:01:43.019Z</time>
      </trkpt>
      <trkpt lat="34.350643241778016" lon="-118.50810527801514">
        <ele>503.0</ele>
        <time>2023-03-17T02:01:59.311Z</time>
      </trkpt>
      <trkpt lat="34.35229539871216" lon="-118.50831985473633">
        <ele>493.0</ele>
        <time>2023-03-17T02:02:15.658Z</time>
      </trkpt>
      <trkpt lat="34.353132331743836" lon="-118.50838422775269">
        <ele>486.0</ele>
        <time>2023-03-17T02:02:32.033Z</time>
      </trkpt>
      <trkpt lat="34.35401201248169" lon="-118.50829839706421">
        <ele>480.0</ele>
        <time>2023-03-17T02:02:48.437Z</time>
      </trkpt>
      <trkpt lat="34.35652264393866" lon="-118.50789070129395">
        <ele>463.0</ele>
        <time>2023-03-17T02:03:04.926Z</time>
      </trkpt>
      <trkpt lat="34.358367919921875" lon="-118.50744009017944">
        <ele>456.0</ele>
        <time>2023-03-17T02:03:21.477Z</time>
      </trkpt>
      <trkpt lat="34.35956954956055" lon="-118.5070538520813">
        <ele>448.0</ele>
        <time>2023-03-17T02:03:38.070Z</time>
      </trkpt>
      <trkpt lat="34.360084533691406" lon="-118.50701093673706">
        <ele>443.0</ele>
        <time>2023-03-17T02:03:54.680Z</time>
      </trkpt>
      <trkpt lat="34.36246641911566" lon="-118.50713968276978">
        <ele>432.0</ele>
        <time>2023-03-17T02:04:11.369Z</time>
      </trkpt>
      <trkpt lat="34.36345338821411" lon="-118.5071611404419">
        <ele>428.0</ele>
        <time>2023-03-17T02:04:28.091Z</time>
      </trkpt>
      <trkpt lat="34.364419067278504" lon="-118.50696802139282">
        <ele>424.0</ele>
        <time>2023-03-17T02:04:44.846Z</time>
      </trkpt>
      <trkpt lat="34.365363121032715" lon="-118.5066032409668">
        <ele>422.0</ele>
        <time>2023-03-17T02:05:01.634Z</time>
      </trkpt>
      <trkpt lat="34.365899646654725" lon="-118.50625991821289">
        <ele>420.0</ele>
        <time>2023-03-17T02:05:18.442Z</time>
      </trkpt>
      <trkpt lat="34.366371715441346" lon="-118.50589513778687">
        <ele>420.0</ele>
        <time>2023-03-17T02:05:35.268Z</time>
      </trkpt>
      <trkpt lat="34.36697244644165" lon="-118.50527286529541">
        <ele>421.0</ele>
        <time>2023-03-17T02:05:52.121Z</time>
      </trkpt>
      <trkpt lat="34.36856031417847" lon="-118.50319147109985">
        <ele>435.0</ele>
        <time>2023-03-17T02:06:09.052Z</time>
      </trkpt>
      <trkpt lat="34.369139671325684" lon="-118.50265502929688">
        <ele>441.0</ele>
        <time>2023-03-17T02:06:26.007Z</time>
      </trkpt>
      <trkpt lat="34.372422778978944" lon="-118.50003719329834">
        <ele>457.0</ele>
        <time>2023-03-17T02:06:43.093Z</time>
      </trkpt>
      <trkpt lat="34.37390327453613" lon="-118.49872827529907">
        <ele>455.0</ele>
        <time>2023-03-17T02:07:00.240Z</time>
      </trkpt>
      <trkpt lat="34.37819480895996" lon="-118.49417924880981">
        <ele>431.0</ele>
        <time>2023-03-17T02:07:17.577Z</time>
      </trkpt>
      <trkpt lat="34.37821626663208" lon="-118.49407196044922">
        <ele>430.0</ele>
        <time>2023-03-17T02:07:34.917Z</time>
      </trkpt>
      <trkpt lat="34.378817081451416" lon="-118.49357843399048">
        <ele>426.0</ele>
        <time>2023-03-17T02:07:52.282Z</time>
      </trkpt>
      <trkpt lat="34.37926769256592" lon="-118.49327802658081">
        <ele>427.0</ele>
        <time>2023-03-17T02:08:09.664Z</time>
      </trkpt>
      <trkpt lat="34.38006171025336" lon="-118.49287033081055">
        <ele>433.0</ele>
        <time>2023-03-17T02:08:27.075Z</time>
      </trkpt>
      <trkpt lat="34.382056100293994" lon="-118.49190523847938">
        <ele>450.0</ele>
        <time>2023-03-17T02:08:44.557Z</time>
      </trkpt>
      <trkpt lat="34.3847393989563" lon="-118.49063873291016">
        <ele>478.0</ele>
        <time>2023-03-17T02:09:02.135Z</time>
      </trkpt>
      <trkpt lat="34.3856406211853" lon="-118.49029541015625">
        <ele>485.0</ele>
        <time>2023-03-17T02:09:19.744Z</time>
      </trkpt>
      <trkpt lat="34.38692816533148" lon="-118.48993062973022">
        <ele>483.0</ele>
        <time>2023-03-17T02:09:37.397Z</time>
      </trkpt>
      <trkpt lat="34.38851594924927" lon="-118.48941564559937">
        <ele>495.0</ele>
        <time>2023-03-17T02:09:55.105Z</time>
      </trkpt>
      <trkpt lat="34.39075442031026" lon="-118.4883379843086">
        <ele>512.0</ele>
        <time>2023-03-17T02:10:12.893Z</time>
      </trkpt>
      <trkpt lat="34.392524091526866" lon="-118.48744078539312">
        <ele>525.0</ele>
        <time>2023-03-17T02:10:30.745Z</time>
      </trkpt>
      <trkpt lat="34.393572667613626" lon="-118.48674332723022">
        <ele>531.0</ele>
        <time>2023-03-17T02:10:48.637Z</time>
      </trkpt>
      <trkpt lat="34.39426735974848" lon="-118.48619607277215">
        <ele>534.0</ele>
        <time>2023-03-17T02:11:06.557Z</time>
      </trkpt>
      <trkpt lat="34.394762897863984" lon="-118.48571855574846">
        <ele>535.0</ele>
        <time>2023-03-17T02:11:24.498Z</time>
      </trkpt>
      <trkpt lat="34.39560351893306" lon="-118.48476888611913">
        <ele>530.0</ele>
        <time>2023-03-17T02:11:42.477Z</time>
      </trkpt>
      <trkpt lat="34.39599730074406" lon="-118.48420017398894">
        <ele>526.0</ele>
        <time>2023-03-17T02:12:00.477Z</time>
      </trkpt>
      <trkpt lat="34.39628488384187" lon="-118.48374956287444">
        <ele>521.0</ele>
        <time>2023-03-17T02:12:18.492Z</time>
      </trkpt>
      <trkpt lat="34.396758293733" lon="-118.48286426626146">
        <ele>515.0</ele>
        <time>2023-03-17T02:12:36.536Z</time>
      </trkpt>
      <trkpt lat="34.39700606279075" lon="-118.48233310505748">
        <ele>513.0</ele>
        <time>2023-03-17T02:12:54.597Z</time>
      </trkpt>
      <trkpt lat="34.39726263284683" lon="-118.48168392665684">
        <ele>514.0</ele>
        <time>2023-03-17T02:13:12.678Z</time>
      </trkpt>
      <trkpt lat="34.397669741883874" lon="-118.48049285821617">
        <ele>509.0</ele>
        <time>2023-03-17T02:13:30.794Z</time>
      </trkpt>
      <trkpt lat="34.39821842126548" lon="-118.47764334641397">
        <ele>485.0</ele>
        <time>2023-03-17T02:13:48.991Z</time>
      </trkpt>
      <trkpt lat="34.398352447897196" lon="-118.47705284133554">
        <ele>481.0</ele>
        <time>2023-03-17T02:14:07.205Z</time>
      </trkpt>
      <trkpt lat="34.398671044036746" lon="-118.47594701685011">
        <ele>478.0</ele>
        <time>2023-03-17T02:14:25.451Z</time>
      </trkpt>
      <trkpt lat="34.39896332100034" lon="-118.47510941326618">
        <ele>471.0</ele>
        <time>2023-03-17T02:14:43.722Z</time>
      </trkpt>
      <trkpt lat="34.399503115564585" lon="-118.47390761598945">
        <ele>465.0</ele>
        <time>2023-03-17T02:15:02.031Z</time>
      </trkpt>
      <trkpt lat="34.402501406148076" lon="-118.46956294029951">
        <ele>443.0</ele>
        <time>2023-03-17T02:15:20.496Z</time>
      </trkpt>
      <trkpt lat="34.40428867936134" lon="-118.46677302382886">
        <ele>439.0</ele>
        <time>2023-03-17T02:15:39.058Z</time>
      </trkpt>
      <trkpt lat="34.40542174503207" lon="-118.46487192437053">
        <ele>440.0</ele>
        <time>2023-03-17T02:15:57.685Z</time>
      </trkpt>
      <trkpt lat="34.40546038560569" lon="-118.46483244560659">
        <ele>440.0</ele>
        <time>2023-03-17T02:16:16.314Z</time>
      </trkpt>
      <trkpt lat="34.40548905171454" lon="-118.46486806869507">
        <ele>440.0</ele>
        <time>2023-03-17T02:16:34.944Z</time>
      </trkpt>
      <trkpt lat="34.4060040358454" lon="-118.46405267715454">
        <ele>444.0</ele>
        <time>2023-03-17T02:16:53.602Z</time>
      </trkpt>
      <trkpt lat="34.40750607289374" lon="-118.46184253692627">
        <ele>443.0</ele>
        <time>2023-03-17T02:17:12.339Z</time>
      </trkpt>
      <trkpt lat="34.40774210728705" lon="-118.46156358718872">
        <ele>442.0</ele>
        <time>2023-03-17T02:17:31.087Z</time>
      </trkpt>
      <trkpt lat="34.40823563374579" lon="-118.46089839935303">
        <ele>441.0</ele>
        <time>2023-03-17T02:17:49.860Z</time>
      </trkpt>
      <trkpt lat="34.40945872105658" lon="-118.459632396698">
        <ele>439.0</ele>
        <time>2023-03-17T02:18:08.686Z</time>
      </trkpt>
      <trkpt lat="34.410123908892274" lon="-118.45903158187866">
        <ele>439.0</ele>
        <time>2023-03-17T02:18:27.540Z</time>
      </trkpt>
      <trkpt lat="34.41053160466254" lon="-118.4586238861084">
        <ele>438.0</ele>
        <time>2023-03-17T02:18:46.412Z</time>
      </trkpt>
      <trkpt lat="34.41147565841675" lon="-118.45800161361694">
        <ele>433.0</ele>
        <time>2023-03-17T02:19:05.319Z</time>
      </trkpt>
      <trkpt lat="34.41216230392456" lon="-118.45763683319092">
        <ele>433.0</ele>
        <time>2023-03-17T02:19:24.251Z</time>
      </trkpt>
      <trkpt lat="34.413342559710145" lon="-118.45712184906006">
        <ele>433.0</ele>
        <time>2023-03-17T02:19:43.225Z</time>
      </trkpt>
      <trkpt lat="34.413557052612305" lon="-118.45701456069946">
        <ele>434.0</ele>
        <time>2023-03-17T02:20:02.207Z</time>
      </trkpt>
      <trkpt lat="34.41445835866034" lon="-118.45669269561768">
        <ele>435.0</ele>
        <time>2023-03-17T02:20:21.220Z</time>
      </trkpt>
      <trkpt lat="34.41527375020087" lon="-118.45637083053589">
        <ele>436.0</ele>
        <time>2023-03-17T02:20:40.262Z</time>
      </trkpt>
      <trkpt lat="34.41604622639716" lon="-118.45600605010986">
        <ele>437.0</ele>
        <time>2023-03-17T02:20:59.331Z</time>
      </trkpt>
      <trkpt lat="34.41613205708563" lon="-118.45598459243774">
        <ele>438.0</ele>
        <time>2023-03-17T02:21:18.403Z</time>
      </trkpt>
      <trkpt lat="34.41641100682318" lon="-118.45585584640503">
        <ele>439.0</ele>
        <time>2023-03-17T02:21:37.485Z</time>
      </trkpt>
      <trkpt lat="34.41638954915106" lon="-118.45489025115967">
        <ele>439.0</ele>
        <time>2023-03-17T02:21:56.594Z</time>
      </trkpt>
      <trkpt lat="34.41641092300415" lon="-118.45439672470093">
        <ele>440.0</ele>
        <time>2023-03-17T02:22:15.716Z</time>
      </trkpt>
      <trkpt lat="34.41640052944422" lon="-118.45244784839451">
        <ele>441.0</ele>
        <time>2023-03-17T02:22:34.892Z</time>
      </trkpt>
      <trkpt lat="34.41645358689129" lon="-118.4523191023618">
        <ele>441.0</ele>
        <time>2023-03-17T02:22:54.072Z</time>
      </trkpt>
      <trkpt lat="34.41649784334004" lon="-118.45074707642198">
        <ele>442.0</ele>
        <time>2023-03-17T02:23:13.296Z</time>
      </trkpt>
      <trkpt lat="34.416471272706985" lon="-118.4500013384968">
        <ele>442.0</ele>
        <time>2023-03-17T02:23:32.540Z</time>
      </trkpt>
      <trkpt lat="34.41640941426158" lon="-118.44982431270182">
        <ele>442.0</ele>
        <time>2023-03-17T02:23:51.789Z</time>
      </trkpt>
      <trkpt lat="34.416382843628526" lon="-118.44937898218632">
        <ele>443.0</ele>
        <time>2023-03-17T02:24:11.051Z</time>
      </trkpt>
      <trkpt lat="34.416382843628526" lon="-118.44571986235678">
        <ele>445.0</ele>
        <time>2023-03-17T02:24:30.414Z</time>
      </trkpt>
      <trkpt lat="34.416475715115666" lon="-118.44474873505533">
        <ele>445.0</ele>
        <time>2023-03-17T02:24:49.804Z</time>
      </trkpt>
      <trkpt lat="34.416869413107634" lon="-118.44302650541067">
        <ele>448.0</ele>
        <time>2023-03-17T02:25:09.243Z</time>
      </trkpt>
      <trkpt lat="34.41711994819343" lon="-118.44222955405712">
        <ele>449.0</ele>
        <time>2023-03-17T02:25:28.705Z</time>
      </trkpt>
      <trkpt lat="34.41771707497537" lon="-118.44091510400176">
        <ele>450.0</ele>
        <time>2023-03-17T02:25:48.209Z</time>
      </trkpt>
      <trkpt lat="34.418097445741296" lon="-118.44030347652733">
        <ele>456.0</ele>
        <time>2023-03-17T02:26:07.734Z</time>
      </trkpt>
      <trkpt lat="34.41865039989352" lon="-118.43960057012737">
        <ele>456.0</ele>
        <time>2023-03-17T02:26:27.286Z</time>
      </trkpt>
      <trkpt lat="34.419185584411025" lon="-118.43887092545629">
        <ele>456.0</ele>
        <time>2023-03-17T02:26:46.864Z</time>
      </trkpt>
      <trkpt lat="34.41950845532119" lon="-118.43831294216216">
        <ele>459.0</ele>
        <time>2023-03-17T02:27:06.461Z</time>
      </trkpt>
      <trkpt lat="34.41968095488846" lon="-118.43781396746635">
        <ele>459.0</ele>
        <time>2023-03-17T02:27:26.073Z</time>
      </trkpt>
      <trkpt lat="34.4198932684958" lon="-118.43692875467241">
        <ele>464.0</ele>
        <time>2023-03-17T02:27:45.711Z</time>
      </trkpt>
      <trkpt lat="34.42000382579863" lon="-118.43632777221501">
        <ele>463.0</ele>
        <time>2023-03-17T02:28:05.366Z</time>
      </trkpt>
      <trkpt lat="34.42022058181465" lon="-118.43561422079802">
        <ele>462.0</ele>
        <time>2023-03-17T02:28:25.041Z</time>
      </trkpt>
      <trkpt lat="34.42048595286906" lon="-118.43499722890556">
        <ele>464.0</ele>
        <time>2023-03-17T02:28:44.736Z</time>
      </trkpt>
      <trkpt lat="34.420872358605266" lon="-118.43437059782445">
        <ele>467.0</ele>
        <time>2023-03-17T02:29:04.452Z</time>
      </trkpt>
      <trkpt lat="34.4213058706373" lon="-118.43396281823516">
        <ele>469.0</ele>
        <time>2023-03-17T02:29:24.186Z</time>
      </trkpt>
      <trkpt lat="34.42166411317885" lon="-118.43366241082549">
        <ele>470.0</ele>
        <time>2023-03-17T02:29:43.935Z</time>
      </trkpt>
      <trkpt lat="34.422221425920725" lon="-118.43329754658043">
        <ele>472.0</ele>
        <time>2023-03-17T02:30:03.705Z</time>
      </trkpt>
      <trkpt lat="34.42292106337845" lon="-118.4329385496676">
        <ele>478.0</ele>
        <time>2023-03-17T02:30:23.500Z</time>
      </trkpt>
      <trkpt lat="34.423619946464896" lon="-118.43255222775042">
        <ele>484.0</ele>
        <time>2023-03-17T02:30:43.321Z</time>
      </trkpt>
      <trkpt lat="34.424309860914946" lon="-118.43209616839886">
        <ele>482.0</ele>
        <time>2023-03-17T02:31:03.168Z</time>
      </trkpt>
      <trkpt lat="34.42497454583645" lon="-118.43150625005364">
        <ele>481.0</ele>
        <time>2023-03-17T02:31:23.043Z</time>
      </trkpt>
      <trkpt lat="34.425536300987005" lon="-118.4306638687849">
        <ele>480.0</ele>
        <time>2023-03-17T02:31:42.947Z</time>
      </trkpt>
      <trkpt lat="34.42583276890218" lon="-118.43002558685839">
        <ele>480.0</ele>
        <time>2023-03-17T02:32:02.872Z</time>
      </trkpt>
      <trkpt lat="34.42615563981235" lon="-118.42891490086913">
        <ele>477.0</ele>
        <time>2023-03-17T02:32:22.829Z</time>
      </trkpt>
      <trkpt lat="34.42633694037795" lon="-118.42779893428087">
        <ele>477.0</ele>
        <time>2023-03-17T02:32:42.817Z</time>
      </trkpt>
      <trkpt lat="34.426783695816994" lon="-118.42541151680052">
        <ele>486.0</ele>
        <time>2023-03-17T02:33:02.873Z</time>
      </trkpt>
      <trkpt lat="34.42680448293686" lon="-118.4254111815244">
        <ele>486.0</ele>
        <time>2023-03-17T02:33:22.930Z</time>
      </trkpt>
      <trkpt lat="34.42688235081732" lon="-118.42442035675049">
        <ele>485.0</ele>
        <time>2023-03-17T02:33:43.014Z</time>
      </trkpt>
      <trkpt lat="34.42690372467041" lon="-118.42369079589844">
        <ele>483.0</ele>
        <time>2023-03-17T02:34:03.118Z</time>
      </trkpt>
      <trkpt lat="34.42692526616156" lon="-118.4227466583252">
        <ele>488.0</ele>
        <time>2023-03-17T02:34:23.248Z</time>
      </trkpt>
      <trkpt lat="34.42690372467041" lon="-118.42257499694824">
        <ele>492.0</ele>
        <time>2023-03-17T02:34:43.383Z</time>
      </trkpt>
      <trkpt lat="34.42690372467041" lon="-118.42186689376831">
        <ele>504.0</ele>
        <time>2023-03-17T02:35:03.538Z</time>
      </trkpt>
      <trkpt lat="34.42698955535889" lon="-118.4210729598999">
        <ele>511.0</ele>
        <time>2023-03-17T02:35:23.715Z</time>
      </trkpt>
      <trkpt lat="34.427268505096436" lon="-118.4200644493103">
        <ele>515.0</ele>
        <time>2023-03-17T02:35:43.921Z</time>
      </trkpt>
      <trkpt lat="34.42791223526001" lon="-118.41843366622925">
        <ele>486.0</ele>
        <time>2023-03-17T02:36:04.177Z</time>
      </trkpt>
      <trkpt lat="34.42810535430908" lon="-118.41755390167236">
        <ele>485.0</ele>
        <time>2023-03-17T02:36:24.458Z</time>
      </trkpt>
      <trkpt lat="34.42816981114447" lon="-118.41665267944336">
        <ele>483.0</ele>
        <time>2023-03-17T02:36:44.764Z</time>
      </trkpt>
      <trkpt lat="34.42801960743964" lon="-118.41152429580688">
        <ele>484.0</ele>
        <time>2023-03-17T02:37:05.211Z</time>
      </trkpt>
      <trkpt lat="34.427998065948486" lon="-118.40892791748047">
        <ele>489.0</ele>
        <time>2023-03-17T02:37:25.730Z</time>
      </trkpt>
      <trkpt lat="34.4281268119812" lon="-118.40757608413696">
        <ele>491.0</ele>
        <time>2023-03-17T02:37:46.286Z</time>
      </trkpt>
      <trkpt lat="34.42831993103027" lon="-118.40641736984253">
        <ele>493.0</ele>
        <time>2023-03-17T02:38:06.875Z</time>
      </trkpt>
      <trkpt lat="34.428749084472656" lon="-118.4044861793518">
        <ele>510.0</ele>
        <time>2023-03-17T02:38:27.519Z</time>
      </trkpt>
      <trkpt lat="34.42917823791504" lon="-118.40315580368042">
        <ele>516.0</ele>
        <time>2023-03-17T02:38:48.203Z</time>
      </trkpt>
      <trkpt lat="34.42967176437378" lon="-118.40184688568115">
        <ele>507.0</ele>
        <time>2023-03-17T02:39:08.926Z</time>
      </trkpt>
      <trkpt lat="34.43209648132324" lon="-118.39650392532349">
        <ele>511.0</ele>
        <time>2023-03-17T02:39:29.817Z</time>
      </trkpt>
      <trkpt lat="34.43248271942139" lon="-118.39588165283203">
        <ele>516.0</ele>
        <time>2023-03-17T02:39:50.730Z</time>
      </trkpt>
      <trkpt lat="34.43443545140326" lon="-118.3931565284729">
        <ele>504.0</ele>
        <time>2023-03-17T02:40:11.742Z</time>
      </trkpt>
      <trkpt lat="34.43497147411108" lon="-118.39222881942987">
        <ele>508.0</ele>
        <time>2023-03-17T02:40:32.785Z</time>
      </trkpt>
      <trkpt lat="34.43510105833411" lon="-118.39185691438615">
        <ele>510.0</ele>
        <time>2023-03-17T02:40:53.839Z</time>
      </trkpt>
      <trkpt lat="34.4353486597538" lon="-118.39092878624797">
        <ele>523.0</ele>
        <time>2023-03-17T02:41:14.920Z</time>
      </trkpt>
      <trkpt lat="34.43541504442692" lon="-118.39033861644566">
        <ele>524.0</ele>
        <time>2023-03-17T02:41:36.018Z</time>
      </trkpt>
      <trkpt lat="34.43543273024261" lon="-118.38975917547941">
        <ele>518.0</ele>
        <time>2023-03-17T02:41:57.132Z</time>
      </trkpt>
      <trkpt lat="34.435406159609556" lon="-118.38932457379997">
        <ele>517.0</ele>
        <time>2023-03-17T02:42:18.258Z</time>
      </trkpt>
      <trkpt lat="34.43528680130839" lon="-118.38865393772721">
        <ele>523.0</ele>
        <time>2023-03-17T02:42:39.402Z</time>
      </trkpt>
      <trkpt lat="34.435034673660994" lon="-118.38778473436832">
        <ele>539.0</ele>
        <time>2023-03-17T02:43:00.572Z</time>
      </trkpt>
      <trkpt lat="34.43474281579256" lon="-118.3872106578201">
        <ele>531.0</ele>
        <time>2023-03-17T02:43:21.760Z</time>
      </trkpt>
      <trkpt lat="34.43430947139859" lon="-118.3865668438375">
        <ele>516.0</ele>
        <time>2023-03-17T02:43:42.971Z</time>
      </trkpt>
      <trkpt lat="34.43405298516154" lon="-118.38624489493668">
        <ele>514.0</ele>
        <time>2023-03-17T02:44:04.195Z</time>
      </trkpt>
      <trkpt lat="34.43341168574989" lon="-118.38554207235575">
        <ele>511.0</ele>
        <time>2023-03-17T02:44:25.447Z</time>
      </trkpt>
      <trkpt lat="34.43298714235425" lon="-118.38486070744693">
        <ele>512.0</ele>
        <time>2023-03-17T02:44:46.723Z</time>
      </trkpt>
      <trkpt lat="34.432602412998676" lon="-118.38399686850607">
        <ele>513.0</ele>
        <time>2023-03-17T02:45:08.026Z</time>
      </trkpt>
      <trkpt lat="34.43238129839301" lon="-118.38337451219559">
        <ele>510.0</ele>
        <time>2023-03-17T02:45:29.348Z</time>
      </trkpt>
      <trkpt lat="34.43228842690587" lon="-118.38297209702432">
        <ele>509.0</ele>
        <time>2023-03-17T02:45:50.681Z</time>
      </trkpt>
      <trkpt lat="34.43228398449719" lon="-118.38256431743503">
        <ele>509.0</ele>
        <time>2023-03-17T02:46:12.025Z</time>
      </trkpt>
      <trkpt lat="34.43230167031288" lon="-118.3823443762958">
        <ele>509.0</ele>
        <time>2023-03-17T02:46:33.376Z</time>
      </trkpt>
      <trkpt lat="34.43228951655328" lon="-118.38233524002135">
        <ele>509.0</ele>
        <time>2023-03-17T02:46:54.727Z</time>
      </trkpt>
      <trkpt lat="34.43231902085245" lon="-118.38234814815223">
        <ele>509.0</ele>
        <time>2023-03-17T02:47:16.079Z</time>
      </trkpt>
      <trkpt lat="34.43243980407715" lon="-118.38193416595459">
        <ele>510.0</ele>
        <time>2023-03-17T02:47:37.443Z</time>
      </trkpt>
      <trkpt lat="34.43263292312622" lon="-118.38159084320068">
        <ele>510.0</ele>
        <time>2023-03-17T02:47:58.819Z</time>
      </trkpt>
      <trkpt lat="34.43469285964966" lon="-118.3792519569397">
        <ele>520.0</ele>
        <time>2023-03-17T02:48:20.289Z</time>
      </trkpt>
      <trkpt lat="34.43495035171509" lon="-118.37890863418579">
        <ele>522.0</ele>
        <time>2023-03-17T02:48:41.772Z</time>
      </trkpt>
      <trkpt lat="34.43520784378052" lon="-118.37839365005493">
        <ele>529.0</ele>
        <time>2023-03-17T02:49:03.271Z</time>
      </trkpt>
      <trkpt lat="34.43610906600952" lon="-118.37534666061401">
        <ele>549.0</ele>
        <time>2023-03-17T02:49:24.859Z</time>
      </trkpt>
      <trkpt lat="34.436516761779785" lon="-118.37313652038574">
        <ele>547.0</ele>
        <time>2023-03-17T02:49:46.510Z</time>
      </trkpt>
      <trkpt lat="34.43690299987793" lon="-118.37187051773071">
        <ele>549.0</ele>
        <time>2023-03-17T02:50:08.198Z</time>
      </trkpt>
      <trkpt lat="34.437289237976074" lon="-118.3707332611084">
        <ele>548.0</ele>
        <time>2023-03-17T02:50:29.920Z</time>
      </trkpt>
      <trkpt lat="34.437782764434814" lon="-118.36993932723999">
        <ele>544.0</ele>
        <time>2023-03-17T02:50:51.669Z</time>
      </trkpt>
      <trkpt lat="34.43808317184448" lon="-118.36925268173218">
        <ele>542.0</ele>
        <time>2023-03-17T02:51:13.440Z</time>
      </trkpt>
      <trkpt lat="34.43861961364746" lon="-118.36727857589722">
        <ele>538.0</ele>
        <time>2023-03-17T02:51:35.268Z</time>
      </trkpt>
      <trkpt lat="34.43870544433594" lon="-118.36667776107788">
        <ele>533.0</ele>
        <time>2023-03-17T02:51:57.113Z</time>
      </trkpt>
      <trkpt lat="34.43870544433594" lon="-118.36633443832397">
        <ele>534.0</ele>
        <time>2023-03-17T02:52:18.967Z</time>
      </trkpt>
      <trkpt lat="34.43861961364746" lon="-118.36581945419312">
        <ele>535.0</ele>
        <time>2023-03-17T02:52:40.836Z</time>
      </trkpt>
      <trkpt lat="34.43842657841742" lon="-118.3652400970459">
        <ele>534.0</ele>
        <time>2023-03-17T02:53:02.722Z</time>
      </trkpt>
      <trkpt lat="34.43836220540106" lon="-118.36515426635742">
        <ele>534.0</ele>
        <time>2023-03-17T02:53:24.611Z</time>
      </trkpt>
      <trkpt lat="34.438233375549316" lon="-118.36489677429199">
        <ele>535.0</ele>
        <time>2023-03-17T02:53:46.508Z</time>
      </trkpt>
      <trkpt lat="34.43795442581177" lon="-118.36453199386597">
        <ele>538.0</ele>
        <time>2023-03-17T02:54:08.419Z</time>
      </trkpt>
      <trkpt lat="34.43737506866455" lon="-118.3641242980957">
        <ele>545.0</ele>
        <time>2023-03-17T02:54:30.352Z</time>
      </trkpt>
      <trkpt lat="34.43681716918945" lon="-118.36393117904663">
        <ele>547.0</ele>
        <time>2023-03-17T02:54:52.305Z</time>
      </trkpt>
      <trkpt lat="34.43383455276489" lon="-118.36337327957153">
        <ele>541.0</ele>
        <time>2023-03-17T02:55:14.358Z</time>
      </trkpt>
      <trkpt lat="34.433512687683105" lon="-118.36320161819458">
        <ele>545.0</ele>
        <time>2023-03-17T02:55:36.423Z</time>
      </trkpt>
      <trkpt lat="34.43321228027344" lon="-118.36285829544067">
        <ele>549.0</ele>
        <time>2023-03-17T02:55:58.502Z</time>
      </trkpt>
      <trkpt lat="34.43312644958496" lon="-118.36262226104736">
        <ele>553.0</ele>
        <time>2023-03-17T02:56:20.588Z</time>
      </trkpt>
      <trkpt lat="34.43310499191284" lon="-118.36217164993286">
        <ele>560.0</ele>
        <time>2023-03-17T02:56:42.686Z</time>
      </trkpt>
      <trkpt lat="34.43340539932251" lon="-118.3610987663269">
        <ele>571.0</ele>
        <time>2023-03-17T02:57:04.815Z</time>
      </trkpt>
      <trkpt lat="34.43346977233887" lon="-118.36034774780273">
        <ele>567.0</ele>
        <time>2023-03-17T02:57:26.965Z</time>
      </trkpt>
      <trkpt lat="34.43342685699463" lon="-118.36004734039307">
        <ele>562.0</ele>
        <time>2023-03-17T02:57:49.124Z</time>
      </trkpt>
      <trkpt lat="34.43308353424072" lon="-118.3587384223938">
        <ele>565.0</ele>
        <time>2023-03-17T02:58:11.320Z</time>
      </trkpt>
      <trkpt lat="34.43286895751953" lon="-118.35822343826294">
        <ele>560.0</ele>
        <time>2023-03-17T02:58:33.532Z</time>
      </trkpt>
      <trkpt lat="34.4317102432251" lon="-118.35687160491943">
        <ele>560.0</ele>
        <time>2023-03-17T02:58:55.798Z</time>
      </trkpt>
      <trkpt lat="34.43121680058539" lon="-118.35607767105103">
        <ele>577.0</ele>
        <time>2023-03-17T02:59:18.091Z</time>
      </trkpt>
      <trkpt lat="34.43110942840576" lon="-118.35577726364136">
        <ele>591.0</ele>
        <time>2023-03-17T02:59:40.393Z</time>
      </trkpt>
      <trkpt lat="34.43106651306152" lon="-118.3553695678711">
        <ele>600.0</ele>
        <time>2023-03-17T03:00:02.707Z</time>
      </trkpt>
      <trkpt lat="34.43138837814331" lon="-118.3538031578064">
        <ele>611.0</ele>
        <time>2023-03-17T03:00:25.065Z</time>
      </trkpt>
      <trkpt lat="34.43145275115967" lon="-118.35305213928223">
        <ele>613.0</ele>
        <time>2023-03-17T03:00:47.444Z</time>
      </trkpt>
      <trkpt lat="34.43145275115967" lon="-118.35230112075806">
        <ele>618.0</ele>
        <time>2023-03-17T03:01:09.844Z</time>
      </trkpt>
      <trkpt lat="34.43147420883179" lon="-118.35191488265991">
        <ele>627.0</ele>
        <time>2023-03-17T03:01:32.254Z</time>
      </trkpt>
      <trkpt lat="34.43158149719238" lon="-118.35116386413574">
        <ele>644.0</ele>
        <time>2023-03-17T03:01:54.685Z</time>
      </trkpt>
      <trkpt lat="34.43173170089722" lon="-118.35047721862793">
        <ele>616.0</ele>
        <time>2023-03-17T03:02:17.136Z</time>
      </trkpt>
      <trkpt lat="34.43188190460205" lon="-118.35000514984131">
        <ele>607.0</ele>
        <time>2023-03-17T03:02:39.601Z</time>
      </trkpt>
      <trkpt lat="34.43209648132324" lon="-118.34942579269409">
        <ele>600.0</ele>
        <time>2023-03-17T03:03:02.083Z</time>
      </trkpt>
      <trkpt lat="34.432740211486816" lon="-118.3483099937439">
        <ele>594.0</ele>
        <time>2023-03-17T03:03:24.603Z</time>
      </trkpt>
      <trkpt lat="34.43346977233887" lon="-118.34717273712158">
        <ele>581.0</ele>
        <time>2023-03-17T03:03:47.163Z</time>
      </trkpt>
      <trkpt lat="34.4337272644043" lon="-118.34687232971191">
        <ele>582.0</ele>
        <time>2023-03-17T03:04:09.735Z</time>
      </trkpt>
      <trkpt lat="34.43469285964966" lon="-118.34605693817139">
        <ele>582.0</ele>
        <time>2023-03-17T03:04:32.346Z</time>
      </trkpt>
      <trkpt lat="34.43484306335449" lon="-118.3457350730896">
        <ele>581.0</ele>
        <time>2023-03-17T03:04:54.967Z</time>
      </trkpt>
      <trkpt lat="34.43535804748535" lon="-118.34421157836914">
        <ele>592.0</ele>
        <time>2023-03-17T03:05:17.633Z</time>
      </trkpt>
      <trkpt lat="34.435787200927734" lon="-118.3417010307312">
        <ele>597.0</ele>
        <time>2023-03-17T03:05:40.370Z</time>
      </trkpt>
      <trkpt lat="34.43589448928833" lon="-118.34129333496094">
        <ele>601.0</ele>
        <time>2023-03-17T03:06:03.119Z</time>
      </trkpt>
      <trkpt lat="34.436023235321045" lon="-118.34097146987915">
        <ele>601.0</ele>
        <time>2023-03-17T03:06:25.878Z</time>
      </trkpt>
      <trkpt lat="34.43615198135376" lon="-118.34075689315796">
        <ele>600.0</ele>
        <time>2023-03-17T03:06:48.644Z</time>
      </trkpt>
      <trkpt lat="34.436988830566406" lon="-118.3402419090271">
        <ele>600.0</ele>
        <time>2023-03-17T03:07:11.441Z</time>
      </trkpt>
      <trkpt lat="34.43733215332031" lon="-118.33994150161743">
        <ele>602.0</ele>
        <time>2023-03-17T03:07:34.252Z</time>
      </trkpt>
      <trkpt lat="34.43763256072998" lon="-118.33953380584717">
        <ele>606.0</ele>
        <time>2023-03-17T03:07:57.078Z</time>
      </trkpt>
      <trkpt lat="34.437804222106934" lon="-118.33906173706055">
        <ele>602.0</ele>
        <time>2023-03-17T03:08:19.919Z</time>
      </trkpt>
      <trkpt lat="34.4381046295166" lon="-118.33813905715942">
        <ele>599.0</ele>
        <time>2023-03-17T03:08:42.787Z</time>
      </trkpt>
      <trkpt lat="34.43819046020508" lon="-118.33762407302856">
        <ele>599.0</ele>
        <time>2023-03-17T03:09:05.669Z</time>
      </trkpt>
      <trkpt lat="34.43816900253296" lon="-118.33706617355347">
        <ele>601.0</ele>
        <time>2023-03-17T03:09:28.567Z</time>
      </trkpt>
      <trkpt lat="34.43810471333563" lon="-118.33674430847168">
        <ele>601.0</ele>
        <time>2023-03-17T03:09:51.474Z</time>
      </trkpt>
      <trkpt lat="34.43789013661444" lon="-118.3362078666687">
        <ele>597.0</ele>
        <time>2023-03-17T03:10:14.397Z</time>
      </trkpt>
      <trkpt lat="34.4376540184021" lon="-118.33580017089844">
        <ele>598.0</ele>
        <time>2023-03-17T03:10:37.334Z</time>
      </trkpt>
      <trkpt lat="34.437568271532655" lon="-118.33560705184937">
        <ele>597.0</ele>
        <time>2023-03-17T03:11:00.277Z</time>
      </trkpt>
      <trkpt lat="34.437031829729676" lon="-118.33457708358765">
        <ele>591.0</ele>
        <time>2023-03-17T03:11:23.254Z</time>
      </trkpt>
      <trkpt lat="34.436581218615174" lon="-118.3336329460144">
        <ele>592.0</ele>
        <time>2023-03-17T03:11:46.261Z</time>
      </trkpt>
      <trkpt lat="34.436538219451904" lon="-118.33331108093262">
        <ele>595.0</ele>
        <time>2023-03-17T03:12:09.277Z</time>
      </trkpt>
      <trkpt lat="34.43662405014038" lon="-118.33298921585083">
        <ele>598.0</ele>
        <time>2023-03-17T03:12:32.302Z</time>
      </trkpt>
      <trkpt lat="34.437289237976074" lon="-118.33163738250732">
        <ele>600.0</ele>
        <time>2023-03-17T03:12:55.370Z</time>
      </trkpt>
      <trkpt lat="34.43739652633667" lon="-118.33118677139282">
        <ele>598.0</ele>
        <time>2023-03-17T03:13:18.451Z</time>
      </trkpt>
      <trkpt lat="34.43739652633667" lon="-118.3308219909668">
        <ele>598.0</ele>
        <time>2023-03-17T03:13:41.542Z</time>
      </trkpt>
      <trkpt lat="34.437267780303955" lon="-118.32979202270508">
        <ele>594.0</ele>
        <time>2023-03-17T03:14:04.662Z</time>
      </trkpt>
      <trkpt lat="34.43737506866455" lon="-118.32893371582031">
        <ele>594.0</ele>
        <time>2023-03-17T03:14:27.806Z</time>
      </trkpt>
      <trkpt lat="34.438490867614746" lon="-118.32539319992065">
        <ele>599.0</ele>
        <time>2023-03-17T03:14:51.054Z</time>
      </trkpt>
      <trkpt lat="34.43861961364746" lon="-118.32485675811768">
        <ele>606.0</ele>
        <time>2023-03-17T03:15:14.318Z</time>
      </trkpt>
      <trkpt lat="34.43864107131958" lon="-118.32449197769165">
        <ele>609.0</ele>
        <time>2023-03-17T03:15:37.592Z</time>
      </trkpt>
      <trkpt lat="34.43857669830322" lon="-118.32399845123291">
        <ele>613.0</ele>
        <time>2023-03-17T03:16:00.880Z</time>
      </trkpt>
      <trkpt lat="34.43836212158203" lon="-118.32352638244629">
        <ele>615.0</ele>
        <time>2023-03-17T03:16:24.183Z</time>
      </trkpt>
      <trkpt lat="34.43823345936835" lon="-118.32333326339722">
        <ele>618.0</ele>
        <time>2023-03-17T03:16:47.492Z</time>
      </trkpt>
      <trkpt lat="34.43793296813965" lon="-118.32307577133179">
        <ele>621.0</ele>
        <time>2023-03-17T03:17:10.814Z</time>
      </trkpt>
      <trkpt lat="34.43713903427124" lon="-118.32277536392212">
        <ele>617.0</ele>
        <time>2023-03-17T03:17:34.163Z</time>
      </trkpt>
      <trkpt lat="34.436988830566406" lon="-118.32266807556152">
        <ele>616.0</ele>
        <time>2023-03-17T03:17:57.518Z</time>
      </trkpt>
      <trkpt lat="34.436752796173096" lon="-118.32236766815186">
        <ele>613.0</ele>
        <time>2023-03-17T03:18:20.885Z</time>
      </trkpt>
      <trkpt lat="34.43660259246826" lon="-118.32204580307007">
        <ele>611.0</ele>
        <time>2023-03-17T03:18:44.262Z</time>
      </trkpt>
      <trkpt lat="34.43647384643555" lon="-118.32144498825073">
        <ele>612.0</ele>
        <time>2023-03-17T03:19:07.656Z</time>
      </trkpt>
      <trkpt lat="34.43640947341919" lon="-118.32093000411987">
        <ele>610.0</ele>
        <time>2023-03-17T03:19:31.064Z</time>
      </trkpt>
      <trkpt lat="34.43640955723822" lon="-118.3202862739563">
        <ele>606.0</ele>
        <time>2023-03-17T03:19:54.490Z</time>
      </trkpt>
      <trkpt lat="34.43647384643555" lon="-118.32000732421875">
        <ele>606.0</ele>
        <time>2023-03-17T03:20:17.924Z</time>
      </trkpt>
      <trkpt lat="34.43666704930365" lon="-118.31953525543213">
        <ele>607.0</ele>
        <time>2023-03-17T03:20:41.372Z</time>
      </trkpt>
      <trkpt lat="34.43711766041815" lon="-118.3187198638916">
        <ele>608.0</ele>
        <time>2023-03-17T03:21:04.847Z</time>
      </trkpt>
      <trkpt lat="34.43786859512329" lon="-118.31728219985962">
        <ele>616.0</ele>
        <time>2023-03-17T03:21:28.369Z</time>
      </trkpt>
      <trkpt lat="34.438018798828125" lon="-118.31687450408936">
        <ele>619.0</ele>
        <time>2023-03-17T03:21:51.904Z</time>
      </trkpt>
      <trkpt lat="34.43808317184448" lon="-118.31640243530273">
        <ele>618.0</ele>
        <time>2023-03-17T03:22:15.452Z</time>
      </trkpt>
      <trkpt lat="34.438018798828125" lon="-118.3155870437622">
        <ele>617.0</ele>
        <time>2023-03-17T03:22:39.022Z</time>
      </trkpt>
      <trkpt lat="34.43806171417236" lon="-118.31517934799194">
        <ele>616.0</ele>
        <time>2023-03-17T03:23:02.604Z</time>
      </trkpt>
      <trkpt lat="34.438233375549316" lon="-118.31449270248413">
        <ele>620.0</ele>
        <time>2023-03-17T03:23:26.206Z</time>
      </trkpt>
      <trkpt lat="34.43864107131958" lon="-118.31329107284546">
        <ele>623.0</ele>
        <time>2023-03-17T03:23:49.843Z</time>
      </trkpt>
      <trkpt lat="34.43889856338501" lon="-118.31284046173096">
        <ele>623.0</ele>
        <time>2023-03-17T03:24:13.495Z</time>
      </trkpt>
      <trkpt lat="34.43982124328613" lon="-118.31163883209229">
        <ele>622.0</ele>
        <time>2023-03-17T03:24:37.193Z</time>
      </trkpt>
      <trkpt lat="34.4401216506958" lon="-118.31108093261719">
        <ele>621.0</ele>
        <time>2023-03-17T03:25:00.909Z</time>
      </trkpt>
      <trkpt lat="34.44031476974487" lon="-118.31050157546997">
        <ele>623.0</ele>
        <time>2023-03-17T03:25:24.642Z</time>
      </trkpt>
      <trkpt lat="34.44065809249878" lon="-118.30844163894653">
        <ele>623.0</ele>
        <time>2023-03-17T03:25:48.433Z</time>
      </trkpt>
      <trkpt lat="34.44070100784302" lon="-118.30796957015991">
        <ele>625.0</ele>
        <time>2023-03-17T03:26:12.237Z</time>
      </trkpt>
      <trkpt lat="34.44059371948242" lon="-118.30719709396362">
        <ele>625.0</ele>
        <time>2023-03-17T03:26:36.063Z</time>
      </trkpt>
      <trkpt lat="34.440314853563905" lon="-118.30655336380005">
        <ele>624.0</ele>
        <time>2023-03-17T03:26:59.909Z</time>
      </trkpt>
      <trkpt lat="34.43971403874457" lon="-118.30541610717773">
        <ele>630.0</ele>
        <time>2023-03-17T03:27:23.792Z</time>
      </trkpt>
      <trkpt lat="34.43930625915527" lon="-118.3047080039978">
        <ele>634.0</ele>
        <time>2023-03-17T03:27:47.699Z</time>
      </trkpt>
      <trkpt lat="34.43840503692627" lon="-118.30393552780151">
        <ele>634.0</ele>
        <time>2023-03-17T03:28:11.643Z</time>
      </trkpt>
      <trkpt lat="34.43795442581177" lon="-118.3033561706543">
        <ele>633.0</ele>
        <time>2023-03-17T03:28:35.608Z</time>
      </trkpt>
      <trkpt lat="34.43769693374634" lon="-118.30284118652344">
        <ele>634.0</ele>
        <time>2023-03-17T03:28:59.590Z</time>
      </trkpt>
      <trkpt lat="34.43748235702515" lon="-118.30221891403198">
        <ele>634.0</ele>
        <time>2023-03-17T03:29:23.591Z</time>
      </trkpt>
      <trkpt lat="34.43743944168091" lon="-118.30193996429443">
        <ele>635.0</ele>
        <time>2023-03-17T03:29:47.599Z</time>
      </trkpt>
      <trkpt lat="34.43739652633667" lon="-118.30129623413086">
        <ele>637.0</ele>
        <time>2023-03-17T03:30:11.625Z</time>
      </trkpt>
      <trkpt lat="34.437525272369385" lon="-118.30041646957397">
        <ele>639.0</ele>
        <time>2023-03-17T03:30:35.676Z</time>
      </trkpt>
      <trkpt lat="34.437782764434814" lon="-118.29970836639404">
        <ele>640.0</ele>
        <time>2023-03-17T03:30:59.748Z</time>
      </trkpt>
      <trkpt lat="34.438018798828125" lon="-118.29930067062378">
        <ele>641.0</ele>
        <time>2023-03-17T03:31:23.834Z</time>
      </trkpt>
      <trkpt lat="34.43973549641669" lon="-118.29702615737915">
        <ele>654.0</ele>
        <time>2023-03-17T03:31:48.005Z</time>
      </trkpt>
      <trkpt lat="34.440035820007324" lon="-118.29644680023193">
        <ele>657.0</ele>
        <time>2023-03-17T03:32:12.195Z</time>
      </trkpt>
      <trkpt lat="34.4401216506958" lon="-118.29608201980591">
        <ele>650.0</ele>
        <time>2023-03-17T03:32:36.395Z</time>
      </trkpt>
      <trkpt lat="34.44014319218695" lon="-118.29569578170776">
        <ele>645.0</ele>
        <time>2023-03-17T03:33:00.606Z</time>
      </trkpt>
      <trkpt lat="34.43971403874457" lon="-118.29294919967651">
        <ele>646.0</ele>
        <time>2023-03-17T03:33:24.894Z</time>
      </trkpt>
      <trkpt lat="34.4395209196955" lon="-118.29217672348022">
        <ele>646.0</ele>
        <time>2023-03-17T03:33:49.204Z</time>
      </trkpt>
      <trkpt lat="34.4385552406311" lon="-118.29037427902222">
        <ele>654.0</ele>
        <time>2023-03-17T03:34:13.573Z</time>
      </trkpt>
      <trkpt lat="34.43840503692627" lon="-118.28998804092407">
        <ele>656.0</ele>
        <time>2023-03-17T03:34:37.954Z</time>
      </trkpt>
      <trkpt lat="34.43831920623779" lon="-118.28964471817017">
        <ele>657.0</ele>
        <time>2023-03-17T03:35:02.345Z</time>
      </trkpt>
      <trkpt lat="34.438297748565674" lon="-118.28908681869507">
        <ele>656.0</ele>
        <time>2023-03-17T03:35:26.751Z</time>
      </trkpt>
      <trkpt lat="34.43836212158203" lon="-118.28852891921997">
        <ele>657.0</ele>
        <time>2023-03-17T03:35:51.173Z</time>
      </trkpt>
      <trkpt lat="34.43846940994263" lon="-118.28818559646606">
        <ele>659.0</ele>
        <time>2023-03-17T03:36:15.605Z</time>
      </trkpt>
      <trkpt lat="34.43900593556464" lon="-118.28715562820435">
        <ele>661.0</ele>
        <time>2023-03-17T03:36:40.070Z</time>
      </trkpt>
      <trkpt lat="34.43913459777832" lon="-118.28674793243408">
        <ele>663.0</ele>
        <time>2023-03-17T03:37:04.548Z</time>
      </trkpt>
      <trkpt lat="34.43919897079468" lon="-118.2862114906311">
        <ele>663.0</ele>
        <time>2023-03-17T03:37:29.040Z</time>
      </trkpt>
      <trkpt lat="34.43928446620703" lon="-118.28459554351866">
        <ele>657.0</ele>
        <time>2023-03-17T03:37:53.577Z</time>
      </trkpt>
      <trkpt lat="34.43936325609684" lon="-118.28382382169366">
        <ele>658.0</ele>
        <time>2023-03-17T03:38:18.136Z</time>
      </trkpt>
      <trkpt lat="34.43944280035794" lon="-118.28280441462994">
        <ele>660.0</ele>
        <time>2023-03-17T03:38:42.723Z</time>
      </trkpt>
      <trkpt lat="34.43937649950385" lon="-118.28238054178655">
        <ele>665.0</ele>
        <time>2023-03-17T03:39:07.322Z</time>
      </trkpt>
      <trkpt lat="34.438974084332585" lon="-118.28044909983873">
        <ele>666.0</ele>
        <time>2023-03-17T03:39:31.976Z</time>
      </trkpt>
      <trkpt lat="34.43869546987116" lon="-118.27925794757903">
        <ele>665.0</ele>
        <time>2023-03-17T03:39:56.664Z</time>
      </trkpt>
      <trkpt lat="34.438536297529936" lon="-118.27896826900542">
        <ele>665.0</ele>
        <time>2023-03-17T03:40:21.361Z</time>
      </trkpt>
      <trkpt lat="34.43834166973829" lon="-118.27867314219475">
        <ele>665.0</ele>
        <time>2023-03-17T03:40:46.069Z</time>
      </trkpt>
      <trkpt lat="34.43762090988457" lon="-118.27768055722117">
        <ele>670.0</ele>
        <time>2023-03-17T03:41:10.813Z</time>
      </trkpt>
      <trkpt lat="34.43745285272598" lon="-118.27732114121318">
        <ele>669.0</ele>
        <time>2023-03-17T03:41:35.568Z</time>
      </trkpt>
      <trkpt lat="34.437382109463215" lon="-118.27706356532872">
        <ele>668.0</ele>
        <time>2023-03-17T03:42:00.331Z</time>
      </trkpt>
      <trkpt lat="34.43732905201614" lon="-118.27675779350102">
        <ele>668.0</ele>
        <time>2023-03-17T03:42:25.103Z</time>
      </trkpt>
      <trkpt lat="34.437293680384755" lon="-118.27636610716581">
        <ele>669.0</ele>
        <time>2023-03-17T03:42:49.885Z</time>
      </trkpt>
      <trkpt lat="34.43745285272598" lon="-118.27468142844737">
        <ele>668.0</ele>
        <time>2023-03-17T03:43:14.714Z</time>
      </trkpt>
      <trkpt lat="34.437474980950356" lon="-118.27422000467777">
        <ele>669.0</ele>
        <time>2023-03-17T03:43:39.556Z</time>
      </trkpt>
      <trkpt lat="34.43753683939576" lon="-118.27354400418699">
        <ele>673.0</ele>
        <time>2023-03-17T03:44:04.417Z</time>
      </trkpt>
      <trkpt lat="34.43756894208491" lon="-118.27232393436134">
        <ele>682.0</ele>
        <time>2023-03-17T03:44:29.311Z</time>
      </trkpt>
      <trkpt lat="34.43752468563616" lon="-118.2718732394278">
        <ele>682.0</ele>
        <time>2023-03-17T03:44:54.218Z</time>
      </trkpt>
      <trkpt lat="34.437374314293265" lon="-118.27137962915003">
        <ele>683.0</ele>
        <time>2023-03-17T03:45:19.139Z</time>
      </trkpt>
      <trkpt lat="34.437277084216475" lon="-118.27089674770832">
        <ele>684.0</ele>
        <time>2023-03-17T03:45:44.074Z</time>
      </trkpt>
      <trkpt lat="34.437445141375065" lon="-118.26928717084229">
        <ele>683.0</ele>
        <time>2023-03-17T03:46:09.054Z</time>
      </trkpt>
      <trkpt lat="34.437445141375065" lon="-118.26821411959827">
        <ele>681.0</ele>
        <time>2023-03-17T03:46:34.063Z</time>
      </trkpt>
      <trkpt lat="34.43756005726755" lon="-118.26684066094458">
        <ele>688.0</ele>
        <time>2023-03-17T03:46:59.110Z</time>
      </trkpt>
      <trkpt lat="34.43760431371629" lon="-118.26530618593097">
        <ele>691.0</ele>
        <time>2023-03-17T03:47:24.200Z</time>
      </trkpt>
      <trkpt lat="34.43764857016504" lon="-118.264597998932">
        <ele>691.0</ele>
        <time>2023-03-17T03:47:49.309Z</time>
      </trkpt>
      <trkpt lat="34.43812608718872" lon="-118.26266647316515">
        <ele>690.0</ele>
        <time>2023-03-17T03:48:14.474Z</time>
      </trkpt>
      <trkpt lat="34.438249971717596" lon="-118.26158269308507">
        <ele>688.0</ele>
        <time>2023-03-17T03:48:39.669Z</time>
      </trkpt>
      <trkpt lat="34.438329515978694" lon="-118.26065992936492">
        <ele>688.0</ele>
        <time>2023-03-17T03:49:04.890Z</time>
      </trkpt>
      <trkpt lat="34.438320212066174" lon="-118.26014561578631">
        <ele>689.0</ele>
        <time>2023-03-17T03:49:30.125Z</time>
      </trkpt>
      <trkpt lat="34.43812558427453" lon="-118.25909402221441">
        <ele>691.0</ele>
        <time>2023-03-17T03:49:55.390Z</time>
      </trkpt>
      <trkpt lat="34.43794872611761" lon="-118.25789214111865">
        <ele>693.0</ele>
        <time>2023-03-17T03:50:20.688Z</time>
      </trkpt>
      <trkpt lat="34.43786029703915" lon="-118.25713030993938">
        <ele>695.0</ele>
        <time>2023-03-17T03:50:46.007Z</time>
      </trkpt>
      <trkpt lat="34.4378337264061" lon="-118.25667961500585">
        <ele>696.0</ele>
        <time>2023-03-17T03:51:11.339Z</time>
      </trkpt>
      <trkpt lat="34.43794872611761" lon="-118.2561001740396">
        <ele>699.0</ele>
        <time>2023-03-17T03:51:36.687Z</time>
      </trkpt>
      <trkpt lat="34.438169840723276" lon="-118.2555100042373">
        <ele>702.0</ele>
        <time>2023-03-17T03:52:02.053Z</time>
      </trkpt>
      <trkpt lat="34.43850587122142" lon="-118.25507003813982">
        <ele>701.0</ele>
        <time>2023-03-17T03:52:27.436Z</time>
      </trkpt>
      <trkpt lat="34.439222272485495" lon="-118.25450132600963">
        <ele>707.0</ele>
        <time>2023-03-17T03:52:52.847Z</time>
      </trkpt>
      <trkpt lat="34.43967338651419" lon="-118.2538896985352">
        <ele>709.0</ele>
        <time>2023-03-17T03:53:18.281Z</time>
      </trkpt>
      <trkpt lat="34.43976181559265" lon="-118.25350337661803">
        <ele>708.0</ele>
        <time>2023-03-17T03:53:43.726Z</time>
      </trkpt>
      <trkpt lat="34.43972644396126" lon="-118.2529453933239">
        <ele>707.0</ele>
        <time>2023-03-17T03:54:09.186Z</time>
      </trkpt>
      <trkpt lat="34.43954950198531" lon="-118.25244105421007">
        <ele>707.0</ele>
        <time>2023-03-17T03:54:34.661Z</time>
      </trkpt>
      <trkpt lat="34.43919578567147" lon="-118.25121779926121">
        <ele>707.0</ele>
        <time>2023-03-17T03:55:00.172Z</time>
      </trkpt>
      <trkpt lat="34.438965786248446" lon="-118.25075637549162">
        <ele>707.0</ele>
        <time>2023-03-17T03:55:25.698Z</time>
      </trkpt>
      <trkpt lat="34.43848818540573" lon="-118.25008037500083">
        <ele>710.0</ele>
        <time>2023-03-17T03:55:51.248Z</time>
      </trkpt>
      <trkpt lat="34.4383636303246" lon="-118.24975121766329">
        <ele>710.0</ele>
        <time>2023-03-17T03:56:16.808Z</time>
      </trkpt>
      <trkpt lat="34.438306130468845" lon="-118.24941862374544">
        <ele>708.0</ele>
        <time>2023-03-17T03:56:42.378Z</time>
      </trkpt>
      <trkpt lat="34.438310572877526" lon="-118.24906985275447">
        <ele>706.0</ele>
        <time>2023-03-17T03:57:07.957Z</time>
      </trkpt>
      <trkpt lat="34.438381316140294" lon="-118.24868889525533">
        <ele>708.0</ele>
        <time>2023-03-17T03:57:33.547Z</time>
      </trkpt>
      <trkpt lat="34.43861567415297" lon="-118.24764266610146">
        <ele>722.0</ele>
        <time>2023-03-17T03:57:59.167Z</time>
      </trkpt>
      <trkpt lat="34.43863780237734" lon="-118.24734225869179">
        <ele>732.0</ele>
        <time>2023-03-17T03:58:24.795Z</time>
      </trkpt>
      <trkpt lat="34.43861567415297" lon="-118.24704713188112">
        <ele>740.0</ele>
        <time>2023-03-17T03:58:50.432Z</time>
      </trkpt>
      <trkpt lat="34.438407802954316" lon="-118.2461136393249">
        <ele>739.0</ele>
        <time>2023-03-17T03:59:16.095Z</time>
      </trkpt>
      <trkpt lat="34.438394559547305" lon="-118.24579705484211">
        <ele>738.0</ele>
        <time>2023-03-17T03:59:41.767Z</time>
      </trkpt>
      <trkpt lat="34.438452729955316" lon="-118.24511158280075">
        <ele>737.0</ele>
        <time>2023-03-17T04:00:07.458Z</time>
      </trkpt>
      <trkpt lat="34.4392204284668" lon="-118.24183702468872">
        <ele>735.0</ele>
        <time>2023-03-17T04:00:33.243Z</time>
      </trkpt>
      <trkpt lat="34.43930625915527" lon="-118.24093580245972">
        <ele>737.0</ele>
        <time>2023-03-17T04:00:59.053Z</time>
      </trkpt>
      <trkpt lat="34.43919897079468" lon="-118.24003458023071">
        <ele>748.0</ele>
        <time>2023-03-17T04:01:24.888Z</time>
      </trkpt>
      <trkpt lat="34.43887718953192" lon="-118.23902606964111">
        <ele>746.0</ele>
        <time>2023-03-17T04:01:50.753Z</time>
      </trkpt>
      <trkpt lat="34.438791358843446" lon="-118.23885440826416">
        <ele>742.0</ele>
        <time>2023-03-17T04:02:16.623Z</time>
      </trkpt>
      <trkpt lat="34.438177635893226" lon="-118.23784497566521">
        <ele>746.0</ele>
        <time>2023-03-17T04:02:42.528Z</time>
      </trkpt>
      <trkpt lat="34.43875188007951" lon="-118.2387657277286">
        <ele>741.0</ele>
        <time>2023-03-17T04:03:08.464Z</time>
      </trkpt>
      <trkpt lat="34.43874257616699" lon="-118.23877436108887">
        <ele>741.0</ele>
        <time>2023-03-17T04:03:34.401Z</time>
      </trkpt>
      <trkpt lat="34.43812608718872" lon="-118.23776006698608">
        <ele>747.0</ele>
        <time>2023-03-17T04:04:00.373Z</time>
      </trkpt>
      <trkpt lat="34.43782567977905" lon="-118.23711633682251">
        <ele>745.0</ele>
        <time>2023-03-17T04:04:26.365Z</time>
      </trkpt>
      <trkpt lat="34.43769693374634" lon="-118.23655843734741">
        <ele>742.0</ele>
        <time>2023-03-17T04:04:52.373Z</time>
      </trkpt>
      <trkpt lat="34.43767547607422" lon="-118.2337474822998">
        <ele>745.0</ele>
        <time>2023-03-17T04:05:18.458Z</time>
      </trkpt>
      <trkpt lat="34.43769693374634" lon="-118.23102235794067">
        <ele>752.0</ele>
        <time>2023-03-17T04:05:44.619Z</time>
      </trkpt>
      <trkpt lat="34.437761306762695" lon="-118.23050737380981">
        <ele>753.0</ele>
        <time>2023-03-17T04:06:10.794Z</time>
      </trkpt>
      <trkpt lat="34.439005851745605" lon="-118.22655916213989">
        <ele>764.0</ele>
        <time>2023-03-17T04:06:37.085Z</time>
      </trkpt>
      <trkpt lat="34.43913459777832" lon="-118.22557210922241">
        <ele>771.0</ele>
        <time>2023-03-17T04:07:03.404Z</time>
      </trkpt>
      <trkpt lat="34.43909168243408" lon="-118.22411298751831">
        <ele>766.0</ele>
        <time>2023-03-17T04:07:29.763Z</time>
      </trkpt>
      <trkpt lat="34.439048767089844" lon="-118.22359800338745">
        <ele>765.0</ele>
        <time>2023-03-17T04:07:56.136Z</time>
      </trkpt>
      <trkpt lat="34.43889864720404" lon="-118.2228684425354">
        <ele>766.0</ele>
        <time>2023-03-17T04:08:22.530Z</time>
      </trkpt>
      <trkpt lat="34.438834274187684" lon="-118.22267532348633">
        <ele>766.0</ele>
        <time>2023-03-17T04:08:48.930Z</time>
      </trkpt>
      <trkpt lat="34.43846940994263" lon="-118.22110891342163">
        <ele>778.0</ele>
        <time>2023-03-17T04:09:15.375Z</time>
      </trkpt>
      <trkpt lat="34.43842649459839" lon="-118.22055101394653">
        <ele>778.0</ele>
        <time>2023-03-17T04:09:41.835Z</time>
      </trkpt>
      <trkpt lat="34.43849095143378" lon="-118.21967124938965">
        <ele>777.0</ele>
        <time>2023-03-17T04:10:08.320Z</time>
      </trkpt>
      <trkpt lat="34.438555324450135" lon="-118.21930646896362">
        <ele>777.0</ele>
        <time>2023-03-17T04:10:34.815Z</time>
      </trkpt>
      <trkpt lat="34.43859815597534" lon="-118.2189416885376">
        <ele>777.0</ele>
        <time>2023-03-17T04:11:01.320Z</time>
      </trkpt>
      <trkpt lat="34.438791275024414" lon="-118.2183837890625">
        <ele>777.0</ele>
        <time>2023-03-17T04:11:27.842Z</time>
      </trkpt>
      <trkpt lat="34.439027309417725" lon="-118.21780443191528">
        <ele>775.0</ele>
        <time>2023-03-17T04:11:54.382Z</time>
      </trkpt>
      <trkpt lat="34.43941354751587" lon="-118.21716070175171">
        <ele>775.0</ele>
        <time>2023-03-17T04:12:20.943Z</time>
      </trkpt>
      <trkpt lat="34.440014362335205" lon="-118.21649551391602">
        <ele>779.0</ele>
        <time>2023-03-17T04:12:47.532Z</time>
      </trkpt>
      <trkpt lat="34.44037914276123" lon="-118.21619510650635">
        <ele>776.0</ele>
        <time>2023-03-17T04:13:14.135Z</time>
      </trkpt>
      <trkpt lat="34.44093704223633" lon="-118.21587324142456">
        <ele>777.0</ele>
        <time>2023-03-17T04:13:40.759Z</time>
      </trkpt>
      <trkpt lat="34.44243907928467" lon="-118.21522951126099">
        <ele>780.0</ele>
        <time>2023-03-17T04:14:07.436Z</time>
      </trkpt>
      <trkpt lat="34.44518566131592" lon="-118.21417808532715">
        <ele>807.0</ele>
        <time>2023-03-17T04:14:34.209Z</time>
      </trkpt>
      <trkpt lat="34.446280002593994" lon="-118.21368455886841">
        <ele>813.0</ele>
        <time>2023-03-17T04:15:01.021Z</time>
      </trkpt>
      <trkpt lat="34.4470739364624" lon="-118.21310520172119">
        <ele>813.0</ele>
        <time>2023-03-17T04:15:27.864Z</time>
      </trkpt>
      <trkpt lat="34.44758892059326" lon="-118.21239709854126">
        <ele>813.0</ele>
        <time>2023-03-17T04:15:54.733Z</time>
      </trkpt>
      <trkpt lat="34.44780349731445" lon="-118.21205377578735">
        <ele>819.0</ele>
        <time>2023-03-17T04:16:21.613Z</time>
      </trkpt>
      <trkpt lat="34.44810390472412" lon="-118.21113109588623">
        <ele>832.0</ele>
        <time>2023-03-17T04:16:48.521Z</time>
      </trkpt>
      <trkpt lat="34.448232650756836" lon="-118.21014404296875">
        <ele>837.0</ele>
        <time>2023-03-17T04:17:15.456Z</time>
      </trkpt>
      <trkpt lat="34.44814682006836" lon="-118.20855617523193">
        <ele>827.0</ele>
        <time>2023-03-17T04:17:42.435Z</time>
      </trkpt>
      <trkpt lat="34.44816827774048" lon="-118.20821285247803">
        <ele>828.0</ele>
        <time>2023-03-17T04:18:09.424Z</time>
      </trkpt>
      <trkpt lat="34.44836139678955" lon="-118.20754766464233">
        <ele>829.0</ele>
        <time>2023-03-17T04:18:36.432Z</time>
      </trkpt>
      <trkpt lat="34.44861888885498" lon="-118.2070541381836">
        <ele>828.0</ele>
        <time>2023-03-17T04:19:03.456Z</time>
      </trkpt>
      <trkpt lat="34.4506573677063" lon="-118.20413589477539">
        <ele>812.0</ele>
        <time>2023-03-17T04:19:30.585Z</time>
      </trkpt>
      <trkpt lat="34.45284605026245" lon="-118.20218324661255">
        <ele>813.0</ele>
        <time>2023-03-17T04:19:57.805Z</time>
      </trkpt>
      <trkpt lat="34.4561505317688" lon="-118.19907188415527">
        <ele>843.0</ele>
        <time>2023-03-17T04:20:25.164Z</time>
      </trkpt>
      <trkpt lat="34.4566011428833" lon="-118.19875001907349">
        <ele>843.0</ele>
        <time>2023-03-17T04:20:52.541Z</time>
      </trkpt>
      <trkpt lat="34.457008838653564" lon="-118.1985354423523">
        <ele>844.0</ele>
        <time>2023-03-17T04:21:19.933Z</time>
      </trkpt>
      <trkpt lat="34.45758819580078" lon="-118.1983208656311">
        <ele>842.0</ele>
        <time>2023-03-17T04:21:47.345Z</time>
      </trkpt>
      <trkpt lat="34.459261978045106" lon="-118.19810628890991">
        <ele>825.0</ele>
        <time>2023-03-17T04:22:14.813Z</time>
      </trkpt>
      <trkpt lat="34.461236000061035" lon="-118.19780588150024">
        <ele>820.0</ele>
        <time>2023-03-17T04:22:42.347Z</time>
      </trkpt>
      <trkpt lat="34.46492671966553" lon="-118.19729089736938">
        <ele>825.0</ele>
        <time>2023-03-17T04:23:10.005Z</time>
      </trkpt>
      <trkpt lat="34.46565636433661" lon="-118.19711923599243">
        <ele>824.0</ele>
        <time>2023-03-17T04:23:37.687Z</time>
      </trkpt>
      <trkpt lat="34.4658709410578" lon="-118.19703340530396">
        <ele>824.0</ele>
        <time>2023-03-17T04:24:05.377Z</time>
      </trkpt>
      <trkpt lat="34.46717985905707" lon="-118.19598197937012">
        <ele>824.0</ele>
        <time>2023-03-17T04:24:33.119Z</time>
      </trkpt>
      <trkpt lat="34.46814545430243" lon="-118.195059299469">
        <ele>825.0</ele>
        <time>2023-03-17T04:25:00.902Z</time>
      </trkpt>
      <trkpt lat="34.468982219696045" lon="-118.19390058517456">
        <ele>828.0</ele>
        <time>2023-03-17T04:25:28.728Z</time>
      </trkpt>
      <trkpt lat="34.46984061039984" lon="-118.19261312484741">
        <ele>829.0</ele>
        <time>2023-03-17T04:25:56.599Z</time>
      </trkpt>
      <trkpt lat="34.47041988372803" lon="-118.19169044494629">
        <ele>830.0</ele>
        <time>2023-03-17T04:26:24.502Z</time>
      </trkpt>
      <trkpt lat="34.47091341018677" lon="-118.19070339202881">
        <ele>830.0</ele>
        <time>2023-03-17T04:26:52.437Z</time>
      </trkpt>
      <trkpt lat="34.471256732940674" lon="-118.18975925445557">
        <ele>830.0</ele>
        <time>2023-03-17T04:27:20.400Z</time>
      </trkpt>
      <trkpt lat="34.47172888554633" lon="-118.18748474121094">
        <ele>837.0</ele>
        <time>2023-03-17T04:27:48.428Z</time>
      </trkpt>
      <trkpt lat="34.47222241200507" lon="-118.18495273590088">
        <ele>844.0</ele>
        <time>2023-03-17T04:28:16.528Z</time>
      </trkpt>
      <trkpt lat="34.47230824269354" lon="-118.18422317504883">
        <ele>845.0</ele>
        <time>2023-03-17T04:28:44.648Z</time>
      </trkpt>
      <trkpt lat="34.47230815887451" lon="-118.1834077835083">
        <ele>845.0</ele>
        <time>2023-03-17T04:29:12.790Z</time>
      </trkpt>
      <trkpt lat="34.472243869677186" lon="-118.18269968032837">
        <ele>846.0</ele>
        <time>2023-03-17T04:29:40.952Z</time>
      </trkpt>
      <trkpt lat="34.471986377611756" lon="-118.18053245544434">
        <ele>850.0</ele>
        <time>2023-03-17T04:30:09.174Z</time>
      </trkpt>
      <trkpt lat="34.47157859802246" lon="-118.17731380462646">
        <ele>866.0</ele>
        <time>2023-03-17T04:30:37.486Z</time>
      </trkpt>
      <trkpt lat="34.47157859802246" lon="-118.17643404006958">
        <ele>867.0</ele>
        <time>2023-03-17T04:31:05.822Z</time>
      </trkpt>
      <trkpt lat="34.471750259399414" lon="-118.17572593688965">
        <ele>869.0</ele>
        <time>2023-03-17T04:31:34.179Z</time>
      </trkpt>
      <trkpt lat="34.4717510137707" lon="-118.17572375759482">
        <ele>869.0</ele>
        <time>2023-03-17T04:32:02.536Z</time>
      </trkpt>
      <trkpt lat="34.47175109758973" lon="-118.17572375759482">
        <ele>869.0</ele>
        <time>2023-03-17T04:32:30.893Z</time>
      </trkpt>
      <trkpt lat="34.47175118140876" lon="-118.17572384141386">
        <ele>869.0</ele>
        <time>2023-03-17T04:32:59.250Z</time>
      </trkpt>
      <trkpt lat="34.47202920913696" lon="-118.17506074905396">
        <ele>867.0</ele>
        <time>2023-03-17T04:33:27.627Z</time>
      </trkpt>
      <trkpt lat="34.47235107421875" lon="-118.17461013793945">
        <ele>863.0</ele>
        <time>2023-03-17T04:33:56.021Z</time>
      </trkpt>
      <trkpt lat="34.47327375411987" lon="-118.17360162734985">
        <ele>863.0</ele>
        <time>2023-03-17T04:34:24.456Z</time>
      </trkpt>
      <trkpt lat="34.47411068715155" lon="-118.17282915115356">
        <ele>859.0</ele>
        <time>2023-03-17T04:34:52.926Z</time>
      </trkpt>
      <trkpt lat="34.47411060333252" lon="-118.17282915115356">
        <ele>859.0</ele>
        <time>2023-03-17T04:35:21.396Z</time>
      </trkpt>
      <trkpt lat="34.47561272419989" lon="-118.17121982574463">
        <ele>860.0</ele>
        <time>2023-03-17T04:35:49.933Z</time>
      </trkpt>
      <trkpt lat="34.477479541674256" lon="-118.16931009292603">
        <ele>864.0</ele>
        <time>2023-03-17T04:36:18.551Z</time>
      </trkpt>
      <trkpt lat="34.47945364750922" lon="-118.16725015640259">
        <ele>875.0</ele>
        <time>2023-03-17T04:36:47.256Z</time>
      </trkpt>
      <trkpt lat="34.480183124542236" lon="-118.16634893417358">
        <ele>876.0</ele>
        <time>2023-03-17T04:37:15.996Z</time>
      </trkpt>
      <trkpt lat="34.48050498962402" lon="-118.16572666168213">
        <ele>878.0</ele>
        <time>2023-03-17T04:37:44.756Z</time>
      </trkpt>
      <trkpt lat="34.48069819249213" lon="-118.16521167755127">
        <ele>879.0</ele>
        <time>2023-03-17T04:38:13.532Z</time>
      </trkpt>
      <trkpt lat="34.480784023180604" lon="-118.16488981246948">
        <ele>879.0</ele>
        <time>2023-03-17T04:38:42.317Z</time>
      </trkpt>
      <trkpt lat="34.48093422688544" lon="-118.16407442092896">
        <ele>879.0</ele>
        <time>2023-03-17T04:39:11.125Z</time>
      </trkpt>
      <trkpt lat="34.480977142229676" lon="-118.16295862197876">
        <ele>881.0</ele>
        <time>2023-03-17T04:39:39.964Z</time>
      </trkpt>
      <trkpt lat="34.480977142229676" lon="-118.16287279129028">
        <ele>881.0</ele>
        <time>2023-03-17T04:40:08.805Z</time>
      </trkpt>
      <trkpt lat="34.48093422688544" lon="-118.16061973571777">
        <ele>880.0</ele>
        <time>2023-03-17T04:40:37.708Z</time>
      </trkpt>
      <trkpt lat="34.480934143066406" lon="-118.16061973571777">
        <ele>880.0</ele>
        <time>2023-03-17T04:41:06.611Z</time>
      </trkpt>
      <trkpt lat="34.48091276921332" lon="-118.15845251083374">
        <ele>885.0</ele>
        <time>2023-03-17T04:41:35.574Z</time>
      </trkpt>
      <trkpt lat="34.48091268539429" lon="-118.15845251083374">
        <ele>885.0</ele>
        <time>2023-03-17T04:42:04.537Z</time>
      </trkpt>
      <trkpt lat="34.48084839619696" lon="-118.15394639968872">
        <ele>895.0</ele>
        <time>2023-03-17T04:42:33.624Z</time>
      </trkpt>
      <trkpt lat="34.48084831237793" lon="-118.15394639968872">
        <ele>895.0</ele>
        <time>2023-03-17T04:43:02.711Z</time>
      </trkpt>
      <trkpt lat="34.48082693852484" lon="-118.1524658203125">
        <ele>897.0</ele>
        <time>2023-03-17T04:43:31.839Z</time>
      </trkpt>
      <trkpt lat="34.48082685470581" lon="-118.1524658203125">
        <ele>897.0</ele>
        <time>2023-03-17T04:44:00.967Z</time>
      </trkpt>
      <trkpt lat="34.48082693852484" lon="-118.1518006324768">
        <ele>898.0</ele>
        <time>2023-03-17T04:44:30.113Z</time>
      </trkpt>
      <trkpt lat="34.48080548085272" lon="-118.1508994102478">
        <ele>901.0</ele>
        <time>2023-03-17T04:44:59.284Z</time>
      </trkpt>
      <trkpt lat="34.48082685470581" lon="-118.15016984939575">
        <ele>904.0</ele>
        <time>2023-03-17T04:45:28.475Z</time>
      </trkpt>
      <trkpt lat="34.48093422688544" lon="-118.1495475769043">
        <ele>904.0</ele>
        <time>2023-03-17T04:45:57.684Z</time>
      </trkpt>
      <trkpt lat="34.4811487197876" lon="-118.14890384674072">
        <ele>905.0</ele>
        <time>2023-03-17T04:46:26.912Z</time>
      </trkpt>
      <trkpt lat="34.482243144884706" lon="-118.1468653678894">
        <ele>916.0</ele>
        <time>2023-03-17T04:46:56.207Z</time>
      </trkpt>
      <trkpt lat="34.4824577216059" lon="-118.14643621444702">
        <ele>917.0</ele>
        <time>2023-03-17T04:47:25.516Z</time>
      </trkpt>
      <trkpt lat="34.48284395970404" lon="-118.14572811126709">
        <ele>919.0</ele>
        <time>2023-03-17T04:47:54.848Z</time>
      </trkpt>
      <trkpt lat="34.48284387588501" lon="-118.14572811126709">
        <ele>919.0</ele>
        <time>2023-03-17T04:48:24.180Z</time>
      </trkpt>
      <trkpt lat="34.48284395970404" lon="-118.14570665359497">
        <ele>919.0</ele>
        <time>2023-03-17T04:48:53.513Z</time>
      </trkpt>
      <trkpt lat="34.48284387588501" lon="-118.14570665359497">
        <ele>919.0</ele>
        <time>2023-03-17T04:49:22.846Z</time>
      </trkpt>
      <trkpt lat="34.487435817718506" lon="-118.13714504241943">
        <ele>943.0</ele>
        <time>2023-03-17T04:49:52.460Z</time>
      </trkpt>
      <trkpt lat="34.48782205581665" lon="-118.13675880432129">
        <ele>945.0</ele>
        <time>2023-03-17T04:50:22.091Z</time>
      </trkpt>
      <trkpt lat="34.48803663253784" lon="-118.13669443130493">
        <ele>945.0</ele>
        <time>2023-03-17T04:50:51.729Z</time>
      </trkpt>
      <trkpt lat="34.488229751586914" lon="-118.13669443130493">
        <ele>946.0</ele>
        <time>2023-03-17T04:51:21.373Z</time>
      </trkpt>
      <trkpt lat="34.49082612991333" lon="-118.1310510635376">
        <ele>978.0</ele>
        <time>2023-03-17T04:51:51.195Z</time>
      </trkpt>
      <trkpt lat="34.49106216430664" lon="-118.13023567199707">
        <ele>981.0</ele>
        <time>2023-03-17T04:52:21.041Z</time>
      </trkpt>
      <trkpt lat="34.49138402938843" lon="-118.12864780426025">
        <ele>982.0</ele>
        <time>2023-03-17T04:52:50.932Z</time>
      </trkpt>
      <trkpt lat="34.49155569076538" lon="-118.12815427780151">
        <ele>990.0</ele>
        <time>2023-03-17T04:53:20.838Z</time>
      </trkpt>
      <trkpt lat="34.49179172515869" lon="-118.12776803970337">
        <ele>989.0</ele>
        <time>2023-03-17T04:53:50.757Z</time>
      </trkpt>
      <trkpt lat="34.49226379394531" lon="-118.1271243095398">
        <ele>980.0</ele>
        <time>2023-03-17T04:54:20.700Z</time>
      </trkpt>
      <trkpt lat="34.49434518814087" lon="-118.12467813491821">
        <ele>964.0</ele>
        <time>2023-03-17T04:54:50.739Z</time>
      </trkpt>
      <trkpt lat="34.49503183364868" lon="-118.12403440475464">
        <ele>965.0</ele>
        <time>2023-03-17T04:55:20.807Z</time>
      </trkpt>
      <trkpt lat="34.4960618019104" lon="-118.12291860580444">
        <ele>971.0</ele>
        <time>2023-03-17T04:55:50.921Z</time>
      </trkpt>
      <trkpt lat="34.49805744923651" lon="-118.12100887298584">
        <ele>977.0</ele>
        <time>2023-03-17T04:56:21.120Z</time>
      </trkpt>
      <trkpt lat="34.49805736541748" lon="-118.12100887298584">
        <ele>977.0</ele>
        <time>2023-03-17T04:56:51.319Z</time>
      </trkpt>
      <trkpt lat="34.499924182891846" lon="-118.11927080154419">
        <ele>985.0</ele>
        <time>2023-03-17T04:57:21.597Z</time>
      </trkpt>
      <trkpt lat="34.50005301274359" lon="-118.11914205551147">
        <ele>986.0</ele>
        <time>2023-03-17T04:57:51.880Z</time>
      </trkpt>
      <trkpt lat="34.50073957443237" lon="-118.1183910369873">
        <ele>987.0</ele>
        <time>2023-03-17T04:58:22.194Z</time>
      </trkpt>
      <trkpt lat="34.50142630375922" lon="-118.11774730682373">
        <ele>986.0</ele>
        <time>2023-03-17T04:58:52.537Z</time>
      </trkpt>
      <trkpt lat="34.501447761431336" lon="-118.11772584915161">
        <ele>986.0</ele>
        <time>2023-03-17T04:59:22.881Z</time>
      </trkpt>
      <trkpt lat="34.5051383972168" lon="-118.11433553695679">
        <ele>980.0</ele>
        <time>2023-03-17T04:59:53.379Z</time>
      </trkpt>
      <trkpt lat="34.50651168823242" lon="-118.11319828033447">
        <ele>982.0</ele>
        <time>2023-03-17T05:00:23.932Z</time>
      </trkpt>
      <trkpt lat="34.50882920064032" lon="-118.11139583587646">
        <ele>982.0</ele>
        <time>2023-03-17T05:00:54.577Z</time>
      </trkpt>
      <trkpt lat="34.508979404345155" lon="-118.11126708984375">
        <ele>982.0</ele>
        <time>2023-03-17T05:01:25.228Z</time>
      </trkpt>
      <trkpt lat="34.50923681259155" lon="-118.11107397079468">
        <ele>981.0</ele>
        <time>2023-03-17T05:01:55.889Z</time>
      </trkpt>
      <trkpt lat="34.50951584614813" lon="-118.11085939407349">
        <ele>981.0</ele>
        <time>2023-03-17T05:02:26.561Z</time>
      </trkpt>
      <trkpt lat="34.51063164509833" lon="-118.11004400253296">
        <ele>977.0</ele>
        <time>2023-03-17T05:02:57.277Z</time>
      </trkpt>
      <trkpt lat="34.51091059483588" lon="-118.10985088348389">
        <ele>976.0</ele>
        <time>2023-03-17T05:03:28.004Z</time>
      </trkpt>
      <trkpt lat="34.5112753752619" lon="-118.10959339141846">
        <ele>975.0</ele>
        <time>2023-03-17T05:03:58.745Z</time>
      </trkpt>
      <trkpt lat="34.51131829060614" lon="-118.10955047607422">
        <ele>974.0</ele>
        <time>2023-03-17T05:04:29.487Z</time>
      </trkpt>
      <trkpt lat="34.5122838858515" lon="-118.1088638305664">
        <ele>967.0</ele>
        <time>2023-03-17T05:05:00.267Z</time>
      </trkpt>
      <trkpt lat="34.51292761601508" lon="-118.10834884643555">
        <ele>963.0</ele>
        <time>2023-03-17T05:05:31.072Z</time>
      </trkpt>
      <trkpt lat="34.51389321126044" lon="-118.10764074325562">
        <ele>957.0</ele>
        <time>2023-03-17T05:06:01.915Z</time>
      </trkpt>
      <trkpt lat="34.51436519622803" lon="-118.10727596282959">
        <ele>953.0</ele>
        <time>2023-03-17T05:06:32.777Z</time>
      </trkpt>
      <trkpt lat="34.51481580734253" lon="-118.10686826705933">
        <ele>950.0</ele>
        <time>2023-03-17T05:07:03.657Z</time>
      </trkpt>
      <trkpt lat="34.515416622161865" lon="-118.10607433319092">
        <ele>945.0</ele>
        <time>2023-03-17T05:07:34.567Z</time>
      </trkpt>
      <trkpt lat="34.515931606292725" lon="-118.10508728027344">
        <ele>942.0</ele>
        <time>2023-03-17T05:08:05.509Z</time>
      </trkpt>
      <trkpt lat="34.51726198196411" lon="-118.10214757919312">
        <ele>934.0</ele>
        <time>2023-03-17T05:08:36.543Z</time>
      </trkpt>
      <trkpt lat="34.51771259307861" lon="-118.1014609336853">
        <ele>930.0</ele>
        <time>2023-03-17T05:09:07.602Z</time>
      </trkpt>
      <trkpt lat="34.51824903488159" lon="-118.1009030342102">
        <ele>927.0</ele>
        <time>2023-03-17T05:09:38.684Z</time>
      </trkpt>
      <trkpt lat="34.5219612121582" lon="-118.09749126434326">
        <ele>906.0</ele>
        <time>2023-03-17T05:10:09.921Z</time>
      </trkpt>
      <trkpt lat="34.523484790697694" lon="-118.096182346344">
        <ele>901.0</ele>
        <time>2023-03-17T05:10:41.221Z</time>
      </trkpt>
      <trkpt lat="34.523720825091004" lon="-118.0959677696228">
        <ele>901.0</ele>
        <time>2023-03-17T05:11:12.530Z</time>
      </trkpt>
      <trkpt lat="34.52696084976196" lon="-118.09322118759155">
        <ele>903.0</ele>
        <time>2023-03-17T05:11:43.971Z</time>
      </trkpt>
      <trkpt lat="34.526960933580995" lon="-118.09322118759155">
        <ele>903.0</ele>
        <time>2023-03-17T05:12:15.412Z</time>
      </trkpt>
      <trkpt lat="34.52790507115424" lon="-118.0923843383789">
        <ele>905.0</ele>
        <time>2023-03-17T05:12:46.892Z</time>
      </trkpt>
      <trkpt lat="34.52826985158026" lon="-118.09208393096924">
        <ele>909.0</ele>
        <time>2023-03-17T05:13:18.387Z</time>
      </trkpt>
      <trkpt lat="34.528870582580566" lon="-118.09154748916626">
        <ele>913.0</ele>
        <time>2023-03-17T05:13:49.907Z</time>
      </trkpt>
      <trkpt lat="34.5288706663996" lon="-118.09154748916626">
        <ele>913.0</ele>
        <time>2023-03-17T05:14:21.427Z</time>
      </trkpt>
      <trkpt lat="34.53028678894043" lon="-118.09032440185547">
        <ele>920.0</ele>
        <time>2023-03-17T05:14:53.005Z</time>
      </trkpt>
      <trkpt lat="34.53502901829779" lon="-118.08541059494019">
        <ele>901.0</ele>
        <time>2023-03-17T05:15:24.791Z</time>
      </trkpt>
      <trkpt lat="34.53524359501898" lon="-118.085196018219">
        <ele>898.0</ele>
        <time>2023-03-17T05:15:56.586Z</time>
      </trkpt>
      <trkpt lat="34.53552254475653" lon="-118.08489561080933">
        <ele>896.0</ele>
        <time>2023-03-17T05:16:28.393Z</time>
      </trkpt>
      <trkpt lat="34.53571557998657" lon="-118.08470249176025">
        <ele>895.0</ele>
        <time>2023-03-17T05:17:00.209Z</time>
      </trkpt>
      <trkpt lat="34.535715663805604" lon="-118.08470249176025">
        <ele>895.0</ele>
        <time>2023-03-17T05:17:32.025Z</time>
      </trkpt>
      <trkpt lat="34.537410819903016" lon="-118.08300733566284">
        <ele>883.0</ele>
        <time>2023-03-17T05:18:03.914Z</time>
      </trkpt>
      <trkpt lat="34.53747519291937" lon="-118.08294296264648">
        <ele>883.0</ele>
        <time>2023-03-17T05:18:35.806Z</time>
      </trkpt>
      <trkpt lat="34.53794717788696" lon="-118.08253526687622">
        <ele>882.0</ele>
        <time>2023-03-17T05:19:07.717Z</time>
      </trkpt>
      <trkpt lat="34.537947261705995" lon="-118.08253526687622">
        <ele>882.0</ele>
        <time>2023-03-17T05:19:39.628Z</time>
      </trkpt>
      <trkpt lat="34.538376331329346" lon="-118.0821704864502">
        <ele>882.0</ele>
        <time>2023-03-17T05:20:11.556Z</time>
      </trkpt>
      <trkpt lat="34.53949213027954" lon="-118.08090448379517">
        <ele>878.0</ele>
        <time>2023-03-17T05:20:43.535Z</time>
      </trkpt>
      <trkpt lat="34.5400071144104" lon="-118.08008909225464">
        <ele>876.0</ele>
        <time>2023-03-17T05:21:15.543Z</time>
      </trkpt>
      <trkpt lat="34.54032897949219" lon="-118.07946681976318">
        <ele>876.0</ele>
        <time>2023-03-17T05:21:47.571Z</time>
      </trkpt>
      <trkpt lat="34.54077959060669" lon="-118.07828664779663">
        <ele>879.0</ele>
        <time>2023-03-17T05:22:19.635Z</time>
      </trkpt>
      <trkpt lat="34.54105854034424" lon="-118.07727813720703">
        <ele>876.0</ele>
        <time>2023-03-17T05:22:51.728Z</time>
      </trkpt>
      <trkpt lat="34.54176664352417" lon="-118.07345867156982">
        <ele>875.0</ele>
        <time>2023-03-17T05:23:23.929Z</time>
      </trkpt>
      <trkpt lat="34.5417667273432" lon="-118.07345867156982">
        <ele>875.0</ele>
        <time>2023-03-17T05:23:56.130Z</time>
      </trkpt>
      <trkpt lat="34.54208859242499" lon="-118.07165622711182">
        <ele>872.0</ele>
        <time>2023-03-17T05:24:28.381Z</time>
      </trkpt>
      <trkpt lat="34.54249628819525" lon="-118.06938171386719">
        <ele>861.0</ele>
        <time>2023-03-17T05:25:00.696Z</time>
      </trkpt>
      <trkpt lat="34.54253920353949" lon="-118.06897401809692">
        <ele>859.0</ele>
        <time>2023-03-17T05:25:33.023Z</time>
      </trkpt>
      <trkpt lat="34.54268932342529" lon="-118.06785821914673">
        <ele>858.0</ele>
        <time>2023-03-17T05:26:05.381Z</time>
      </trkpt>
      <trkpt lat="34.54271078109741" lon="-118.06738615036011">
        <ele>860.0</ele>
        <time>2023-03-17T05:26:37.752Z</time>
      </trkpt>
      <trkpt lat="34.542710864916444" lon="-118.06738615036011">
        <ele>860.0</ele>
        <time>2023-03-17T05:27:10.123Z</time>
      </trkpt>
      <trkpt lat="34.542710864916444" lon="-118.06579828262329">
        <ele>854.0</ele>
        <time>2023-03-17T05:27:42.538Z</time>
      </trkpt>
      <trkpt lat="34.54273232258856" lon="-118.06363105773926">
        <ele>852.0</ele>
        <time>2023-03-17T05:28:15.012Z</time>
      </trkpt>
      <trkpt lat="34.54273232258856" lon="-118.0629014968872">
        <ele>851.0</ele>
        <time>2023-03-17T05:28:47.506Z</time>
      </trkpt>
      <trkpt lat="34.54275378026068" lon="-118.0585241317749">
        <ele>848.0</ele>
        <time>2023-03-17T05:29:20.121Z</time>
      </trkpt>
      <trkpt lat="34.54273232258856" lon="-118.05655002593994">
        <ele>848.0</ele>
        <time>2023-03-17T05:29:52.790Z</time>
      </trkpt>
      <trkpt lat="34.54273232258856" lon="-118.05629253387451">
        <ele>848.0</ele>
        <time>2023-03-17T05:30:25.466Z</time>
      </trkpt>
      <trkpt lat="34.54273232258856" lon="-118.05408239364624">
        <ele>849.0</ele>
        <time>2023-03-17T05:30:58.203Z</time>
      </trkpt>
      <trkpt lat="34.54273232258856" lon="-118.05270910263062">
        <ele>846.0</ele>
        <time>2023-03-17T05:31:30.978Z</time>
      </trkpt>
      <trkpt lat="34.542710864916444" lon="-118.05114269256592">
        <ele>844.0</ele>
        <time>2023-03-17T05:32:03.796Z</time>
      </trkpt>
      <trkpt lat="34.542710864916444" lon="-118.0496621131897">
        <ele>843.0</ele>
        <time>2023-03-17T05:32:36.655Z</time>
      </trkpt>
      <trkpt lat="34.54273223876953" lon="-118.04526329040527">
        <ele>842.0</ele>
        <time>2023-03-17T05:33:09.635Z</time>
      </trkpt>
      <trkpt lat="34.542710864916444" lon="-118.04107904434204">
        <ele>841.0</ele>
        <time>2023-03-17T05:33:42.730Z</time>
      </trkpt>
      <trkpt lat="34.54271078109741" lon="-118.03914785385132">
        <ele>840.0</ele>
        <time>2023-03-17T05:34:15.879Z</time>
      </trkpt>
      <trkpt lat="34.542710864916444" lon="-118.03914785385132">
        <ele>840.0</ele>
        <time>2023-03-17T05:34:49.028Z</time>
      </trkpt>
      <trkpt lat="34.542710864916444" lon="-118.03828954696655">
        <ele>840.0</ele>
        <time>2023-03-17T05:35:22.200Z</time>
      </trkpt>
      <trkpt lat="34.542710864916444" lon="-118.03764581680298">
        <ele>840.0</ele>
        <time>2023-03-17T05:35:55.390Z</time>
      </trkpt>
      <trkpt lat="34.542710864916444" lon="-118.03650856018066">
        <ele>839.0</ele>
        <time>2023-03-17T05:36:28.611Z</time>
      </trkpt>
      <trkpt lat="34.542710864916444" lon="-118.03431987762451">
        <ele>839.0</ele>
        <time>2023-03-17T05:37:01.893Z</time>
      </trkpt>
      <trkpt lat="34.54271078109741" lon="-118.03234577178955">
        <ele>840.0</ele>
        <time>2023-03-17T05:37:35.229Z</time>
      </trkpt>
      <trkpt lat="34.542710864916444" lon="-118.03234577178955">
        <ele>840.0</ele>
        <time>2023-03-17T05:38:08.565Z</time>
      </trkpt>
      <trkpt lat="34.54273223876953" lon="-118.03035020828247">
        <ele>840.0</ele>
        <time>2023-03-17T05:38:41.956Z</time>
      </trkpt>
      <trkpt lat="34.54273223876953" lon="-118.02899837493896">
        <ele>841.0</ele>
        <time>2023-03-17T05:39:15.384Z</time>
      </trkpt>
      <trkpt lat="34.54273232258856" lon="-118.02837610244751">
        <ele>841.0</ele>
        <time>2023-03-17T05:39:48.829Z</time>
      </trkpt>
      <trkpt lat="34.54273223876953" lon="-118.02771091461182">
        <ele>841.0</ele>
        <time>2023-03-17T05:40:22.293Z</time>
      </trkpt>
      <trkpt lat="34.54273232258856" lon="-118.02760362625122">
        <ele>841.0</ele>
        <time>2023-03-17T05:40:55.760Z</time>
      </trkpt>
      <trkpt lat="34.54273232258856" lon="-118.027024269104">
        <ele>841.0</ele>
        <time>2023-03-17T05:41:29.242Z</time>
      </trkpt>
      <trkpt lat="34.54273232258856" lon="-118.0266809463501">
        <ele>842.0</ele>
        <time>2023-03-17T05:42:02.734Z</time>
      </trkpt>
      <trkpt lat="34.54275378026068" lon="-118.02547931671143">
        <ele>842.0</ele>
        <time>2023-03-17T05:42:36.259Z</time>
      </trkpt>
      <trkpt lat="34.54275369644165" lon="-118.02329063415527">
        <ele>843.0</ele>
        <time>2023-03-17T05:43:09.844Z</time>
      </trkpt>
      <trkpt lat="34.54275378026068" lon="-118.02103757858276">
        <ele>844.0</ele>
        <time>2023-03-17T05:43:43.491Z</time>
      </trkpt>
      <trkpt lat="34.54275378026068" lon="-118.02039384841919">
        <ele>844.0</ele>
        <time>2023-03-17T05:44:17.156Z</time>
      </trkpt>
      <trkpt lat="34.54275378026068" lon="-118.01992177963257">
        <ele>844.0</ele>
        <time>2023-03-17T05:44:50.834Z</time>
      </trkpt>
      <trkpt lat="34.54275378026068" lon="-118.01953554153442">
        <ele>844.0</ele>
        <time>2023-03-17T05:45:24.523Z</time>
      </trkpt>
      <trkpt lat="34.54275378026068" lon="-118.01914930343628">
        <ele>844.0</ele>
        <time>2023-03-17T05:45:58.222Z</time>
      </trkpt>
      <trkpt lat="34.54275378026068" lon="-118.01889181137085">
        <ele>844.0</ele>
        <time>2023-03-17T05:46:31.928Z</time>
      </trkpt>
      <trkpt lat="34.54277515411377" lon="-118.01464319229126">
        <ele>846.0</ele>
        <time>2023-03-17T05:47:05.751Z</time>
      </trkpt>
      <trkpt lat="34.54275369644165" lon="-118.00994396209717">
        <ele>847.0</ele>
        <time>2023-03-17T05:47:39.704Z</time>
      </trkpt>
      <trkpt lat="34.54275378026068" lon="-118.00777673721313">
        <ele>847.0</ele>
        <time>2023-03-17T05:48:13.717Z</time>
      </trkpt>
      <trkpt lat="34.54275378026068" lon="-118.00642490386963">
        <ele>847.0</ele>
        <time>2023-03-17T05:48:47.767Z</time>
      </trkpt>
      <trkpt lat="34.54275378026068" lon="-118.00573825836182">
        <ele>846.0</ele>
        <time>2023-03-17T05:49:21.836Z</time>
      </trkpt>
      <trkpt lat="34.54275369644165" lon="-118.00573825836182">
        <ele>846.0</ele>
        <time>2023-03-17T05:49:55.905Z</time>
      </trkpt>
      <trkpt lat="34.54279661178589" lon="-118.000009059906">
        <ele>846.0</ele>
        <time>2023-03-17T05:50:30.131Z</time>
      </trkpt>
      <trkpt lat="34.54283961094916" lon="-117.99702644348145">
        <ele>846.0</ele>
        <time>2023-03-17T05:51:04.440Z</time>
      </trkpt>
      <trkpt lat="34.54286106862128" lon="-117.99039602279663">
        <ele>843.0</ele>
        <time>2023-03-17T05:51:38.931Z</time>
      </trkpt>
      <trkpt lat="34.54286106862128" lon="-117.98825025558472">
        <ele>841.0</ele>
        <time>2023-03-17T05:52:13.481Z</time>
      </trkpt>
      <trkpt lat="34.542860984802246" lon="-117.98741340637207">
        <ele>842.0</ele>
        <time>2023-03-17T05:52:48.054Z</time>
      </trkpt>
      <trkpt lat="34.54286106862128" lon="-117.98726320266724">
        <ele>842.0</ele>
        <time>2023-03-17T05:53:22.631Z</time>
      </trkpt>
      <trkpt lat="34.5428825262934" lon="-117.98376560211182">
        <ele>844.0</ele>
        <time>2023-03-17T05:53:57.305Z</time>
      </trkpt>
      <trkpt lat="34.5428825262934" lon="-117.9826283454895">
        <ele>844.0</ele>
        <time>2023-03-17T05:54:32.010Z</time>
      </trkpt>
      <trkpt lat="34.5428825262934" lon="-117.98194169998169">
        <ele>844.0</ele>
        <time>2023-03-17T05:55:06.734Z</time>
      </trkpt>
      <trkpt lat="34.542903983965516" lon="-117.98086881637573">
        <ele>845.0</ele>
        <time>2023-03-17T05:55:41.488Z</time>
      </trkpt>
      <trkpt lat="34.542903983965516" lon="-117.97947406768799">
        <ele>845.0</ele>
        <time>2023-03-17T05:56:16.280Z</time>
      </trkpt>
      <trkpt lat="34.542903983965516" lon="-117.97930240631104">
        <ele>845.0</ele>
        <time>2023-03-17T05:56:51.077Z</time>
      </trkpt>
      <trkpt lat="34.542903983965516" lon="-117.97874450683594">
        <ele>846.0</ele>
        <time>2023-03-17T05:57:25.889Z</time>
      </trkpt>
      <trkpt lat="34.542903983965516" lon="-117.97848701477051">
        <ele>846.0</ele>
        <time>2023-03-17T05:58:00.708Z</time>
      </trkpt>
      <trkpt lat="34.542903983965516" lon="-117.97709226608276">
        <ele>846.0</ele>
        <time>2023-03-17T05:58:35.566Z</time>
      </trkpt>
      <trkpt lat="34.542903900146484" lon="-117.97709226608276">
        <ele>846.0</ele>
        <time>2023-03-17T05:59:10.424Z</time>
      </trkpt>
      <trkpt lat="34.5429253578186" lon="-117.97486066818237">
        <ele>847.0</ele>
        <time>2023-03-17T05:59:45.343Z</time>
      </trkpt>
      <trkpt lat="34.542925441637635" lon="-117.9742169380188">
        <ele>847.0</ele>
        <time>2023-03-17T06:00:20.280Z</time>
      </trkpt>
      <trkpt lat="34.542925441637635" lon="-117.97252178192139">
        <ele>848.0</ele>
        <time>2023-03-17T06:00:55.263Z</time>
      </trkpt>
      <trkpt lat="34.542925441637635" lon="-117.9712986946106">
        <ele>848.0</ele>
        <time>2023-03-17T06:01:30.280Z</time>
      </trkpt>
      <trkpt lat="34.542925441637635" lon="-117.97022581100464">
        <ele>849.0</ele>
        <time>2023-03-17T06:02:05.327Z</time>
      </trkpt>
      <trkpt lat="34.542925441637635" lon="-117.96889543533325">
        <ele>850.0</ele>
        <time>2023-03-17T06:02:40.410Z</time>
      </trkpt>
      <trkpt lat="34.542925441637635" lon="-117.96870231628418">
        <ele>850.0</ele>
        <time>2023-03-17T06:03:15.499Z</time>
      </trkpt>
      <trkpt lat="34.542925441637635" lon="-117.96750068664551">
        <ele>851.0</ele>
        <time>2023-03-17T06:03:50.621Z</time>
      </trkpt>
      <trkpt lat="34.542925441637635" lon="-117.96692132949829">
        <ele>851.0</ele>
        <time>2023-03-17T06:04:25.759Z</time>
      </trkpt>
      <trkpt lat="34.542925441637635" lon="-117.96621322631836">
        <ele>852.0</ele>
        <time>2023-03-17T06:05:00.916Z</time>
      </trkpt>
      <trkpt lat="34.542925441637635" lon="-117.96578407287598">
        <ele>852.0</ele>
        <time>2023-03-17T06:05:36.085Z</time>
      </trkpt>
      <trkpt lat="34.5429253578186" lon="-117.96578407287598">
        <ele>852.0</ele>
        <time>2023-03-17T06:06:11.254Z</time>
      </trkpt>
      <trkpt lat="34.542946899309754" lon="-117.96254396438599">
        <ele>854.0</ele>
        <time>2023-03-17T06:06:46.512Z</time>
      </trkpt>
      <trkpt lat="34.542946899309754" lon="-117.96026945114136">
        <ele>853.0</ele>
        <time>2023-03-17T06:07:21.833Z</time>
      </trkpt>
      <trkpt lat="34.54294681549072" lon="-117.96026945114136">
        <ele>853.0</ele>
        <time>2023-03-17T06:07:57.154Z</time>
      </trkpt>
      <trkpt lat="34.54294681549072" lon="-117.95814514160156">
        <ele>853.0</ele>
        <time>2023-03-17T06:08:32.533Z</time>
      </trkpt>
      <trkpt lat="34.54301118850708" lon="-117.95675039291382">
        <ele>854.0</ele>
        <time>2023-03-17T06:09:07.951Z</time>
      </trkpt>
      <trkpt lat="34.54322576522827" lon="-117.95503377914429">
        <ele>853.0</ele>
        <time>2023-03-17T06:09:43.417Z</time>
      </trkpt>
      <trkpt lat="34.543418968096375" lon="-117.95363903045654">
        <ele>852.0</ele>
        <time>2023-03-17T06:10:18.922Z</time>
      </trkpt>
      <trkpt lat="34.54346179962158" lon="-117.95273780822754">
        <ele>852.0</ele>
        <time>2023-03-17T06:10:54.451Z</time>
      </trkpt>
      <trkpt lat="34.54346179962158" lon="-117.95271635055542">
        <ele>852.0</ele>
        <time>2023-03-17T06:11:29.981Z</time>
      </trkpt>
      <trkpt lat="34.54346179962158" lon="-117.95271584764123">
        <ele>852.0</ele>
        <time>2023-03-17T06:12:05.511Z</time>
      </trkpt>
      <trkpt lat="34.54346179962158" lon="-117.9527157638222">
        <ele>852.0</ele>
        <time>2023-03-17T06:12:41.041Z</time>
      </trkpt>
      <trkpt lat="34.54346171580255" lon="-117.95196390710771">
        <ele>852.0</ele>
        <time>2023-03-17T06:13:16.592Z</time>
      </trkpt>
      <trkpt lat="34.54346179962158" lon="-117.95196533203125">
        <ele>852.0</ele>
        <time>2023-03-17T06:13:52.143Z</time>
      </trkpt>
      <trkpt lat="34.54346179962158" lon="-117.95273780822754">
        <ele>852.0</ele>
        <time>2023-03-17T06:14:27.715Z</time>
      </trkpt>
      <trkpt lat="34.543418968096375" lon="-117.95363903045654">
        <ele>852.0</ele>
        <time>2023-03-17T06:15:03.312Z</time>
      </trkpt>
      <trkpt lat="34.54322576522827" lon="-117.95503377914429">
        <ele>853.0</ele>
        <time>2023-03-17T06:15:38.948Z</time>
      </trkpt>
      <trkpt lat="34.54301118850708" lon="-117.95675039291382">
        <ele>854.0</ele>
        <time>2023-03-17T06:16:14.632Z</time>
      </trkpt>
      <trkpt lat="34.54294681549072" lon="-117.95814514160156">
        <ele>853.0</ele>
        <time>2023-03-17T06:16:50.354Z</time>
      </trkpt>
      <trkpt lat="34.54294681549072" lon="-117.96026945114136">
        <ele>853.0</ele>
        <time>2023-03-17T06:17:26.135Z</time>
      </trkpt>
      <trkpt lat="34.542946899309754" lon="-117.96026945114136">
        <ele>853.0</ele>
        <time>2023-03-17T06:18:01.916Z</time>
      </trkpt>
      <trkpt lat="34.542946899309754" lon="-117.96254396438599">
        <ele>854.0</ele>
        <time>2023-03-17T06:18:37.759Z</time>
      </trkpt>
      <trkpt lat="34.5429253578186" lon="-117.96578407287598">
        <ele>852.0</ele>
        <time>2023-03-17T06:19:13.691Z</time>
      </trkpt>
      <trkpt lat="34.542925441637635" lon="-117.96578407287598">
        <ele>852.0</ele>
        <time>2023-03-17T06:19:49.623Z</time>
      </trkpt>
      <trkpt lat="34.542925441637635" lon="-117.96621322631836">
        <ele>852.0</ele>
        <time>2023-03-17T06:20:25.567Z</time>
      </trkpt>
      <trkpt lat="34.542925441637635" lon="-117.96692132949829">
        <ele>851.0</ele>
        <time>2023-03-17T06:21:01.531Z</time>
      </trkpt>
      <trkpt lat="34.542925441637635" lon="-117.96750068664551">
        <ele>851.0</ele>
        <time>2023-03-17T06:21:37.511Z</time>
      </trkpt>
      <trkpt lat="34.542925441637635" lon="-117.96870231628418">
        <ele>850.0</ele>
        <time>2023-03-17T06:22:13.524Z</time>
      </trkpt>
      <trkpt lat="34.542925441637635" lon="-117.96889543533325">
        <ele>850.0</ele>
        <time>2023-03-17T06:22:49.542Z</time>
      </trkpt>
      <trkpt lat="34.542925441637635" lon="-117.97022581100464">
        <ele>849.0</ele>
        <time>2023-03-17T06:23:25.597Z</time>
      </trkpt>
      <trkpt lat="34.542925441637635" lon="-117.9712986946106">
        <ele>848.0</ele>
        <time>2023-03-17T06:24:01.681Z</time>
      </trkpt>
      <trkpt lat="34.542925441637635" lon="-117.97252178192139">
        <ele>848.0</ele>
        <time>2023-03-17T06:24:37.799Z</time>
      </trkpt>
      <trkpt lat="34.542925441637635" lon="-117.9742169380188">
        <ele>847.0</ele>
        <time>2023-03-17T06:25:13.964Z</time>
      </trkpt>
      <trkpt lat="34.54292527399957" lon="-117.97431374900043">
        <ele>847.0</ele>
        <time>2023-03-17T06:25:50.131Z</time>
      </trkpt>
      <trkpt lat="34.5429253578186" lon="-117.97431374900043">
        <ele>847.0</ele>
        <time>2023-03-17T06:26:26.298Z</time>
      </trkpt>
      <trkpt lat="34.54288839362562" lon="-117.9743136651814">
        <ele>847.0</ele>
        <time>2023-03-17T06:27:02.467Z</time>
      </trkpt>
      <trkpt lat="34.542866852134466" lon="-117.98674821853638">
        <ele>843.0</ele>
        <time>2023-03-17T06:27:38.978Z</time>
      </trkpt>
      <trkpt lat="34.54286416992545" lon="-117.98674813471735">
        <ele>843.0</ele>
        <time>2023-03-17T06:28:15.489Z</time>
      </trkpt>
      <trkpt lat="34.5428825262934" lon="-117.98376560211182">
        <ele>844.0</ele>
        <time>2023-03-17T06:28:52.082Z</time>
      </trkpt>
      <trkpt lat="34.5428825262934" lon="-117.9826283454895">
        <ele>844.0</ele>
        <time>2023-03-17T06:29:28.707Z</time>
      </trkpt>
      <trkpt lat="34.5428825262934" lon="-117.98194169998169">
        <ele>844.0</ele>
        <time>2023-03-17T06:30:05.350Z</time>
      </trkpt>
      <trkpt lat="34.542903983965516" lon="-117.98086881637573">
        <ele>845.0</ele>
        <time>2023-03-17T06:30:42.023Z</time>
      </trkpt>
      <trkpt lat="34.542903983965516" lon="-117.97947406768799">
        <ele>845.0</ele>
        <time>2023-03-17T06:31:18.734Z</time>
      </trkpt>
      <trkpt lat="34.542903983965516" lon="-117.97930240631104">
        <ele>845.0</ele>
        <time>2023-03-17T06:31:55.450Z</time>
      </trkpt>
      <trkpt lat="34.542903983965516" lon="-117.97874450683594">
        <ele>846.0</ele>
        <time>2023-03-17T06:32:32.182Z</time>
      </trkpt>
      <trkpt lat="34.542903983965516" lon="-117.97848701477051">
        <ele>846.0</ele>
        <time>2023-03-17T06:33:08.921Z</time>
      </trkpt>
      <trkpt lat="34.542903983965516" lon="-117.97709226608276">
        <ele>846.0</ele>
        <time>2023-03-17T06:33:45.698Z</time>
      </trkpt>
      <trkpt lat="34.542903900146484" lon="-117.97709226608276">
        <ele>846.0</ele>
        <time>2023-03-17T06:34:22.475Z</time>
      </trkpt>
      <trkpt lat="34.5429253578186" lon="-117.97486066818237">
        <ele>847.0</ele>
        <time>2023-03-17T06:34:59.314Z</time>
      </trkpt>
      <trkpt lat="34.542925441637635" lon="-117.9742169380188">
        <ele>847.0</ele>
        <time>2023-03-17T06:35:36.170Z</time>
      </trkpt>
      <trkpt lat="34.542925441637635" lon="-117.97252178192139">
        <ele>848.0</ele>
        <time>2023-03-17T06:36:13.073Z</time>
      </trkpt>
      <trkpt lat="34.542925441637635" lon="-117.9712986946106">
        <ele>848.0</ele>
        <time>2023-03-17T06:36:50.010Z</time>
      </trkpt>
      <trkpt lat="34.542925441637635" lon="-117.97022581100464">
        <ele>849.0</ele>
        <time>2023-03-17T06:37:26.976Z</time>
      </trkpt>
      <trkpt lat="34.542925441637635" lon="-117.96889543533325">
        <ele>850.0</ele>
        <time>2023-03-17T06:38:03.979Z</time>
      </trkpt>
      <trkpt lat="34.542925441637635" lon="-117.96870231628418">
        <ele>850.0</ele>
        <time>2023-03-17T06:38:40.987Z</time>
      </trkpt>
      <trkpt lat="34.542925441637635" lon="-117.96750068664551">
        <ele>851.0</ele>
        <time>2023-03-17T06:39:18.028Z</time>
      </trkpt>
      <trkpt lat="34.542925441637635" lon="-117.96692132949829">
        <ele>851.0</ele>
        <time>2023-03-17T06:39:55.085Z</time>
      </trkpt>
      <trkpt lat="34.542925441637635" lon="-117.96621322631836">
        <ele>852.0</ele>
        <time>2023-03-17T06:40:32.162Z</time>
      </trkpt>
      <trkpt lat="34.542925441637635" lon="-117.96578407287598">
        <ele>852.0</ele>
        <time>2023-03-17T06:41:09.250Z</time>
      </trkpt>
      <trkpt lat="34.5429253578186" lon="-117.96578407287598">
        <ele>852.0</ele>
        <time>2023-03-17T06:41:46.338Z</time>
      </trkpt>
      <trkpt lat="34.542946899309754" lon="-117.96254396438599">
        <ele>854.0</ele>
        <time>2023-03-17T06:42:23.516Z</time>
      </trkpt>
      <trkpt lat="34.542946899309754" lon="-117.96026945114136">
        <ele>853.0</ele>
        <time>2023-03-17T06:43:00.756Z</time>
      </trkpt>
      <trkpt lat="34.54294681549072" lon="-117.96026945114136">
        <ele>853.0</ele>
        <time>2023-03-17T06:43:37.996Z</time>
      </trkpt>
      <trkpt lat="34.54294681549072" lon="-117.95814514160156">
        <ele>853.0</ele>
        <time>2023-03-17T06:44:15.295Z</time>
      </trkpt>
      <trkpt lat="34.54301118850708" lon="-117.95675039291382">
        <ele>854.0</ele>
        <time>2023-03-17T06:44:52.632Z</time>
      </trkpt>
      <trkpt lat="34.54322576522827" lon="-117.95503377914429">
        <ele>853.0</ele>
        <time>2023-03-17T06:45:30.017Z</time>
      </trkpt>
      <trkpt lat="34.543418968096375" lon="-117.95363903045654">
        <ele>852.0</ele>
        <time>2023-03-17T06:46:07.441Z</time>
      </trkpt>
      <trkpt lat="34.543447718024254" lon="-117.95303301885724">
        <ele>852.0</ele>
        <time>2023-03-17T06:46:44.882Z</time>
      </trkpt>
      <trkpt lat="34.54346179962158" lon="-117.95273780822754">
        <ele>852.0</ele>
        <time>2023-03-17T06:47:22.331Z</time>
      </trkpt>
      <trkpt lat="34.54346179962158" lon="-117.9517936706543">
        <ele>852.0</ele>
        <time>2023-03-17T06:47:59.806Z</time>
      </trkpt>
      <trkpt lat="34.543458949774504" lon="-117.95177087187767">
        <ele>852.0</ele>
        <time>2023-03-17T06:48:37.282Z</time>
      </trkpt>
      <trkpt lat="34.543161476030946" lon="-117.9493260383606">
        <ele>853.0</ele>
        <time>2023-03-17T06:49:14.826Z</time>
      </trkpt>
      <trkpt lat="34.543458949774504" lon="-117.95177087187767">
        <ele>852.0</ele>
        <time>2023-03-17T06:49:52.438Z</time>
      </trkpt>
      <trkpt lat="34.543161476030946" lon="-117.9493260383606">
        <ele>853.0</ele>
        <time>2023-03-17T06:50:30.118Z</time>
      </trkpt>
      <trkpt lat="34.543161392211914" lon="-117.9493260383606">
        <ele>853.0</ele>
        <time>2023-03-17T06:51:07.798Z</time>
      </trkpt>
      <trkpt lat="34.54297749325633" lon="-117.94780011288822">
        <ele>854.0</ele>
        <time>2023-03-17T06:51:45.520Z</time>
      </trkpt>
      <trkpt lat="34.54297246411443" lon="-117.94775845482945">
        <ele>854.0</ele>
        <time>2023-03-17T06:52:23.243Z</time>
      </trkpt>
      <trkpt lat="34.54294681549072" lon="-117.9475450515747">
        <ele>854.0</ele>
        <time>2023-03-17T06:53:00.972Z</time>
      </trkpt>
      <trkpt lat="34.542903983965516" lon="-117.94492721557617">
        <ele>854.0</ele>
        <time>2023-03-17T06:53:38.773Z</time>
      </trkpt>
      <trkpt lat="34.542903983965516" lon="-117.94048547744751">
        <ele>854.0</ele>
        <time>2023-03-17T06:54:16.697Z</time>
      </trkpt>
      <trkpt lat="34.542903900146484" lon="-117.93947160243988">
        <ele>855.0</ele>
        <time>2023-03-17T06:54:54.649Z</time>
      </trkpt>
      <trkpt lat="34.542903900146484" lon="-117.93829679489136">
        <ele>855.0</ele>
        <time>2023-03-17T06:55:32.633Z</time>
      </trkpt>
      <trkpt lat="34.542903900146484" lon="-117.93947160243988">
        <ele>855.0</ele>
        <time>2023-03-17T06:56:10.649Z</time>
      </trkpt>
      <trkpt lat="34.542903900146484" lon="-117.93829679489136">
        <ele>855.0</ele>
        <time>2023-03-17T06:56:48.698Z</time>
      </trkpt>
      <trkpt lat="34.542903983965516" lon="-117.93947160243988">
        <ele>855.0</ele>
        <time>2023-03-17T06:57:26.779Z</time>
      </trkpt>
      <trkpt lat="34.542903983965516" lon="-117.93829679489136">
        <ele>855.0</ele>
        <time>2023-03-17T06:58:04.892Z</time>
      </trkpt>
      <trkpt lat="34.542903900146484" lon="-117.93829679489136">
        <ele>855.0</ele>
        <time>2023-03-17T06:58:43.005Z</time>
      </trkpt>
      <trkpt lat="34.542902894318104" lon="-117.93816779740155">
        <ele>855.0</ele>
        <time>2023-03-17T06:59:21.122Z</time>
      </trkpt>
      <trkpt lat="34.5428183209151" lon="-117.92722723446786">
        <ele>855.0</ele>
        <time>2023-03-17T06:59:59.540Z</time>
      </trkpt>
      <trkpt lat="34.54281815327704" lon="-117.92720317840576">
        <ele>855.0</ele>
        <time>2023-03-17T07:00:37.959Z</time>
      </trkpt>
      <trkpt lat="34.542902894318104" lon="-117.93816779740155">
        <ele>855.0</ele>
        <time>2023-03-17T07:01:16.680Z</time>
      </trkpt>
      <trkpt lat="34.54281815327704" lon="-117.92720317840576">
        <ele>855.0</ele>
        <time>2023-03-17T07:01:55.703Z</time>
      </trkpt>
      <trkpt lat="34.54281815327704" lon="-117.92703151702881">
        <ele>856.0</ele>
        <time>2023-03-17T07:02:34.731Z</time>
      </trkpt>
      <trkpt lat="34.54279669560492" lon="-117.9228687286377">
        <ele>858.0</ele>
        <time>2023-03-17T07:03:13.873Z</time>
      </trkpt>
      <trkpt lat="34.54279669560492" lon="-117.91977882385254">
        <ele>859.0</ele>
        <time>2023-03-17T07:03:53.100Z</time>
      </trkpt>
      <trkpt lat="34.54281815327704" lon="-117.91409254074097">
        <ele>862.0</ele>
        <time>2023-03-17T07:04:32.484Z</time>
      </trkpt>
      <trkpt lat="34.54281806945801" lon="-117.91409254074097">
        <ele>862.0</ele>
        <time>2023-03-17T07:05:11.868Z</time>
      </trkpt>
      <trkpt lat="34.54281815327704" lon="-117.9096508026123">
        <ele>864.0</ele>
        <time>2023-03-17T07:05:51.374Z</time>
      </trkpt>
      <trkpt lat="34.54281806945801" lon="-117.9096508026123">
        <ele>864.0</ele>
        <time>2023-03-17T07:06:30.880Z</time>
      </trkpt>
      <trkpt lat="34.54281815327704" lon="-117.90857791900635">
        <ele>864.0</ele>
        <time>2023-03-17T07:07:10.416Z</time>
      </trkpt>
      <trkpt lat="34.54281815327704" lon="-117.90533781051636">
        <ele>866.0</ele>
        <time>2023-03-17T07:07:50.041Z</time>
      </trkpt>
      <trkpt lat="34.54280750826001" lon="-117.90106102824211">
        <ele>867.0</ele>
        <time>2023-03-17T07:08:29.784Z</time>
      </trkpt>
      <trkpt lat="34.54280541278422" lon="-117.90020825341344">
        <ele>868.0</ele>
        <time>2023-03-17T07:09:09.550Z</time>
      </trkpt>
      <trkpt lat="34.54279669560492" lon="-117.8966474533081">
        <ele>870.0</ele>
        <time>2023-03-17T07:09:49.414Z</time>
      </trkpt>
      <trkpt lat="34.5427752379328" lon="-117.89621829986572">
        <ele>870.0</ele>
        <time>2023-03-17T07:10:29.290Z</time>
      </trkpt>
      <trkpt lat="34.5427752379328" lon="-117.89038181304932">
        <ele>872.0</ele>
        <time>2023-03-17T07:11:09.327Z</time>
      </trkpt>
      <trkpt lat="34.5427752379328" lon="-117.89005994796753">
        <ele>872.0</ele>
        <time>2023-03-17T07:11:49.373Z</time>
      </trkpt>
      <trkpt lat="34.5427752379328" lon="-117.89038181304932">
        <ele>872.0</ele>
        <time>2023-03-17T07:12:29.428Z</time>
      </trkpt>
      <trkpt lat="34.5427752379328" lon="-117.89005994796753">
        <ele>872.0</ele>
        <time>2023-03-17T07:13:09.491Z</time>
      </trkpt>
      <trkpt lat="34.54277515411377" lon="-117.89005994796753">
        <ele>872.0</ele>
        <time>2023-03-17T07:13:49.554Z</time>
      </trkpt>
      <trkpt lat="34.542775405570865" lon="-117.88801074028015">
        <ele>873.0</ele>
        <time>2023-03-17T07:14:29.674Z</time>
      </trkpt>
      <trkpt lat="34.5427752379328" lon="-117.8877854347229">
        <ele>873.0</ele>
        <time>2023-03-17T07:15:09.800Z</time>
      </trkpt>
      <trkpt lat="34.54275369644165" lon="-117.87918090820312">
        <ele>878.0</ele>
        <time>2023-03-17T07:15:50.163Z</time>
      </trkpt>
      <trkpt lat="34.54277331009507" lon="-117.88715478032827">
        <ele>873.0</ele>
        <time>2023-03-17T07:16:30.746Z</time>
      </trkpt>
      <trkpt lat="34.542775405570865" lon="-117.88801074028015">
        <ele>873.0</ele>
        <time>2023-03-17T07:17:11.352Z</time>
      </trkpt>
      <trkpt lat="34.54275378026068" lon="-117.87918090820312">
        <ele>878.0</ele>
        <time>2023-03-17T07:17:52.201Z</time>
      </trkpt>
      <trkpt lat="34.542734837159514" lon="-117.87774324417114">
        <ele>878.0</ele>
        <time>2023-03-17T07:18:33.090Z</time>
      </trkpt>
      <trkpt lat="34.54273232258856" lon="-117.87755012512207">
        <ele>878.0</ele>
        <time>2023-03-17T07:19:13.984Z</time>
      </trkpt>
      <trkpt lat="34.542734837159514" lon="-117.87774324417114">
        <ele>878.0</ele>
        <time>2023-03-17T07:19:54.884Z</time>
      </trkpt>
      <trkpt lat="34.54273232258856" lon="-117.87755012512207">
        <ele>878.0</ele>
        <time>2023-03-17T07:20:35.789Z</time>
      </trkpt>
      <trkpt lat="34.54273232258856" lon="-117.87261486053467">
        <ele>880.0</ele>
        <time>2023-03-17T07:21:16.830Z</time>
      </trkpt>
      <trkpt lat="34.54249628819525" lon="-117.85388231277466">
        <ele>887.0</ele>
        <time>2023-03-17T07:21:58.387Z</time>
      </trkpt>
      <trkpt lat="34.54245328903198" lon="-117.83557891845703">
        <ele>891.0</ele>
        <time>2023-03-17T07:22:40.448Z</time>
      </trkpt>
      <trkpt lat="34.543654918670654" lon="-117.8355360031128">
        <ele>889.0</ele>
        <time>2023-03-17T07:23:22.549Z</time>
      </trkpt>
      <trkpt lat="34.544663513079286" lon="-117.83525705337524">
        <ele>887.0</ele>
        <time>2023-03-17T07:24:04.684Z</time>
      </trkpt>
      <trkpt lat="34.545414447784424" lon="-117.83491373062134">
        <ele>887.0</ele>
        <time>2023-03-17T07:24:46.846Z</time>
      </trkpt>
      <trkpt lat="34.546122550964355" lon="-117.8344202041626">
        <ele>886.0</ele>
        <time>2023-03-17T07:25:29.035Z</time>
      </trkpt>
      <trkpt lat="34.54704523086548" lon="-117.83343315124512">
        <ele>885.0</ele>
        <time>2023-03-17T07:26:11.265Z</time>
      </trkpt>
      <trkpt lat="34.54783916473389" lon="-117.83227443695068">
        <ele>883.0</ele>
        <time>2023-03-17T07:26:53.537Z</time>
      </trkpt>
      <trkpt lat="34.55004938878119" lon="-117.82933473587036">
        <ele>881.0</ele>
        <time>2023-03-17T07:27:35.918Z</time>
      </trkpt>
      <trkpt lat="34.55073595046997" lon="-117.82864809036255">
        <ele>880.0</ele>
        <time>2023-03-17T07:28:18.329Z</time>
      </trkpt>
      <trkpt lat="34.55135830678046" lon="-117.82819747924805">
        <ele>879.0</ele>
        <time>2023-03-17T07:29:00.764Z</time>
      </trkpt>
      <trkpt lat="34.55202349461615" lon="-117.82774686813354">
        <ele>878.0</ele>
        <time>2023-03-17T07:29:43.224Z</time>
      </trkpt>
      <trkpt lat="34.552881717681885" lon="-117.8272533416748">
        <ele>877.0</ele>
        <time>2023-03-17T07:30:25.716Z</time>
      </trkpt>
      <trkpt lat="34.5539116859436" lon="-117.82682418823242">
        <ele>876.0</ele>
        <time>2023-03-17T07:31:08.244Z</time>
      </trkpt>
      <trkpt lat="34.5549201965332" lon="-117.82656669616699">
        <ele>875.0</ele>
        <time>2023-03-17T07:31:50.806Z</time>
      </trkpt>
      <trkpt lat="34.555907249450684" lon="-117.82648086547852">
        <ele>874.0</ele>
        <time>2023-03-17T07:32:33.401Z</time>
      </trkpt>
      <trkpt lat="34.55796726979315" lon="-117.8264594078064">
        <ele>872.0</ele>
        <time>2023-03-17T07:33:16.065Z</time>
      </trkpt>
      <trkpt lat="34.568932140246034" lon="-117.82652378082275">
        <ele>860.0</ele>
        <time>2023-03-17T07:33:59.094Z</time>
      </trkpt>
      <trkpt lat="34.57620629109442" lon="-117.82660961151123">
        <ele>852.0</ele>
        <time>2023-03-17T07:34:42.365Z</time>
      </trkpt>
      <trkpt lat="34.57971696741879" lon="-117.82667046412826">
        <ele>849.0</ele>
        <time>2023-03-17T07:35:25.753Z</time>
      </trkpt>
      <trkpt lat="34.579918384552" lon="-117.82657625153661">
        <ele>849.0</ele>
        <time>2023-03-17T07:36:09.148Z</time>
      </trkpt>
      <trkpt lat="34.579918384552" lon="-117.82448530197144">
        <ele>849.0</ele>
        <time>2023-03-17T07:36:52.600Z</time>
      </trkpt>
      <trkpt lat="34.57993992604315" lon="-117.82227516174316">
        <ele>848.0</ele>
        <time>2023-03-17T07:37:36.113Z</time>
      </trkpt>
      <trkpt lat="34.57996138371527" lon="-117.80264139175415">
        <ele>848.0</ele>
        <time>2023-03-17T07:38:20.167Z</time>
      </trkpt>
      <trkpt lat="34.57993992604315" lon="-117.79937982559204">
        <ele>847.0</ele>
        <time>2023-03-17T07:39:04.310Z</time>
      </trkpt>
      <trkpt lat="34.57996138371527" lon="-117.79186964035034">
        <ele>853.0</ele>
        <time>2023-03-17T07:39:48.660Z</time>
      </trkpt>
      <trkpt lat="34.57996138371527" lon="-117.7735447883606">
        <ele>861.0</ele>
        <time>2023-03-17T07:40:33.515Z</time>
      </trkpt>
      <trkpt lat="34.579918468371034" lon="-117.7668285369873">
        <ele>863.0</ele>
        <time>2023-03-17T07:41:18.554Z</time>
      </trkpt>
      <trkpt lat="34.579918468371034" lon="-117.75914669036865">
        <ele>867.0</ele>
        <time>2023-03-17T07:42:03.805Z</time>
      </trkpt>
      <trkpt lat="34.579875553026795" lon="-117.75137901306152">
        <ele>873.0</ele>
        <time>2023-03-17T07:42:49.270Z</time>
      </trkpt>
      <trkpt lat="34.57983263768256" lon="-117.74693727493286">
        <ele>875.0</ele>
        <time>2023-03-17T07:43:34.857Z</time>
      </trkpt>
      <trkpt lat="34.57978972233832" lon="-117.73472785949707">
        <ele>890.0</ele>
        <time>2023-03-17T07:44:20.780Z</time>
      </trkpt>
      <trkpt lat="34.5797682646662" lon="-117.73356914520264">
        <ele>895.0</ele>
        <time>2023-03-17T07:45:06.735Z</time>
      </trkpt>
      <trkpt lat="34.57970389164984" lon="-117.73313999176025">
        <ele>898.0</ele>
        <time>2023-03-17T07:45:52.702Z</time>
      </trkpt>
      <trkpt lat="34.57951068878174" lon="-117.73146629333496">
        <ele>896.0</ele>
        <time>2023-03-17T07:46:38.716Z</time>
      </trkpt>
      <trkpt lat="34.57970380783081" lon="-117.73030757904053">
        <ele>886.0</ele>
        <time>2023-03-17T07:47:24.762Z</time>
      </trkpt>
      <trkpt lat="34.57978972233832" lon="-117.72927761077881">
        <ele>882.0</ele>
        <time>2023-03-17T07:48:10.837Z</time>
      </trkpt>
      <trkpt lat="34.57978972233832" lon="-117.72026538848877">
        <ele>888.0</ele>
        <time>2023-03-17T07:48:57.160Z</time>
      </trkpt>
      <trkpt lat="34.57970389164984" lon="-117.71136045455933">
        <ele>893.0</ele>
        <time>2023-03-17T07:49:43.728Z</time>
      </trkpt>
      <trkpt lat="34.57966089248657" lon="-117.70254135131836">
        <ele>895.0</ele>
        <time>2023-03-17T07:50:30.538Z</time>
      </trkpt>
      <trkpt lat="34.58702095784247" lon="-117.70251989364624">
        <ele>888.0</ele>
        <time>2023-03-17T07:51:17.593Z</time>
      </trkpt>
      <trkpt lat="34.598286151885986" lon="-117.70241260528564">
        <ele>878.0</ele>
        <time>2023-03-17T07:52:05.023Z</time>
      </trkpt>
      <trkpt lat="34.60178383626044" lon="-117.70245552062988">
        <ele>875.0</ele>
        <time>2023-03-17T07:52:52.570Z</time>
      </trkpt>
      <trkpt lat="34.60193395614624" lon="-117.70243406295776">
        <ele>875.0</ele>
        <time>2023-03-17T07:53:40.122Z</time>
      </trkpt>
      <trkpt lat="34.60191258229315" lon="-117.69827127456665">
        <ele>877.0</ele>
        <time>2023-03-17T07:54:27.788Z</time>
      </trkpt>
      <trkpt lat="34.60193403996527" lon="-117.68475294113159">
        <ele>885.0</ele>
        <time>2023-03-17T07:55:15.826Z</time>
      </trkpt>
      <trkpt lat="34.60204132832587" lon="-117.67930269241333">
        <ele>886.0</ele>
        <time>2023-03-17T07:56:04.014Z</time>
      </trkpt>
      <trkpt lat="34.60214853286743" lon="-117.66700744628906">
        <ele>889.0</ele>
        <time>2023-03-17T07:56:52.541Z</time>
      </trkpt>
      <trkpt lat="34.6021915320307" lon="-117.64906883239746">
        <ele>888.0</ele>
        <time>2023-03-17T07:57:41.561Z</time>
      </trkpt>
      <trkpt lat="34.6021915320307" lon="-117.64012098312378">
        <ele>888.0</ele>
        <time>2023-03-17T07:58:30.828Z</time>
      </trkpt>
      <trkpt lat="34.60216999053955" lon="-117.63795375823975">
        <ele>890.0</ele>
        <time>2023-03-17T07:59:20.154Z</time>
      </trkpt>
      <trkpt lat="34.60217007435858" lon="-117.63349056243896">
        <ele>888.0</ele>
        <time>2023-03-17T08:00:09.603Z</time>
      </trkpt>
      <trkpt lat="34.6021915320307" lon="-117.63132333755493">
        <ele>888.0</ele>
        <time>2023-03-17T08:00:59.112Z</time>
      </trkpt>
      <trkpt lat="34.60217007435858" lon="-117.63033628463745">
        <ele>888.0</ele>
        <time>2023-03-17T08:01:48.648Z</time>
      </trkpt>
      <trkpt lat="34.602105701342225" lon="-117.6225471496582">
        <ele>888.0</ele>
        <time>2023-03-17T08:02:38.398Z</time>
      </trkpt>
      <trkpt lat="34.602084243670106" lon="-117.61600255966187">
        <ele>887.0</ele>
        <time>2023-03-17T08:03:28.328Z</time>
      </trkpt>
      <trkpt lat="34.602062702178955" lon="-117.61381387710571">
        <ele>888.0</ele>
        <time>2023-03-17T08:04:18.319Z</time>
      </trkpt>
      <trkpt lat="34.60206278599799" lon="-117.60711908340454">
        <ele>887.0</ele>
        <time>2023-03-17T08:05:08.494Z</time>
      </trkpt>
      <trkpt lat="34.60204132832587" lon="-117.60660409927368">
        <ele>887.0</ele>
        <time>2023-03-17T08:05:58.683Z</time>
      </trkpt>
      <trkpt lat="34.60204132832587" lon="-117.60490894317627">
        <ele>887.0</ele>
        <time>2023-03-17T08:06:48.919Z</time>
      </trkpt>
      <trkpt lat="34.60201987065375" lon="-117.6037073135376">
        <ele>887.0</ele>
        <time>2023-03-17T08:07:39.188Z</time>
      </trkpt>
      <trkpt lat="34.60197687149048" lon="-117.5960898399353">
        <ele>886.0</ele>
        <time>2023-03-17T08:08:29.666Z</time>
      </trkpt>
      <trkpt lat="34.60197695530951" lon="-117.59353637695312">
        <ele>886.0</ele>
        <time>2023-03-17T08:09:20.215Z</time>
      </trkpt>
      <trkpt lat="34.60195549763739" lon="-117.59175539016724">
        <ele>885.0</ele>
        <time>2023-03-17T08:10:10.813Z</time>
      </trkpt>
      <trkpt lat="34.60197695530951" lon="-117.58718490600586">
        <ele>885.0</ele>
        <time>2023-03-17T08:11:01.536Z</time>
      </trkpt>
      <trkpt lat="34.60197695530951" lon="-117.57830142974854">
        <ele>884.0</ele>
        <time>2023-03-17T08:11:52.504Z</time>
      </trkpt>
      <trkpt lat="34.60193403996527" lon="-117.56731510162354">
        <ele>884.0</ele>
        <time>2023-03-17T08:12:43.774Z</time>
      </trkpt>
      <trkpt lat="34.60191249847412" lon="-117.5650405883789">
        <ele>884.0</ele>
        <time>2023-03-17T08:13:35.107Z</time>
      </trkpt>
      <trkpt lat="34.60191249847412" lon="-117.56049156188965">
        <ele>882.0</ele>
        <time>2023-03-17T08:14:26.565Z</time>
      </trkpt>
      <trkpt lat="34.602084159851074" lon="-117.54281044006348">
        <ele>883.0</ele>
        <time>2023-03-17T08:15:18.510Z</time>
      </trkpt>
      <trkpt lat="34.6017409209162" lon="-117.52515077590942">
        <ele>872.0</ele>
        <time>2023-03-17T08:16:10.941Z</time>
      </trkpt>
      <trkpt lat="34.601633632555604" lon="-117.52068758010864">
        <ele>873.0</ele>
        <time>2023-03-17T08:17:03.495Z</time>
      </trkpt>
      <trkpt lat="34.60150480270386" lon="-117.51416444778442">
        <ele>872.0</ele>
        <time>2023-03-17T08:17:56.228Z</time>
      </trkpt>
      <trkpt lat="34.60148627869785" lon="-117.51300279982388">
        <ele>872.0</ele>
        <time>2023-03-17T08:18:48.993Z</time>
      </trkpt>
      <trkpt lat="34.60139759816229" lon="-117.50742673873901">
        <ele>870.0</ele>
        <time>2023-03-17T08:19:41.912Z</time>
      </trkpt>
      <trkpt lat="34.60139759816229" lon="-117.5048303604126">
        <ele>870.0</ele>
        <time>2023-03-17T08:20:34.902Z</time>
      </trkpt>
      <trkpt lat="34.60148342885077" lon="-117.50150442123413">
        <ele>869.0</ele>
        <time>2023-03-17T08:21:27.984Z</time>
      </trkpt>
      <trkpt lat="34.60148342885077" lon="-117.50147424638271">
        <ele>869.0</ele>
        <time>2023-03-17T08:22:21.066Z</time>
      </trkpt>
      <trkpt lat="34.60148342885077" lon="-117.50008821487427">
        <ele>869.0</ele>
        <time>2023-03-17T08:23:14.187Z</time>
      </trkpt>
      <trkpt lat="34.60154780186713" lon="-117.4941873550415">
        <ele>867.0</ele>
        <time>2023-03-17T08:24:07.470Z</time>
      </trkpt>
      <trkpt lat="34.60150480270386" lon="-117.48976707458496">
        <ele>865.0</ele>
        <time>2023-03-17T08:25:00.875Z</time>
      </trkpt>
      <trkpt lat="34.60156925953925" lon="-117.4834156036377">
        <ele>864.0</ele>
        <time>2023-03-17T08:25:54.454Z</time>
      </trkpt>
      <trkpt lat="34.601547718048096" lon="-117.48079776763916">
        <ele>863.0</ele>
        <time>2023-03-17T08:26:48.105Z</time>
      </trkpt>
      <trkpt lat="34.601590633392334" lon="-117.47751474380493">
        <ele>862.0</ele>
        <time>2023-03-17T08:27:41.847Z</time>
      </trkpt>
      <trkpt lat="34.601569175720215" lon="-117.47528314590454">
        <ele>861.0</ele>
        <time>2023-03-17T08:28:35.650Z</time>
      </trkpt>
      <trkpt lat="34.60163354873657" lon="-117.47399568557739">
        <ele>861.0</ele>
        <time>2023-03-17T08:29:29.489Z</time>
      </trkpt>
      <trkpt lat="34.601590633392334" lon="-117.47326612472534">
        <ele>860.0</ele>
        <time>2023-03-17T08:30:23.348Z</time>
      </trkpt>
      <trkpt lat="34.601633632555604" lon="-117.47182846069336">
        <ele>860.0</ele>
        <time>2023-03-17T08:31:17.246Z</time>
      </trkpt>
      <trkpt lat="34.60171937942505" lon="-117.45386838912964">
        <ele>860.0</ele>
        <time>2023-03-17T08:32:11.639Z</time>
      </trkpt>
      <trkpt lat="34.594295024871826" lon="-117.453932762146">
        <ele>865.0</ele>
        <time>2023-03-17T08:33:06.279Z</time>
      </trkpt>
      <trkpt lat="34.59249266423285" lon="-117.4538254737854">
        <ele>866.0</ele>
        <time>2023-03-17T08:34:00.979Z</time>
      </trkpt>
      <trkpt lat="34.59249006584287" lon="-117.4538254737854">
        <ele>866.0</ele>
        <time>2023-03-17T08:34:55.679Z</time>
      </trkpt>
      <trkpt lat="34.5869779586792" lon="-117.45388984680176">
        <ele>870.0</ele>
        <time>2023-03-17T08:35:50.562Z</time>
      </trkpt>
      <trkpt lat="34.58695650100708" lon="-117.4504566192627">
        <ele>870.0</ele>
        <time>2023-03-17T08:36:45.540Z</time>
      </trkpt>
      <trkpt lat="34.58697804249823" lon="-117.44914770126343">
        <ele>870.0</ele>
        <time>2023-03-17T08:37:40.554Z</time>
      </trkpt>
      <trkpt lat="34.58695658482611" lon="-117.44693756103516">
        <ele>870.0</ele>
        <time>2023-03-17T08:38:35.629Z</time>
      </trkpt>
      <trkpt lat="34.586849296465516" lon="-117.44159460067749">
        <ele>870.0</ele>
        <time>2023-03-17T08:39:30.851Z</time>
      </trkpt>
      <trkpt lat="34.586849212646484" lon="-117.43826866149902">
        <ele>869.0</ele>
        <time>2023-03-17T08:40:26.164Z</time>
      </trkpt>
      <trkpt lat="34.58676346577704" lon="-117.43382692337036">
        <ele>870.0</ele>
        <time>2023-03-17T08:41:21.600Z</time>
      </trkpt>
      <trkpt lat="34.58669909276068" lon="-117.4315094947815">
        <ele>870.0</ele>
        <time>2023-03-17T08:42:17.100Z</time>
      </trkpt>
      <trkpt lat="34.586656177416444" lon="-117.42895603179932">
        <ele>870.0</ele>
        <time>2023-03-17T08:43:12.670Z</time>
      </trkpt>
      <trkpt lat="34.586613262072206" lon="-117.42769002914429">
        <ele>870.0</ele>
        <time>2023-03-17T08:44:08.275Z</time>
      </trkpt>
      <trkpt lat="34.586613262072206" lon="-117.42717504501343">
        <ele>870.0</ele>
        <time>2023-03-17T08:45:03.894Z</time>
      </trkpt>
      <trkpt lat="34.586548805236816" lon="-117.42498636245728">
        <ele>870.0</ele>
        <time>2023-03-17T08:45:59.573Z</time>
      </trkpt>
      <trkpt lat="34.58646305836737" lon="-117.42065191268921">
        <ele>871.0</ele>
        <time>2023-03-17T08:46:55.371Z</time>
      </trkpt>
      <trkpt lat="34.586398685351014" lon="-117.41846323013306">
        <ele>871.0</ele>
        <time>2023-03-17T08:47:51.230Z</time>
      </trkpt>
      <trkpt lat="34.58644160069525" lon="-117.41623163223267">
        <ele>871.0</ele>
        <time>2023-03-17T08:48:47.150Z</time>
      </trkpt>
      <trkpt lat="34.58644160069525" lon="-117.41500854492188">
        <ele>871.0</ele>
        <time>2023-03-17T08:49:43.104Z</time>
      </trkpt>
      <trkpt lat="34.5864200592041" lon="-117.41453647613525">
        <ele>872.0</ele>
        <time>2023-03-17T08:50:39.071Z</time>
      </trkpt>
      <trkpt lat="34.58644160069525" lon="-117.41339921951294">
        <ele>871.0</ele>
        <time>2023-03-17T08:51:35.069Z</time>
      </trkpt>
      <trkpt lat="34.58644160069525" lon="-117.41187572479248">
        <ele>871.0</ele>
        <time>2023-03-17T08:52:31.109Z</time>
      </trkpt>
      <trkpt lat="34.58646305836737" lon="-117.41131782531738">
        <ele>871.0</ele>
        <time>2023-03-17T08:53:27.164Z</time>
      </trkpt>
      <trkpt lat="34.58646305836737" lon="-117.40955829620361">
        <ele>871.0</ele>
        <time>2023-03-17T08:54:23.268Z</time>
      </trkpt>
      <trkpt lat="34.58650597371161" lon="-117.40833520889282">
        <ele>871.0</ele>
        <time>2023-03-17T08:55:19.406Z</time>
      </trkpt>
      <trkpt lat="34.58650588989258" lon="-117.40700483322144">
        <ele>871.0</ele>
        <time>2023-03-17T08:56:15.580Z</time>
      </trkpt>
      <trkpt lat="34.58652743138373" lon="-117.40636110305786">
        <ele>871.0</ele>
        <time>2023-03-17T08:57:11.772Z</time>
      </trkpt>
      <trkpt lat="34.58652743138373" lon="-117.40515947341919">
        <ele>872.0</ele>
        <time>2023-03-17T08:58:07.997Z</time>
      </trkpt>
      <trkpt lat="34.58654888905585" lon="-117.40387201309204">
        <ele>872.0</ele>
        <time>2023-03-17T08:59:04.257Z</time>
      </trkpt>
      <trkpt lat="34.586548805236816" lon="-117.40071773529053">
        <ele>873.0</ele>
        <time>2023-03-17T09:00:00.604Z</time>
      </trkpt>
      <trkpt lat="34.59023960866034" lon="-117.400803565979">
        <ele>872.0</ele>
        <time>2023-03-17T09:00:57.074Z</time>
      </trkpt>
      <trkpt lat="34.5920205116272" lon="-117.40078210830688">
        <ele>870.0</ele>
        <time>2023-03-17T09:01:53.603Z</time>
      </trkpt>
      <trkpt lat="34.59382303990424" lon="-117.40084648132324">
        <ele>869.0</ele>
        <time>2023-03-17T09:02:50.192Z</time>
      </trkpt>
      <trkpt lat="34.59566839970648" lon="-117.40082502365112">
        <ele>868.0</ele>
        <time>2023-03-17T09:03:46.843Z</time>
      </trkpt>
      <trkpt lat="34.59740647114813" lon="-117.40086793899536">
        <ele>867.0</ele>
        <time>2023-03-17T09:04:43.552Z</time>
      </trkpt>
      <trkpt lat="34.60116156376898" lon="-117.40086793899536">
        <ele>865.0</ele>
        <time>2023-03-17T09:05:40.386Z</time>
      </trkpt>
      <trkpt lat="34.60850008763373" lon="-117.40078210830688">
        <ele>860.0</ele>
        <time>2023-03-17T09:06:37.464Z</time>
      </trkpt>
      <trkpt lat="34.61223372258246" lon="-117.40078210830688">
        <ele>858.0</ele>
        <time>2023-03-17T09:07:34.666Z</time>
      </trkpt>
      <trkpt lat="34.615774154663086" lon="-117.400803565979">
        <ele>858.0</ele>
        <time>2023-03-17T09:08:31.986Z</time>
      </trkpt>
      <trkpt lat="34.622297286987305" lon="-117.400803565979">
        <ele>853.0</ele>
        <time>2023-03-17T09:09:29.523Z</time>
      </trkpt>
      <trkpt lat="34.62289818562567" lon="-117.40067481994629">
        <ele>852.0</ele>
        <time>2023-03-17T09:10:27.080Z</time>
      </trkpt>
      <trkpt lat="34.630374340340495" lon="-117.40078068338335">
        <ele>847.0</ele>
        <time>2023-03-17T09:11:24.886Z</time>
      </trkpt>
      <trkpt lat="34.63048900477588" lon="-117.40075788460672">
        <ele>847.0</ele>
        <time>2023-03-17T09:12:22.696Z</time>
      </trkpt>
      <trkpt lat="34.630550779402256" lon="-117.40044666454196">
        <ele>847.0</ele>
        <time>2023-03-17T09:13:20.515Z</time>
      </trkpt>
      <trkpt lat="34.630533177405596" lon="-117.39848295226693">
        <ele>849.0</ele>
        <time>2023-03-17T09:14:18.388Z</time>
      </trkpt>
      <trkpt lat="34.630541978403926" lon="-117.39650859497488">
        <ele>849.0</ele>
        <time>2023-03-17T09:15:16.315Z</time>
      </trkpt>
      <trkpt lat="34.630524292588234" lon="-117.3919158987701">
        <ele>851.0</ele>
        <time>2023-03-17T09:16:14.369Z</time>
      </trkpt>
      <trkpt lat="34.630533177405596" lon="-117.38062748685479">
        <ele>852.0</ele>
        <time>2023-03-17T09:17:12.733Z</time>
      </trkpt>
      <trkpt lat="34.63049780577421" lon="-117.37477934919298">
        <ele>854.0</ele>
        <time>2023-03-17T09:18:11.258Z</time>
      </trkpt>
      <trkpt lat="34.634486166760325" lon="-117.37519785761833">
        <ele>852.0</ele>
        <time>2023-03-17T09:19:09.916Z</time>
      </trkpt>
      <trkpt lat="34.64507879689336" lon="-117.37639320082963">
        <ele>846.0</ele>
        <time>2023-03-17T09:20:08.928Z</time>
      </trkpt>
      <trkpt lat="34.64509899728" lon="-117.37637082114816">
        <ele>846.0</ele>
        <time>2023-03-17T09:21:07.941Z</time>
      </trkpt>
      <trkpt lat="34.657195676118135" lon="-117.37773053348064">
        <ele>839.0</ele>
        <time>2023-03-17T09:22:07.359Z</time>
      </trkpt>
      <trkpt lat="34.661588463932276" lon="-117.37818122841418">
        <ele>837.0</ele>
        <time>2023-03-17T09:23:06.923Z</time>
      </trkpt>
      <trkpt lat="34.67109655961394" lon="-117.37923282198608">
        <ele>834.0</ele>
        <time>2023-03-17T09:24:06.805Z</time>
      </trkpt>
      <trkpt lat="34.675259264186025" lon="-117.37970497459173">
        <ele>833.0</ele>
        <time>2023-03-17T09:25:06.826Z</time>
      </trkpt>
      <trkpt lat="34.6766350697726" lon="-117.37987663596869">
        <ele>834.0</ele>
        <time>2023-03-17T09:26:06.893Z</time>
      </trkpt>
      <trkpt lat="34.67663993127644" lon="-117.3798499815166">
        <ele>834.0</ele>
        <time>2023-03-17T09:27:06.961Z</time>
      </trkpt>
      <trkpt lat="34.677099930122495" lon="-117.37988996319473">
        <ele>834.0</ele>
        <time>2023-03-17T09:28:07.044Z</time>
      </trkpt>
      <trkpt lat="34.67751994729042" lon="-117.37985995598137">
        <ele>834.0</ele>
        <time>2023-03-17T09:29:07.141Z</time>
      </trkpt>
      <trkpt lat="34.67775992117822" lon="-117.37979994155467">
        <ele>834.0</ele>
        <time>2023-03-17T09:30:07.246Z</time>
      </trkpt>
      <trkpt lat="34.68023995868862" lon="-117.3789799399674">
        <ele>833.0</ele>
        <time>2023-03-17T09:31:07.437Z</time>
      </trkpt>
      <trkpt lat="34.680919982492924" lon="-117.37873996607959">
        <ele>833.0</ele>
        <time>2023-03-17T09:32:07.652Z</time>
      </trkpt>
      <trkpt lat="34.688979936763644" lon="-117.37606999464333">
        <ele>825.0</ele>
        <time>2023-03-17T09:33:08.145Z</time>
      </trkpt>
      <trkpt lat="34.70191991887987" lon="-117.37166999839246">
        <ele>818.0</ele>
        <time>2023-03-17T09:34:09.085Z</time>
      </trkpt>
      <trkpt lat="34.70654999837279" lon="-117.37012999132276">
        <ele>816.0</ele>
        <time>2023-03-17T09:35:10.185Z</time>
      </trkpt>
      <trkpt lat="34.70705995336175" lon="-117.36993997357786">
        <ele>816.0</ele>
        <time>2023-03-17T09:36:11.303Z</time>
      </trkpt>
      <trkpt lat="34.70756999216974" lon="-117.36964995972812">
        <ele>815.0</ele>
        <time>2023-03-17T09:37:12.439Z</time>
      </trkpt>
      <trkpt lat="34.71305997110903" lon="-117.36629996448755">
        <ele>812.0</ele>
        <time>2023-03-17T09:38:13.780Z</time>
      </trkpt>
      <trkpt lat="34.71334998495877" lon="-117.3660799395293">
        <ele>812.0</ele>
        <time>2023-03-17T09:39:15.132Z</time>
      </trkpt>
      <trkpt lat="34.71375994384289" lon="-117.36570996232331">
        <ele>810.0</ele>
        <time>2023-03-17T09:40:16.501Z</time>
      </trkpt>
      <trkpt lat="34.71524999476969" lon="-117.36361993476748">
        <ele>803.0</ele>
        <time>2023-03-17T09:41:17.946Z</time>
      </trkpt>
      <trkpt lat="34.715729942545295" lon="-117.36299992538989">
        <ele>800.0</ele>
        <time>2023-03-17T09:42:19.415Z</time>
      </trkpt>
      <trkpt lat="34.718369990587234" lon="-117.35939998179674">
        <ele>790.0</ele>
        <time>2023-03-17T09:43:21.016Z</time>
      </trkpt>
      <trkpt lat="34.72179994918406" lon="-117.3547899350524">
        <ele>775.0</ele>
        <time>2023-03-17T09:44:22.787Z</time>
      </trkpt>
      <trkpt lat="34.72272992134094" lon="-117.35387999564409">
        <ele>774.0</ele>
        <time>2023-03-17T09:45:24.598Z</time>
      </trkpt>
      <trkpt lat="34.723549922928214" lon="-117.35296997241676">
        <ele>769.0</ele>
        <time>2023-03-17T09:46:26.446Z</time>
      </trkpt>
      <trkpt lat="34.7238199878484" lon="-117.3526399768889">
        <ele>769.0</ele>
        <time>2023-03-17T09:47:28.307Z</time>
      </trkpt>
      <trkpt lat="34.724089968949556" lon="-117.3522699996829">
        <ele>768.0</ele>
        <time>2023-03-17T09:48:30.181Z</time>
      </trkpt>
      <trkpt lat="34.72477996721864" lon="-117.35118999145925">
        <ele>766.0</ele>
        <time>2023-03-17T09:49:32.093Z</time>
      </trkpt>
      <trkpt lat="34.72493997775018" lon="-117.3508399631828">
        <ele>765.0</ele>
        <time>2023-03-17T09:50:34.016Z</time>
      </trkpt>
      <trkpt lat="34.724969984963536" lon="-117.35063997097313">
        <ele>764.0</ele>
        <time>2023-03-17T09:51:35.945Z</time>
      </trkpt>
      <trkpt lat="34.724949952214956" lon="-117.34795994125307">
        <ele>759.0</ele>
        <time>2023-03-17T09:52:37.947Z</time>
      </trkpt>
      <trkpt lat="34.72501994110644" lon="-117.34774997457862">
        <ele>758.0</ele>
        <time>2023-03-17T09:53:39.955Z</time>
      </trkpt>
      <trkpt lat="34.72535999491811" lon="-117.34764997847378">
        <ele>759.0</ele>
        <time>2023-03-17T09:54:41.975Z</time>
      </trkpt>
      <trkpt lat="34.725439958274364" lon="-117.3475699312985">
        <ele>758.0</ele>
        <time>2023-03-17T09:55:43.999Z</time>
      </trkpt>
      <trkpt lat="34.7255399543792" lon="-117.34724999405444">
        <ele>758.0</ele>
        <time>2023-03-17T09:56:46.032Z</time>
      </trkpt>
      <trkpt lat="34.72562997601926" lon="-117.34684992581606">
        <ele>757.0</ele>
        <time>2023-03-17T09:57:48.076Z</time>
      </trkpt>
      <trkpt lat="34.72579996101558" lon="-117.34631993807852">
        <ele>757.0</ele>
        <time>2023-03-17T09:58:50.136Z</time>
      </trkpt>
      <trkpt lat="34.72598997876048" lon="-117.34591995365918">
        <ele>755.0</ele>
        <time>2023-03-17T09:59:52.209Z</time>
      </trkpt>
      <trkpt lat="34.726169938221574" lon="-117.34559993259609">
        <ele>754.0</ele>
        <time>2023-03-17T10:00:54.292Z</time>
      </trkpt>
      <trkpt lat="34.72643991932273" lon="-117.34521998092532">
        <ele>753.0</ele>
        <time>2023-03-17T10:01:56.389Z</time>
      </trkpt>
      <trkpt lat="34.726429944857955" lon="-117.34514999203384">
        <ele>752.0</ele>
        <time>2023-03-17T10:02:58.488Z</time>
      </trkpt>
      <trkpt lat="34.72684996202588" lon="-117.34458999708295">
        <ele>750.0</ele>
        <time>2023-03-17T10:04:00.608Z</time>
      </trkpt>
      <trkpt lat="34.72742998972535" lon="-117.34382992610335">
        <ele>750.0</ele>
        <time>2023-03-17T10:05:02.756Z</time>
      </trkpt>
      <trkpt lat="34.72785998135805" lon="-117.34334997832775">
        <ele>749.0</ele>
        <time>2023-03-17T10:06:04.924Z</time>
      </trkpt>
      <trkpt lat="34.72845995798707" lon="-117.34276995062828">
        <ele>748.0</ele>
        <time>2023-03-17T10:07:07.117Z</time>
      </trkpt>
      <trkpt lat="34.72870999015868" lon="-117.34254992567003">
        <ele>748.0</ele>
        <time>2023-03-17T10:08:09.321Z</time>
      </trkpt>
      <trkpt lat="34.729961324483156" lon="-117.34176026657224">
        <ele>747.0</ele>
        <time>2023-03-17T10:09:11.572Z</time>
      </trkpt>
      <trkpt lat="34.732847632840276" lon="-117.3405209183693">
        <ele>745.0</ele>
        <time>2023-03-17T10:10:13.924Z</time>
      </trkpt>
      <trkpt lat="34.73531451076269" lon="-117.33939715661108">
        <ele>745.0</ele>
        <time>2023-03-17T10:11:16.364Z</time>
      </trkpt>
      <trkpt lat="34.73743840120733" lon="-117.33823827467859">
        <ele>743.0</ele>
        <time>2023-03-17T10:12:18.882Z</time>
      </trkpt>
      <trkpt lat="34.73952692002058" lon="-117.33706866391003">
        <ele>743.0</ele>
        <time>2023-03-17T10:13:21.476Z</time>
      </trkpt>
      <trkpt lat="34.7418709192425" lon="-117.33566293492913">
        <ele>742.0</ele>
        <time>2023-03-17T10:14:24.157Z</time>
      </trkpt>
      <trkpt lat="34.742452539503574" lon="-117.3352981545031">
        <ele>741.0</ele>
        <time>2023-03-17T10:15:26.860Z</time>
      </trkpt>
      <trkpt lat="34.74306936375797" lon="-117.33499766327441">
        <ele>741.0</ele>
        <time>2023-03-17T10:16:29.585Z</time>
      </trkpt>
      <trkpt lat="34.743059976026416" lon="-117.33496991917491">
        <ele>741.0</ele>
        <time>2023-03-17T10:17:32.311Z</time>
      </trkpt>
      <trkpt lat="34.743509916588664" lon="-117.3348099924624">
        <ele>740.0</ele>
        <time>2023-03-17T10:18:35.053Z</time>
      </trkpt>
      <trkpt lat="34.743959940969944" lon="-117.33470999635756">
        <ele>740.0</ele>
        <time>2023-03-17T10:19:37.810Z</time>
      </trkpt>
      <trkpt lat="34.74425992928445" lon="-117.3346699308604">
        <ele>739.0</ele>
        <time>2023-03-17T10:20:40.577Z</time>
      </trkpt>
      <trkpt lat="34.744562013074756" lon="-117.33465735800564">
        <ele>739.0</ele>
        <time>2023-03-17T10:21:43.354Z</time>
      </trkpt>
      <trkpt lat="34.744522366672754" lon="-117.3339706286788">
        <ele>739.0</ele>
        <time>2023-03-17T10:22:46.150Z</time>
      </trkpt>
      <trkpt lat="34.74446067586541" lon="-117.33346628956497">
        <ele>739.0</ele>
        <time>2023-03-17T10:23:48.960Z</time>
      </trkpt>
      <trkpt lat="34.74439018405974" lon="-117.33321416191757">
        <ele>739.0</ele>
        <time>2023-03-17T10:24:51.777Z</time>
      </trkpt>
      <trkpt lat="34.744271244853735" lon="-117.33292976394296">
        <ele>740.0</ele>
        <time>2023-03-17T10:25:54.603Z</time>
      </trkpt>
      <trkpt lat="34.743729354813695" lon="-117.33189426362514">
        <ele>740.0</ele>
        <time>2023-03-17T10:26:57.463Z</time>
      </trkpt>
      <trkpt lat="34.74320498295128" lon="-117.33093922957778">
        <ele>739.0</ele>
        <time>2023-03-17T10:28:00.354Z</time>
      </trkpt>
      <trkpt lat="34.74302435293794" lon="-117.3307085596025">
        <ele>739.0</ele>
        <time>2023-03-17T10:29:03.254Z</time>
      </trkpt>
      <trkpt lat="34.74284372292459" lon="-117.3305476270616">
        <ele>739.0</ele>
        <time>2023-03-17T10:30:06.161Z</time>
      </trkpt>
      <trkpt lat="34.7426410485059" lon="-117.33041343279183">
        <ele>739.0</ele>
        <time>2023-03-17T10:31:09.076Z</time>
      </trkpt>
      <trkpt lat="34.74231499247253" lon="-117.33026859350502">
        <ele>740.0</ele>
        <time>2023-03-17T10:32:12.003Z</time>
      </trkpt>
      <trkpt lat="34.74203746765852" lon="-117.33019349165261">
        <ele>740.0</ele>
        <time>2023-03-17T10:33:14.939Z</time>
      </trkpt>
      <trkpt lat="34.74076853133738" lon="-117.33019885607064">
        <ele>741.0</ele>
        <time>2023-03-17T10:34:17.917Z</time>
      </trkpt>
      <trkpt lat="34.739865213632584" lon="-117.33017739839852">
        <ele>742.0</ele>
        <time>2023-03-17T10:35:20.925Z</time>
      </trkpt>
      <trkpt lat="34.73579118959606" lon="-117.33002895489335">
        <ele>745.0</ele>
        <time>2023-03-17T10:36:24.069Z</time>
      </trkpt>
      <trkpt lat="34.73364089615643" lon="-117.33006114140153">
        <ele>747.0</ele>
        <time>2023-03-17T10:37:27.285Z</time>
      </trkpt>
      <trkpt lat="34.73342933692038" lon="-117.329964581877">
        <ele>747.0</ele>
        <time>2023-03-17T10:38:30.508Z</time>
      </trkpt>
      <trkpt lat="34.73314736969769" lon="-117.32973919250071">
        <ele>748.0</ele>
        <time>2023-03-17T10:39:33.742Z</time>
      </trkpt>
      <trkpt lat="34.731989996507764" lon="-117.32650998048484">
        <ele>754.0</ele>
        <time>2023-03-17T10:40:37.073Z</time>
      </trkpt>
      <trkpt lat="34.73831992596388" lon="-117.32388996519148">
        <ele>748.0</ele>
        <time>2023-03-17T10:41:40.627Z</time>
      </trkpt>
      <trkpt lat="34.739109920337796" lon="-117.32360992580652">
        <ele>748.0</ele>
        <time>2023-03-17T10:42:44.208Z</time>
      </trkpt>
      <trkpt lat="34.73902995698154" lon="-117.3236299585551">
        <ele>748.0</ele>
        <time>2023-03-17T10:43:47.792Z</time>
      </trkpt>
      <trkpt lat="34.74261992610991" lon="-117.32256998308003">
        <ele>747.0</ele>
        <time>2023-03-17T10:44:51.499Z</time>
      </trkpt>
      <trkpt lat="34.74308998323977" lon="-117.32244995422661">
        <ele>747.0</ele>
        <time>2023-03-17T10:45:55.222Z</time>
      </trkpt>
      <trkpt lat="34.744929978623986" lon="-117.32210998423398">
        <ele>744.0</ele>
        <time>2023-03-17T10:46:59.007Z</time>
      </trkpt>
      <trkpt lat="34.74536994472146" lon="-117.32198995538056">
        <ele>743.0</ele>
        <time>2023-03-17T10:48:02.807Z</time>
      </trkpt>
      <trkpt lat="34.74689997732639" lon="-117.32114992104471">
        <ele>746.0</ele>
        <time>2023-03-17T10:49:06.663Z</time>
      </trkpt>
      <trkpt lat="34.74723994731903" lon="-117.32092997990549">
        <ele>746.0</ele>
        <time>2023-03-17T10:50:10.531Z</time>
      </trkpt>
      <trkpt lat="34.74753993563354" lon="-117.3206699732691">
        <ele>744.0</ele>
        <time>2023-03-17T10:51:14.412Z</time>
      </trkpt>
      <trkpt lat="34.747889963909984" lon="-117.32028993777931">
        <ele>747.0</ele>
        <time>2023-03-17T10:52:18.308Z</time>
      </trkpt>
      <trkpt lat="34.74809993058443" lon="-117.3199899494648">
        <ele>747.0</ele>
        <time>2023-03-17T10:53:22.215Z</time>
      </trkpt>
      <trkpt lat="34.74830998107791" lon="-117.31958996504545">
        <ele>747.0</ele>
        <time>2023-03-17T10:54:26.135Z</time>
      </trkpt>
      <trkpt lat="34.75023999810219" lon="-117.31509994715452">
        <ele>757.0</ele>
        <time>2023-03-17T10:55:30.194Z</time>
      </trkpt>
      <trkpt lat="34.7503499686718" lon="-117.31470993719995">
        <ele>759.0</ele>
        <time>2023-03-17T10:56:34.265Z</time>
      </trkpt>
      <trkpt lat="34.750429932028055" lon="-117.31429997831583">
        <ele>763.0</ele>
        <time>2023-03-17T10:57:38.347Z</time>
      </trkpt>
      <trkpt lat="34.75051995366812" lon="-117.31322994455695">
        <ele>769.0</ele>
        <time>2023-03-17T10:58:42.459Z</time>
      </trkpt>
      <trkpt lat="34.75056999363005" lon="-117.31200995855033">
        <ele>774.0</ele>
        <time>2023-03-17T10:59:46.604Z</time>
      </trkpt>
      <trkpt lat="34.75051995366812" lon="-117.31146999634802">
        <ele>777.0</ele>
        <time>2023-03-17T11:00:50.764Z</time>
      </trkpt>
      <trkpt lat="34.75043999031186" lon="-117.31111996807158">
        <ele>778.0</ele>
        <time>2023-03-17T11:01:54.934Z</time>
      </trkpt>
      <trkpt lat="34.75030998699367" lon="-117.31074999086559">
        <ele>777.0</ele>
        <time>2023-03-17T11:02:59.115Z</time>
      </trkpt>
      <trkpt lat="34.750149976462126" lon="-117.31041999533772">
        <ele>778.0</ele>
        <time>2023-03-17T11:04:03.307Z</time>
      </trkpt>
      <trkpt lat="34.74903996102512" lon="-117.308509927243">
        <ele>785.0</ele>
        <time>2023-03-17T11:05:07.563Z</time>
      </trkpt>
      <trkpt lat="34.74876997992396" lon="-117.3078999761492">
        <ele>787.0</ele>
        <time>2023-03-17T11:06:11.838Z</time>
      </trkpt>
      <trkpt lat="34.74807998165488" lon="-117.30570995248854">
        <ele>797.0</ele>
        <time>2023-03-17T11:07:16.177Z</time>
      </trkpt>
      <trkpt lat="34.74796992726624" lon="-117.30529999360442">
        <ele>798.0</ele>
        <time>2023-03-17T11:08:20.528Z</time>
      </trkpt>
      <trkpt lat="34.74789993837476" lon="-117.3049399908632">
        <ele>799.0</ele>
        <time>2023-03-17T11:09:24.889Z</time>
      </trkpt>
      <trkpt lat="34.747849982231855" lon="-117.30422995984554">
        <ele>799.0</ele>
        <time>2023-03-17T11:10:29.270Z</time>
      </trkpt>
      <trkpt lat="34.74787998944521" lon="-117.30385998263955">
        <ele>798.0</ele>
        <time>2023-03-17T11:11:33.661Z</time>
      </trkpt>
      <trkpt lat="34.74794997833669" lon="-117.30342999100685">
        <ele>796.0</ele>
        <time>2023-03-17T11:12:38.064Z</time>
      </trkpt>
      <trkpt lat="34.74959995597601" lon="-117.29628995060921">
        <ele>798.0</ele>
        <time>2023-03-17T11:13:42.671Z</time>
      </trkpt>
      <trkpt lat="34.7497299592942" lon="-117.29590999893844">
        <ele>797.0</ele>
        <time>2023-03-17T11:14:47.289Z</time>
      </trkpt>
      <trkpt lat="34.74998996593058" lon="-117.29532997123897">
        <ele>796.0</ele>
        <time>2023-03-17T11:15:51.925Z</time>
      </trkpt>
      <trkpt lat="34.750209990888834" lon="-117.29503995738924">
        <ele>796.0</ele>
        <time>2023-03-17T11:16:56.572Z</time>
      </trkpt>
      <trkpt lat="34.7639799490571" lon="-117.27848997339606">
        <ele>767.0</ele>
        <time>2023-03-17T11:18:01.865Z</time>
      </trkpt>
      <trkpt lat="34.76961996406317" lon="-117.27205996401608">
        <ele>759.0</ele>
        <time>2023-03-17T11:19:07.415Z</time>
      </trkpt>
      <trkpt lat="34.77034994401038" lon="-117.27119998075068">
        <ele>758.0</ele>
        <time>2023-03-17T11:20:12.999Z</time>
      </trkpt>
      <trkpt lat="34.77859999984503" lon="-117.26182993501425">
        <ele>745.0</ele>
        <time>2023-03-17T11:21:18.959Z</time>
      </trkpt>
      <trkpt lat="34.77892999537289" lon="-117.26141997613013">
        <ele>744.0</ele>
        <time>2023-03-17T11:22:24.935Z</time>
      </trkpt>
      <trkpt lat="34.78315992280841" lon="-117.25479994900525">
        <ele>739.0</ele>
        <time>2023-03-17T11:23:31.141Z</time>
      </trkpt>
      <trkpt lat="34.78345999494195" lon="-117.25421992130578">
        <ele>737.0</ele>
        <time>2023-03-17T11:24:37.366Z</time>
      </trkpt>
      <trkpt lat="34.786009937524796" lon="-117.24843992851675">
        <ele>727.0</ele>
        <time>2023-03-17T11:25:43.771Z</time>
      </trkpt>
      <trkpt lat="34.78738993406296" lon="-117.24571991711855">
        <ele>719.0</ele>
        <time>2023-03-17T11:26:50.264Z</time>
      </trkpt>
      <trkpt lat="34.78886992670596" lon="-117.24293997511268">
        <ele>721.0</ele>
        <time>2023-03-17T11:27:56.847Z</time>
      </trkpt>
      <trkpt lat="34.78958993218839" lon="-117.24146995693445">
        <ele>720.0</ele>
        <time>2023-03-17T11:29:03.477Z</time>
      </trkpt>
      <trkpt lat="34.79153998196125" lon="-117.2373699489981">
        <ele>721.0</ele>
        <time>2023-03-17T11:30:10.237Z</time>
      </trkpt>
      <trkpt lat="34.7921799402684" lon="-117.23590998910367">
        <ele>719.0</ele>
        <time>2023-03-17T11:31:17.043Z</time>
      </trkpt>
      <trkpt lat="34.79774996638298" lon="-117.22264998592436">
        <ele>714.0</ele>
        <time>2023-03-17T11:32:24.257Z</time>
      </trkpt>
      <trkpt lat="34.79806998744607" lon="-117.22183995880187">
        <ele>714.0</ele>
        <time>2023-03-17T11:33:31.496Z</time>
      </trkpt>
      <trkpt lat="34.800529992207885" lon="-117.21402995288372">
        <ele>708.0</ele>
        <time>2023-03-17T11:34:38.964Z</time>
      </trkpt>
      <trkpt lat="34.800919918343425" lon="-117.21285992302">
        <ele>709.0</ele>
        <time>2023-03-17T11:35:46.467Z</time>
      </trkpt>
      <trkpt lat="34.80115997605026" lon="-117.21221996471286">
        <ele>708.0</ele>
        <time>2023-03-17T11:36:53.989Z</time>
      </trkpt>
      <trkpt lat="34.80152995325625" lon="-117.21133994869888">
        <ele>708.0</ele>
        <time>2023-03-17T11:38:01.538Z</time>
      </trkpt>
      <trkpt lat="34.80238993652165" lon="-117.2095999494195">
        <ele>707.0</ele>
        <time>2023-03-17T11:39:09.143Z</time>
      </trkpt>
      <trkpt lat="34.80264994315803" lon="-117.20913995057344">
        <ele>707.0</ele>
        <time>2023-03-17T11:40:16.763Z</time>
      </trkpt>
      <trkpt lat="34.8029899969697" lon="-117.20863997004926">
        <ele>706.0</ele>
        <time>2023-03-17T11:41:24.401Z</time>
      </trkpt>
      <trkpt lat="34.80329995974898" lon="-117.20823998562992">
        <ele>706.0</ele>
        <time>2023-03-17T11:42:32.054Z</time>
      </trkpt>
      <trkpt lat="34.80631995946169" lon="-117.20473995432258">
        <ele>700.0</ele>
        <time>2023-03-17T11:43:39.846Z</time>
      </trkpt>
      <trkpt lat="34.81875996105373" lon="-117.19015996903181">
        <ele>696.0</ele>
        <time>2023-03-17T11:44:48.214Z</time>
      </trkpt>
      <trkpt lat="34.819179978221655" lon="-117.18970994465053">
        <ele>696.0</ele>
        <time>2023-03-17T11:45:56.601Z</time>
      </trkpt>
      <trkpt lat="34.819579962641" lon="-117.18934994190931">
        <ele>696.0</ele>
        <time>2023-03-17T11:47:05.004Z</time>
      </trkpt>
      <trkpt lat="34.82011992484331" lon="-117.1889399830252">
        <ele>696.0</ele>
        <time>2023-03-17T11:48:13.429Z</time>
      </trkpt>
      <trkpt lat="34.820579923689365" lon="-117.18862993642688">
        <ele>696.0</ele>
        <time>2023-03-17T11:49:21.871Z</time>
      </trkpt>
      <trkpt lat="34.826809940859675" lon="-117.18482991680503">
        <ele>700.0</ele>
        <time>2023-03-17T11:50:30.545Z</time>
      </trkpt>
      <trkpt lat="34.82716994360089" lon="-117.18456999398768">
        <ele>701.0</ele>
        <time>2023-03-17T11:51:39.233Z</time>
      </trkpt>
      <trkpt lat="34.827449982985854" lon="-117.18431996181607">
        <ele>701.0</ele>
        <time>2023-03-17T11:52:47.933Z</time>
      </trkpt>
      <trkpt lat="34.82774997130036" lon="-117.18397999182343">
        <ele>702.0</ele>
        <time>2023-03-17T11:53:56.646Z</time>
      </trkpt>
      <trkpt lat="34.82878999784589" lon="-117.18247996643186">
        <ele>703.0</ele>
        <time>2023-03-17T11:55:05.413Z</time>
      </trkpt>
      <trkpt lat="34.82967998832464" lon="-117.1811599843204">
        <ele>705.0</ele>
        <time>2023-03-17T11:56:14.227Z</time>
      </trkpt>
      <trkpt lat="34.83023998327553" lon="-117.1802899427712">
        <ele>707.0</ele>
        <time>2023-03-17T11:57:23.071Z</time>
      </trkpt>
      <trkpt lat="34.831039952114224" lon="-117.17897993512452">
        <ele>711.0</ele>
        <time>2023-03-17T11:58:31.960Z</time>
      </trkpt>
      <trkpt lat="34.83394998125732" lon="-117.17410996556282">
        <ele>724.0</ele>
        <time>2023-03-17T11:59:41.014Z</time>
      </trkpt>
      <trkpt lat="34.834199929609895" lon="-117.17363999225199">
        <ele>724.0</ele>
        <time>2023-03-17T12:00:50.083Z</time>
      </trkpt>
      <trkpt lat="34.83439992181957" lon="-117.17319994233549">
        <ele>724.0</ele>
        <time>2023-03-17T12:01:59.166Z</time>
      </trkpt>
      <trkpt lat="34.834759924560785" lon="-117.17224993743002">
        <ele>724.0</ele>
        <time>2023-03-17T12:03:08.278Z</time>
      </trkpt>
      <trkpt lat="34.83614997938275" lon="-117.16820994392037">
        <ele>725.0</ele>
        <time>2023-03-17T12:04:17.510Z</time>
      </trkpt>
      <trkpt lat="34.83641996048391" lon="-117.16755992732942">
        <ele>723.0</ele>
        <time>2023-03-17T12:05:26.762Z</time>
      </trkpt>
      <trkpt lat="34.83665993437171" lon="-117.16713999398053">
        <ele>724.0</ele>
        <time>2023-03-17T12:06:36.028Z</time>
      </trkpt>
      <trkpt lat="34.836949948221445" lon="-117.16667999513447">
        <ele>722.0</ele>
        <time>2023-03-17T12:07:45.310Z</time>
      </trkpt>
      <trkpt lat="34.850379936397076" lon="-117.1473499853164">
        <ele>715.0</ele>
        <time>2023-03-17T12:08:55.285Z</time>
      </trkpt>
      <trkpt lat="34.87242995761335" lon="-117.11823997087777">
        <ele>686.0</ele>
        <time>2023-03-17T12:10:06.345Z</time>
      </trkpt>
      <trkpt lat="34.873149963095784" lon="-117.11708997376263">
        <ele>687.0</ele>
        <time>2023-03-17T12:11:17.445Z</time>
      </trkpt>
      <trkpt lat="34.87420993857086" lon="-117.11508996784687">
        <ele>686.0</ele>
        <time>2023-03-17T12:12:28.610Z</time>
      </trkpt>
      <trkpt lat="34.87685996107757" lon="-117.1103099361062">
        <ele>685.0</ele>
        <time>2023-03-17T12:13:39.933Z</time>
      </trkpt>
      <trkpt lat="34.87878997810185" lon="-117.10536997765303">
        <ele>683.0</ele>
        <time>2023-03-17T12:14:51.406Z</time>
      </trkpt>
      <trkpt lat="34.88040994852781" lon="-117.10137994028628">
        <ele>685.0</ele>
        <time>2023-03-17T12:16:03.001Z</time>
      </trkpt>
      <trkpt lat="34.88076995126903" lon="-117.10043999366462">
        <ele>684.0</ele>
        <time>2023-03-17T12:17:14.624Z</time>
      </trkpt>
      <trkpt lat="34.88088998012245" lon="-117.1000799909234">
        <ele>685.0</ele>
        <time>2023-03-17T12:18:26.258Z</time>
      </trkpt>
      <trkpt lat="34.88108997233212" lon="-117.09930994547904">
        <ele>686.0</ele>
        <time>2023-03-17T12:19:37.914Z</time>
      </trkpt>
      <trkpt lat="34.881549971178174" lon="-117.09675991907716">
        <ele>684.0</ele>
        <time>2023-03-17T12:20:49.642Z</time>
      </trkpt>
      <trkpt lat="34.882049951702356" lon="-117.09474993869662">
        <ele>679.0</ele>
        <time>2023-03-17T12:22:01.427Z</time>
      </trkpt>
      <trkpt lat="34.88692997954786" lon="-117.0756999682635">
        <ele>679.0</ele>
        <time>2023-03-17T12:23:13.759Z</time>
      </trkpt>
      <trkpt lat="34.89666991867125" lon="-117.03723994083703">
        <ele>661.0</ele>
        <time>2023-03-17T12:24:27.195Z</time>
      </trkpt>
      <trkpt lat="34.89705992862582" lon="-117.03585994429886">
        <ele>663.0</ele>
        <time>2023-03-17T12:25:40.671Z</time>
      </trkpt>
      <trkpt lat="34.89797992631793" lon="-117.03277993015945">
        <ele>683.0</ele>
        <time>2023-03-17T12:26:54.237Z</time>
      </trkpt>
      <trkpt lat="34.898459957912564" lon="-117.03062997199595">
        <ele>674.0</ele>
        <time>2023-03-17T12:28:07.864Z</time>
      </trkpt>
      <trkpt lat="34.89859993569553" lon="-117.03009998425841">
        <ele>671.0</ele>
        <time>2023-03-17T12:29:21.506Z</time>
      </trkpt>
      <trkpt lat="34.898759946227074" lon="-117.0291699282825">
        <ele>665.0</ele>
        <time>2023-03-17T12:30:35.174Z</time>
      </trkpt>
      <trkpt lat="34.8987499717623" lon="-117.02719992958009">
        <ele>662.0</ele>
        <time>2023-03-17T12:31:48.896Z</time>
      </trkpt>
      <trkpt lat="34.8992299195379" lon="-117.0272099878639">
        <ele>659.0</ele>
        <time>2023-03-17T12:33:02.634Z</time>
      </trkpt>
      <trkpt lat="34.90033993497491" lon="-117.02718995511532">
        <ele>657.0</ele>
        <time>2023-03-17T12:34:16.409Z</time>
      </trkpt>
      <trkpt lat="34.9013299215585" lon="-117.02719992958009">
        <ele>654.0</ele>
        <time>2023-03-17T12:35:30.217Z</time>
      </trkpt>
      <trkpt lat="34.90181992761791" lon="-117.02717998065054">
        <ele>651.0</ele>
        <time>2023-03-17T12:36:44.041Z</time>
      </trkpt>
      <trkpt lat="34.90214992314577" lon="-117.0272099878639">
        <ele>649.0</ele>
        <time>2023-03-17T12:37:57.876Z</time>
      </trkpt>
      <trkpt lat="34.904089998453856" lon="-117.02722993679345">
        <ele>643.0</ele>
        <time>2023-03-17T12:39:11.776Z</time>
      </trkpt>
      <trkpt lat="34.904389986768365" lon="-117.02718995511532">
        <ele>643.0</ele>
        <time>2023-03-17T12:40:25.686Z</time>
      </trkpt>
      <trkpt lat="34.90465996786952" lon="-117.02703991904855">
        <ele>643.0</ele>
        <time>2023-03-17T12:41:39.606Z</time>
      </trkpt>
      <trkpt lat="34.90485996007919" lon="-117.02688996680081">
        <ele>642.0</ele>
        <time>2023-03-17T12:42:53.534Z</time>
      </trkpt>
      <trkpt lat="34.90506992675364" lon="-117.02661998569965">
        <ele>642.0</ele>
        <time>2023-03-17T12:44:07.472Z</time>
      </trkpt>
      <trkpt lat="34.90514997392893" lon="-117.02646994963288">
        <ele>642.0</ele>
        <time>2023-03-17T12:45:21.415Z</time>
      </trkpt>
      <trkpt lat="34.90525994449854" lon="-117.02616996131837">
        <ele>642.0</ele>
        <time>2023-03-17T12:46:35.367Z</time>
      </trkpt>
      <trkpt lat="34.90530998446047" lon="-117.02575991861522">
        <ele>641.0</ele>
        <time>2023-03-17T12:47:49.330Z</time>
      </trkpt>
      <trkpt lat="34.90530998446047" lon="-117.02400994487107">
        <ele>641.0</ele>
        <time>2023-03-17T12:49:03.341Z</time>
      </trkpt>
      <trkpt lat="34.90532993339002" lon="-117.02365991659462">
        <ele>641.0</ele>
        <time>2023-03-17T12:50:17.362Z</time>
      </trkpt>
      <trkpt lat="34.90540998056531" lon="-117.02333997935057">
        <ele>641.0</ele>
        <time>2023-03-17T12:51:31.392Z</time>
      </trkpt>
      <trkpt lat="34.90547996945679" lon="-117.02314996160567">
        <ele>641.0</ele>
        <time>2023-03-17T12:52:45.427Z</time>
      </trkpt>
      <trkpt lat="34.90555993281305" lon="-117.02298995107412">
        <ele>641.0</ele>
        <time>2023-03-17T12:53:59.468Z</time>
      </trkpt>
      <trkpt lat="34.90572991780937" lon="-117.02276992611587">
        <ele>641.0</ele>
        <time>2023-03-17T12:55:13.517Z</time>
      </trkpt>
      <trkpt lat="34.906799951568246" lon="-117.02180994674563">
        <ele>646.0</ele>
        <time>2023-03-17T12:56:27.610Z</time>
      </trkpt>
      <trkpt lat="34.90783997811377" lon="-117.02094996348023">
        <ele>641.0</ele>
        <time>2023-03-17T12:57:41.745Z</time>
      </trkpt>
      <trkpt lat="34.90894999355078" lon="-117.01991999521852">
        <ele>640.0</ele>
        <time>2023-03-17T12:58:55.926Z</time>
      </trkpt>
      <trkpt lat="34.913199953734875" lon="-117.0162199717015">
        <ele>639.0</ele>
        <time>2023-03-17T13:00:10.282Z</time>
      </trkpt>
      <trkpt lat="34.91383999586105" lon="-117.01557992957532">
        <ele>639.0</ele>
        <time>2023-03-17T13:01:24.665Z</time>
      </trkpt>
      <trkpt lat="34.914659997448325" lon="-117.0148699823767">
        <ele>639.0</ele>
        <time>2023-03-17T13:02:39.082Z</time>
      </trkpt>
      <trkpt lat="34.91520993411541" lon="-117.01442993246019">
        <ele>638.0</ele>
        <time>2023-03-17T13:03:53.521Z</time>
      </trkpt>
      <trkpt lat="34.915799936279655" lon="-117.01401997357607">
        <ele>638.0</ele>
        <time>2023-03-17T13:05:07.982Z</time>
      </trkpt>
      <trkpt lat="34.91673996672034" lon="-117.012959998101">
        <ele>639.0</ele>
        <time>2023-03-17T13:06:22.486Z</time>
      </trkpt>
      <trkpt lat="34.91726995445788" lon="-117.01196992769837">
        <ele>640.0</ele>
        <time>2023-03-17T13:07:37.022Z</time>
      </trkpt>
      <trkpt lat="34.91759994998574" lon="-117.01106996275485">
        <ele>641.0</ele>
        <time>2023-03-17T13:08:51.585Z</time>
      </trkpt>
      <trkpt lat="34.91772995330393" lon="-117.01057995669544">
        <ele>641.0</ele>
        <time>2023-03-17T13:10:06.162Z</time>
      </trkpt>
      <trkpt lat="34.91795995272696" lon="-117.00941998511553">
        <ele>642.0</ele>
        <time>2023-03-17T13:11:20.772Z</time>
      </trkpt>
      <trkpt lat="34.91821995936334" lon="-117.00720992870629">
        <ele>642.0</ele>
        <time>2023-03-17T13:12:35.443Z</time>
      </trkpt>
      <trkpt lat="34.918289948254824" lon="-117.00605993159115">
        <ele>643.0</ele>
        <time>2023-03-17T13:13:50.146Z</time>
      </trkpt>
      <trkpt lat="34.91821995936334" lon="-117.00390997342765">
        <ele>642.0</ele>
        <time>2023-03-17T13:15:04.908Z</time>
      </trkpt>
      <trkpt lat="34.917859956622124" lon="-117.00173998251557">
        <ele>639.0</ele>
        <time>2023-03-17T13:16:19.731Z</time>
      </trkpt>
      <trkpt lat="34.917109943926334" lon="-116.99790995568037">
        <ele>638.0</ele>
        <time>2023-03-17T13:17:34.662Z</time>
      </trkpt>
      <trkpt lat="34.91694993339479" lon="-116.99721995741129">
        <ele>640.0</ele>
        <time>2023-03-17T13:18:49.612Z</time>
      </trkpt>
      <trkpt lat="34.91628994233906" lon="-116.99481996707618">
        <ele>638.0</ele>
        <time>2023-03-17T13:20:04.632Z</time>
      </trkpt>
      <trkpt lat="34.91281991824508" lon="-116.98445993475616">
        <ele>648.0</ele>
        <time>2023-03-17T13:21:19.958Z</time>
      </trkpt>
      <trkpt lat="34.91269997321069" lon="-116.98387999087572">
        <ele>649.0</ele>
        <time>2023-03-17T13:22:35.301Z</time>
      </trkpt>
      <trkpt lat="34.91161996498704" lon="-116.98075999505818">
        <ele>653.0</ele>
        <time>2023-03-17T13:23:50.736Z</time>
      </trkpt>
      <trkpt lat="34.9112799949944" lon="-116.97962994687259">
        <ele>654.0</ele>
        <time>2023-03-17T13:25:06.204Z</time>
      </trkpt>
      <trkpt lat="34.91167997941375" lon="-116.97938997298479">
        <ele>655.0</ele>
        <time>2023-03-17T13:26:21.687Z</time>
      </trkpt>
      <trkpt lat="34.912149952724576" lon="-116.97893994860351">
        <ele>657.0</ele>
        <time>2023-03-17T13:27:37.190Z</time>
      </trkpt>
      <trkpt lat="34.91221994161606" lon="-116.97883995249867">
        <ele>658.0</ele>
        <time>2023-03-17T13:28:52.697Z</time>
      </trkpt>
      <trkpt lat="34.91258991882205" lon="-116.97793998755515">
        <ele>660.0</ele>
        <time>2023-03-17T13:30:08.231Z</time>
      </trkpt>
      <trkpt lat="34.912619926035404" lon="-116.9777699187398">
        <ele>660.0</ele>
        <time>2023-03-17T13:31:23.770Z</time>
      </trkpt>
      <trkpt lat="34.91282997652888" lon="-116.97717991657555">
        <ele>663.0</ele>
        <time>2023-03-17T13:32:39.327Z</time>
      </trkpt>
      <trkpt lat="34.91355995647609" lon="-116.97550999000669">
        <ele>668.0</ele>
        <time>2023-03-17T13:33:54.935Z</time>
      </trkpt>
      <trkpt lat="34.913779981434345" lon="-116.97484999895096">
        <ele>670.0</ele>
        <time>2023-03-17T13:35:10.563Z</time>
      </trkpt>
      <trkpt lat="34.91382993757725" lon="-116.97444993071258">
        <ele>670.0</ele>
        <time>2023-03-17T13:36:26.202Z</time>
      </trkpt>
      <trkpt lat="34.91384997032583" lon="-116.97359992191195">
        <ele>675.0</ele>
        <time>2023-03-17T13:37:41.864Z</time>
      </trkpt>
      <trkpt lat="34.91395994089544" lon="-116.97309994138777">
        <ele>674.0</ele>
        <time>2023-03-17T13:38:57.541Z</time>
      </trkpt>
      <trkpt lat="34.914039988070726" lon="-116.97288997471333">
        <ele>672.0</ele>
        <time>2023-03-17T13:40:13.224Z</time>
      </trkpt>
      <trkpt lat="34.91434995085001" lon="-116.97238999418914">
        <ele>673.0</ele>
        <time>2023-03-17T13:41:28.924Z</time>
      </trkpt>
      <trkpt lat="34.91460995748639" lon="-116.97183997370303">
        <ele>676.0</ele>
        <time>2023-03-17T13:42:44.641Z</time>
      </trkpt>
      <trkpt lat="34.914959985762835" lon="-116.97063993662596">
        <ele>677.0</ele>
        <time>2023-03-17T13:44:00.393Z</time>
      </trkpt>
      <trkpt lat="34.91516995243728" lon="-116.97019997052848">
        <ele>676.0</ele>
        <time>2023-03-17T13:45:16.159Z</time>
      </trkpt>
      <trkpt lat="34.915609918534756" lon="-116.96966998279095">
        <ele>678.0</ele>
        <time>2023-03-17T13:46:31.946Z</time>
      </trkpt>
      <trkpt lat="34.9157199729234" lon="-116.96934996172786">
        <ele>679.0</ele>
        <time>2023-03-17T13:47:47.742Z</time>
      </trkpt>
      <trkpt lat="34.91578996181488" lon="-116.96896992623806">
        <ele>677.0</ele>
        <time>2023-03-17T13:49:03.549Z</time>
      </trkpt>
      <trkpt lat="34.9159099906683" lon="-116.96854999288917">
        <ele>677.0</ele>
        <time>2023-03-17T13:50:19.368Z</time>
      </trkpt>
      <trkpt lat="34.916249960660934" lon="-116.96768992580473">
        <ele>678.0</ele>
        <time>2023-03-17T13:51:35.213Z</time>
      </trkpt>
      <trkpt lat="34.91629991680384" lon="-116.96746998466551">
        <ele>679.0</ele>
        <time>2023-03-17T13:52:51.065Z</time>
      </trkpt>
      <trkpt lat="34.91636998951435" lon="-116.96669993922114">
        <ele>678.0</ele>
        <time>2023-03-17T13:54:06.938Z</time>
      </trkpt>
      <trkpt lat="34.91660996340215" lon="-116.96490998379886">
        <ele>680.0</ele>
        <time>2023-03-17T13:55:22.861Z</time>
      </trkpt>
      <trkpt lat="34.91670995950699" lon="-116.96441997773945">
        <ele>681.0</ele>
        <time>2023-03-17T13:56:38.798Z</time>
      </trkpt>
      <trkpt lat="34.916809955611825" lon="-116.96410993114114">
        <ele>681.0</ele>
        <time>2023-03-17T13:57:54.744Z</time>
      </trkpt>
      <trkpt lat="34.917859956622124" lon="-116.96231997571886">
        <ele>684.0</ele>
        <time>2023-03-17T13:59:10.750Z</time>
      </trkpt>
      <trkpt lat="34.91806992329657" lon="-116.9619099330157">
        <ele>684.0</ele>
        <time>2023-03-17T14:00:26.769Z</time>
      </trkpt>
      <trkpt lat="34.9184999987483" lon="-116.96068994700909">
        <ele>683.0</ele>
        <time>2023-03-17T14:01:42.824Z</time>
      </trkpt>
      <trkpt lat="34.918739972636104" lon="-116.96025995537639">
        <ele>683.0</ele>
        <time>2023-03-17T14:02:58.894Z</time>
      </trkpt>
      <trkpt lat="34.91902998648584" lon="-116.95984999649227">
        <ele>683.0</ele>
        <time>2023-03-17T14:04:14.979Z</time>
      </trkpt>
      <trkpt lat="34.91932997480035" lon="-116.95953994989395">
        <ele>683.0</ele>
        <time>2023-03-17T14:05:31.077Z</time>
      </trkpt>
      <trkpt lat="34.919729959219694" lon="-116.95929997600615">
        <ele>684.0</ele>
        <time>2023-03-17T14:06:47.190Z</time>
      </trkpt>
      <trkpt lat="34.919969933107495" lon="-116.95911993272603">
        <ele>684.0</ele>
        <time>2023-03-17T14:08:03.312Z</time>
      </trkpt>
      <trkpt lat="34.92038995027542" lon="-116.95873998105526">
        <ele>685.0</ele>
        <time>2023-03-17T14:09:19.451Z</time>
      </trkpt>
      <trkpt lat="34.92143995128572" lon="-116.95792995393276">
        <ele>688.0</ele>
        <time>2023-03-17T14:10:35.632Z</time>
      </trkpt>
      <trkpt lat="34.922349974513054" lon="-116.95737993344665">
        <ele>688.0</ele>
        <time>2023-03-17T14:11:51.847Z</time>
      </trkpt>
      <trkpt lat="34.92297995835543" lon="-116.95707994513214">
        <ele>688.0</ele>
        <time>2023-03-17T14:13:08.084Z</time>
      </trkpt>
      <trkpt lat="34.92345998995006" lon="-116.95681993849576">
        <ele>689.0</ele>
        <time>2023-03-17T14:14:24.339Z</time>
      </trkpt>
      <trkpt lat="34.92385997436941" lon="-116.95656999014318">
        <ele>689.0</ele>
        <time>2023-03-17T14:15:40.609Z</time>
      </trkpt>
      <trkpt lat="34.924479983747005" lon="-116.95596992969513">
        <ele>689.0</ele>
        <time>2023-03-17T14:16:56.905Z</time>
      </trkpt>
      <trkpt lat="34.92483998648822" lon="-116.95555997081101">
        <ele>689.0</ele>
        <time>2023-03-17T14:18:13.217Z</time>
      </trkpt>
      <trkpt lat="34.92671996355057" lon="-116.95393991656601">
        <ele>684.0</ele>
        <time>2023-03-17T14:19:29.606Z</time>
      </trkpt>
      <trkpt lat="34.92702992632985" lon="-116.95361997932196">
        <ele>683.0</ele>
        <time>2023-03-17T14:20:46.009Z</time>
      </trkpt>
      <trkpt lat="34.927399987354875" lon="-116.95308999158442">
        <ele>683.0</ele>
        <time>2023-03-17T14:22:02.431Z</time>
      </trkpt>
      <trkpt lat="34.9276299867779" lon="-116.95283995941281">
        <ele>683.0</ele>
        <time>2023-03-17T14:23:18.863Z</time>
      </trkpt>
      <trkpt lat="34.92833993397653" lon="-116.95213998667896">
        <ele>682.0</ele>
        <time>2023-03-17T14:24:35.325Z</time>
      </trkpt>
      <trkpt lat="34.928919961676" lon="-116.95134999230504">
        <ele>681.0</ele>
        <time>2023-03-17T14:25:51.816Z</time>
      </trkpt>
      <trkpt lat="34.92960995994508" lon="-116.95004995912313">
        <ele>678.0</ele>
        <time>2023-03-17T14:27:08.350Z</time>
      </trkpt>
      <trkpt lat="34.92985999211669" lon="-116.94964997470379">
        <ele>677.0</ele>
        <time>2023-03-17T14:28:24.898Z</time>
      </trkpt>
      <trkpt lat="34.93008999153972" lon="-116.94937999360263">
        <ele>676.0</ele>
        <time>2023-03-17T14:29:41.456Z</time>
      </trkpt>
      <trkpt lat="34.930299958214164" lon="-116.94920992478728">
        <ele>676.0</ele>
        <time>2023-03-17T14:30:58.023Z</time>
      </trkpt>
      <trkpt lat="34.930409928783774" lon="-116.94905997253954">
        <ele>676.0</ele>
        <time>2023-03-17T14:32:14.595Z</time>
      </trkpt>
      <trkpt lat="34.93051998317242" lon="-116.94883994758129">
        <ele>676.0</ele>
        <time>2023-03-17T14:33:31.174Z</time>
      </trkpt>
      <trkpt lat="34.930579997599125" lon="-116.94864992983639">
        <ele>676.0</ele>
        <time>2023-03-17T14:34:47.759Z</time>
      </trkpt>
      <trkpt lat="34.9306399282068" lon="-116.94804995320737">
        <ele>675.0</ele>
        <time>2023-03-17T14:36:04.360Z</time>
      </trkpt>
      <trkpt lat="34.930799938738346" lon="-116.9472299516201">
        <ele>673.0</ele>
        <time>2023-03-17T14:37:20.984Z</time>
      </trkpt>
      <trkpt lat="34.93092994205654" lon="-116.94644993171096">
        <ele>671.0</ele>
        <time>2023-03-17T14:38:37.630Z</time>
      </trkpt>
      <trkpt lat="34.93112993426621" lon="-116.94562993012369">
        <ele>670.0</ele>
        <time>2023-03-17T14:39:54.300Z</time>
      </trkpt>
      <trkpt lat="34.93129991926253" lon="-116.94503992795944">
        <ele>668.0</ele>
        <time>2023-03-17T14:41:10.987Z</time>
      </trkpt>
      <trkpt lat="34.931739969179034" lon="-116.94373997859657">
        <ele>664.0</ele>
        <time>2023-03-17T14:42:27.712Z</time>
      </trkpt>
      <trkpt lat="34.9320699647069" lon="-116.94261998869479">
        <ele>662.0</ele>
        <time>2023-03-17T14:43:44.470Z</time>
      </trkpt>
      <trkpt lat="34.93213995359838" lon="-116.9424899853766">
        <ele>661.0</ele>
        <time>2023-03-17T14:45:01.232Z</time>
      </trkpt>
      <trkpt lat="34.932449916377664" lon="-116.94208991713822">
        <ele>659.0</ele>
        <time>2023-03-17T14:46:18.009Z</time>
      </trkpt>
      <trkpt lat="34.93247992359102" lon="-116.94190995767713">
        <ele>658.0</ele>
        <time>2023-03-17T14:47:34.791Z</time>
      </trkpt>
      <trkpt lat="34.93256994523108" lon="-116.94082994945347">
        <ele>658.0</ele>
        <time>2023-03-17T14:48:51.603Z</time>
      </trkpt>
      <trkpt lat="34.93262995965779" lon="-116.94046994671226">
        <ele>658.0</ele>
        <time>2023-03-17T14:50:08.425Z</time>
      </trkpt>
      <trkpt lat="34.93264999240637" lon="-116.94014992564917">
        <ele>658.0</ele>
        <time>2023-03-17T14:51:25.256Z</time>
      </trkpt>
      <trkpt lat="34.93260992690921" lon="-116.93959998898208">
        <ele>657.0</ele>
        <time>2023-03-17T14:52:42.102Z</time>
      </trkpt>
      <trkpt lat="34.932619985193014" lon="-116.93894997239113">
        <ele>654.0</ele>
        <time>2023-03-17T14:53:58.966Z</time>
      </trkpt>
      <trkpt lat="34.932559970766306" lon="-116.93844999186695">
        <ele>653.0</ele>
        <time>2023-03-17T14:55:15.844Z</time>
      </trkpt>
      <trkpt lat="34.9324999563396" lon="-116.9382299669087">
        <ele>652.0</ele>
        <time>2023-03-17T14:56:32.728Z</time>
      </trkpt>
      <trkpt lat="34.932409934699535" lon="-116.93800994195044">
        <ele>652.0</ele>
        <time>2023-03-17T14:57:49.619Z</time>
      </trkpt>
      <trkpt lat="34.93226995691657" lon="-116.93773996084929">
        <ele>652.0</ele>
        <time>2023-03-17T14:59:06.519Z</time>
      </trkpt>
      <trkpt lat="34.93193996138871" lon="-116.93720997311175">
        <ele>650.0</ele>
        <time>2023-03-17T15:00:23.437Z</time>
      </trkpt>
      <trkpt lat="34.93176997639239" lon="-116.9367999304086">
        <ele>648.0</ele>
        <time>2023-03-17T15:01:40.367Z</time>
      </trkpt>
      <trkpt lat="34.93164994753897" lon="-116.93644998595119">
        <ele>647.0</ele>
        <time>2023-03-17T15:02:57.308Z</time>
      </trkpt>
      <trkpt lat="34.931289944797754" lon="-116.93514995276928">
        <ele>646.0</ele>
        <time>2023-03-17T15:04:14.286Z</time>
      </trkpt>
      <trkpt lat="34.931269995868206" lon="-116.93499991670251">
        <ele>646.0</ele>
        <time>2023-03-17T15:05:31.268Z</time>
      </trkpt>
      <trkpt lat="34.93131995201111" lon="-116.93441997282207">
        <ele>646.0</ele>
        <time>2023-03-17T15:06:48.266Z</time>
      </trkpt>
      <trkpt lat="34.93131995201111" lon="-116.93411998450756">
        <ele>645.0</ele>
        <time>2023-03-17T15:08:05.273Z</time>
      </trkpt>
      <trkpt lat="34.931289944797754" lon="-116.93388998508453">
        <ele>645.0</ele>
        <time>2023-03-17T15:09:22.286Z</time>
      </trkpt>
      <trkpt lat="34.931229930371046" lon="-116.93361992016435">
        <ele>645.0</ele>
        <time>2023-03-17T15:10:39.307Z</time>
      </trkpt>
      <trkpt lat="34.93099993094802" lon="-116.93298993632197">
        <ele>644.0</ele>
        <time>2023-03-17T15:11:56.347Z</time>
      </trkpt>
      <trkpt lat="34.930669935420156" lon="-116.93221997469664">
        <ele>643.0</ele>
        <time>2023-03-17T15:13:13.410Z</time>
      </trkpt>
      <trkpt lat="34.9305899720639" lon="-116.9319299608469">
        <ele>642.0</ele>
        <time>2023-03-17T15:14:30.482Z</time>
      </trkpt>
      <trkpt lat="34.93041998706758" lon="-116.93110995925963">
        <ele>641.0</ele>
        <time>2023-03-17T15:15:47.577Z</time>
      </trkpt>
      <trkpt lat="34.930409928783774" lon="-116.93084995262325">
        <ele>640.0</ele>
        <time>2023-03-17T15:17:04.679Z</time>
      </trkpt>
      <trkpt lat="34.93037992157042" lon="-116.93066999316216">
        <ele>640.0</ele>
        <time>2023-03-17T15:18:21.786Z</time>
      </trkpt>
      <trkpt lat="34.93022996932268" lon="-116.93043999373913">
        <ele>639.0</ele>
        <time>2023-03-17T15:19:38.901Z</time>
      </trkpt>
      <trkpt lat="34.93008999153972" lon="-116.930259950459">
        <ele>639.0</ele>
        <time>2023-03-17T15:20:56.023Z</time>
      </trkpt>
      <trkpt lat="34.9299699626863" lon="-116.9300199765712">
        <ele>638.0</ele>
        <time>2023-03-17T15:22:13.153Z</time>
      </trkpt>
      <trkpt lat="34.929889999330044" lon="-116.92940994165838">
        <ele>638.0</ele>
        <time>2023-03-17T15:23:30.300Z</time>
      </trkpt>
      <trkpt lat="34.92961993440986" lon="-116.9282399956137">
        <ele>635.0</ele>
        <time>2023-03-17T15:24:47.480Z</time>
      </trkpt>
      <trkpt lat="34.92942991666496" lon="-116.92762996070087">
        <ele>633.0</ele>
        <time>2023-03-17T15:26:04.678Z</time>
      </trkpt>
      <trkpt lat="34.928799932822585" lon="-116.92610998637974">
        <ele>631.0</ele>
        <time>2023-03-17T15:27:21.922Z</time>
      </trkpt>
      <trkpt lat="34.92861997336149" lon="-116.92549995146692">
        <ele>631.0</ele>
        <time>2023-03-17T15:28:39.184Z</time>
      </trkpt>
      <trkpt lat="34.9284899700433" lon="-116.92515998147428">
        <ele>631.0</ele>
        <time>2023-03-17T15:29:56.456Z</time>
      </trkpt>
      <trkpt lat="34.92809996008873" lon="-116.92424995824695">
        <ele>630.0</ele>
        <time>2023-03-17T15:31:13.757Z</time>
      </trkpt>
      <trkpt lat="34.92753996513784" lon="-116.9227399583906">
        <ele>629.0</ele>
        <time>2023-03-17T15:32:31.103Z</time>
      </trkpt>
      <trkpt lat="34.927359921857715" lon="-116.9224199373275">
        <ele>628.0</ele>
        <time>2023-03-17T15:33:48.460Z</time>
      </trkpt>
      <trkpt lat="34.927229918539524" lon="-116.92200997844338">
        <ele>628.0</ele>
        <time>2023-03-17T15:35:05.829Z</time>
      </trkpt>
      <trkpt lat="34.92703998461366" lon="-116.92107992246747">
        <ele>627.0</ele>
        <time>2023-03-17T15:36:23.224Z</time>
      </trkpt>
      <trkpt lat="34.92670998908579" lon="-116.9198399875313">
        <ele>626.0</ele>
        <time>2023-03-17T15:37:40.655Z</time>
      </trkpt>
      <trkpt lat="34.92566996254027" lon="-116.91759992390871">
        <ele>622.0</ele>
        <time>2023-03-17T15:38:58.156Z</time>
      </trkpt>
      <trkpt lat="34.92491994984448" lon="-116.91616997122765">
        <ele>620.0</ele>
        <time>2023-03-17T15:40:15.704Z</time>
      </trkpt>
      <trkpt lat="34.92384999990463" lon="-116.9145299680531">
        <ele>618.0</ele>
        <time>2023-03-17T15:41:33.309Z</time>
      </trkpt>
      <trkpt lat="34.9225099850446" lon="-116.91273992881179">
        <ele>615.0</ele>
        <time>2023-03-17T15:42:50.980Z</time>
      </trkpt>
      <trkpt lat="34.921919982880354" lon="-116.9119999743998">
        <ele>614.0</ele>
        <time>2023-03-17T15:44:08.679Z</time>
      </trkpt>
      <trkpt lat="34.92061994969845" lon="-116.91075995564461">
        <ele>613.0</ele>
        <time>2023-03-17T15:45:26.433Z</time>
      </trkpt>
      <trkpt lat="34.91759994998574" lon="-116.91047991625965">
        <ele>610.0</ele>
        <time>2023-03-17T15:46:44.288Z</time>
      </trkpt>
      <trkpt lat="34.9172499217093" lon="-116.91047991625965">
        <ele>610.0</ele>
        <time>2023-03-17T15:48:02.155Z</time>
      </trkpt>
      <trkpt lat="34.916659919545054" lon="-116.91054998897016">
        <ele>610.0</ele>
        <time>2023-03-17T15:49:20.042Z</time>
      </trkpt>
      <trkpt lat="34.91615993902087" lon="-116.910649985075">
        <ele>609.0</ele>
        <time>2023-03-17T15:50:37.946Z</time>
      </trkpt>
      <trkpt lat="34.91574998013675" lon="-116.91078996285796">
        <ele>609.0</ele>
        <time>2023-03-17T15:51:55.864Z</time>
      </trkpt>
      <trkpt lat="34.91535997018218" lon="-116.91095994785428">
        <ele>609.0</ele>
        <time>2023-03-17T15:53:13.795Z</time>
      </trkpt>
      <trkpt lat="34.91483995690942" lon="-116.9112699944526">
        <ele>610.0</ele>
        <time>2023-03-17T15:54:31.746Z</time>
      </trkpt>
      <trkpt lat="34.91436998359859" lon="-116.91159998998046">
        <ele>610.0</ele>
        <time>2023-03-17T15:55:49.715Z</time>
      </trkpt>
      <trkpt lat="34.914019955322146" lon="-116.91095994785428">
        <ele>607.0</ele>
        <time>2023-03-17T15:57:07.705Z</time>
      </trkpt>
      <trkpt lat="34.91379993036389" lon="-116.91065995953977">
        <ele>607.0</ele>
        <time>2023-03-17T15:58:25.706Z</time>
      </trkpt>
      <trkpt lat="34.91357998922467" lon="-116.91047991625965">
        <ele>607.0</ele>
        <time>2023-03-17T15:59:43.716Z</time>
      </trkpt>
      <trkpt lat="34.913349989801645" lon="-116.91034999676049">
        <ele>607.0</ele>
        <time>2023-03-17T16:01:01.734Z</time>
      </trkpt>
      <trkpt lat="34.91307992488146" lon="-116.91027992404997">
        <ele>607.0</ele>
        <time>2023-03-17T16:02:19.761Z</time>
      </trkpt>
      <trkpt lat="34.907359946519136" lon="-116.90926998853683">
        <ele>602.0</ele>
        <time>2023-03-17T16:03:37.981Z</time>
      </trkpt>
      <trkpt lat="34.90147995762527" lon="-116.90817992202938">
        <ele>604.0</ele>
        <time>2023-03-17T16:04:56.399Z</time>
      </trkpt>
      <trkpt lat="34.901339979842305" lon="-116.8987399712205">
        <ele>600.0</ele>
        <time>2023-03-17T16:06:15.076Z</time>
      </trkpt>
      <trkpt lat="34.90136998705566" lon="-116.89800999127328">
        <ele>600.0</ele>
        <time>2023-03-17T16:07:33.773Z</time>
      </trkpt>
      <trkpt lat="34.901469983160496" lon="-116.89686996862292">
        <ele>600.0</ele>
        <time>2023-03-17T16:08:52.501Z</time>
      </trkpt>
      <trkpt lat="34.902029978111386" lon="-116.89270994625986">
        <ele>600.0</ele>
        <time>2023-03-17T16:10:11.345Z</time>
      </trkpt>
      <trkpt lat="34.90240992978215" lon="-116.89061991870403">
        <ele>599.0</ele>
        <time>2023-03-17T16:11:30.247Z</time>
      </trkpt>
      <trkpt lat="34.90354995243251" lon="-116.88675996847451">
        <ele>599.0</ele>
        <time>2023-03-17T16:12:49.262Z</time>
      </trkpt>
      <trkpt lat="34.902179930359125" lon="-116.88670992851257">
        <ele>599.0</ele>
        <time>2023-03-17T16:14:08.322Z</time>
      </trkpt>
      <trkpt lat="34.90130997262895" lon="-116.8866499979049">
        <ele>600.0</ele>
        <time>2023-03-17T16:15:27.411Z</time>
      </trkpt>
      <trkpt lat="34.901149962097406" lon="-116.88668997958302">
        <ele>600.0</ele>
        <time>2023-03-17T16:16:46.506Z</time>
      </trkpt>
      <trkpt lat="34.90115993656218" lon="-116.88566998578608">
        <ele>600.0</ele>
        <time>2023-03-17T16:18:05.629Z</time>
      </trkpt>
      <trkpt lat="34.90110998041928" lon="-116.88463993370533">
        <ele>600.0</ele>
        <time>2023-03-17T16:19:24.780Z</time>
      </trkpt>
      <trkpt lat="34.90096991881728" lon="-116.87514994293451">
        <ele>599.0</ele>
        <time>2023-03-17T16:20:44.191Z</time>
      </trkpt>
      <trkpt lat="34.90094996988773" lon="-116.87277995981276">
        <ele>599.0</ele>
        <time>2023-03-17T16:22:03.667Z</time>
      </trkpt>
      <trkpt lat="34.90106999874115" lon="-116.86037993989885">
        <ele>596.0</ele>
        <time>2023-03-17T16:23:23.483Z</time>
      </trkpt>
      <trkpt lat="34.901129929348826" lon="-116.85244998894632">
        <ele>595.0</ele>
        <time>2023-03-17T16:24:43.517Z</time>
      </trkpt>
      <trkpt lat="34.901169994845986" lon="-116.85104995965958">
        <ele>595.0</ele>
        <time>2023-03-17T16:26:03.589Z</time>
      </trkpt>
      <trkpt lat="34.90125993266702" lon="-116.84953995980322">
        <ele>595.0</ele>
        <time>2023-03-17T16:27:23.703Z</time>
      </trkpt>
      <trkpt lat="34.90137996152043" lon="-116.8483199737966">
        <ele>594.0</ele>
        <time>2023-03-17T16:28:43.850Z</time>
      </trkpt>
      <trkpt lat="34.90265996195376" lon="-116.83828993700445">
        <ele>592.0</ele>
        <time>2023-03-17T16:30:04.276Z</time>
      </trkpt>
      <trkpt lat="34.902819972485304" lon="-116.83657994493842">
        <ele>591.0</ele>
        <time>2023-03-17T16:31:24.749Z</time>
      </trkpt>
      <trkpt lat="34.902869928628206" lon="-116.83560999110341">
        <ele>591.0</ele>
        <time>2023-03-17T16:32:45.249Z</time>
      </trkpt>
      <trkpt lat="34.902889961376786" lon="-116.83471991680562">
        <ele>591.0</ele>
        <time>2023-03-17T16:34:05.773Z</time>
      </trkpt>
      <trkpt lat="34.90284997969866" lon="-116.83307999745011">
        <ele>590.0</ele>
        <time>2023-03-17T16:35:26.342Z</time>
      </trkpt>
      <trkpt lat="34.90274998359382" lon="-116.83083993382752">
        <ele>590.0</ele>
        <time>2023-03-17T16:36:46.972Z</time>
      </trkpt>
      <trkpt lat="34.902739925310016" lon="-116.82964995503426">
        <ele>590.0</ele>
        <time>2023-03-17T16:38:07.635Z</time>
      </trkpt>
      <trkpt lat="34.90276993252337" lon="-116.82929992675781">
        <ele>590.0</ele>
        <time>2023-03-17T16:39:28.308Z</time>
      </trkpt>
      <trkpt lat="34.9029999319464" lon="-116.827949937433">
        <ele>589.0</ele>
        <time>2023-03-17T16:40:49.019Z</time>
      </trkpt>
      <trkpt lat="34.90328994579613" lon="-116.82656994089484">
        <ele>589.0</ele>
        <time>2023-03-17T16:42:09.769Z</time>
      </trkpt>
      <trkpt lat="34.90389998070896" lon="-116.82447999715805">
        <ele>589.0</ele>
        <time>2023-03-17T16:43:30.579Z</time>
      </trkpt>
      <trkpt lat="34.905529925599694" lon="-116.81906998157501">
        <ele>587.0</ele>
        <time>2023-03-17T16:44:51.547Z</time>
      </trkpt>
      <trkpt lat="34.90594994276762" lon="-116.81777992285788">
        <ele>587.0</ele>
        <time>2023-03-17T16:46:12.553Z</time>
      </trkpt>
      <trkpt lat="34.906349927186966" lon="-116.81642993353307">
        <ele>587.0</ele>
        <time>2023-03-17T16:47:33.599Z</time>
      </trkpt>
      <trkpt lat="34.90675996989012" lon="-116.8151299841702">
        <ele>587.0</ele>
        <time>2023-03-17T16:48:54.683Z</time>
      </trkpt>
      <trkpt lat="34.90712994709611" lon="-116.81381997652352">
        <ele>586.0</ele>
        <time>2023-03-17T16:50:15.805Z</time>
      </trkpt>
      <trkpt lat="34.9076399859041" lon="-116.81188995949924">
        <ele>586.0</ele>
        <time>2023-03-17T16:51:36.982Z</time>
      </trkpt>
      <trkpt lat="34.90785992704332" lon="-116.81085999123752">
        <ele>586.0</ele>
        <time>2023-03-17T16:52:58.189Z</time>
      </trkpt>
      <trkpt lat="34.907979955896735" lon="-116.8104899302125">
        <ele>586.0</ele>
        <time>2023-03-17T16:54:19.406Z</time>
      </trkpt>
      <trkpt lat="34.908109959214926" lon="-116.81021994911134">
        <ele>586.0</ele>
        <time>2023-03-17T16:55:40.632Z</time>
      </trkpt>
      <trkpt lat="34.90841992199421" lon="-116.80967998690903">
        <ele>585.0</ele>
        <time>2023-03-17T16:57:01.876Z</time>
      </trkpt>
      <trkpt lat="34.90828991867602" lon="-116.80929995141923">
        <ele>585.0</ele>
        <time>2023-03-17T16:58:23.131Z</time>
      </trkpt>
      <trkpt lat="34.908259995281696" lon="-116.80879997089505">
        <ele>585.0</ele>
        <time>2023-03-17T16:59:44.400Z</time>
      </trkpt>
      <trkpt lat="34.90912995301187" lon="-116.8049399368465">
        <ele>585.0</ele>
        <time>2023-03-17T17:01:05.779Z</time>
      </trkpt>
      <trkpt lat="34.90974996238947" lon="-116.80171994492412">
        <ele>585.0</ele>
        <time>2023-03-17T17:02:27.248Z</time>
      </trkpt>
      <trkpt lat="34.91055739112198" lon="-116.79794733412564">
        <ele>586.0</ele>
        <time>2023-03-17T17:03:48.824Z</time>
      </trkpt>
      <trkpt lat="34.91240995936096" lon="-116.78928991779685">
        <ele>587.0</ele>
        <time>2023-03-17T17:05:10.646Z</time>
      </trkpt>
      <trkpt lat="34.912910275161266" lon="-116.78673092275858">
        <ele>586.0</ele>
        <time>2023-03-17T17:06:32.540Z</time>
      </trkpt>
      <trkpt lat="34.91584997624159" lon="-116.77168993279338">
        <ele>584.0</ele>
        <time>2023-03-17T17:07:54.857Z</time>
      </trkpt>
      <trkpt lat="34.924499932676554" lon="-116.72944991849363">
        <ele>570.0</ele>
        <time>2023-03-17T17:09:18.368Z</time>
      </trkpt>
      <trkpt lat="34.92450412362814" lon="-116.7294342443347">
        <ele>570.0</ele>
        <time>2023-03-17T17:10:41.879Z</time>
      </trkpt>
      <trkpt lat="34.92566996254027" lon="-116.72507992945611">
        <ele>568.0</ele>
        <time>2023-03-17T17:12:05.516Z</time>
      </trkpt>
      <trkpt lat="34.92642994970083" lon="-116.72274992801249">
        <ele>568.0</ele>
        <time>2023-03-17T17:13:29.221Z</time>
      </trkpt>
      <trkpt lat="34.929509963840246" lon="-116.71552992425859">
        <ele>566.0</ele>
        <time>2023-03-17T17:14:53.149Z</time>
      </trkpt>
      <trkpt lat="34.931009989231825" lon="-116.71212997287512">
        <ele>566.0</ele>
        <time>2023-03-17T17:16:17.183Z</time>
      </trkpt>
      <trkpt lat="34.93801994249225" lon="-116.69644994661212">
        <ele>562.0</ele>
        <time>2023-03-17T17:17:41.706Z</time>
      </trkpt>
      <trkpt lat="34.94902999140322" lon="-116.6709899995476">
        <ele>558.0</ele>
        <time>2023-03-17T17:19:07.017Z</time>
      </trkpt>
      <trkpt lat="34.99079994857311" lon="-116.57522994093597">
        <ele>529.0</ele>
        <time>2023-03-17T17:20:35.297Z</time>
      </trkpt>
      <trkpt lat="34.99427994713187" lon="-116.56768999993801">
        <ele>527.0</ele>
        <time>2023-03-17T17:22:03.814Z</time>
      </trkpt>
      <trkpt lat="34.999609999358654" lon="-116.55589993111789">
        <ele>542.0</ele>
        <time>2023-03-17T17:23:32.699Z</time>
      </trkpt>
      <trkpt lat="35.00154999084771" lon="-116.55217995867133">
        <ele>548.0</ele>
        <time>2023-03-17T17:25:01.705Z</time>
      </trkpt>
      <trkpt lat="35.00769996084273" lon="-116.53854997828603">
        <ele>581.0</ele>
        <time>2023-03-17T17:26:31.137Z</time>
      </trkpt>
      <trkpt lat="35.008379984647036" lon="-116.53653999790549">
        <ele>586.0</ele>
        <time>2023-03-17T17:28:00.628Z</time>
      </trkpt>
      <trkpt lat="35.00903997570276" lon="-116.53446991927922">
        <ele>589.0</ele>
        <time>2023-03-17T17:29:30.180Z</time>
      </trkpt>
      <trkpt lat="35.0095699634403" lon="-116.53161998838186">
        <ele>590.0</ele>
        <time>2023-03-17T17:30:59.812Z</time>
      </trkpt>
      <trkpt lat="35.0098099373281" lon="-116.53091993182898">
        <ele>590.0</ele>
        <time>2023-03-17T17:32:29.465Z</time>
      </trkpt>
      <trkpt lat="35.01003993675113" lon="-116.53033998794854">
        <ele>590.0</ele>
        <time>2023-03-17T17:33:59.135Z</time>
      </trkpt>
      <trkpt lat="35.010442435741425" lon="-116.52969852089882">
        <ele>589.0</ele>
        <time>2023-03-17T17:35:28.827Z</time>
      </trkpt>
      <trkpt lat="35.01033464446664" lon="-116.52985534630716">
        <ele>590.0</ele>
        <time>2023-03-17T17:36:58.525Z</time>
      </trkpt>
      <trkpt lat="35.01048803329468" lon="-116.52957916259766">
        <ele>589.0</ele>
        <time>2023-03-17T17:38:28.232Z</time>
      </trkpt>
      <trkpt lat="35.011324882507324" lon="-116.52837753295898">
        <ele>588.0</ele>
        <time>2023-03-17T17:39:57.982Z</time>
      </trkpt>
      <trkpt lat="35.0118613243103" lon="-116.52743339538574">
        <ele>587.0</ele>
        <time>2023-03-17T17:41:27.764Z</time>
      </trkpt>
      <trkpt lat="35.012054443359375" lon="-116.52698278427124">
        <ele>587.0</ele>
        <time>2023-03-17T17:42:57.560Z</time>
      </trkpt>
      <trkpt lat="35.01265525817871" lon="-116.52524471282959">
        <ele>583.0</ele>
        <time>2023-03-17T17:44:27.407Z</time>
      </trkpt>
      <trkpt lat="35.01274108886719" lon="-116.52490139007568">
        <ele>582.0</ele>
        <time>2023-03-17T17:45:57.264Z</time>
      </trkpt>
      <trkpt lat="35.01276254653931" lon="-116.52466535568237">
        <ele>582.0</ele>
        <time>2023-03-17T17:47:27.128Z</time>
      </trkpt>
      <trkpt lat="35.01269817352295" lon="-116.52427911758423">
        <ele>581.0</ele>
        <time>2023-03-17T17:48:57.002Z</time>
      </trkpt>
      <trkpt lat="35.012569427490234" lon="-116.52395725250244">
        <ele>581.0</ele>
        <time>2023-03-17T17:50:26.886Z</time>
      </trkpt>
      <trkpt lat="35.01237630844116" lon="-116.52367830276489">
        <ele>580.0</ele>
        <time>2023-03-17T17:51:56.780Z</time>
      </trkpt>
      <trkpt lat="35.0119686126709" lon="-116.52333498001099">
        <ele>579.0</ele>
        <time>2023-03-17T17:53:26.691Z</time>
      </trkpt>
      <trkpt lat="35.01098155975342" lon="-116.52239084243774">
        <ele>576.0</ele>
        <time>2023-03-17T17:54:56.643Z</time>
      </trkpt>
      <trkpt lat="35.01248359680176" lon="-116.515953540802">
        <ele>570.0</ele>
        <time>2023-03-17T17:56:26.779Z</time>
      </trkpt>
      <trkpt lat="35.013535022735596" lon="-116.51239156723022">
        <ele>566.0</ele>
        <time>2023-03-17T17:57:57.018Z</time>
      </trkpt>
      <trkpt lat="35.0138783454895" lon="-116.51108264923096">
        <ele>563.0</ele>
        <time>2023-03-17T17:59:27.295Z</time>
      </trkpt>
      <trkpt lat="35.01389980316162" lon="-116.51024580001831">
        <ele>562.0</ele>
        <time>2023-03-17T18:00:57.595Z</time>
      </trkpt>
      <trkpt lat="35.01415729522705" lon="-116.50998830795288">
        <ele>562.0</ele>
        <time>2023-03-17T18:02:27.906Z</time>
      </trkpt>
      <trkpt lat="35.01435041427612" lon="-116.50960206985474">
        <ele>562.0</ele>
        <time>2023-03-17T18:03:58.229Z</time>
      </trkpt>
      <trkpt lat="35.01475811004639" lon="-116.50923728942871">
        <ele>562.0</ele>
        <time>2023-03-17T18:05:28.569Z</time>
      </trkpt>
      <trkpt lat="35.015015602111816" lon="-116.50874376296997">
        <ele>562.0</ele>
        <time>2023-03-17T18:06:58.925Z</time>
      </trkpt>
      <trkpt lat="35.01548767089844" lon="-116.50812149047852">
        <ele>563.0</ele>
        <time>2023-03-17T18:08:29.304Z</time>
      </trkpt>
      <trkpt lat="35.01595973968506" lon="-116.50649070739746">
        <ele>563.0</ele>
        <time>2023-03-17T18:09:59.731Z</time>
      </trkpt>
      <trkpt lat="35.018019676208496" lon="-116.50112628936768">
        <ele>556.0</ele>
        <time>2023-03-17T18:11:30.320Z</time>
      </trkpt>
      <trkpt lat="35.01823425292969" lon="-116.50007486343384">
        <ele>555.0</ele>
        <time>2023-03-17T18:13:00.938Z</time>
      </trkpt>
      <trkpt lat="35.018556118011475" lon="-116.49910926818848">
        <ele>556.0</ele>
        <time>2023-03-17T18:14:31.585Z</time>
      </trkpt>
      <trkpt lat="35.01911401748657" lon="-116.49840116500854">
        <ele>556.0</ele>
        <time>2023-03-17T18:16:02.259Z</time>
      </trkpt>
      <trkpt lat="35.021302700042725" lon="-116.4926290512085">
        <ele>552.0</ele>
        <time>2023-03-17T18:17:33.107Z</time>
      </trkpt>
      <trkpt lat="35.022311294451356" lon="-116.49011850357056">
        <ele>549.0</ele>
        <time>2023-03-17T18:19:04.031Z</time>
      </trkpt>
      <trkpt lat="35.02415657043457" lon="-116.48514032363892">
        <ele>551.0</ele>
        <time>2023-03-17T18:20:35.105Z</time>
      </trkpt>
      <trkpt lat="35.027804374694824" lon="-116.4755916595459">
        <ele>538.0</ele>
        <time>2023-03-17T18:22:06.467Z</time>
      </trkpt>
      <trkpt lat="35.02922066487372" lon="-116.47196531295776">
        <ele>526.0</ele>
        <time>2023-03-17T18:23:37.939Z</time>
      </trkpt>
      <trkpt lat="35.03033076412976" lon="-116.46906492300332">
        <ele>528.0</ele>
        <time>2023-03-17T18:25:09.499Z</time>
      </trkpt>
      <trkpt lat="35.03033931367099" lon="-116.46914932876825">
        <ele>528.0</ele>
        <time>2023-03-17T18:26:41.061Z</time>
      </trkpt>
      <trkpt lat="35.03174998797476" lon="-116.46557997912169">
        <ele>526.0</ele>
        <time>2023-03-17T18:28:12.731Z</time>
      </trkpt>
      <trkpt lat="35.03203991800547" lon="-116.464639948681">
        <ele>523.0</ele>
        <time>2023-03-17T18:29:44.429Z</time>
      </trkpt>
      <trkpt lat="35.0328999850899" lon="-116.46359992213547">
        <ele>521.0</ele>
        <time>2023-03-17T18:31:16.167Z</time>
      </trkpt>
      <trkpt lat="35.0331399589777" lon="-116.4631099998951">
        <ele>519.0</ele>
        <time>2023-03-17T18:32:47.921Z</time>
      </trkpt>
      <trkpt lat="35.03335998393595" lon="-116.46250993944705">
        <ele>517.0</ele>
        <time>2023-03-17T18:34:19.693Z</time>
      </trkpt>
      <trkpt lat="35.03367992118001" lon="-116.46132993511856">
        <ele>514.0</ele>
        <time>2023-03-17T18:35:51.499Z</time>
      </trkpt>
      <trkpt lat="35.03391997888684" lon="-116.46033994853497">
        <ele>513.0</ele>
        <time>2023-03-17T18:37:23.333Z</time>
      </trkpt>
      <trkpt lat="35.03416992723942" lon="-116.45968993194401">
        <ele>512.0</ele>
        <time>2023-03-17T18:38:55.187Z</time>
      </trkpt>
      <trkpt lat="35.03446999937296" lon="-116.45923999138176">
        <ele>513.0</ele>
        <time>2023-03-17T18:40:27.057Z</time>
      </trkpt>
      <trkpt lat="35.036309994757175" lon="-116.45686992444098">
        <ele>511.0</ele>
        <time>2023-03-17T18:41:59.016Z</time>
      </trkpt>
      <trkpt lat="35.039189932867885" lon="-116.45308993756771">
        <ele>505.0</ele>
        <time>2023-03-17T18:43:31.116Z</time>
      </trkpt>
      <trkpt lat="35.0399799272418" lon="-116.45200992934406">
        <ele>506.0</ele>
        <time>2023-03-17T18:45:03.255Z</time>
      </trkpt>
      <trkpt lat="35.042949970811605" lon="-116.4481099974364">
        <ele>507.0</ele>
        <time>2023-03-17T18:46:35.540Z</time>
      </trkpt>
      <trkpt lat="35.04358992911875" lon="-116.4472999703139">
        <ele>509.0</ele>
        <time>2023-03-17T18:48:07.856Z</time>
      </trkpt>
      <trkpt lat="35.046879993751645" lon="-116.4474899880588">
        <ele>517.0</ele>
        <time>2023-03-17T18:49:40.281Z</time>
      </trkpt>
      <trkpt lat="35.04723999649286" lon="-116.44741999916732">
        <ele>518.0</ele>
        <time>2023-03-17T18:51:12.718Z</time>
      </trkpt>
      <trkpt lat="35.04764995537698" lon="-116.4469999819994">
        <ele>518.0</ele>
        <time>2023-03-17T18:52:45.173Z</time>
      </trkpt>
      <trkpt lat="35.048409942537546" lon="-116.44583992660046">
        <ele>516.0</ele>
        <time>2023-03-17T18:54:17.669Z</time>
      </trkpt>
      <trkpt lat="35.049869986251" lon="-116.44353993237019">
        <ele>517.0</ele>
        <time>2023-03-17T18:55:50.244Z</time>
      </trkpt>
      <trkpt lat="35.05257993936539" lon="-116.43946993164718">
        <ele>519.0</ele>
        <time>2023-03-17T18:57:22.963Z</time>
      </trkpt>
      <trkpt lat="35.05577998235822" lon="-116.43437993712723">
        <ele>514.0</ele>
        <time>2023-03-17T18:58:55.857Z</time>
      </trkpt>
      <trkpt lat="35.05921999923885" lon="-116.42918994650245">
        <ele>513.0</ele>
        <time>2023-03-17T19:00:28.933Z</time>
      </trkpt>
      <trkpt lat="35.06663999520242" lon="-116.41776993870735">
        <ele>512.0</ele>
        <time>2023-03-17T19:02:02.408Z</time>
      </trkpt>
      <trkpt lat="35.06884996779263" lon="-116.4139199629426">
        <ele>534.0</ele>
        <time>2023-03-17T19:03:36.011Z</time>
      </trkpt>
      <trkpt lat="35.06903998553753" lon="-116.41331998631358">
        <ele>537.0</ele>
        <time>2023-03-17T19:05:09.632Z</time>
      </trkpt>
      <trkpt lat="35.06916998885572" lon="-116.4124399702996">
        <ele>538.0</ele>
        <time>2023-03-17T19:06:43.277Z</time>
      </trkpt>
      <trkpt lat="35.06929999217391" lon="-116.41182993538678">
        <ele>539.0</ele>
        <time>2023-03-17T19:08:16.940Z</time>
      </trkpt>
      <trkpt lat="35.06961992941797" lon="-116.41123993322253">
        <ele>539.0</ele>
        <time>2023-03-17T19:09:50.622Z</time>
      </trkpt>
      <trkpt lat="35.07002997212112" lon="-116.41159993596375">
        <ele>540.0</ele>
        <time>2023-03-17T19:11:24.321Z</time>
      </trkpt>
      <trkpt lat="35.07187843322754" lon="-116.41340732574463">
        <ele>542.0</ele>
        <time>2023-03-17T19:12:58.099Z</time>
      </trkpt>
      <trkpt lat="35.07217884063721" lon="-116.41287088394165">
        <ele>543.0</ele>
        <time>2023-03-17T19:14:31.894Z</time>
      </trkpt>
      <trkpt lat="35.07230758666992" lon="-116.41252756118774">
        <ele>544.0</ele>
        <time>2023-03-17T19:16:05.700Z</time>
      </trkpt>
      <trkpt lat="35.07237195968628" lon="-116.41207695007324">
        <ele>544.0</ele>
        <time>2023-03-17T19:17:39.518Z</time>
      </trkpt>
      <trkpt lat="35.07280111312866" lon="-116.41070365905762">
        <ele>545.0</ele>
        <time>2023-03-17T19:19:13.376Z</time>
      </trkpt>
      <trkpt lat="35.079238414764404" lon="-116.40100479125977">
        <ele>572.0</ele>
        <time>2023-03-17T19:20:47.576Z</time>
      </trkpt>
      <trkpt lat="35.079495906829834" lon="-116.4004898071289">
        <ele>571.0</ele>
        <time>2023-03-17T19:22:21.792Z</time>
      </trkpt>
      <trkpt lat="35.07964611053467" lon="-116.39973878860474">
        <ele>565.0</ele>
        <time>2023-03-17T19:23:56.029Z</time>
      </trkpt>
      <trkpt lat="35.079989433288574" lon="-116.38956785202026">
        <ele>550.0</ele>
        <time>2023-03-17T19:25:30.545Z</time>
      </trkpt>
      <trkpt lat="35.08041858673096" lon="-116.38845205307007">
        <ele>553.0</ele>
        <time>2023-03-17T19:27:05.094Z</time>
      </trkpt>
      <trkpt lat="35.080482959747314" lon="-116.3874864578247">
        <ele>546.0</ele>
        <time>2023-03-17T19:28:39.670Z</time>
      </trkpt>
      <trkpt lat="35.083250999450684" lon="-116.38107061386108">
        <ele>515.0</ele>
        <time>2023-03-17T19:30:14.444Z</time>
      </trkpt>
      <trkpt lat="35.084388256073" lon="-116.37770175933838">
        <ele>507.0</ele>
        <time>2023-03-17T19:31:49.318Z</time>
      </trkpt>
      <trkpt lat="35.08481740951538" lon="-116.37585639953613">
        <ele>502.0</ele>
        <time>2023-03-17T19:33:24.244Z</time>
      </trkpt>
      <trkpt lat="35.08582592010498" lon="-116.37270212173462">
        <ele>498.0</ele>
        <time>2023-03-17T19:34:59.263Z</time>
      </trkpt>
      <trkpt lat="35.0864052772522" lon="-116.37047052383423">
        <ele>495.0</ele>
        <time>2023-03-17T19:36:34.346Z</time>
      </trkpt>
      <trkpt lat="35.0865984801203" lon="-116.36866807937622">
        <ele>491.0</ele>
        <time>2023-03-17T19:38:09.479Z</time>
      </trkpt>
      <trkpt lat="35.087521160021424" lon="-116.35841131210327">
        <ele>482.0</ele>
        <time>2023-03-17T19:39:44.894Z</time>
      </trkpt>
      <trkpt lat="35.08833646774292" lon="-116.35030031204224">
        <ele>467.0</ele>
        <time>2023-03-17T19:41:20.532Z</time>
      </trkpt>
      <trkpt lat="35.08829355239868" lon="-116.3495922088623">
        <ele>465.0</ele>
        <time>2023-03-17T19:42:56.190Z</time>
      </trkpt>
      <trkpt lat="35.088443756103516" lon="-116.34901285171509">
        <ele>464.0</ele>
        <time>2023-03-17T19:44:31.864Z</time>
      </trkpt>
      <trkpt lat="35.08934497833252" lon="-116.34045124053955">
        <ele>472.0</ele>
        <time>2023-03-17T19:46:07.775Z</time>
      </trkpt>
      <trkpt lat="35.088186264038086" lon="-116.32957220077515">
        <ele>464.0</ele>
        <time>2023-03-17T19:47:43.986Z</time>
      </trkpt>
      <trkpt lat="35.088186264038086" lon="-116.32897138595581">
        <ele>471.0</ele>
        <time>2023-03-17T19:49:20.213Z</time>
      </trkpt>
      <trkpt lat="35.0886155012995" lon="-116.32755517959595">
        <ele>486.0</ele>
        <time>2023-03-17T19:50:56.481Z</time>
      </trkpt>
      <trkpt lat="35.08906602859497" lon="-116.32643938064575">
        <ele>454.0</ele>
        <time>2023-03-17T19:52:32.783Z</time>
      </trkpt>
      <trkpt lat="35.08913040161133" lon="-116.32577419281006">
        <ele>436.0</ele>
        <time>2023-03-17T19:54:09.104Z</time>
      </trkpt>
      <trkpt lat="35.089430809020996" lon="-116.324143409729">
        <ele>422.0</ele>
        <time>2023-03-17T19:55:45.470Z</time>
      </trkpt>
      <trkpt lat="35.09649038314819" lon="-116.3073205947876">
        <ele>361.0</ele>
        <time>2023-03-17T19:57:22.353Z</time>
      </trkpt>
      <trkpt lat="35.09801387786865" lon="-116.30266427993774">
        <ele>348.0</ele>
        <time>2023-03-17T19:58:59.373Z</time>
      </trkpt>
      <trkpt lat="35.100674629211426" lon="-116.29483222961426">
        <ele>336.0</ele>
        <time>2023-03-17T20:00:36.625Z</time>
      </trkpt>
      <trkpt lat="35.10513782501221" lon="-116.2813138961792">
        <ele>334.0</ele>
        <time>2023-03-17T20:02:14.276Z</time>
      </trkpt>
      <trkpt lat="35.105910301208496" lon="-116.27933979034424">
        <ele>333.0</ele>
        <time>2023-03-17T20:03:51.986Z</time>
      </trkpt>
      <trkpt lat="35.10606050491333" lon="-116.27869606018066">
        <ele>333.0</ele>
        <time>2023-03-17T20:05:29.715Z</time>
      </trkpt>
      <trkpt lat="35.12078046798706" lon="-116.23451471328735">
        <ele>406.0</ele>
        <time>2023-03-17T20:07:08.748Z</time>
      </trkpt>
      <trkpt lat="35.12097358703613" lon="-116.23402118682861">
        <ele>405.0</ele>
        <time>2023-03-17T20:08:47.795Z</time>
      </trkpt>
      <trkpt lat="35.12151002883911" lon="-116.2323260307312">
        <ele>405.0</ele>
        <time>2023-03-17T20:10:26.892Z</time>
      </trkpt>
      <trkpt lat="35.121703147888184" lon="-116.23183250427246">
        <ele>406.0</ele>
        <time>2023-03-17T20:12:06.004Z</time>
      </trkpt>
      <trkpt lat="35.12380599975586" lon="-116.2281847000122">
        <ele>406.0</ele>
        <time>2023-03-17T20:13:45.238Z</time>
      </trkpt>
      <trkpt lat="35.12505054473877" lon="-116.22606039047241">
        <ele>415.0</ele>
        <time>2023-03-17T20:15:24.543Z</time>
      </trkpt>
      <trkpt lat="35.12526512145996" lon="-116.22477293014526">
        <ele>418.0</ele>
        <time>2023-03-17T20:17:03.884Z</time>
      </trkpt>
      <trkpt lat="35.12556552886963" lon="-116.2239146232605">
        <ele>419.0</ele>
        <time>2023-03-17T20:18:43.251Z</time>
      </trkpt>
      <trkpt lat="35.12959957122803" lon="-116.21711254119873">
        <ele>443.0</ele>
        <time>2023-03-17T20:20:22.847Z</time>
      </trkpt>
      <trkpt lat="35.130436420440674" lon="-116.21580362319946">
        <ele>446.0</ele>
        <time>2023-03-17T20:22:02.488Z</time>
      </trkpt>
      <trkpt lat="35.13099431991577" lon="-116.2150526046753">
        <ele>448.0</ele>
        <time>2023-03-17T20:23:42.157Z</time>
      </trkpt>
      <trkpt lat="35.13174533843994" lon="-116.21421575546265">
        <ele>451.0</ele>
        <time>2023-03-17T20:25:21.860Z</time>
      </trkpt>
      <trkpt lat="35.13228178024292" lon="-116.21374368667603">
        <ele>453.0</ele>
        <time>2023-03-17T20:27:01.585Z</time>
      </trkpt>
      <trkpt lat="35.13286113739014" lon="-116.21342182159424">
        <ele>458.0</ele>
        <time>2023-03-17T20:28:41.331Z</time>
      </trkpt>
      <trkpt lat="35.134642124176025" lon="-116.21288537979126">
        <ele>462.0</ele>
        <time>2023-03-17T20:30:21.138Z</time>
      </trkpt>
      <trkpt lat="35.13519926927984" lon="-116.2125205155462">
        <ele>463.0</ele>
        <time>2023-03-17T20:32:00.966Z</time>
      </trkpt>
      <trkpt lat="35.13519407249987" lon="-116.21243476867676">
        <ele>463.0</ele>
        <time>2023-03-17T20:33:40.797Z</time>
      </trkpt>
      <trkpt lat="35.13524075970054" lon="-116.2124409712851">
        <ele>463.0</ele>
        <time>2023-03-17T20:35:20.629Z</time>
      </trkpt>
      <trkpt lat="35.13549984432757" lon="-116.21285730041564">
        <ele>464.0</ele>
        <time>2023-03-17T20:37:00.476Z</time>
      </trkpt>
      <trkpt lat="35.13548995368183" lon="-116.2128299754113">
        <ele>464.0</ele>
        <time>2023-03-17T20:38:40.323Z</time>
      </trkpt>
      <trkpt lat="35.135999992489815" lon="-116.21233996935189">
        <ele>465.0</ele>
        <time>2023-03-17T20:40:20.192Z</time>
      </trkpt>
      <trkpt lat="35.13633996248245" lon="-116.2119699921459">
        <ele>465.0</ele>
        <time>2023-03-17T20:42:00.076Z</time>
      </trkpt>
      <trkpt lat="35.136579936370254" lon="-116.21163999661803">
        <ele>466.0</ele>
        <time>2023-03-17T20:43:39.972Z</time>
      </trkpt>
      <trkpt lat="35.137699926272035" lon="-116.2099199462682">
        <ele>477.0</ele>
        <time>2023-03-17T20:45:19.928Z</time>
      </trkpt>
      <trkpt lat="35.138299986720085" lon="-116.20904998853803">
        <ele>479.0</ele>
        <time>2023-03-17T20:46:59.915Z</time>
      </trkpt>
      <trkpt lat="35.13841993175447" lon="-116.20893993414938">
        <ele>475.0</ele>
        <time>2023-03-17T20:48:39.907Z</time>
      </trkpt>
      <trkpt lat="35.138539960607886" lon="-116.20885997079313">
        <ele>473.0</ele>
        <time>2023-03-17T20:50:19.904Z</time>
      </trkpt>
      <trkpt lat="35.14004996046424" lon="-116.20798992924392">
        <ele>464.0</ele>
        <time>2023-03-17T20:51:59.957Z</time>
      </trkpt>
      <trkpt lat="35.14294993132353" lon="-116.2050499767065">
        <ele>458.0</ele>
        <time>2023-03-17T20:53:40.135Z</time>
      </trkpt>
      <trkpt lat="35.143649987876415" lon="-116.20435997843742">
        <ele>458.0</ele>
        <time>2023-03-17T20:55:20.343Z</time>
      </trkpt>
      <trkpt lat="35.14459999278188" lon="-116.20334995910525">
        <ele>457.0</ele>
        <time>2023-03-17T20:57:00.593Z</time>
      </trkpt>
      <trkpt lat="35.1452499255538" lon="-116.20272994972765">
        <ele>457.0</ele>
        <time>2023-03-17T20:58:40.871Z</time>
      </trkpt>
      <trkpt lat="35.14726996421814" lon="-116.20067998766899">
        <ele>457.0</ele>
        <time>2023-03-17T21:00:21.236Z</time>
      </trkpt>
      <trkpt lat="35.149559983983636" lon="-116.19867998175323">
        <ele>457.0</ele>
        <time>2023-03-17T21:02:01.695Z</time>
      </trkpt>
      <trkpt lat="35.149859972298145" lon="-116.1984399240464">
        <ele>457.0</ele>
        <time>2023-03-17T21:03:42.166Z</time>
      </trkpt>
      <trkpt lat="35.14999995008111" lon="-116.19835996069014">
        <ele>457.0</ele>
        <time>2023-03-17T21:05:22.642Z</time>
      </trkpt>
      <trkpt lat="35.150159960612655" lon="-116.19817991741002">
        <ele>457.0</ele>
        <time>2023-03-17T21:07:03.125Z</time>
      </trkpt>
      <trkpt lat="35.151149947196245" lon="-116.19728992693126">
        <ele>456.0</ele>
        <time>2023-03-17T21:08:43.649Z</time>
      </trkpt>
      <trkpt lat="35.153579944744706" lon="-116.19520995765924">
        <ele>454.0</ele>
        <time>2023-03-17T21:10:24.272Z</time>
      </trkpt>
      <trkpt lat="35.15409266576171" lon="-116.19475021027029">
        <ele>452.0</ele>
        <time>2023-03-17T21:12:04.916Z</time>
      </trkpt>
      <trkpt lat="35.166319934651256" lon="-116.18414995260537">
        <ele>430.0</ele>
        <time>2023-03-17T21:13:46.060Z</time>
      </trkpt>
      <trkpt lat="35.166639955714345" lon="-116.18397996760905">
        <ele>430.0</ele>
        <time>2023-03-17T21:15:27.215Z</time>
      </trkpt>
      <trkpt lat="35.168959982693195" lon="-116.18201994337142">
        <ele>428.0</ele>
        <time>2023-03-17T21:17:08.464Z</time>
      </trkpt>
      <trkpt lat="35.16971996985376" lon="-116.18132994510233">
        <ele>427.0</ele>
        <time>2023-03-17T21:18:49.745Z</time>
      </trkpt>
      <trkpt lat="35.173539938405156" lon="-116.1780199315399">
        <ele>421.0</ele>
        <time>2023-03-17T21:20:31.182Z</time>
      </trkpt>
      <trkpt lat="35.175039963796735" lon="-116.17669994942844">
        <ele>419.0</ele>
        <time>2023-03-17T21:22:12.681Z</time>
      </trkpt>
      <trkpt lat="35.17540994100273" lon="-116.1764099355787">
        <ele>418.0</ele>
        <time>2023-03-17T21:23:54.194Z</time>
      </trkpt>
      <trkpt lat="35.17796994186938" lon="-116.17415998131037">
        <ele>414.0</ele>
        <time>2023-03-17T21:25:35.812Z</time>
      </trkpt>
      <trkpt lat="35.181529987603426" lon="-116.17111994884908">
        <ele>406.0</ele>
        <time>2023-03-17T21:27:17.575Z</time>
      </trkpt>
      <trkpt lat="35.18280998803675" lon="-116.16997992619872">
        <ele>401.0</ele>
        <time>2023-03-17T21:28:59.391Z</time>
      </trkpt>
      <trkpt lat="35.18795999698341" lon="-116.16548999212682">
        <ele>398.0</ele>
        <time>2023-03-17T21:30:41.418Z</time>
      </trkpt>
      <trkpt lat="35.195669922977686" lon="-116.15880995057523">
        <ele>391.0</ele>
        <time>2023-03-17T21:32:23.759Z</time>
      </trkpt>
      <trkpt lat="35.196119947358966" lon="-116.15839999169111">
        <ele>390.0</ele>
        <time>2023-03-17T21:34:06.119Z</time>
      </trkpt>
      <trkpt lat="35.197449987754226" lon="-116.15726994350553">
        <ele>391.0</ele>
        <time>2023-03-17T21:35:48.533Z</time>
      </trkpt>
      <trkpt lat="35.197579991072416" lon="-116.15712996572256">
        <ele>391.0</ele>
        <time>2023-03-17T21:37:30.953Z</time>
      </trkpt>
      <trkpt lat="35.198009982705116" lon="-116.15678999572992">
        <ele>390.0</ele>
        <time>2023-03-17T21:39:13.390Z</time>
      </trkpt>
      <trkpt lat="35.19810997880995" lon="-116.15668999962509">
        <ele>390.0</ele>
        <time>2023-03-17T21:40:55.831Z</time>
      </trkpt>
      <trkpt lat="35.198179967701435" lon="-116.15656997077167">
        <ele>391.0</ele>
        <time>2023-03-17T21:42:38.276Z</time>
      </trkpt>
      <trkpt lat="35.19840996712446" lon="-116.15594996139407">
        <ele>389.0</ele>
        <time>2023-03-17T21:44:20.740Z</time>
      </trkpt>
      <trkpt lat="35.199319990351796" lon="-116.15384995937347">
        <ele>386.0</ele>
        <time>2023-03-17T21:46:03.269Z</time>
      </trkpt>
      <trkpt lat="35.200179973617196" lon="-116.151789939031">
        <ele>383.0</ele>
        <time>2023-03-17T21:47:45.861Z</time>
      </trkpt>
      <trkpt lat="35.200239988043904" lon="-116.15156999789178">
        <ele>382.0</ele>
        <time>2023-03-17T21:49:28.459Z</time>
      </trkpt>
      <trkpt lat="35.200109984725714" lon="-116.150819985196">
        <ele>381.0</ele>
        <time>2023-03-17T21:51:11.078Z</time>
      </trkpt>
      <trkpt lat="35.19975995644927" lon="-116.14904997870326">
        <ele>374.0</ele>
        <time>2023-03-17T21:52:53.747Z</time>
      </trkpt>
      <trkpt lat="35.19973992370069" lon="-116.14864999428391">
        <ele>373.0</ele>
        <time>2023-03-17T21:54:36.427Z</time>
      </trkpt>
      <trkpt lat="35.19969994202256" lon="-116.14836995489895">
        <ele>372.0</ele>
        <time>2023-03-17T21:56:19.115Z</time>
      </trkpt>
      <trkpt lat="35.199729949235916" lon="-116.14810994826257">
        <ele>371.0</ele>
        <time>2023-03-17T21:58:01.810Z</time>
      </trkpt>
      <trkpt lat="35.19981997087598" lon="-116.1477299965918">
        <ele>370.0</ele>
        <time>2023-03-17T21:59:44.516Z</time>
      </trkpt>
      <trkpt lat="35.19981997087598" lon="-116.14757996052504">
        <ele>370.0</ele>
        <time>2023-03-17T22:01:27.226Z</time>
      </trkpt>
      <trkpt lat="35.19977998919785" lon="-116.14746998995543">
        <ele>370.0</ele>
        <time>2023-03-17T22:03:09.939Z</time>
      </trkpt>
      <trkpt lat="35.199659960344434" lon="-116.14739991724491">
        <ele>370.0</ele>
        <time>2023-03-17T22:04:52.656Z</time>
      </trkpt>
      <trkpt lat="35.19947321154177" lon="-116.14733202382922">
        <ele>369.0</ele>
        <time>2023-03-17T22:06:35.380Z</time>
      </trkpt>
      <trkpt lat="35.19947564229369" lon="-116.14728349260986">
        <ele>369.0</ele>
        <time>2023-03-17T22:08:18.105Z</time>
      </trkpt>
      <trkpt lat="35.19899368286133" lon="-116.14724636077881">
        <ele>368.0</ele>
        <time>2023-03-17T22:10:00.846Z</time>
      </trkpt>
      <trkpt lat="35.19877910614014" lon="-116.14713907241821">
        <ele>369.0</ele>
        <time>2023-03-17T22:11:43.595Z</time>
      </trkpt>
      <trkpt lat="35.19753456115723" lon="-116.14473581314087">
        <ele>366.0</ele>
        <time>2023-03-17T22:13:26.422Z</time>
      </trkpt>
      <trkpt lat="35.197341442108154" lon="-116.14366292953491">
        <ele>365.0</ele>
        <time>2023-03-17T22:15:09.279Z</time>
      </trkpt>
      <trkpt lat="35.1972770690918" lon="-116.14312648773193">
        <ele>366.0</ele>
        <time>2023-03-17T22:16:52.151Z</time>
      </trkpt>
      <trkpt lat="35.19738435745239" lon="-116.1420750617981">
        <ele>363.0</ele>
        <time>2023-03-17T22:18:35.051Z</time>
      </trkpt>
      <trkpt lat="35.197341442108154" lon="-116.14171028137207">
        <ele>361.0</ele>
        <time>2023-03-17T22:20:17.962Z</time>
      </trkpt>
      <trkpt lat="35.19721269607544" lon="-116.141517162323">
        <ele>362.0</ele>
        <time>2023-03-17T22:22:00.879Z</time>
      </trkpt>
      <trkpt lat="35.197083950042725" lon="-116.14138841629028">
        <ele>362.0</ele>
        <time>2023-03-17T22:23:43.802Z</time>
      </trkpt>
      <trkpt lat="35.1967191696167" lon="-116.14128112792969">
        <ele>364.0</ele>
        <time>2023-03-17T22:25:26.737Z</time>
      </trkpt>
      <trkpt lat="35.195302963256836" lon="-116.14104509353638">
        <ele>362.0</ele>
        <time>2023-03-17T22:27:09.720Z</time>
      </trkpt>
      <trkpt lat="35.19427299499512" lon="-116.1408519744873">
        <ele>361.0</ele>
        <time>2023-03-17T22:28:52.738Z</time>
      </trkpt>
      <trkpt lat="35.194079875946045" lon="-116.14072322845459">
        <ele>361.0</ele>
        <time>2023-03-17T22:30:35.763Z</time>
      </trkpt>
      <trkpt lat="35.19371509552002" lon="-116.14027261734009">
        <ele>360.0</ele>
        <time>2023-03-17T22:32:18.805Z</time>
      </trkpt>
      <trkpt lat="35.193586349487305" lon="-116.1399507522583">
        <ele>359.0</ele>
        <time>2023-03-17T22:34:01.857Z</time>
      </trkpt>
      <trkpt lat="35.193543434143066" lon="-116.1395001411438">
        <ele>358.0</ele>
        <time>2023-03-17T22:35:44.921Z</time>
      </trkpt>
      <trkpt lat="35.19373663701117" lon="-116.1378264427185">
        <ele>352.0</ele>
        <time>2023-03-17T22:37:28.032Z</time>
      </trkpt>
      <trkpt lat="35.19416570663452" lon="-116.13370656967163">
        <ele>346.0</ele>
        <time>2023-03-17T22:39:11.256Z</time>
      </trkpt>
      <trkpt lat="35.19474506378174" lon="-116.13342761993408">
        <ele>347.0</ele>
        <time>2023-03-17T22:40:54.501Z</time>
      </trkpt>
      <trkpt lat="35.19487380981445" lon="-116.13329887390137">
        <ele>347.0</ele>
        <time>2023-03-17T22:42:37.751Z</time>
      </trkpt>
      <trkpt lat="35.19491672515869" lon="-116.13314867019653">
        <ele>347.0</ele>
        <time>2023-03-17T22:44:21.006Z</time>
      </trkpt>
      <trkpt lat="35.19489526748657" lon="-116.13226890563965">
        <ele>346.0</ele>
        <time>2023-03-17T22:46:04.285Z</time>
      </trkpt>
      <trkpt lat="35.19491429440677" lon="-116.1289472412318">
        <ele>340.0</ele>
        <time>2023-03-17T22:47:47.654Z</time>
      </trkpt>
      <trkpt lat="35.19489996135235" lon="-116.12894992344081">
        <ele>340.0</ele>
        <time>2023-03-17T22:49:31.024Z</time>
      </trkpt>
      <trkpt lat="35.19489996135235" lon="-116.12904991954565">
        <ele>340.0</ele>
        <time>2023-03-17T22:51:14.397Z</time>
      </trkpt>
      <trkpt lat="35.19491370767355" lon="-116.12905025482178">
        <ele>340.0</ele>
        <time>2023-03-17T22:52:57.770Z</time>
      </trkpt>
      <trkpt lat="35.19491672515869" lon="-116.12853527069092">
        <ele>340.0</ele>
        <time>2023-03-17T22:54:41.157Z</time>
      </trkpt>
      <trkpt lat="35.19495964050293" lon="-116.12849235534668">
        <ele>340.0</ele>
        <time>2023-03-17T22:56:24.546Z</time>
      </trkpt>
      <trkpt lat="35.19468069076538" lon="-116.12767696380615">
        <ele>336.0</ele>
        <time>2023-03-17T22:58:07.959Z</time>
      </trkpt>
      <trkpt lat="35.19448757171631" lon="-116.12611055374146">
        <ele>335.0</ele>
        <time>2023-03-17T22:59:51.415Z</time>
      </trkpt>
      <trkpt lat="35.19498109817505" lon="-116.11926555633545">
        <ele>324.0</ele>
        <time>2023-03-17T23:01:35.059Z</time>
      </trkpt>
      <trkpt lat="35.195066928863525" lon="-116.11892223358154">
        <ele>323.0</ele>
        <time>2023-03-17T23:03:18.713Z</time>
      </trkpt>
      <trkpt lat="35.20148277282715" lon="-116.11027479171753">
        <ele>318.0</ele>
        <time>2023-03-17T23:05:02.685Z</time>
      </trkpt>
      <trkpt lat="35.20189046859741" lon="-116.10980272293091">
        <ele>318.0</ele>
        <time>2023-03-17T23:06:46.676Z</time>
      </trkpt>
      <trkpt lat="35.20264148712158" lon="-116.10920190811157">
        <ele>318.0</ele>
        <time>2023-03-17T23:08:30.697Z</time>
      </trkpt>
      <trkpt lat="35.2042293548584" lon="-116.10763549804688">
        <ele>314.0</ele>
        <time>2023-03-17T23:10:14.786Z</time>
      </trkpt>
      <trkpt lat="35.20577430725098" lon="-116.10641241073608">
        <ele>307.0</ele>
        <time>2023-03-17T23:11:58.936Z</time>
      </trkpt>
      <trkpt lat="35.20794153213501" lon="-116.10484600067139">
        <ele>306.0</ele>
        <time>2023-03-17T23:13:43.170Z</time>
      </trkpt>
      <trkpt lat="35.20976543426514" lon="-116.10334396362305">
        <ele>303.0</ele>
        <time>2023-03-17T23:15:27.478Z</time>
      </trkpt>
      <trkpt lat="35.210838317871094" lon="-116.10276460647583">
        <ele>302.0</ele>
        <time>2023-03-17T23:17:11.825Z</time>
      </trkpt>
      <trkpt lat="35.213284492492676" lon="-116.10167026519775">
        <ele>300.0</ele>
        <time>2023-03-17T23:18:56.258Z</time>
      </trkpt>
      <trkpt lat="35.22214651107788" lon="-116.09806537628174">
        <ele>290.0</ele>
        <time>2023-03-17T23:20:41.002Z</time>
      </trkpt>
      <trkpt lat="35.22560119628906" lon="-116.09677791595459">
        <ele>287.0</ele>
        <time>2023-03-17T23:22:25.867Z</time>
      </trkpt>
      <trkpt lat="35.22873401641846" lon="-116.09654188156128">
        <ele>286.0</ele>
        <time>2023-03-17T23:24:10.836Z</time>
      </trkpt>
      <trkpt lat="35.23115873336792" lon="-116.09617710113525">
        <ele>285.0</ele>
        <time>2023-03-17T23:25:55.886Z</time>
      </trkpt>
      <trkpt lat="35.237746238708496" lon="-116.09538316726685">
        <ele>285.0</ele>
        <time>2023-03-17T23:27:41.157Z</time>
      </trkpt>
      <trkpt lat="35.24392604827881" lon="-116.0945463180542">
        <ele>285.0</ele>
        <time>2023-03-17T23:29:26.635Z</time>
      </trkpt>
      <trkpt lat="35.24569504894316" lon="-116.09350964426994">
        <ele>285.0</ele>
        <time>2023-03-17T23:31:12.178Z</time>
      </trkpt>
      <trkpt lat="35.250236531719565" lon="-116.09105944633484">
        <ele>285.0</ele>
        <time>2023-03-17T23:32:57.886Z</time>
      </trkpt>
      <trkpt lat="35.25141938589513" lon="-116.09027624130249">
        <ele>285.0</ele>
        <time>2023-03-17T23:34:43.639Z</time>
      </trkpt>
      <trkpt lat="35.25240182876587" lon="-116.08926773071289">
        <ele>286.0</ele>
        <time>2023-03-17T23:36:29.435Z</time>
      </trkpt>
      <trkpt lat="35.25257349014282" lon="-116.0890531539917">
        <ele>286.0</ele>
        <time>2023-03-17T23:38:15.239Z</time>
      </trkpt>
      <trkpt lat="35.25285243988037" lon="-116.08851671218872">
        <ele>286.0</ele>
        <time>2023-03-17T23:40:01.060Z</time>
      </trkpt>
      <trkpt lat="35.2531099319458" lon="-116.08761548995972">
        <ele>287.0</ele>
        <time>2023-03-17T23:41:46.907Z</time>
      </trkpt>
      <trkpt lat="35.25336742401123" lon="-116.08583450317383">
        <ele>289.0</ele>
        <time>2023-03-17T23:43:32.804Z</time>
      </trkpt>
      <trkpt lat="35.25358200073242" lon="-116.08523368835449">
        <ele>290.0</ele>
        <time>2023-03-17T23:45:18.719Z</time>
      </trkpt>
      <trkpt lat="35.25386095046997" lon="-116.08476161956787">
        <ele>290.0</ele>
        <time>2023-03-17T23:47:04.650Z</time>
      </trkpt>
      <trkpt lat="35.25439739227295" lon="-116.08426809310913">
        <ele>291.0</ele>
        <time>2023-03-17T23:48:50.603Z</time>
      </trkpt>
      <trkpt lat="35.25486946105957" lon="-116.08403205871582">
        <ele>291.0</ele>
        <time>2023-03-17T23:50:36.573Z</time>
      </trkpt>
      <trkpt lat="35.25538444519043" lon="-116.08394622802734">
        <ele>291.0</ele>
        <time>2023-03-17T23:52:22.560Z</time>
      </trkpt>
      <trkpt lat="35.25619992054999" lon="-116.08396768569946">
        <ele>291.0</ele>
        <time>2023-03-17T23:54:08.574Z</time>
      </trkpt>
      <trkpt lat="35.258238315582275" lon="-116.08394622802734">
        <ele>291.0</ele>
        <time>2023-03-17T23:55:54.656Z</time>
      </trkpt>
      <trkpt lat="35.25883913040161" lon="-116.08375310897827">
        <ele>290.0</ele>
        <time>2023-03-17T23:57:40.759Z</time>
      </trkpt>
      <trkpt lat="35.25933265686035" lon="-116.0834527015686">
        <ele>290.0</ele>
        <time>2023-03-17T23:59:26.880Z</time>
      </trkpt>
      <trkpt lat="35.26066303253174" lon="-116.08214378356934">
        <ele>289.0</ele>
        <time>2023-03-18T00:01:13.058Z</time>
      </trkpt>
      <trkpt lat="35.261521423235536" lon="-116.08104944229126">
        <ele>288.0</ele>
        <time>2023-03-18T00:02:59.277Z</time>
      </trkpt>
      <trkpt lat="35.26195057667792" lon="-116.08044862747192">
        <ele>288.0</ele>
        <time>2023-03-18T00:04:45.518Z</time>
      </trkpt>
      <trkpt lat="35.262250900268555" lon="-116.08001947402954">
        <ele>288.0</ele>
        <time>2023-03-18T00:06:31.775Z</time>
      </trkpt>
      <trkpt lat="35.2634955290705" lon="-116.07800245285034">
        <ele>283.0</ele>
        <time>2023-03-18T00:08:18.101Z</time>
      </trkpt>
      <trkpt lat="35.26433271355927" lon="-116.07668121345341">
        <ele>281.0</ele>
        <time>2023-03-18T00:10:04.472Z</time>
      </trkpt>
      <trkpt lat="35.26511021889746" lon="-116.0752828605473">
        <ele>281.0</ele>
        <time>2023-03-18T00:11:50.889Z</time>
      </trkpt>
      <trkpt lat="35.26516922749579" lon="-116.07534170150757">
        <ele>281.0</ele>
        <time>2023-03-18T00:13:37.309Z</time>
      </trkpt>
      <trkpt lat="35.26538372039795" lon="-116.07499837875366">
        <ele>281.0</ele>
        <time>2023-03-18T00:15:23.741Z</time>
      </trkpt>
      <trkpt lat="35.26534700766206" lon="-116.0749656893313">
        <ele>281.0</ele>
        <time>2023-03-18T00:17:10.174Z</time>
      </trkpt>
      <trkpt lat="35.26538372039795" lon="-116.07499837875366">
        <ele>281.0</ele>
        <time>2023-03-18T00:18:56.609Z</time>
      </trkpt>
      <trkpt lat="35.26602745056152" lon="-116.0750412940979">
        <ele>281.0</ele>
        <time>2023-03-18T00:20:43.065Z</time>
      </trkpt>
      <trkpt lat="35.269031608477235" lon="-116.07501983642578">
        <ele>281.0</ele>
        <time>2023-03-18T00:22:29.621Z</time>
      </trkpt>
      <trkpt lat="35.27469643391669" lon="-116.07506275177002">
        <ele>284.0</ele>
        <time>2023-03-18T00:24:16.366Z</time>
      </trkpt>
      <trkpt lat="35.27667045593262" lon="-116.07506275177002">
        <ele>284.0</ele>
        <time>2023-03-18T00:26:03.176Z</time>
      </trkpt>
      <trkpt lat="35.27737864293158" lon="-116.0751485824585">
        <ele>285.0</ele>
        <time>2023-03-18T00:27:50.010Z</time>
      </trkpt>
      <trkpt lat="35.27836561203003" lon="-116.07553482055664">
        <ele>284.0</ele>
        <time>2023-03-18T00:29:36.878Z</time>
      </trkpt>
      <trkpt lat="35.287528121843934" lon="-116.07967615127563">
        <ele>282.0</ele>
        <time>2023-03-18T00:31:24.072Z</time>
      </trkpt>
      <trkpt lat="35.29229164123535" lon="-116.08186483383179">
        <ele>281.0</ele>
        <time>2023-03-18T00:33:11.435Z</time>
      </trkpt>
      <trkpt lat="35.29390096664429" lon="-116.08237981796265">
        <ele>280.0</ele>
        <time>2023-03-18T00:34:58.854Z</time>
      </trkpt>
      <trkpt lat="35.29527425765991" lon="-116.08268022537231">
        <ele>280.0</ele>
        <time>2023-03-18T00:36:46.319Z</time>
      </trkpt>
      <trkpt lat="35.31113147735596" lon="-116.08409643173218">
        <ele>282.0</ele>
        <time>2023-03-18T00:38:34.313Z</time>
      </trkpt>
      <trkpt lat="35.31261205673218" lon="-116.08418226242065">
        <ele>282.0</ele>
        <time>2023-03-18T00:40:22.356Z</time>
      </trkpt>
      <trkpt lat="35.31347036361694" lon="-116.08407497406006">
        <ele>282.0</ele>
        <time>2023-03-18T00:42:10.428Z</time>
      </trkpt>
      <trkpt lat="35.32673120498657" lon="-116.0809850692749">
        <ele>284.0</ele>
        <time>2023-03-18T00:43:58.950Z</time>
      </trkpt>
      <trkpt lat="35.32795429229736" lon="-116.08081340789795">
        <ele>284.0</ele>
        <time>2023-03-18T00:45:47.513Z</time>
      </trkpt>
      <trkpt lat="35.32851219177246" lon="-116.08079195022583">
        <ele>284.0</ele>
        <time>2023-03-18T00:47:36.094Z</time>
      </trkpt>
      <trkpt lat="35.329155921936035" lon="-116.0808777809143">
        <ele>284.0</ele>
        <time>2023-03-18T00:49:24.697Z</time>
      </trkpt>
      <trkpt lat="35.342395305633545" lon="-116.08325958251953">
        <ele>284.0</ele>
        <time>2023-03-18T00:51:13.745Z</time>
      </trkpt>
      <trkpt lat="35.343639850616455" lon="-116.08360290527344">
        <ele>285.0</ele>
        <time>2023-03-18T00:53:02.836Z</time>
      </trkpt>
      <trkpt lat="35.34426212310791" lon="-116.08383893966675">
        <ele>285.0</ele>
        <time>2023-03-18T00:54:51.948Z</time>
      </trkpt>
      <trkpt lat="35.344669818878174" lon="-116.08407497406006">
        <ele>285.0</ele>
        <time>2023-03-18T00:56:41.075Z</time>
      </trkpt>
      <trkpt lat="35.34554958343506" lon="-116.08469724655151">
        <ele>285.0</ele>
        <time>2023-03-18T00:58:30.236Z</time>
      </trkpt>
      <trkpt lat="35.346150398254395" lon="-116.08516931533813">
        <ele>285.0</ele>
        <time>2023-03-18T01:00:19.421Z</time>
      </trkpt>
      <trkpt lat="35.34677267074585" lon="-116.08581304550171">
        <ele>285.0</ele>
        <time>2023-03-18T01:02:08.633Z</time>
      </trkpt>
      <trkpt lat="35.36702871322632" lon="-116.11117601394653">
        <ele>284.0</ele>
        <time>2023-03-18T01:03:58.811Z</time>
      </trkpt>
      <trkpt lat="35.37052631378174" lon="-116.11570358276367">
        <ele>282.0</ele>
        <time>2023-03-18T01:05:49.159Z</time>
      </trkpt>
      <trkpt lat="35.37292957305908" lon="-116.11875057220459">
        <ele>281.0</ele>
        <time>2023-03-18T01:07:39.622Z</time>
      </trkpt>
      <trkpt lat="35.37430286407471" lon="-116.12016677856445">
        <ele>282.0</ele>
        <time>2023-03-18T01:09:30.145Z</time>
      </trkpt>
      <trkpt lat="35.37518262863159" lon="-116.12085342407227">
        <ele>282.0</ele>
        <time>2023-03-18T01:11:20.702Z</time>
      </trkpt>
      <trkpt lat="35.375826358795166" lon="-116.12123966217041">
        <ele>282.0</ele>
        <time>2023-03-18T01:13:11.283Z</time>
      </trkpt>
      <trkpt lat="35.376598834991455" lon="-116.12160444259644">
        <ele>283.0</ele>
        <time>2023-03-18T01:15:01.892Z</time>
      </trkpt>
      <trkpt lat="35.383335119113326" lon="-116.1246647592634">
        <ele>285.0</ele>
        <time>2023-03-18T01:16:52.740Z</time>
      </trkpt>
      <trkpt lat="35.3850531578064" lon="-116.12544536590576">
        <ele>285.0</ele>
        <time>2023-03-18T01:18:43.649Z</time>
      </trkpt>
      <trkpt lat="35.38674831390381" lon="-116.12608909606934">
        <ele>287.0</ele>
        <time>2023-03-18T01:20:34.617Z</time>
      </trkpt>
      <trkpt lat="35.389065742492676" lon="-116.12675428390503">
        <ele>293.0</ele>
        <time>2023-03-18T01:22:25.664Z</time>
      </trkpt>
      <trkpt lat="35.39119005203247" lon="-116.12720489501953">
        <ele>293.0</ele>
        <time>2023-03-18T01:24:16.783Z</time>
      </trkpt>
      <trkpt lat="35.392305850982666" lon="-116.12735509872437">
        <ele>288.0</ele>
        <time>2023-03-18T01:26:07.940Z</time>
      </trkpt>
      <trkpt lat="35.39258664473891" lon="-116.12737865187228">
        <ele>287.0</ele>
        <time>2023-03-18T01:27:59.106Z</time>
      </trkpt>
      <trkpt lat="35.40352821350098" lon="-116.12829923629761">
        <ele>283.0</ele>
        <time>2023-03-18T01:29:50.637Z</time>
      </trkpt>
      <trkpt lat="35.40402173995972" lon="-116.1284065246582">
        <ele>282.0</ele>
        <time>2023-03-18T01:31:42.185Z</time>
      </trkpt>
      <trkpt lat="35.404536724090576" lon="-116.12857818603516">
        <ele>282.0</ele>
        <time>2023-03-18T01:33:33.750Z</time>
      </trkpt>
      <trkpt lat="35.40513753890991" lon="-116.12887859344482">
        <ele>281.0</ele>
        <time>2023-03-18T01:35:25.337Z</time>
      </trkpt>
      <trkpt lat="35.40560960769653" lon="-116.12917900085449">
        <ele>280.0</ele>
        <time>2023-03-18T01:37:16.942Z</time>
      </trkpt>
      <trkpt lat="35.43586492538452" lon="-116.15155935287476">
        <ele>245.0</ele>
        <time>2023-03-18T01:39:09.724Z</time>
      </trkpt>
      <trkpt lat="35.435903146862984" lon="-116.15158701315522">
        <ele>245.0</ele>
        <time>2023-03-18T01:41:02.508Z</time>
      </trkpt>
      <trkpt lat="35.43959856033325" lon="-116.15426301956177">
        <ele>242.0</ele>
        <time>2023-03-18T01:42:55.435Z</time>
      </trkpt>
      <trkpt lat="35.440542697906494" lon="-116.15490674972534">
        <ele>240.0</ele>
        <time>2023-03-18T01:44:48.398Z</time>
      </trkpt>
      <trkpt lat="35.45931816101074" lon="-116.1649489402771">
        <ele>226.0</ele>
        <time>2023-03-18T01:46:42.043Z</time>
      </trkpt>
      <trkpt lat="35.46109914779663" lon="-116.1658501625061">
        <ele>226.0</ele>
        <time>2023-03-18T01:48:35.752Z</time>
      </trkpt>
      <trkpt lat="35.46219348907471" lon="-116.16608619689941">
        <ele>226.0</ele>
        <time>2023-03-18T01:50:29.498Z</time>
      </trkpt>
      <trkpt lat="35.46766519546509" lon="-116.16612911224365">
        <ele>225.0</ele>
        <time>2023-03-18T01:52:23.426Z</time>
      </trkpt>
      <trkpt lat="35.47313690185547" lon="-116.16625785827637">
        <ele>220.0</ele>
        <time>2023-03-18T01:54:17.536Z</time>
      </trkpt>
      <trkpt lat="35.47738552093506" lon="-116.1665153503418">
        <ele>220.0</ele>
        <time>2023-03-18T01:56:11.788Z</time>
      </trkpt>
      <trkpt lat="35.47826528549194" lon="-116.16662263870239">
        <ele>219.0</ele>
        <time>2023-03-18T01:58:06.069Z</time>
      </trkpt>
      <trkpt lat="35.486269081011415" lon="-116.16812467575073">
        <ele>217.0</ele>
        <time>2023-03-18T02:00:00.620Z</time>
      </trkpt>
      <trkpt lat="35.49510955810547" lon="-116.16984128952026">
        <ele>214.0</ele>
        <time>2023-03-18T02:01:55.469Z</time>
      </trkpt>
      <trkpt lat="35.518219554796815" lon="-116.17623567581177">
        <ele>210.0</ele>
        <time>2023-03-18T02:03:51.106Z</time>
      </trkpt>
      <trkpt lat="35.525429248809814" lon="-116.17820978164673">
        <ele>209.0</ele>
        <time>2023-03-18T02:05:46.989Z</time>
      </trkpt>
      <trkpt lat="35.53006410598755" lon="-116.17994785308838">
        <ele>208.0</ele>
        <time>2023-03-18T02:07:43.034Z</time>
      </trkpt>
      <trkpt lat="35.53579330444336" lon="-116.18237257003784">
        <ele>208.0</ele>
        <time>2023-03-18T02:09:39.280Z</time>
      </trkpt>
      <trkpt lat="35.537188136950135" lon="-116.18286609649658">
        <ele>208.0</ele>
        <time>2023-03-18T02:11:35.575Z</time>
      </trkpt>
      <trkpt lat="35.55044889450073" lon="-116.18777990341187">
        <ele>207.0</ele>
        <time>2023-03-18T02:13:32.331Z</time>
      </trkpt>
      <trkpt lat="35.55147886276245" lon="-116.18829488754272">
        <ele>207.0</ele>
        <time>2023-03-18T02:15:29.124Z</time>
      </trkpt>
      <trkpt lat="35.55259474553168" lon="-116.1890459060669">
        <ele>207.0</ele>
        <time>2023-03-18T02:17:25.959Z</time>
      </trkpt>
      <trkpt lat="35.55323847569525" lon="-116.18958234786987">
        <ele>207.0</ele>
        <time>2023-03-18T02:19:22.820Z</time>
      </trkpt>
      <trkpt lat="35.55570602416992" lon="-116.19222164154053">
        <ele>207.0</ele>
        <time>2023-03-18T02:21:19.790Z</time>
      </trkpt>
      <trkpt lat="35.558409690856934" lon="-116.19535446166992">
        <ele>208.0</ele>
        <time>2023-03-18T02:23:16.884Z</time>
      </trkpt>
      <trkpt lat="35.57143449783325" lon="-116.2094521522522">
        <ele>205.0</ele>
        <time>2023-03-18T02:25:14.557Z</time>
      </trkpt>
      <trkpt lat="35.58126211166382" lon="-116.22037410736084">
        <ele>203.0</ele>
        <time>2023-03-18T02:27:12.672Z</time>
      </trkpt>
      <trkpt lat="35.58772087097168" lon="-116.22730493545532">
        <ele>205.0</ele>
        <time>2023-03-18T02:29:11.073Z</time>
      </trkpt>
      <trkpt lat="35.59765577316284" lon="-116.23818397521973">
        <ele>200.0</ele>
        <time>2023-03-18T02:31:09.917Z</time>
      </trkpt>
      <trkpt lat="35.60819149017334" lon="-116.24942779541016">
        <ele>179.0</ele>
        <time>2023-03-18T02:33:09.227Z</time>
      </trkpt>
      <trkpt lat="35.60896396636963" lon="-116.25045776367188">
        <ele>178.0</ele>
        <time>2023-03-18T02:35:08.575Z</time>
      </trkpt>
      <trkpt lat="35.61226844787598" lon="-116.25891208648682">
        <ele>179.0</ele>
        <time>2023-03-18T02:37:08.177Z</time>
      </trkpt>
      <trkpt lat="35.615808963775635" lon="-116.26811742782593">
        <ele>179.0</ele>
        <time>2023-03-18T02:39:08.056Z</time>
      </trkpt>
      <trkpt lat="35.61716079711914" lon="-116.27112150192261">
        <ele>178.0</ele>
        <time>2023-03-18T02:41:08.028Z</time>
      </trkpt>
      <trkpt lat="35.61748266220093" lon="-116.27208709716797">
        <ele>178.0</ele>
        <time>2023-03-18T02:43:08.029Z</time>
      </trkpt>
      <trkpt lat="35.61786890029907" lon="-116.274254322052">
        <ele>184.0</ele>
        <time>2023-03-18T02:45:08.090Z</time>
      </trkpt>
      <trkpt lat="35.62291145324707" lon="-116.28526210784912">
        <ele>175.0</ele>
        <time>2023-03-18T02:47:08.494Z</time>
      </trkpt>
      <trkpt lat="35.62366247177124" lon="-116.28642082214355">
        <ele>171.0</ele>
        <time>2023-03-18T02:49:08.938Z</time>
      </trkpt>
      <trkpt lat="35.624563694000244" lon="-116.28747224807739">
        <ele>170.0</ele>
        <time>2023-03-18T02:51:09.423Z</time>
      </trkpt>
      <trkpt lat="35.62561511993408" lon="-116.28833055496216">
        <ele>166.0</ele>
        <time>2023-03-18T02:53:09.951Z</time>
      </trkpt>
      <trkpt lat="35.627009868621826" lon="-116.2891674041748">
        <ele>163.0</ele>
        <time>2023-03-18T02:55:10.530Z</time>
      </trkpt>
      <trkpt lat="35.62816858291626" lon="-116.28957509994507">
        <ele>157.0</ele>
        <time>2023-03-18T02:57:11.149Z</time>
      </trkpt>
      <trkpt lat="35.64848908223212" lon="-116.29384517669678">
        <ele>129.0</ele>
        <time>2023-03-18T02:59:12.455Z</time>
      </trkpt>
      <trkpt lat="35.664045894518495" lon="-116.29708528518677">
        <ele>136.0</ele>
        <time>2023-03-18T03:01:14.286Z</time>
      </trkpt>
      <trkpt lat="35.67456007003784" lon="-116.29933834075928">
        <ele>142.0</ele>
        <time>2023-03-18T03:03:16.472Z</time>
      </trkpt>
      <trkpt lat="35.69219836033881" lon="-116.3029432296753">
        <ele>150.0</ele>
        <time>2023-03-18T03:05:19.253Z</time>
      </trkpt>
      <trkpt lat="35.71738958358765" lon="-116.30824327468872">
        <ele>226.0</ele>
        <time>2023-03-18T03:07:22.885Z</time>
      </trkpt>
      <trkpt lat="35.72232493199408" lon="-116.30920886993408">
        <ele>244.0</ele>
        <time>2023-03-18T03:09:26.684Z</time>
      </trkpt>
      <trkpt lat="35.72526454925537" lon="-116.30991697311401">
        <ele>257.0</ele>
        <time>2023-03-18T03:11:30.582Z</time>
      </trkpt>
      <trkpt lat="35.726895332336426" lon="-116.31021738052368">
        <ele>264.0</ele>
        <time>2023-03-18T03:13:34.535Z</time>
      </trkpt>
      <trkpt lat="35.74406147003174" lon="-116.3138222694397">
        <ele>333.0</ele>
        <time>2023-03-18T03:15:39.068Z</time>
      </trkpt>
      <trkpt lat="35.74498414993286" lon="-116.31407976150513">
        <ele>337.0</ele>
        <time>2023-03-18T03:17:43.632Z</time>
      </trkpt>
      <trkpt lat="35.7498122099787" lon="-116.31575345993042">
        <ele>364.0</ele>
        <time>2023-03-18T03:19:48.363Z</time>
      </trkpt>
      <trkpt lat="35.75075626373291" lon="-116.31646156311035">
        <ele>367.0</ele>
        <time>2023-03-18T03:21:53.131Z</time>
      </trkpt>
      <trkpt lat="35.75796604156494" lon="-116.322340965271">
        <ele>404.0</ele>
        <time>2023-03-18T03:23:58.187Z</time>
      </trkpt>
      <trkpt lat="35.75856685638428" lon="-116.32274866104126">
        <ele>407.0</ele>
        <time>2023-03-18T03:26:03.266Z</time>
      </trkpt>
      <trkpt lat="35.759403705596924" lon="-116.32311344146729">
        <ele>412.0</ele>
        <time>2023-03-18T03:28:08.375Z</time>
      </trkpt>
      <trkpt lat="35.760154724121094" lon="-116.32337093353271">
        <ele>418.0</ele>
        <time>2023-03-18T03:30:13.510Z</time>
      </trkpt>
      <trkpt lat="35.76157093048096" lon="-116.32337093353271">
        <ele>427.0</ele>
        <time>2023-03-18T03:32:18.692Z</time>
      </trkpt>
      <trkpt lat="35.765841007232666" lon="-116.32304906845093">
        <ele>450.0</ele>
        <time>2023-03-18T03:34:24.016Z</time>
      </trkpt>
      <trkpt lat="35.76730012893677" lon="-116.32311344146729">
        <ele>456.0</ele>
        <time>2023-03-18T03:36:29.389Z</time>
      </trkpt>
      <trkpt lat="35.768330097198486" lon="-116.32341384887695">
        <ele>460.0</ele>
        <time>2023-03-18T03:38:34.797Z</time>
      </trkpt>
      <trkpt lat="35.77152729034424" lon="-116.32528066635132">
        <ele>481.0</ele>
        <time>2023-03-18T03:40:40.323Z</time>
      </trkpt>
      <trkpt lat="35.77232130803168" lon="-116.32551670074463">
        <ele>484.0</ele>
        <time>2023-03-18T03:42:45.876Z</time>
      </trkpt>
      <trkpt lat="35.77626943588257" lon="-116.32538795471191">
        <ele>507.0</ele>
        <time>2023-03-18T03:44:51.561Z</time>
      </trkpt>
      <trkpt lat="35.77905893325806" lon="-116.32586002349854">
        <ele>537.0</ele>
        <time>2023-03-18T03:46:57.339Z</time>
      </trkpt>
      <trkpt lat="35.78077554702759" lon="-116.32622480392456">
        <ele>528.0</ele>
        <time>2023-03-18T03:49:03.175Z</time>
      </trkpt>
      <trkpt lat="35.781590938568115" lon="-116.32654666900635">
        <ele>536.0</ele>
        <time>2023-03-18T03:51:09.040Z</time>
      </trkpt>
      <trkpt lat="35.78204154968262" lon="-116.3268256187439">
        <ele>539.0</ele>
        <time>2023-03-18T03:53:14.922Z</time>
      </trkpt>
      <trkpt lat="35.782577991485596" lon="-116.32721185684204">
        <ele>545.0</ele>
        <time>2023-03-18T03:55:20.824Z</time>
      </trkpt>
      <trkpt lat="35.78324317932129" lon="-116.32791996002197">
        <ele>549.0</ele>
        <time>2023-03-18T03:57:26.756Z</time>
      </trkpt>
      <trkpt lat="35.78502416610718" lon="-116.32989406585693">
        <ele>560.0</ele>
        <time>2023-03-18T03:59:32.768Z</time>
      </trkpt>
      <trkpt lat="35.78691244125366" lon="-116.33219003677368">
        <ele>573.0</ele>
        <time>2023-03-18T04:01:38.868Z</time>
      </trkpt>
      <trkpt lat="35.78899383544922" lon="-116.33409976959229">
        <ele>584.0</ele>
        <time>2023-03-18T04:03:45.055Z</time>
      </trkpt>
      <trkpt lat="35.789337158203125" lon="-116.33448600769043">
        <ele>589.0</ele>
        <time>2023-03-18T04:05:51.257Z</time>
      </trkpt>
      <trkpt lat="35.78978776931763" lon="-116.33515119552612">
        <ele>595.0</ele>
        <time>2023-03-18T04:07:57.483Z</time>
      </trkpt>
      <trkpt lat="35.79094656743109" lon="-116.3372540473938">
        <ele>611.0</ele>
        <time>2023-03-18T04:10:03.777Z</time>
      </trkpt>
      <trkpt lat="35.79152584075928" lon="-116.3382625579834">
        <ele>618.0</ele>
        <time>2023-03-18T04:12:10.105Z</time>
      </trkpt>
      <trkpt lat="35.79197645187378" lon="-116.33888483047485">
        <ele>622.0</ele>
        <time>2023-03-18T04:14:16.455Z</time>
      </trkpt>
      <trkpt lat="35.79225540161133" lon="-116.3391637802124">
        <ele>625.0</ele>
        <time>2023-03-18T04:16:22.817Z</time>
      </trkpt>
      <trkpt lat="35.79294204711914" lon="-116.33965730667114">
        <ele>630.0</ele>
        <time>2023-03-18T04:18:29.206Z</time>
      </trkpt>
      <trkpt lat="35.793564319610596" lon="-116.33991479873657">
        <ele>637.0</ele>
        <time>2023-03-18T04:20:35.617Z</time>
      </trkpt>
      <trkpt lat="35.794100761413574" lon="-116.34008646011353">
        <ele>640.0</ele>
        <time>2023-03-18T04:22:42.046Z</time>
      </trkpt>
      <trkpt lat="35.79472303390503" lon="-116.340172290802">
        <ele>639.0</ele>
        <time>2023-03-18T04:24:48.496Z</time>
      </trkpt>
      <trkpt lat="35.79549551010132" lon="-116.34010791778564">
        <ele>638.0</ele>
        <time>2023-03-18T04:26:54.972Z</time>
      </trkpt>
      <trkpt lat="35.798542499542236" lon="-116.33897066116333">
        <ele>628.0</ele>
        <time>2023-03-18T04:29:01.554Z</time>
      </trkpt>
      <trkpt lat="35.801138961687684" lon="-116.33776903152466">
        <ele>620.0</ele>
        <time>2023-03-18T04:31:08.228Z</time>
      </trkpt>
      <trkpt lat="35.8015251159668" lon="-116.33757591247559">
        <ele>620.0</ele>
        <time>2023-03-18T04:33:14.916Z</time>
      </trkpt>
      <trkpt lat="35.80291986465454" lon="-116.33695363998413">
        <ele>617.0</ele>
        <time>2023-03-18T04:35:21.653Z</time>
      </trkpt>
      <trkpt lat="35.80761909484863" lon="-116.33530139923096">
        <ele>607.0</ele>
        <time>2023-03-18T04:37:28.553Z</time>
      </trkpt>
      <trkpt lat="35.80901384353638" lon="-116.33455038070679">
        <ele>603.0</ele>
        <time>2023-03-18T04:39:35.504Z</time>
      </trkpt>
      <trkpt lat="35.81394910812378" lon="-116.33158922195435">
        <ele>591.0</ele>
        <time>2023-03-18T04:41:42.638Z</time>
      </trkpt>
      <trkpt lat="35.81461429595947" lon="-116.33111715316772">
        <ele>588.0</ele>
        <time>2023-03-18T04:43:49.797Z</time>
      </trkpt>
      <trkpt lat="35.81564426422119" lon="-116.33013010025024">
        <ele>583.0</ele>
        <time>2023-03-18T04:45:57.000Z</time>
      </trkpt>
      <trkpt lat="35.82190990447998" lon="-116.32362842559814">
        <ele>560.0</ele>
        <time>2023-03-18T04:48:04.476Z</time>
      </trkpt>
      <trkpt lat="35.82534313201904" lon="-116.3215684890747">
        <ele>549.0</ele>
        <time>2023-03-18T04:50:12.079Z</time>
      </trkpt>
      <trkpt lat="35.82568645477295" lon="-116.32141828536987">
        <ele>548.0</ele>
        <time>2023-03-18T04:52:19.694Z</time>
      </trkpt>
      <trkpt lat="35.82635164260864" lon="-116.32120370864868">
        <ele>545.0</ele>
        <time>2023-03-18T04:54:27.332Z</time>
      </trkpt>
      <trkpt lat="35.8463716506958" lon="-116.31738424301147">
        <ele>490.0</ele>
        <time>2023-03-18T04:56:35.645Z</time>
      </trkpt>
      <trkpt lat="35.84707975387573" lon="-116.31712675094604">
        <ele>490.0</ele>
        <time>2023-03-18T04:58:43.982Z</time>
      </trkpt>
      <trkpt lat="35.850040912628174" lon="-116.31530284881592">
        <ele>484.0</ele>
        <time>2023-03-18T05:00:52.429Z</time>
      </trkpt>
      <trkpt lat="35.850770473480225" lon="-116.31480932235718">
        <ele>481.0</ele>
        <time>2023-03-18T05:03:00.904Z</time>
      </trkpt>
      <trkpt lat="35.85416078567505" lon="-116.31219148635864">
        <ele>471.0</ele>
        <time>2023-03-18T05:05:09.512Z</time>
      </trkpt>
      <trkpt lat="35.860984325408936" lon="-116.3071060180664">
        <ele>453.0</ele>
        <time>2023-03-18T05:07:18.386Z</time>
      </trkpt>
      <trkpt lat="35.861971378326416" lon="-116.30626916885376">
        <ele>451.0</ele>
        <time>2023-03-18T05:09:27.300Z</time>
      </trkpt>
      <trkpt lat="35.86581230163574" lon="-116.30251407623291">
        <ele>444.0</ele>
        <time>2023-03-18T05:11:36.377Z</time>
      </trkpt>
      <trkpt lat="35.86639165878296" lon="-116.30197763442993">
        <ele>442.0</ele>
        <time>2023-03-18T05:13:45.479Z</time>
      </trkpt>
      <trkpt lat="35.86682081222534" lon="-116.30144119262695">
        <ele>441.0</ele>
        <time>2023-03-18T05:15:54.601Z</time>
      </trkpt>
      <trkpt lat="35.86705684661865" lon="-116.30105495452881">
        <ele>440.0</ele>
        <time>2023-03-18T05:18:03.736Z</time>
      </trkpt>
      <trkpt lat="35.86742162704468" lon="-116.30032539367676">
        <ele>439.0</ele>
        <time>2023-03-18T05:20:12.894Z</time>
      </trkpt>
      <trkpt lat="35.867722034454346" lon="-116.2992525100708">
        <ele>437.0</ele>
        <time>2023-03-18T05:22:22.083Z</time>
      </trkpt>
      <trkpt lat="35.86843013763428" lon="-116.29575490951538">
        <ele>434.0</ele>
        <time>2023-03-18T05:24:31.370Z</time>
      </trkpt>
      <trkpt lat="35.86911678314209" lon="-116.29255771636963">
        <ele>430.0</ele>
        <time>2023-03-18T05:26:40.746Z</time>
      </trkpt>
      <trkpt lat="35.86928844451904" lon="-116.29210710525513">
        <ele>430.0</ele>
        <time>2023-03-18T05:28:50.136Z</time>
      </trkpt>
      <trkpt lat="35.86993217468262" lon="-116.29092693328857">
        <ele>429.0</ele>
        <time>2023-03-18T05:30:59.564Z</time>
      </trkpt>
      <trkpt lat="35.87033987045288" lon="-116.29004716873169">
        <ele>427.0</ele>
        <time>2023-03-18T05:33:09.020Z</time>
      </trkpt>
      <trkpt lat="35.87066173553467" lon="-116.2891674041748">
        <ele>426.0</ele>
        <time>2023-03-18T05:35:18.502Z</time>
      </trkpt>
      <trkpt lat="35.871262550354004" lon="-116.2871503829956">
        <ele>425.0</ele>
        <time>2023-03-18T05:37:28.042Z</time>
      </trkpt>
      <trkpt lat="35.87139129638672" lon="-116.28676414489746">
        <ele>425.0</ele>
        <time>2023-03-18T05:39:37.593Z</time>
      </trkpt>
      <trkpt lat="35.87117671966553" lon="-116.28676414489746">
        <ele>424.0</ele>
        <time>2023-03-18T05:41:47.151Z</time>
      </trkpt>
      <trkpt lat="35.87087631225586" lon="-116.28654956817627">
        <ele>425.0</ele>
        <time>2023-03-18T05:43:56.721Z</time>
      </trkpt>
      <trkpt lat="35.870769023895264" lon="-116.28639936447144">
        <ele>425.0</ele>
        <time>2023-03-18T05:46:06.296Z</time>
      </trkpt>
      <trkpt lat="35.87057590484619" lon="-116.2859058380127">
        <ele>426.0</ele>
        <time>2023-03-18T05:48:15.886Z</time>
      </trkpt>
      <trkpt lat="35.87027549743652" lon="-116.2807559967041">
        <ele>421.0</ele>
        <time>2023-03-18T05:50:25.616Z</time>
      </trkpt>
      <trkpt lat="35.87018966674805" lon="-116.28024101257324">
        <ele>421.0</ele>
        <time>2023-03-18T05:52:35.360Z</time>
      </trkpt>
      <trkpt lat="35.869739055633545" lon="-116.2789535522461">
        <ele>419.0</ele>
        <time>2023-03-18T05:54:45.142Z</time>
      </trkpt>
      <trkpt lat="35.8684515953064" lon="-116.27584218978882">
        <ele>417.0</ele>
        <time>2023-03-18T05:56:55.019Z</time>
      </trkpt>
      <trkpt lat="35.868000984191895" lon="-116.27504825592041">
        <ele>416.0</ele>
        <time>2023-03-18T05:59:04.922Z</time>
      </trkpt>
      <trkpt lat="35.8619499206543" lon="-116.26706600189209">
        <ele>411.0</ele>
        <time>2023-03-18T06:01:15.121Z</time>
      </trkpt>
      <trkpt lat="35.86089849472046" lon="-116.26556396484375">
        <ele>408.0</ele>
        <time>2023-03-18T06:03:25.373Z</time>
      </trkpt>
      <trkpt lat="35.85864543914795" lon="-116.26142263412476">
        <ele>409.0</ele>
        <time>2023-03-18T06:05:35.760Z</time>
      </trkpt>
      <trkpt lat="35.85699328221381" lon="-116.258225440979">
        <ele>409.0</ele>
        <time>2023-03-18T06:07:46.250Z</time>
      </trkpt>
      <trkpt lat="35.85145711898804" lon="-116.24820470809937">
        <ele>409.0</ele>
        <time>2023-03-18T06:09:57.068Z</time>
      </trkpt>
      <trkpt lat="35.85089921951294" lon="-116.24706745147705">
        <ele>414.0</ele>
        <time>2023-03-18T06:12:07.922Z</time>
      </trkpt>
      <trkpt lat="35.849783420562744" lon="-116.24453544616699">
        <ele>420.0</ele>
        <time>2023-03-18T06:14:18.854Z</time>
      </trkpt>
      <trkpt lat="35.84967613220215" lon="-116.24419212341309">
        <ele>420.0</ele>
        <time>2023-03-18T06:16:29.796Z</time>
      </trkpt>
      <trkpt lat="35.84911823272705" lon="-116.24198198318481">
        <ele>421.0</ele>
        <time>2023-03-18T06:18:40.801Z</time>
      </trkpt>
      <trkpt lat="35.84892511367798" lon="-116.24088764190674">
        <ele>421.0</ele>
        <time>2023-03-18T06:20:51.836Z</time>
      </trkpt>
      <trkpt lat="35.84888219833374" lon="-116.24043703079224">
        <ele>421.0</ele>
        <time>2023-03-18T06:23:02.883Z</time>
      </trkpt>
      <trkpt lat="35.84892519749701" lon="-116.23865604400635">
        <ele>412.0</ele>
        <time>2023-03-18T06:25:13.979Z</time>
      </trkpt>
      <trkpt lat="35.849289977923036" lon="-116.23217582702637">
        <ele>408.0</ele>
        <time>2023-03-18T06:27:25.251Z</time>
      </trkpt>
      <trkpt lat="35.84931135177612" lon="-116.23133897781372">
        <ele>406.0</ele>
        <time>2023-03-18T06:29:36.545Z</time>
      </trkpt>
      <trkpt lat="35.84926852025092" lon="-116.23058795928955">
        <ele>404.0</ele>
        <time>2023-03-18T06:31:47.860Z</time>
      </trkpt>
      <trkpt lat="35.84858179092407" lon="-116.22715473175049">
        <ele>408.0</ele>
        <time>2023-03-18T06:33:59.271Z</time>
      </trkpt>
      <trkpt lat="35.848302925005555" lon="-116.22565269470215">
        <ele>409.0</ele>
        <time>2023-03-18T06:36:10.723Z</time>
      </trkpt>
      <trkpt lat="35.8481312636286" lon="-116.2242579460144">
        <ele>410.0</ele>
        <time>2023-03-18T06:38:22.214Z</time>
      </trkpt>
      <trkpt lat="35.84808826446533" lon="-116.223464012146">
        <ele>410.0</ele>
        <time>2023-03-18T06:40:33.726Z</time>
      </trkpt>
      <trkpt lat="35.84821709431708" lon="-116.22226238250732">
        <ele>414.0</ele>
        <time>2023-03-18T06:42:45.271Z</time>
      </trkpt>
      <trkpt lat="35.849783504381776" lon="-116.21299266815186">
        <ele>425.0</ele>
        <time>2023-03-18T06:44:57.073Z</time>
      </trkpt>
      <trkpt lat="35.85012682713568" lon="-116.21069669723511">
        <ele>429.0</ele>
        <time>2023-03-18T06:47:08.938Z</time>
      </trkpt>
      <trkpt lat="35.85014820098877" lon="-116.20936632156372">
        <ele>432.0</ele>
        <time>2023-03-18T06:49:20.839Z</time>
      </trkpt>
      <trkpt lat="35.850019454956055" lon="-116.20835781097412">
        <ele>432.0</ele>
        <time>2023-03-18T06:51:32.768Z</time>
      </trkpt>
      <trkpt lat="35.8498477935791" lon="-116.20782136917114">
        <ele>433.0</ele>
        <time>2023-03-18T06:53:44.712Z</time>
      </trkpt>
      <trkpt lat="35.84961175918579" lon="-116.20728492736816">
        <ele>434.0</ele>
        <time>2023-03-18T06:55:56.673Z</time>
      </trkpt>
      <trkpt lat="35.849246978759766" lon="-116.20661973953247">
        <ele>434.0</ele>
        <time>2023-03-18T06:58:08.655Z</time>
      </trkpt>
      <trkpt lat="35.84892519749701" lon="-116.20610475540161">
        <ele>435.0</ele>
        <time>2023-03-18T07:00:20.655Z</time>
      </trkpt>
      <trkpt lat="35.84841021336615" lon="-116.20554685592651">
        <ele>436.0</ele>
        <time>2023-03-18T07:02:32.678Z</time>
      </trkpt>
      <trkpt lat="35.84665060043335" lon="-116.20402336120605">
        <ele>441.0</ele>
        <time>2023-03-18T07:04:44.773Z</time>
      </trkpt>
      <trkpt lat="35.84598549641669" lon="-116.20342254638672">
        <ele>443.0</ele>
        <time>2023-03-18T07:06:56.895Z</time>
      </trkpt>
      <trkpt lat="35.84585666656494" lon="-116.20314359664917">
        <ele>444.0</ele>
        <time>2023-03-18T07:09:09.026Z</time>
      </trkpt>
      <trkpt lat="35.845792293548584" lon="-116.20290756225586">
        <ele>444.0</ele>
        <time>2023-03-18T07:11:21.163Z</time>
      </trkpt>
      <trkpt lat="35.845770835876465" lon="-116.20269298553467">
        <ele>445.0</ele>
        <time>2023-03-18T07:13:33.306Z</time>
      </trkpt>
      <trkpt lat="35.84585666656494" lon="-116.20226383209229">
        <ele>445.0</ele>
        <time>2023-03-18T07:15:45.461Z</time>
      </trkpt>
      <trkpt lat="35.85364580154419" lon="-116.18327379226685">
        <ele>451.0</ele>
        <time>2023-03-18T07:17:58.193Z</time>
      </trkpt>
      <trkpt lat="35.85458993911743" lon="-116.18106365203857">
        <ele>457.0</ele>
        <time>2023-03-18T07:20:10.992Z</time>
      </trkpt>
      <trkpt lat="35.854783058166504" lon="-116.18074178695679">
        <ele>458.0</ele>
        <time>2023-03-18T07:22:23.802Z</time>
      </trkpt>
      <trkpt lat="35.85583448410034" lon="-116.179518699646">
        <ele>460.0</ele>
        <time>2023-03-18T07:24:36.660Z</time>
      </trkpt>
      <trkpt lat="35.85742235183716" lon="-116.17814540863037">
        <ele>461.0</ele>
        <time>2023-03-18T07:26:49.583Z</time>
      </trkpt>
      <trkpt lat="35.863022804260254" lon="-116.173574924469">
        <ele>471.0</ele>
        <time>2023-03-18T07:29:02.730Z</time>
      </trkpt>
      <trkpt lat="35.8634090423584" lon="-116.17318868637085">
        <ele>474.0</ele>
        <time>2023-03-18T07:31:15.893Z</time>
      </trkpt>
      <trkpt lat="35.86366653442383" lon="-116.17288827896118">
        <ele>477.0</ele>
        <time>2023-03-18T07:33:29.068Z</time>
      </trkpt>
      <trkpt lat="35.86394548416138" lon="-116.17241621017456">
        <ele>479.0</ele>
        <time>2023-03-18T07:35:42.259Z</time>
      </trkpt>
      <trkpt lat="35.864245891571045" lon="-116.17162227630615">
        <ele>482.0</ele>
        <time>2023-03-18T07:37:55.474Z</time>
      </trkpt>
      <trkpt lat="35.864760875701904" lon="-116.16930484771729">
        <ele>487.0</ele>
        <time>2023-03-18T07:40:08.754Z</time>
      </trkpt>
      <trkpt lat="35.86495399475098" lon="-116.16861820220947">
        <ele>489.0</ele>
        <time>2023-03-18T07:42:22.053Z</time>
      </trkpt>
      <trkpt lat="35.86559772491455" lon="-116.1674165725708">
        <ele>490.0</ele>
        <time>2023-03-18T07:44:35.391Z</time>
      </trkpt>
      <trkpt lat="35.86815118789673" lon="-116.16374731063843">
        <ele>498.0</ele>
        <time>2023-03-18T07:46:48.860Z</time>
      </trkpt>
      <trkpt lat="35.86883783340454" lon="-116.16256713867188">
        <ele>501.0</ele>
        <time>2023-03-18T07:49:02.368Z</time>
      </trkpt>
      <trkpt lat="35.87115526199341" lon="-116.15793228149414">
        <ele>512.0</ele>
        <time>2023-03-18T07:51:16.024Z</time>
      </trkpt>
      <trkpt lat="35.8713698387146" lon="-116.15724563598633">
        <ele>514.0</ele>
        <time>2023-03-18T07:53:29.700Z</time>
      </trkpt>
      <trkpt lat="35.87162741459906" lon="-116.15595817565918">
        <ele>517.0</ele>
        <time>2023-03-18T07:55:43.412Z</time>
      </trkpt>
      <trkpt lat="35.87278604507446" lon="-116.14984273910522">
        <ele>540.0</ele>
        <time>2023-03-18T07:57:57.294Z</time>
      </trkpt>
      <trkpt lat="35.87334394454956" lon="-116.1481261253357">
        <ele>541.0</ele>
        <time>2023-03-18T08:00:11.226Z</time>
      </trkpt>
      <trkpt lat="35.878965854644775" lon="-116.13321304321289">
        <ele>579.0</ele>
        <time>2023-03-18T08:02:25.603Z</time>
      </trkpt>
      <trkpt lat="35.88218450546265" lon="-116.12478017807007">
        <ele>604.0</ele>
        <time>2023-03-18T08:04:40.232Z</time>
      </trkpt>
      <trkpt lat="35.88977440260351" lon="-116.10466595739126">
        <ele>669.0</ele>
        <time>2023-03-18T08:06:55.462Z</time>
      </trkpt>
      <trkpt lat="35.889789992943406" lon="-116.10466998070478">
        <ele>669.0</ele>
        <time>2023-03-18T08:09:10.693Z</time>
      </trkpt>
      <trkpt lat="35.89084996841848" lon="-116.1018699221313">
        <ele>681.0</ele>
        <time>2023-03-18T08:11:26.007Z</time>
      </trkpt>
      <trkpt lat="35.89093999005854" lon="-116.10158996656537">
        <ele>682.0</ele>
        <time>2023-03-18T08:13:41.329Z</time>
      </trkpt>
      <trkpt lat="35.89102992787957" lon="-116.10105997882783">
        <ele>683.0</ele>
        <time>2023-03-18T08:15:56.666Z</time>
      </trkpt>
      <trkpt lat="35.891059935092926" lon="-116.10068991780281">
        <ele>684.0</ele>
        <time>2023-03-18T08:18:12.013Z</time>
      </trkpt>
      <trkpt lat="35.89102992787957" lon="-116.09970998950303">
        <ele>690.0</ele>
        <time>2023-03-18T08:20:27.387Z</time>
      </trkpt>
      <trkpt lat="35.89054998010397" lon="-116.09026995487511">
        <ele>727.0</ele>
        <time>2023-03-18T08:22:43.017Z</time>
      </trkpt>
      <trkpt lat="35.890539921820164" lon="-116.08957995660603">
        <ele>728.0</ele>
        <time>2023-03-18T08:24:58.666Z</time>
      </trkpt>
      <trkpt lat="35.89061996899545" lon="-116.08111993409693">
        <ele>765.0</ele>
        <time>2023-03-18T08:27:14.544Z</time>
      </trkpt>
      <trkpt lat="35.890579987317324" lon="-116.08014998026192">
        <ele>768.0</ele>
        <time>2023-03-18T08:29:30.448Z</time>
      </trkpt>
      <trkpt lat="35.89052994735539" lon="-116.07962996698916">
        <ele>770.0</ele>
        <time>2023-03-18T08:31:46.366Z</time>
      </trkpt>
      <trkpt lat="35.89003994129598" lon="-116.07610998675227">
        <ele>787.0</ele>
        <time>2023-03-18T08:34:02.381Z</time>
      </trkpt>
      <trkpt lat="35.88992997072637" lon="-116.07555996626616">
        <ele>788.0</ele>
        <time>2023-03-18T08:36:18.411Z</time>
      </trkpt>
      <trkpt lat="35.889769960194826" lon="-116.07511991634965">
        <ele>789.0</ele>
        <time>2023-03-18T08:38:34.454Z</time>
      </trkpt>
      <trkpt lat="35.889619924128056" lon="-116.07479997910559">
        <ele>789.0</ele>
        <time>2023-03-18T08:40:50.507Z</time>
      </trkpt>
      <trkpt lat="35.88943996466696" lon="-116.07448993250728">
        <ele>793.0</ele>
        <time>2023-03-18T08:43:06.571Z</time>
      </trkpt>
      <trkpt lat="35.888929925858974" lon="-116.07370999641716">
        <ele>797.0</ele>
        <time>2023-03-18T08:45:22.662Z</time>
      </trkpt>
      <trkpt lat="35.88857998140156" lon="-116.07320993207395">
        <ele>798.0</ele>
        <time>2023-03-18T08:47:38.771Z</time>
      </trkpt>
      <trkpt lat="35.88766995817423" lon="-116.07221994549036">
        <ele>805.0</ele>
        <time>2023-03-18T08:49:54.920Z</time>
      </trkpt>
      <trkpt lat="35.88747994042933" lon="-116.07196999713778">
        <ele>806.0</ele>
        <time>2023-03-18T08:52:11.078Z</time>
      </trkpt>
      <trkpt lat="35.887169977650046" lon="-116.07146993279457">
        <ele>806.0</ele>
        <time>2023-03-18T08:54:27.253Z</time>
      </trkpt>
      <trkpt lat="35.88684995658696" lon="-116.07074992731214">
        <ele>810.0</ele>
        <time>2023-03-18T08:56:43.451Z</time>
      </trkpt>
      <trkpt lat="35.886649964377284" lon="-116.0702299978584">
        <ele>813.0</ele>
        <time>2023-03-18T08:58:59.664Z</time>
      </trkpt>
      <trkpt lat="35.8865799754858" lon="-116.06980998069048">
        <ele>816.0</ele>
        <time>2023-03-18T09:01:15.889Z</time>
      </trkpt>
      <trkpt lat="35.886569917201996" lon="-116.06944997794926">
        <ele>818.0</ele>
        <time>2023-03-18T09:03:32.124Z</time>
      </trkpt>
      <trkpt lat="35.88668994605541" lon="-116.06863995082676">
        <ele>819.0</ele>
        <time>2023-03-18T09:05:48.381Z</time>
      </trkpt>
      <trkpt lat="35.886719953268766" lon="-116.06831992976367">
        <ele>819.0</ele>
        <time>2023-03-18T09:08:04.647Z</time>
      </trkpt>
      <trkpt lat="35.88668994605541" lon="-116.06801994144917">
        <ele>821.0</ele>
        <time>2023-03-18T09:10:20.921Z</time>
      </trkpt>
      <trkpt lat="35.88659992441535" lon="-116.0676899459213">
        <ele>822.0</ele>
        <time>2023-03-18T09:12:37.204Z</time>
      </trkpt>
      <trkpt lat="35.8863899577409" lon="-116.06722994707525">
        <ele>826.0</ele>
        <time>2023-03-18T09:14:53.502Z</time>
      </trkpt>
      <trkpt lat="35.886159958317876" lon="-116.06680992990732">
        <ele>828.0</ele>
        <time>2023-03-18T09:17:09.813Z</time>
      </trkpt>
      <trkpt lat="35.88555998168886" lon="-116.0659099649638">
        <ele>831.0</ele>
        <time>2023-03-18T09:19:26.156Z</time>
      </trkpt>
      <trkpt lat="35.88469999842346" lon="-116.06467992067337">
        <ele>841.0</ele>
        <time>2023-03-18T09:21:42.543Z</time>
      </trkpt>
      <trkpt lat="35.884479973465204" lon="-116.06433995068073">
        <ele>846.0</ele>
        <time>2023-03-18T09:23:58.941Z</time>
      </trkpt>
      <trkpt lat="35.884309988468885" lon="-116.06401992961764">
        <ele>850.0</ele>
        <time>2023-03-18T09:26:15.350Z</time>
      </trkpt>
      <trkpt lat="35.88420999236405" lon="-116.0636199451983">
        <ele>853.0</ele>
        <time>2023-03-18T09:28:31.770Z</time>
      </trkpt>
      <trkpt lat="35.884179985150695" lon="-116.06335993856192">
        <ele>855.0</ele>
        <time>2023-03-18T09:30:48.197Z</time>
      </trkpt>
      <trkpt lat="35.88419993408024" lon="-116.06312993913889">
        <ele>855.0</ele>
        <time>2023-03-18T09:33:04.631Z</time>
      </trkpt>
      <trkpt lat="35.88435994461179" lon="-116.06254999525845">
        <ele>857.0</ele>
        <time>2023-03-18T09:35:21.081Z</time>
      </trkpt>
      <trkpt lat="35.88435994461179" lon="-116.0623299703002">
        <ele>860.0</ele>
        <time>2023-03-18T09:37:37.537Z</time>
      </trkpt>
      <trkpt lat="35.88433999568224" lon="-116.06224992312491">
        <ele>862.0</ele>
        <time>2023-03-18T09:39:53.995Z</time>
      </trkpt>
      <trkpt lat="35.884269922971725" lon="-116.06209997087717">
        <ele>864.0</ele>
        <time>2023-03-18T09:42:10.458Z</time>
      </trkpt>
      <trkpt lat="35.88330994360149" lon="-116.06099992990494">
        <ele>876.0</ele>
        <time>2023-03-18T09:44:26.965Z</time>
      </trkpt>
      <trkpt lat="35.883059995248914" lon="-116.06068996712565">
        <ele>878.0</ele>
        <time>2023-03-18T09:46:43.484Z</time>
      </trkpt>
      <trkpt lat="35.8829399663955" lon="-116.06043993495405">
        <ele>875.0</ele>
        <time>2023-03-18T09:49:00.010Z</time>
      </trkpt>
      <trkpt lat="35.88290995918214" lon="-116.06020993553102">
        <ele>874.0</ele>
        <time>2023-03-18T09:51:16.543Z</time>
      </trkpt>
      <trkpt lat="35.88295999914408" lon="-116.0597999766469">
        <ele>875.0</ele>
        <time>2023-03-18T09:53:33.087Z</time>
      </trkpt>
      <trkpt lat="35.88294994086027" lon="-116.05964994058013">
        <ele>874.0</ele>
        <time>2023-03-18T09:55:49.635Z</time>
      </trkpt>
      <trkpt lat="35.88290995918214" lon="-116.05949998833239">
        <ele>873.0</ele>
        <time>2023-03-18T09:58:06.187Z</time>
      </trkpt>
      <trkpt lat="35.88276998139918" lon="-116.0592299234122">
        <ele>873.0</ele>
        <time>2023-03-18T10:00:22.748Z</time>
      </trkpt>
      <trkpt lat="35.882719941437244" lon="-116.05899992398918">
        <ele>872.0</ele>
        <time>2023-03-18T10:02:39.315Z</time>
      </trkpt>
      <trkpt lat="35.88270996697247" lon="-116.05876992456615">
        <ele>871.0</ele>
        <time>2023-03-18T10:04:55.889Z</time>
      </trkpt>
      <trkpt lat="35.88263997808099" lon="-116.05851997621357">
        <ele>870.0</ele>
        <time>2023-03-18T10:07:12.470Z</time>
      </trkpt>
      <trkpt lat="35.88236999697983" lon="-116.05819995515049">
        <ele>866.0</ele>
        <time>2023-03-18T10:09:29.063Z</time>
      </trkpt>
      <trkpt lat="35.8823199570179" lon="-116.05803994461894">
        <ele>867.0</ele>
        <time>2023-03-18T10:11:45.661Z</time>
      </trkpt>
      <trkpt lat="35.882309982553124" lon="-116.05761992745101">
        <ele>868.0</ele>
        <time>2023-03-18T10:14:02.270Z</time>
      </trkpt>
      <trkpt lat="35.88234996423125" lon="-116.05743996798992">
        <ele>868.0</ele>
        <time>2023-03-18T10:16:18.884Z</time>
      </trkpt>
      <trkpt lat="35.88238994590938" lon="-116.05737995356321">
        <ele>868.0</ele>
        <time>2023-03-18T10:18:35.500Z</time>
      </trkpt>
      <trkpt lat="35.88262991979718" lon="-116.05714995414019">
        <ele>868.0</ele>
        <time>2023-03-18T10:20:52.127Z</time>
      </trkpt>
      <trkpt lat="35.88275992311537" lon="-116.05698994360864">
        <ele>867.0</ele>
        <time>2023-03-18T10:23:08.760Z</time>
      </trkpt>
      <trkpt lat="35.88306996971369" lon="-116.05647998861969">
        <ele>863.0</ele>
        <time>2023-03-18T10:25:25.410Z</time>
      </trkpt>
      <trkpt lat="35.88320994749665" lon="-116.05628997087479">
        <ele>862.0</ele>
        <time>2023-03-18T10:27:42.067Z</time>
      </trkpt>
      <trkpt lat="35.8833699580282" lon="-116.05617991648614">
        <ele>860.0</ele>
        <time>2023-03-18T10:29:58.730Z</time>
      </trkpt>
      <trkpt lat="35.88351999409497" lon="-116.05617991648614">
        <ele>859.0</ele>
        <time>2023-03-18T10:32:15.398Z</time>
      </trkpt>
      <trkpt lat="35.88363993912935" lon="-116.05628997087479">
        <ele>859.0</ele>
        <time>2023-03-18T10:34:32.071Z</time>
      </trkpt>
      <trkpt lat="35.88371998630464" lon="-116.05643992312253">
        <ele>858.0</ele>
        <time>2023-03-18T10:36:48.749Z</time>
      </trkpt>
      <trkpt lat="35.88386993855238" lon="-116.0568399913609">
        <ele>854.0</ele>
        <time>2023-03-18T10:39:05.439Z</time>
      </trkpt>
      <trkpt lat="35.883969934657216" lon="-116.05703998357058">
        <ele>853.0</ele>
        <time>2023-03-18T10:41:22.135Z</time>
      </trkpt>
      <trkpt lat="35.8840399235487" lon="-116.05710997246206">
        <ele>852.0</ele>
        <time>2023-03-18T10:43:38.834Z</time>
      </trkpt>
      <trkpt lat="35.88411997072399" lon="-116.05713997967541">
        <ele>852.0</ele>
        <time>2023-03-18T10:45:55.536Z</time>
      </trkpt>
      <trkpt lat="35.884179985150695" lon="-116.0571299213916">
        <ele>851.0</ele>
        <time>2023-03-18T10:48:12.240Z</time>
      </trkpt>
      <trkpt lat="35.88425994850695" lon="-116.0570799652487">
        <ele>850.0</ele>
        <time>2023-03-18T10:50:28.947Z</time>
      </trkpt>
      <trkpt lat="35.88431996293366" lon="-116.0569699946791">
        <ele>849.0</ele>
        <time>2023-03-18T10:52:45.658Z</time>
      </trkpt>
      <trkpt lat="35.88433999568224" lon="-116.05689992196858">
        <ele>848.0</ele>
        <time>2023-03-18T10:55:02.371Z</time>
      </trkpt>
      <trkpt lat="35.88427998125553" lon="-116.05632995255291">
        <ele>847.0</ele>
        <time>2023-03-18T10:57:19.099Z</time>
      </trkpt>
      <trkpt lat="35.88435994461179" lon="-116.0557899903506">
        <ele>843.0</ele>
        <time>2023-03-18T10:59:35.842Z</time>
      </trkpt>
      <trkpt lat="35.88450998067856" lon="-116.05526997707784">
        <ele>840.0</ele>
        <time>2023-03-18T11:01:52.600Z</time>
      </trkpt>
      <trkpt lat="35.89767996221781" lon="-116.0185799561441">
        <ele>801.0</ele>
        <time>2023-03-18T11:04:10.444Z</time>
      </trkpt>
      <trkpt lat="35.89786997996271" lon="-116.01817997172475">
        <ele>800.0</ele>
        <time>2023-03-18T11:06:28.301Z</time>
      </trkpt>
      <trkpt lat="35.89800995774567" lon="-116.0179599467665">
        <ele>801.0</ele>
        <time>2023-03-18T11:08:46.165Z</time>
      </trkpt>
      <trkpt lat="35.898319920524955" lon="-116.01753992959857">
        <ele>802.0</ele>
        <time>2023-03-18T11:11:04.045Z</time>
      </trkpt>
      <trkpt lat="35.89864999987185" lon="-116.01721999235451">
        <ele>802.0</ele>
        <time>2023-03-18T11:13:21.939Z</time>
      </trkpt>
      <trkpt lat="35.899089965969324" lon="-116.01686996407807">
        <ele>802.0</ele>
        <time>2023-03-18T11:15:39.850Z</time>
      </trkpt>
      <trkpt lat="35.89944996871054" lon="-116.01663996465504">
        <ele>802.0</ele>
        <time>2023-03-18T11:17:57.775Z</time>
      </trkpt>
      <trkpt lat="35.90006997808814" lon="-116.01637995801866">
        <ele>804.0</ele>
        <time>2023-03-18T11:20:15.721Z</time>
      </trkpt>
      <trkpt lat="35.913789980113506" lon="-116.01199999451637">
        <ele>812.0</ele>
        <time>2023-03-18T11:22:34.139Z</time>
      </trkpt>
      <trkpt lat="35.921239983290434" lon="-116.0096399858594">
        <ele>813.0</ele>
        <time>2023-03-18T11:24:52.813Z</time>
      </trkpt>
      <trkpt lat="35.94051559455693" lon="-116.00344944745302">
        <ele>833.0</ele>
        <time>2023-03-18T11:27:12.150Z</time>
      </trkpt>
      <trkpt lat="35.94972101971507" lon="-116.00049206055701">
        <ele>844.0</ele>
        <time>2023-03-18T11:29:31.804Z</time>
      </trkpt>
      <trkpt lat="35.960369976237416" lon="-115.99706998094916">
        <ele>856.0</ele>
        <time>2023-03-18T11:31:51.825Z</time>
      </trkpt>
      <trkpt lat="35.96948998980224" lon="-115.99409993737936">
        <ele>846.0</ele>
        <time>2023-03-18T11:34:12.160Z</time>
      </trkpt>
      <trkpt lat="35.97004998475313" lon="-115.99387999624014">
        <ele>844.0</ele>
        <time>2023-03-18T11:36:32.514Z</time>
      </trkpt>
      <trkpt lat="35.970549965277314" lon="-115.99361998960376">
        <ele>842.0</ele>
        <time>2023-03-18T11:38:52.886Z</time>
      </trkpt>
      <trkpt lat="35.97105992026627" lon="-115.9932899940759">
        <ele>840.0</ele>
        <time>2023-03-18T11:41:13.277Z</time>
      </trkpt>
      <trkpt lat="35.97130995243788" lon="-115.993099976331">
        <ele>839.0</ele>
        <time>2023-03-18T11:43:33.678Z</time>
      </trkpt>
      <trkpt lat="35.97195996902883" lon="-115.9924799669534">
        <ele>836.0</ele>
        <time>2023-03-18T11:45:54.107Z</time>
      </trkpt>
      <trkpt lat="35.97240999341011" lon="-115.99193992093205">
        <ele>835.0</ele>
        <time>2023-03-18T11:48:14.556Z</time>
      </trkpt>
      <trkpt lat="35.972809977829456" lon="-115.99135997705162">
        <ele>832.0</ele>
        <time>2023-03-18T11:50:35.026Z</time>
      </trkpt>
      <trkpt lat="35.97311994060874" lon="-115.99077994935215">
        <ele>831.0</ele>
        <time>2023-03-18T11:52:55.515Z</time>
      </trkpt>
      <trkpt lat="35.97343996167183" lon="-115.99001996219158">
        <ele>829.0</ele>
        <time>2023-03-18T11:55:16.027Z</time>
      </trkpt>
      <trkpt lat="35.973669961094856" lon="-115.9893299639225">
        <ele>829.0</ele>
        <time>2023-03-18T11:57:36.559Z</time>
      </trkpt>
      <trkpt lat="35.97381999716163" lon="-115.98871992900968">
        <ele>829.0</ele>
        <time>2023-03-18T11:59:57.108Z</time>
      </trkpt>
      <trkpt lat="35.973949916660786" lon="-115.98787997849286">
        <ele>829.0</ele>
        <time>2023-03-18T12:02:17.681Z</time>
      </trkpt>
      <trkpt lat="35.974009931087494" lon="-115.98733993247151">
        <ele>829.0</ele>
        <time>2023-03-18T12:04:38.268Z</time>
      </trkpt>
      <trkpt lat="35.974419973790646" lon="-115.98318996839225">
        <ele>819.0</ele>
        <time>2023-03-18T12:06:58.968Z</time>
      </trkpt>
      <trkpt lat="35.97464997321367" lon="-115.98066994920373">
        <ele>810.0</ele>
        <time>2023-03-18T12:09:19.737Z</time>
      </trkpt>
      <trkpt lat="35.97464997321367" lon="-115.97982999868691">
        <ele>809.0</ele>
        <time>2023-03-18T12:11:40.529Z</time>
      </trkpt>
      <trkpt lat="35.974609991535544" lon="-115.9791499748826">
        <ele>807.0</ele>
        <time>2023-03-18T12:14:01.339Z</time>
      </trkpt>
      <trkpt lat="35.974529944360256" lon="-115.97844991832972">
        <ele>805.0</ele>
        <time>2023-03-18T12:16:22.168Z</time>
      </trkpt>
      <trkpt lat="35.97199995070696" lon="-115.96238994039595">
        <ele>797.0</ele>
        <time>2023-03-18T12:18:43.440Z</time>
      </trkpt>
      <trkpt lat="35.97199383191764" lon="-115.96232514828444">
        <ele>797.0</ele>
        <time>2023-03-18T12:21:04.714Z</time>
      </trkpt>
      <trkpt lat="35.9719199873507" lon="-115.96153993159533">
        <ele>798.0</ele>
        <time>2023-03-18T12:23:26.009Z</time>
      </trkpt>
      <trkpt lat="35.97189995460212" lon="-115.96102997660637">
        <ele>797.0</ele>
        <time>2023-03-18T12:25:47.318Z</time>
      </trkpt>
      <trkpt lat="35.97188998013735" lon="-115.95899996347725">
        <ele>795.0</ele>
        <time>2023-03-18T12:28:08.682Z</time>
      </trkpt>
      <trkpt lat="35.9719199873507" lon="-115.89945995248854">
        <ele>796.0</ele>
        <time>2023-03-18T12:30:31.657Z</time>
      </trkpt>
      <trkpt lat="35.97193993628025" lon="-115.89498996734619">
        <ele>798.0</ele>
        <time>2023-03-18T12:32:54.753Z</time>
      </trkpt>
      <trkpt lat="35.9719199873507" lon="-115.86194992996752">
        <ele>818.0</ele>
        <time>2023-03-18T12:35:18.743Z</time>
      </trkpt>
      <trkpt lat="35.971929961815476" lon="-115.86038997396827">
        <ele>820.0</ele>
        <time>2023-03-18T12:37:42.775Z</time>
      </trkpt>
      <trkpt lat="35.97193993628025" lon="-115.85994992405176">
        <ele>820.0</ele>
        <time>2023-03-18T12:40:06.819Z</time>
      </trkpt>
      <trkpt lat="35.97200992517173" lon="-115.85948992520571">
        <ele>820.0</ele>
        <time>2023-03-18T12:42:30.876Z</time>
      </trkpt>
      <trkpt lat="35.97213992848992" lon="-115.85904995910823">
        <ele>821.0</ele>
        <time>2023-03-18T12:44:54.945Z</time>
      </trkpt>
      <trkpt lat="35.97243991680443" lon="-115.8583899680525">
        <ele>821.0</ele>
        <time>2023-03-18T12:47:19.035Z</time>
      </trkpt>
      <trkpt lat="35.9727799706161" lon="-115.85779996588826">
        <ele>822.0</ele>
        <time>2023-03-18T12:49:43.144Z</time>
      </trkpt>
      <trkpt lat="35.972719956189394" lon="-115.85773995146155">
        <ele>822.0</ele>
        <time>2023-03-18T12:52:07.256Z</time>
      </trkpt>
      <trkpt lat="35.973149947822094" lon="-115.8570899348706">
        <ele>823.0</ele>
        <time>2023-03-18T12:54:31.391Z</time>
      </trkpt>
      <trkpt lat="35.97356996499002" lon="-115.85654997266829">
        <ele>824.0</ele>
        <time>2023-03-18T12:56:55.546Z</time>
      </trkpt>
      <trkpt lat="35.97380993887782" lon="-115.85626993328333">
        <ele>824.0</ele>
        <time>2023-03-18T12:59:19.712Z</time>
      </trkpt>
      <trkpt lat="35.97429994493723" lon="-115.8557999599725">
        <ele>825.0</ele>
        <time>2023-03-18T13:01:43.899Z</time>
      </trkpt>
      <trkpt lat="35.974979968741536" lon="-115.85531992837787">
        <ele>826.0</ele>
        <time>2023-03-18T13:04:08.112Z</time>
      </trkpt>
      <trkpt lat="35.97676992416382" lon="-115.85413992404938">
        <ele>832.0</ele>
        <time>2023-03-18T13:06:32.392Z</time>
      </trkpt>
      <trkpt lat="35.97952991724014" lon="-115.85227997973561">
        <ele>838.0</ele>
        <time>2023-03-18T13:08:56.777Z</time>
      </trkpt>
      <trkpt lat="35.97998999990523" lon="-115.85193992592394">
        <ele>839.0</ele>
        <time>2023-03-18T13:11:21.180Z</time>
      </trkpt>
      <trkpt lat="35.980779994279146" lon="-115.85133994929492">
        <ele>841.0</ele>
        <time>2023-03-18T13:13:45.614Z</time>
      </trkpt>
      <trkpt lat="35.98188992589712" lon="-115.85042992606759">
        <ele>841.0</ele>
        <time>2023-03-18T13:16:10.092Z</time>
      </trkpt>
      <trkpt lat="35.982779916375875" lon="-115.8496299572289">
        <ele>844.0</ele>
        <time>2023-03-18T13:18:34.607Z</time>
      </trkpt>
      <trkpt lat="35.983829917386174" lon="-115.84859998896718">
        <ele>847.0</ele>
        <time>2023-03-18T13:20:59.167Z</time>
      </trkpt>
      <trkpt lat="35.984559981152415" lon="-115.84780999459326">
        <ele>848.0</ele>
        <time>2023-03-18T13:23:23.759Z</time>
      </trkpt>
      <trkpt lat="35.98563998937607" lon="-115.84656997583807">
        <ele>849.0</ele>
        <time>2023-03-18T13:25:48.400Z</time>
      </trkpt>
      <trkpt lat="35.986169977113605" lon="-115.8459899481386">
        <ele>850.0</ele>
        <time>2023-03-18T13:28:13.065Z</time>
      </trkpt>
      <trkpt lat="35.98617517389357" lon="-115.84600117988884">
        <ele>850.0</ele>
        <time>2023-03-18T13:30:37.730Z</time>
      </trkpt>
      <trkpt lat="35.99251985549927" lon="-115.8388352394104">
        <ele>873.0</ele>
        <time>2023-03-18T13:33:02.682Z</time>
      </trkpt>
      <trkpt lat="35.99498748779297" lon="-115.83561658859253">
        <ele>876.0</ele>
        <time>2023-03-18T13:35:27.754Z</time>
      </trkpt>
      <trkpt lat="35.996360778808594" lon="-115.83385705947876">
        <ele>879.0</ele>
        <time>2023-03-18T13:37:52.892Z</time>
      </trkpt>
      <trkpt lat="35.996832847595215" lon="-115.83338499069214">
        <ele>881.0</ele>
        <time>2023-03-18T13:40:18.050Z</time>
      </trkpt>
      <trkpt lat="36.030070865526795" lon="-115.80493211746216">
        <ele>924.0</ele>
        <time>2023-03-18T13:42:44.555Z</time>
      </trkpt>
      <trkpt lat="36.043782318010926" lon="-115.79317331314087">
        <ele>952.0</ele>
        <time>2023-03-18T13:45:11.617Z</time>
      </trkpt>
      <trkpt lat="36.065218448638916" lon="-115.77474117279053">
        <ele>1004.0</ele>
        <time>2023-03-18T13:47:39.549Z</time>
      </trkpt>
      <trkpt lat="36.072728633880615" lon="-115.76830387115479">
        <ele>1024.0</ele>
        <time>2023-03-18T13:50:07.786Z</time>
      </trkpt>
      <trkpt lat="36.07292175292969" lon="-115.76811075210571">
        <ele>1025.0</ele>
        <time>2023-03-18T13:52:36.031Z</time>
      </trkpt>
      <trkpt lat="36.07306307181716" lon="-115.76834334991872">
        <ele>1024.0</ele>
        <time>2023-03-18T13:55:04.284Z</time>
      </trkpt>
      <trkpt lat="36.0721802059561" lon="-115.76877200044692">
        <ele>1022.0</ele>
        <time>2023-03-18T13:57:32.568Z</time>
      </trkpt>
      <trkpt lat="36.07272871769965" lon="-115.76830387115479">
        <ele>1024.0</ele>
        <time>2023-03-18T14:00:00.875Z</time>
      </trkpt>
      <trkpt lat="36.02689504623413" lon="-115.69318056106567">
        <ele>1108.0</ele>
        <time>2023-03-18T14:02:31.722Z</time>
      </trkpt>
      <trkpt lat="36.01749658584595" lon="-115.67770957946777">
        <ele>1133.0</ele>
        <time>2023-03-18T14:05:03.091Z</time>
      </trkpt>
      <trkpt lat="36.00844144821167" lon="-115.66303253173828">
        <ele>1149.0</ele>
        <time>2023-03-18T14:07:34.958Z</time>
      </trkpt>
      <trkpt lat="36.008613193407655" lon="-115.66281795501709">
        <ele>1150.0</ele>
        <time>2023-03-18T14:10:06.834Z</time>
      </trkpt>
      <trkpt lat="36.01091452874243" lon="-115.66660196520388">
        <ele>1146.0</ele>
        <time>2023-03-18T14:12:38.837Z</time>
      </trkpt>
      <trkpt lat="36.00861310958862" lon="-115.66281795501709">
        <ele>1150.0</ele>
        <time>2023-03-18T14:15:10.968Z</time>
      </trkpt>
      <trkpt lat="36.0084415320307" lon="-115.66303253173828">
        <ele>1149.0</ele>
        <time>2023-03-18T14:17:43.107Z</time>
      </trkpt>
      <trkpt lat="36.00674629211426" lon="-115.66026449203491">
        <ele>1152.0</ele>
        <time>2023-03-18T14:20:15.340Z</time>
      </trkpt>
      <trkpt lat="36.00595235824585" lon="-115.65882682800293">
        <ele>1153.0</ele>
        <time>2023-03-18T14:22:47.620Z</time>
      </trkpt>
      <trkpt lat="36.0052227973938" lon="-115.65717458724976">
        <ele>1155.0</ele>
        <time>2023-03-18T14:25:19.951Z</time>
      </trkpt>
      <trkpt lat="36.00492238998413" lon="-115.65633773803711">
        <ele>1157.0</ele>
        <time>2023-03-18T14:27:52.307Z</time>
      </trkpt>
      <trkpt lat="36.0045147780329" lon="-115.65485715866089">
        <ele>1159.0</ele>
        <time>2023-03-18T14:30:24.705Z</time>
      </trkpt>
      <trkpt lat="36.00438594818115" lon="-115.65444946289062">
        <ele>1160.0</ele>
        <time>2023-03-18T14:32:57.115Z</time>
      </trkpt>
      <trkpt lat="36.0041069984436" lon="-115.65290451049805">
        <ele>1162.0</ele>
        <time>2023-03-18T14:35:29.568Z</time>
      </trkpt>
      <trkpt lat="36.00395679473877" lon="-115.65185308456421">
        <ele>1164.0</ele>
        <time>2023-03-18T14:38:02.050Z</time>
      </trkpt>
      <trkpt lat="36.00387096405029" lon="-115.65065145492554">
        <ele>1167.0</ele>
        <time>2023-03-18T14:40:34.564Z</time>
      </trkpt>
      <trkpt lat="36.00387096405029" lon="-115.64951419830322">
        <ele>1171.0</ele>
        <time>2023-03-18T14:43:07.109Z</time>
      </trkpt>
      <trkpt lat="36.00442894734442" lon="-115.63739061355591">
        <ele>1193.0</ele>
        <time>2023-03-18T14:45:39.982Z</time>
      </trkpt>
      <trkpt lat="36.006338596343994" lon="-115.5974793434143">
        <ele>1310.0</ele>
        <time>2023-03-18T14:48:13.937Z</time>
      </trkpt>
      <trkpt lat="36.00674629211426" lon="-115.58956146240234">
        <ele>1335.0</ele>
        <time>2023-03-18T14:50:48.106Z</time>
      </trkpt>
      <trkpt lat="36.00691795349121" lon="-115.58829545974731">
        <ele>1339.0</ele>
        <time>2023-03-18T14:53:22.310Z</time>
      </trkpt>
      <trkpt lat="36.00715398788452" lon="-115.587158203125">
        <ele>1341.0</ele>
        <time>2023-03-18T14:55:56.546Z</time>
      </trkpt>
      <trkpt lat="36.00751876831055" lon="-115.58578491210938">
        <ele>1348.0</ele>
        <time>2023-03-18T14:58:30.821Z</time>
      </trkpt>
      <trkpt lat="36.008098125457764" lon="-115.58411121368408">
        <ele>1354.0</ele>
        <time>2023-03-18T15:01:05.145Z</time>
      </trkpt>
      <trkpt lat="36.018118942156434" lon="-115.56113004684448">
        <ele>1432.0</ele>
        <time>2023-03-18T15:03:40.174Z</time>
      </trkpt>
      <trkpt lat="36.020543575286865" lon="-115.5555510520935">
        <ele>1454.0</ele>
        <time>2023-03-18T15:06:15.375Z</time>
      </trkpt>
      <trkpt lat="36.021316051483154" lon="-115.55370569229126">
        <ele>1462.0</ele>
        <time>2023-03-18T15:08:50.632Z</time>
      </trkpt>
      <trkpt lat="36.021788120269775" lon="-115.55209636688232">
        <ele>1469.0</ele>
        <time>2023-03-18T15:11:25.935Z</time>
      </trkpt>
      <trkpt lat="36.02236747741699" lon="-115.54949998855591">
        <ele>1478.0</ele>
        <time>2023-03-18T15:14:01.311Z</time>
      </trkpt>
      <trkpt lat="36.02311849594116" lon="-115.5455732345581">
        <ele>1494.0</ele>
        <time>2023-03-18T15:16:36.796Z</time>
      </trkpt>
      <trkpt lat="36.02337598800659" lon="-115.54389953613281">
        <ele>1502.0</ele>
        <time>2023-03-18T15:19:12.327Z</time>
      </trkpt>
      <trkpt lat="36.02346181869507" lon="-115.54293394088745">
        <ele>1502.0</ele>
        <time>2023-03-18T15:21:47.884Z</time>
      </trkpt>
      <trkpt lat="36.02350473403931" lon="-115.53937196731567">
        <ele>1515.0</ele>
        <time>2023-03-18T15:24:23.538Z</time>
      </trkpt>
      <trkpt lat="36.02363348007202" lon="-115.53349256515503">
        <ele>1539.0</ele>
        <time>2023-03-18T15:26:59.351Z</time>
      </trkpt>
      <trkpt lat="36.02348327636719" lon="-115.53085327148438">
        <ele>1548.0</ele>
        <time>2023-03-18T15:29:35.235Z</time>
      </trkpt>
      <trkpt lat="36.02313995361328" lon="-115.52647590637207">
        <ele>1567.0</ele>
        <time>2023-03-18T15:32:11.238Z</time>
      </trkpt>
      <trkpt lat="36.02292537689209" lon="-115.52136898040771">
        <ele>1592.0</ele>
        <time>2023-03-18T15:34:47.379Z</time>
      </trkpt>
      <trkpt lat="36.022582054138184" lon="-115.5173134803772">
        <ele>1614.0</ele>
        <time>2023-03-18T15:37:23.631Z</time>
      </trkpt>
      <trkpt lat="36.02234601974487" lon="-115.51634788513184">
        <ele>1613.0</ele>
        <time>2023-03-18T15:39:59.910Z</time>
      </trkpt>
      <trkpt lat="36.02138042449951" lon="-115.51342964172363">
        <ele>1623.0</ele>
        <time>2023-03-18T15:42:36.274Z</time>
      </trkpt>
      <trkpt lat="36.02103718556464" lon="-115.51177740097046">
        <ele>1643.0</ele>
        <time>2023-03-18T15:45:12.684Z</time>
      </trkpt>
      <trkpt lat="36.02084398269653" lon="-115.51104784011841">
        <ele>1639.0</ele>
        <time>2023-03-18T15:47:49.115Z</time>
      </trkpt>
      <trkpt lat="36.0206937789917" lon="-115.5107045173645">
        <ele>1639.0</ele>
        <time>2023-03-18T15:50:25.556Z</time>
      </trkpt>
      <trkpt lat="36.02017879486084" lon="-115.5099105834961">
        <ele>1646.0</ele>
        <time>2023-03-18T15:53:02.025Z</time>
      </trkpt>
      <trkpt lat="36.01962089538574" lon="-115.50928831100464">
        <ele>1651.0</ele>
        <time>2023-03-18T15:55:38.519Z</time>
      </trkpt>
      <trkpt lat="36.018805503845215" lon="-115.50832271575928">
        <ele>1656.0</ele>
        <time>2023-03-18T15:58:15.051Z</time>
      </trkpt>
      <trkpt lat="36.01850509643555" lon="-115.50774335861206">
        <ele>1661.0</ele>
        <time>2023-03-18T16:00:51.601Z</time>
      </trkpt>
      <trkpt lat="36.01745367050171" lon="-115.50514698028564">
        <ele>1671.0</ele>
        <time>2023-03-18T16:03:28.230Z</time>
      </trkpt>
      <trkpt lat="36.01717472076416" lon="-115.50456762313843">
        <ele>1672.0</ele>
        <time>2023-03-18T16:06:04.877Z</time>
      </trkpt>
      <trkpt lat="36.01670273579657" lon="-115.50388097763062">
        <ele>1676.0</ele>
        <time>2023-03-18T16:08:41.548Z</time>
      </trkpt>
      <trkpt lat="36.015565479174256" lon="-115.50255060195923">
        <ele>1679.0</ele>
        <time>2023-03-18T16:11:18.271Z</time>
      </trkpt>
      <trkpt lat="36.01376295089722" lon="-115.50051212310791">
        <ele>1669.0</ele>
        <time>2023-03-18T16:13:55.076Z</time>
      </trkpt>
      <trkpt lat="36.013333881273866" lon="-115.49984693527222">
        <ele>1666.0</ele>
        <time>2023-03-18T16:16:31.904Z</time>
      </trkpt>
      <trkpt lat="36.01245403289795" lon="-115.4979157447815">
        <ele>1659.0</ele>
        <time>2023-03-18T16:19:08.792Z</time>
      </trkpt>
      <trkpt lat="36.012046337127686" lon="-115.49720764160156">
        <ele>1656.0</ele>
        <time>2023-03-18T16:21:45.703Z</time>
      </trkpt>
      <trkpt lat="36.01114511489868" lon="-115.49592018127441">
        <ele>1650.0</ele>
        <time>2023-03-18T16:24:22.660Z</time>
      </trkpt>
      <trkpt lat="36.01090908050537" lon="-115.49546957015991">
        <ele>1647.0</ele>
        <time>2023-03-18T16:26:59.632Z</time>
      </trkpt>
      <trkpt lat="36.01065158843994" lon="-115.4947829246521">
        <ele>1643.0</ele>
        <time>2023-03-18T16:29:36.624Z</time>
      </trkpt>
      <trkpt lat="36.010544300079346" lon="-115.494225025177">
        <ele>1639.0</ele>
        <time>2023-03-18T16:32:13.632Z</time>
      </trkpt>
      <trkpt lat="36.010329723358154" lon="-115.49278736114502">
        <ele>1635.0</ele>
        <time>2023-03-18T16:34:50.679Z</time>
      </trkpt>
      <trkpt lat="36.01017951965332" lon="-115.49212217330933">
        <ele>1631.0</ele>
        <time>2023-03-18T16:37:27.745Z</time>
      </trkpt>
      <trkpt lat="36.009814739227295" lon="-115.49132823944092">
        <ele>1625.0</ele>
        <time>2023-03-18T16:40:04.836Z</time>
      </trkpt>
      <trkpt lat="36.00936412811279" lon="-115.4907488822937">
        <ele>1621.0</ele>
        <time>2023-03-18T16:42:41.948Z</time>
      </trkpt>
      <trkpt lat="36.00811958312988" lon="-115.48950433731079">
        <ele>1610.0</ele>
        <time>2023-03-18T16:45:19.114Z</time>
      </trkpt>
      <trkpt lat="36.00745439529419" lon="-115.48901081085205">
        <ele>1606.0</ele>
        <time>2023-03-18T16:47:56.306Z</time>
      </trkpt>
      <trkpt lat="36.006789207458496" lon="-115.48879623413086">
        <ele>1596.0</ele>
        <time>2023-03-18T16:50:33.520Z</time>
      </trkpt>
      <trkpt lat="36.00500830449164" lon="-115.48853874206543">
        <ele>1588.0</ele>
        <time>2023-03-18T16:53:10.794Z</time>
      </trkpt>
      <trkpt lat="36.00346326828003" lon="-115.48823833465576">
        <ele>1576.0</ele>
        <time>2023-03-18T16:55:48.120Z</time>
      </trkpt>
      <trkpt lat="36.002819538116455" lon="-115.4879379272461">
        <ele>1571.0</ele>
        <time>2023-03-18T16:58:25.469Z</time>
      </trkpt>
      <trkpt lat="36.002326011657715" lon="-115.48753023147583">
        <ele>1573.0</ele>
        <time>2023-03-18T17:01:02.838Z</time>
      </trkpt>
      <trkpt lat="36.00189685821533" lon="-115.48701524734497">
        <ele>1582.0</ele>
        <time>2023-03-18T17:03:40.227Z</time>
      </trkpt>
      <trkpt lat="36.00153207778931" lon="-115.4863715171814">
        <ele>1584.0</ele>
        <time>2023-03-18T17:06:17.637Z</time>
      </trkpt>
      <trkpt lat="36.001296043395996" lon="-115.48562049865723">
        <ele>1577.0</ele>
        <time>2023-03-18T17:08:55.069Z</time>
      </trkpt>
      <trkpt lat="36.0011887550354" lon="-115.48476219177246">
        <ele>1571.0</ele>
        <time>2023-03-18T17:11:32.524Z</time>
      </trkpt>
      <trkpt lat="36.00097417831421" lon="-115.48173666000366">
        <ele>1551.0</ele>
        <time>2023-03-18T17:14:10.061Z</time>
      </trkpt>
      <trkpt lat="36.000823974609375" lon="-115.48081398010254">
        <ele>1546.0</ele>
        <time>2023-03-18T17:16:47.624Z</time>
      </trkpt>
      <trkpt lat="36.000587940216064" lon="-115.48023462295532">
        <ele>1544.0</ele>
        <time>2023-03-18T17:19:25.204Z</time>
      </trkpt>
      <trkpt lat="35.998570919036865" lon="-115.47645807266235">
        <ele>1496.0</ele>
        <time>2023-03-18T17:22:02.907Z</time>
      </trkpt>
      <trkpt lat="35.99818468093872" lon="-115.47557830810547">
        <ele>1490.0</ele>
        <time>2023-03-18T17:24:40.637Z</time>
      </trkpt>
      <trkpt lat="35.997798442840576" lon="-115.4742693901062">
        <ele>1482.0</ele>
        <time>2023-03-18T17:27:18.404Z</time>
      </trkpt>
      <trkpt lat="35.99728345870972" lon="-115.47171592712402">
        <ele>1455.0</ele>
        <time>2023-03-18T17:29:56.243Z</time>
      </trkpt>
      <trkpt lat="35.996897304430604" lon="-115.47055721282959">
        <ele>1452.0</ele>
        <time>2023-03-18T17:32:34.115Z</time>
      </trkpt>
      <trkpt lat="35.99640369415283" lon="-115.46954870223999">
        <ele>1450.0</ele>
        <time>2023-03-18T17:35:12.019Z</time>
      </trkpt>
      <trkpt lat="35.994858741760254" lon="-115.46693086624146">
        <ele>1431.0</ele>
        <time>2023-03-18T17:37:50.011Z</time>
      </trkpt>
      <trkpt lat="35.99451541900635" lon="-115.46615839004517">
        <ele>1425.0</ele>
        <time>2023-03-18T17:40:28.027Z</time>
      </trkpt>
      <trkpt lat="35.99425792694092" lon="-115.46547174453735">
        <ele>1420.0</ele>
        <time>2023-03-18T17:43:06.063Z</time>
      </trkpt>
      <trkpt lat="35.99397897720337" lon="-115.46448469161987">
        <ele>1415.0</ele>
        <time>2023-03-18T17:45:44.127Z</time>
      </trkpt>
      <trkpt lat="35.993807315826416" lon="-115.46336889266968">
        <ele>1410.0</ele>
        <time>2023-03-18T17:48:22.222Z</time>
      </trkpt>
      <trkpt lat="35.99374294281006" lon="-115.46255350112915">
        <ele>1408.0</ele>
        <time>2023-03-18T17:51:00.339Z</time>
      </trkpt>
      <trkpt lat="35.9937858581543" lon="-115.46122312545776">
        <ele>1401.0</ele>
        <time>2023-03-18T17:53:38.492Z</time>
      </trkpt>
      <trkpt lat="35.99402189254761" lon="-115.4598069190979">
        <ele>1388.0</ele>
        <time>2023-03-18T17:56:16.684Z</time>
      </trkpt>
      <trkpt lat="35.994300842285156" lon="-115.45884132385254">
        <ele>1382.0</ele>
        <time>2023-03-18T17:58:54.904Z</time>
      </trkpt>
      <trkpt lat="35.99573850631714" lon="-115.45437812805176">
        <ele>1356.0</ele>
        <time>2023-03-18T18:01:33.254Z</time>
      </trkpt>
      <trkpt lat="35.99573850631714" lon="-115.45409917831421">
        <ele>1355.0</ele>
        <time>2023-03-18T18:04:11.612Z</time>
      </trkpt>
      <trkpt lat="35.99599599838257" lon="-115.45328378677368">
        <ele>1350.0</ele>
        <time>2023-03-18T18:06:49.993Z</time>
      </trkpt>
      <trkpt lat="35.99616765975952" lon="-115.45302629470825">
        <ele>1347.0</ele>
        <time>2023-03-18T18:09:28.383Z</time>
      </trkpt>
      <trkpt lat="35.996553897857666" lon="-115.45186758041382">
        <ele>1342.0</ele>
        <time>2023-03-18T18:12:06.807Z</time>
      </trkpt>
      <trkpt lat="35.997154712677" lon="-115.4504942893982">
        <ele>1331.0</ele>
        <time>2023-03-18T18:14:45.273Z</time>
      </trkpt>
      <trkpt lat="35.997562408447266" lon="-115.44970035552979">
        <ele>1326.0</ele>
        <time>2023-03-18T18:17:23.765Z</time>
      </trkpt>
      <trkpt lat="35.99893569946289" lon="-115.44738292694092">
        <ele>1309.0</ele>
        <time>2023-03-18T18:20:02.334Z</time>
      </trkpt>
      <trkpt lat="36.000072956085205" lon="-115.44560194015503">
        <ele>1298.0</ele>
        <time>2023-03-18T18:22:40.965Z</time>
      </trkpt>
      <trkpt lat="36.00114583969116" lon="-115.44429302215576">
        <ele>1287.0</ele>
        <time>2023-03-18T18:25:19.646Z</time>
      </trkpt>
      <trkpt lat="36.001789569854736" lon="-115.44362783432007">
        <ele>1280.0</ele>
        <time>2023-03-18T18:27:58.355Z</time>
      </trkpt>
      <trkpt lat="36.004815101623535" lon="-115.44083833694458">
        <ele>1259.0</ele>
        <time>2023-03-18T18:30:37.190Z</time>
      </trkpt>
      <trkpt lat="36.005823612213135" lon="-115.43967962265015">
        <ele>1251.0</ele>
        <time>2023-03-18T18:33:16.071Z</time>
      </trkpt>
      <trkpt lat="36.006295680999756" lon="-115.43903589248657">
        <ele>1247.0</ele>
        <time>2023-03-18T18:35:54.975Z</time>
      </trkpt>
      <trkpt lat="36.00711107254028" lon="-115.43774843215942">
        <ele>1239.0</ele>
        <time>2023-03-18T18:38:33.923Z</time>
      </trkpt>
      <trkpt lat="36.0076904296875" lon="-115.43661117553711">
        <ele>1234.0</ele>
        <time>2023-03-18T18:41:12.907Z</time>
      </trkpt>
      <trkpt lat="36.0082483291626" lon="-115.43534517288208">
        <ele>1227.0</ele>
        <time>2023-03-18T18:43:51.930Z</time>
      </trkpt>
      <trkpt lat="36.0107159614563" lon="-115.42901515960693">
        <ele>1200.0</ele>
        <time>2023-03-18T18:46:31.143Z</time>
      </trkpt>
      <trkpt lat="36.0111665725708" lon="-115.42800664901733">
        <ele>1196.0</ele>
        <time>2023-03-18T18:49:10.387Z</time>
      </trkpt>
      <trkpt lat="36.01170301437378" lon="-115.42699813842773">
        <ele>1192.0</ele>
        <time>2023-03-18T18:51:49.664Z</time>
      </trkpt>
      <trkpt lat="36.012818813323975" lon="-115.4252815246582">
        <ele>1184.0</ele>
        <time>2023-03-18T18:54:29.000Z</time>
      </trkpt>
      <trkpt lat="36.01421356201172" lon="-115.42360782623291">
        <ele>1175.0</ele>
        <time>2023-03-18T18:57:08.401Z</time>
      </trkpt>
      <trkpt lat="36.01569414138794" lon="-115.42189121246338">
        <ele>1167.0</ele>
        <time>2023-03-18T18:59:47.870Z</time>
      </trkpt>
      <trkpt lat="36.01693868637085" lon="-115.4203462600708">
        <ele>1158.0</ele>
        <time>2023-03-18T19:02:27.398Z</time>
      </trkpt>
      <trkpt lat="36.0176682472229" lon="-115.41929483413696">
        <ele>1153.0</ele>
        <time>2023-03-18T19:05:06.963Z</time>
      </trkpt>
      <trkpt lat="36.018333435058594" lon="-115.41815757751465">
        <ele>1147.0</ele>
        <time>2023-03-18T19:07:46.566Z</time>
      </trkpt>
      <trkpt lat="36.01921319961548" lon="-115.41624784469604">
        <ele>1138.0</ele>
        <time>2023-03-18T19:10:26.229Z</time>
      </trkpt>
      <trkpt lat="36.024277210235596" lon="-115.40457487106323">
        <ele>1093.0</ele>
        <time>2023-03-18T19:13:06.249Z</time>
      </trkpt>
      <trkpt lat="36.0246205329895" lon="-115.40384531021118">
        <ele>1088.0</ele>
        <time>2023-03-18T19:15:46.292Z</time>
      </trkpt>
      <trkpt lat="36.02496385574341" lon="-115.40324449539185">
        <ele>1086.0</ele>
        <time>2023-03-18T19:18:26.355Z</time>
      </trkpt>
      <trkpt lat="36.02541446685791" lon="-115.40260076522827">
        <ele>1084.0</ele>
        <time>2023-03-18T19:21:06.441Z</time>
      </trkpt>
      <trkpt lat="36.02586507797241" lon="-115.4020643234253">
        <ele>1081.0</ele>
        <time>2023-03-18T19:23:46.548Z</time>
      </trkpt>
      <trkpt lat="36.0266375541687" lon="-115.40137767791748">
        <ele>1075.0</ele>
        <time>2023-03-18T19:26:26.687Z</time>
      </trkpt>
      <trkpt lat="36.02745294570923" lon="-115.40086269378662">
        <ele>1073.0</ele>
        <time>2023-03-18T19:29:06.856Z</time>
      </trkpt>
      <trkpt lat="36.029298305511475" lon="-115.39989709854126">
        <ele>1065.0</ele>
        <time>2023-03-18T19:31:47.092Z</time>
      </trkpt>
      <trkpt lat="36.02989912033081" lon="-115.399489402771">
        <ele>1062.0</ele>
        <time>2023-03-18T19:34:27.351Z</time>
      </trkpt>
      <trkpt lat="36.03037118911743" lon="-115.39908170700073">
        <ele>1060.0</ele>
        <time>2023-03-18T19:37:07.629Z</time>
      </trkpt>
      <trkpt lat="36.0312294960022" lon="-115.39813756942749">
        <ele>1055.0</ele>
        <time>2023-03-18T19:39:47.945Z</time>
      </trkpt>
      <trkpt lat="36.03161573410034" lon="-115.39753675460815">
        <ele>1054.0</ele>
        <time>2023-03-18T19:42:28.282Z</time>
      </trkpt>
      <trkpt lat="36.032001972198486" lon="-115.3968071937561">
        <ele>1052.0</ele>
        <time>2023-03-18T19:45:08.642Z</time>
      </trkpt>
      <trkpt lat="36.03243112564087" lon="-115.39558410644531">
        <ele>1048.0</ele>
        <time>2023-03-18T19:47:49.039Z</time>
      </trkpt>
      <trkpt lat="36.03262424468994" lon="-115.39472579956055">
        <ele>1046.0</ele>
        <time>2023-03-18T19:50:29.460Z</time>
      </trkpt>
      <trkpt lat="36.032752990722656" lon="-115.39373874664307">
        <ele>1044.0</ele>
        <time>2023-03-18T19:53:09.908Z</time>
      </trkpt>
      <trkpt lat="36.032752990722656" lon="-115.39260149002075">
        <ele>1041.0</ele>
        <time>2023-03-18T19:55:50.386Z</time>
      </trkpt>
      <trkpt lat="36.03243112564087" lon="-115.38513422012329">
        <ele>1025.0</ele>
        <time>2023-03-18T19:58:31.067Z</time>
      </trkpt>
      <trkpt lat="36.032516956329346" lon="-115.383460521698">
        <ele>1024.0</ele>
        <time>2023-03-18T20:01:11.793Z</time>
      </trkpt>
      <trkpt lat="36.03273153305054" lon="-115.38125038146973">
        <ele>1017.0</ele>
        <time>2023-03-18T20:03:52.579Z</time>
      </trkpt>
      <trkpt lat="36.03290319442749" lon="-115.38007020950317">
        <ele>1016.0</ele>
        <time>2023-03-18T20:06:33.397Z</time>
      </trkpt>
      <trkpt lat="36.03341826237738" lon="-115.37444829940796">
        <ele>1002.0</ele>
        <time>2023-03-18T20:09:14.368Z</time>
      </trkpt>
      <trkpt lat="36.03346117772162" lon="-115.37416934967041">
        <ele>1002.0</ele>
        <time>2023-03-18T20:11:55.347Z</time>
      </trkpt>
      <trkpt lat="36.03365429677069" lon="-115.37221670150757">
        <ele>997.0</ele>
        <time>2023-03-18T20:14:36.379Z</time>
      </trkpt>
      <trkpt lat="36.03374012745917" lon="-115.37161588668823">
        <ele>996.0</ele>
        <time>2023-03-18T20:17:17.428Z</time>
      </trkpt>
      <trkpt lat="36.03378304280341" lon="-115.37103652954102">
        <ele>995.0</ele>
        <time>2023-03-18T20:19:58.493Z</time>
      </trkpt>
      <trkpt lat="36.03401907719672" lon="-115.36880493164062">
        <ele>989.0</ele>
        <time>2023-03-18T20:22:39.618Z</time>
      </trkpt>
      <trkpt lat="36.03442677296698" lon="-115.36427736282349">
        <ele>978.0</ele>
        <time>2023-03-18T20:25:20.867Z</time>
      </trkpt>
      <trkpt lat="36.03453406132758" lon="-115.36341905593872">
        <ele>976.0</ele>
        <time>2023-03-18T20:28:02.139Z</time>
      </trkpt>
      <trkpt lat="36.034855926409364" lon="-115.35998582839966">
        <ele>968.0</ele>
        <time>2023-03-18T20:30:43.504Z</time>
      </trkpt>
      <trkpt lat="36.03519924916327" lon="-115.35584449768066">
        <ele>956.0</ele>
        <time>2023-03-18T20:33:24.982Z</time>
      </trkpt>
      <trkpt lat="36.035306453704834" lon="-115.35470724105835">
        <ele>953.0</ele>
        <time>2023-03-18T20:36:06.491Z</time>
      </trkpt>
      <trkpt lat="36.035306453704834" lon="-115.35395622253418">
        <ele>953.0</ele>
        <time>2023-03-18T20:38:48.020Z</time>
      </trkpt>
      <trkpt lat="36.03517770767212" lon="-115.35187482833862">
        <ele>953.0</ele>
        <time>2023-03-18T20:41:29.606Z</time>
      </trkpt>
      <trkpt lat="36.03502758778632" lon="-115.35073757171631">
        <ele>950.0</ele>
        <time>2023-03-18T20:44:11.223Z</time>
      </trkpt>
      <trkpt lat="36.03489875793457" lon="-115.34998655319214">
        <ele>949.0</ele>
        <time>2023-03-18T20:46:52.861Z</time>
      </trkpt>
      <trkpt lat="36.032559955492616" lon="-115.34080266952515">
        <ele>930.0</ele>
        <time>2023-03-18T20:49:34.759Z</time>
      </trkpt>
      <trkpt lat="36.0315299872309" lon="-115.33689737319946">
        <ele>922.0</ele>
        <time>2023-03-18T20:52:16.768Z</time>
      </trkpt>
      <trkpt lat="36.030564391985536" lon="-115.33359289169312">
        <ele>917.0</ele>
        <time>2023-03-18T20:54:58.872Z</time>
      </trkpt>
      <trkpt lat="36.02916955947876" lon="-115.32930135726929">
        <ele>910.0</ele>
        <time>2023-03-18T20:57:41.101Z</time>
      </trkpt>
      <trkpt lat="36.0283971671015" lon="-115.32681226730347">
        <ele>906.0</ele>
        <time>2023-03-18T21:00:23.402Z</time>
      </trkpt>
      <trkpt lat="36.02792501449585" lon="-115.32541751861572">
        <ele>904.0</ele>
        <time>2023-03-18T21:03:05.744Z</time>
      </trkpt>
      <trkpt lat="36.02734565734863" lon="-115.32421588897705">
        <ele>903.0</ele>
        <time>2023-03-18T21:05:48.124Z</time>
      </trkpt>
      <trkpt lat="36.02717399597168" lon="-115.32402276992798">
        <ele>902.0</ele>
        <time>2023-03-18T21:08:30.511Z</time>
      </trkpt>
      <trkpt lat="36.026101196184754" lon="-115.3221344947815">
        <ele>898.0</ele>
        <time>2023-03-18T21:11:12.961Z</time>
      </trkpt>
      <trkpt lat="36.02492094039917" lon="-115.3201174736023">
        <ele>899.0</ele>
        <time>2023-03-18T21:13:55.478Z</time>
      </trkpt>
      <trkpt lat="36.02423429489136" lon="-115.31867980957031">
        <ele>895.0</ele>
        <time>2023-03-18T21:16:38.040Z</time>
      </trkpt>
      <trkpt lat="36.023805141448975" lon="-115.31739234924316">
        <ele>891.0</ele>
        <time>2023-03-18T21:19:20.640Z</time>
      </trkpt>
      <trkpt lat="36.02309703826904" lon="-115.31471014022827">
        <ele>886.0</ele>
        <time>2023-03-18T21:22:03.316Z</time>
      </trkpt>
      <trkpt lat="36.022775173187256" lon="-115.31327247619629">
        <ele>885.0</ele>
        <time>2023-03-18T21:24:46.032Z</time>
      </trkpt>
      <trkpt lat="36.02165945805609" lon="-115.30715703964233">
        <ele>878.0</ele>
        <time>2023-03-18T21:27:28.918Z</time>
      </trkpt>
      <trkpt lat="36.020779609680176" lon="-115.3008484840393">
        <ele>867.0</ele>
        <time>2023-03-18T21:30:11.977Z</time>
      </trkpt>
      <trkpt lat="36.02041482925415" lon="-115.29788732528687">
        <ele>864.0</ele>
        <time>2023-03-18T21:32:55.117Z</time>
      </trkpt>
      <trkpt lat="36.020329082384706" lon="-115.29323101043701">
        <ele>857.0</ele>
        <time>2023-03-18T21:35:38.383Z</time>
      </trkpt>
      <trkpt lat="36.02026470936835" lon="-115.28522729873657">
        <ele>845.0</ele>
        <time>2023-03-18T21:38:21.865Z</time>
      </trkpt>
      <trkpt lat="36.02017879486084" lon="-115.27760982513428">
        <ele>832.0</ele>
        <time>2023-03-18T21:41:05.553Z</time>
      </trkpt>
      <trkpt lat="36.02013596333563" lon="-115.27020692825317">
        <ele>820.0</ele>
        <time>2023-03-18T21:43:49.441Z</time>
      </trkpt>
      <trkpt lat="36.020093047991395" lon="-115.26681661605835">
        <ele>815.0</ele>
        <time>2023-03-18T21:46:33.421Z</time>
      </trkpt>
      <trkpt lat="36.020050048828125" lon="-115.26119470596313">
        <ele>805.0</ele>
        <time>2023-03-18T21:49:17.553Z</time>
      </trkpt>
      <trkpt lat="36.02020025253296" lon="-115.25741815567017">
        <ele>800.0</ele>
        <time>2023-03-18T21:52:01.787Z</time>
      </trkpt>
      <trkpt lat="36.02037191390991" lon="-115.25527238845825">
        <ele>797.0</ele>
        <time>2023-03-18T21:54:46.080Z</time>
      </trkpt>
      <trkpt lat="36.02084398269653" lon="-115.25205373764038">
        <ele>793.0</ele>
        <time>2023-03-18T21:57:30.461Z</time>
      </trkpt>
      <trkpt lat="36.021595085039735" lon="-115.24776220321655">
        <ele>787.0</ele>
        <time>2023-03-18T22:00:14.961Z</time>
      </trkpt>
      <trkpt lat="36.021874034777284" lon="-115.24604558944702">
        <ele>784.0</ele>
        <time>2023-03-18T22:02:59.508Z</time>
      </trkpt>
      <trkpt lat="36.02219589985907" lon="-115.24426460266113">
        <ele>781.0</ele>
        <time>2023-03-18T22:05:44.104Z</time>
      </trkpt>
      <trkpt lat="36.02230318821967" lon="-115.24357795715332">
        <ele>780.0</ele>
        <time>2023-03-18T22:08:28.719Z</time>
      </trkpt>
      <trkpt lat="36.022346103563905" lon="-115.24340629577637">
        <ele>779.0</ele>
        <time>2023-03-18T22:11:13.339Z</time>
      </trkpt>
      <trkpt lat="36.02528580464423" lon="-115.22641181945801">
        <ele>753.0</ele>
        <time>2023-03-18T22:13:58.429Z</time>
      </trkpt>
      <trkpt lat="36.025307262316346" lon="-115.22636890411377">
        <ele>753.0</ele>
        <time>2023-03-18T22:16:43.520Z</time>
      </trkpt>
      <trkpt lat="36.02550029754639" lon="-115.22512435913086">
        <ele>752.0</ele>
        <time>2023-03-18T22:19:28.646Z</time>
      </trkpt>
      <trkpt lat="36.02590799331665" lon="-115.22302150726318">
        <ele>748.0</ele>
        <time>2023-03-18T22:22:13.830Z</time>
      </trkpt>
      <trkpt lat="36.026272773742676" lon="-115.22184133529663">
        <ele>747.0</ele>
        <time>2023-03-18T22:24:59.048Z</time>
      </trkpt>
      <trkpt lat="36.02741011418402" lon="-115.21903038024902">
        <ele>742.0</ele>
        <time>2023-03-18T22:27:44.351Z</time>
      </trkpt>
      <trkpt lat="36.02846154011786" lon="-115.21679878234863">
        <ele>740.0</ele>
        <time>2023-03-18T22:30:29.724Z</time>
      </trkpt>
      <trkpt lat="36.02940559387207" lon="-115.21456718444824">
        <ele>736.0</ele>
        <time>2023-03-18T22:33:15.165Z</time>
      </trkpt>
      <trkpt lat="36.03090771473944" lon="-115.2112627029419">
        <ele>731.0</ele>
        <time>2023-03-18T22:36:00.708Z</time>
      </trkpt>
      <trkpt lat="36.03142261505127" lon="-115.21008253097534">
        <ele>729.0</ele>
        <time>2023-03-18T22:38:46.288Z</time>
      </trkpt>
      <trkpt lat="36.032860362902284" lon="-115.20690679550171">
        <ele>724.0</ele>
        <time>2023-03-18T22:41:31.966Z</time>
      </trkpt>
      <trkpt lat="36.034298026934266" lon="-115.20379543304443">
        <ele>720.0</ele>
        <time>2023-03-18T22:44:17.741Z</time>
      </trkpt>
      <trkpt lat="36.03487730026245" lon="-115.20244359970093">
        <ele>718.0</ele>
        <time>2023-03-18T22:47:03.557Z</time>
      </trkpt>
      <trkpt lat="36.03633642196655" lon="-115.19913911819458">
        <ele>713.0</ele>
        <time>2023-03-18T22:49:49.475Z</time>
      </trkpt>
      <trkpt lat="36.038332069292665" lon="-115.19480466842651">
        <ele>707.0</ele>
        <time>2023-03-18T22:52:35.527Z</time>
      </trkpt>
      <trkpt lat="36.038546646013856" lon="-115.19426822662354">
        <ele>707.0</ele>
        <time>2023-03-18T22:55:21.596Z</time>
      </trkpt>
      <trkpt lat="36.03865393437445" lon="-115.19405364990234">
        <ele>707.0</ele>
        <time>2023-03-18T22:58:07.671Z</time>
      </trkpt>
      <trkpt lat="36.03909666649997" lon="-115.19303323701024">
        <ele>705.0</ele>
        <time>2023-03-18T23:00:53.778Z</time>
      </trkpt>
      <trkpt lat="36.0390954092145" lon="-115.19303239881992">
        <ele>705.0</ele>
        <time>2023-03-18T23:03:39.885Z</time>
      </trkpt>
      <trkpt lat="36.03964098729193" lon="-115.19177913665771">
        <ele>704.0</ele>
        <time>2023-03-18T23:06:26.030Z</time>
      </trkpt>
      <trkpt lat="36.0399413947016" lon="-115.19113540649414">
        <ele>702.0</ele>
        <time>2023-03-18T23:09:12.195Z</time>
      </trkpt>
      <trkpt lat="36.04011305607855" lon="-115.190749168396">
        <ele>702.0</ele>
        <time>2023-03-18T23:11:58.372Z</time>
      </trkpt>
      <trkpt lat="36.040349090471864" lon="-115.19025564193726">
        <ele>701.0</ele>
        <time>2023-03-18T23:14:44.565Z</time>
      </trkpt>
      <trkpt lat="36.04034900665283" lon="-115.19025564193726">
        <ele>701.0</ele>
        <time>2023-03-18T23:17:30.758Z</time>
      </trkpt>
      <trkpt lat="36.04041346348822" lon="-115.19010543823242">
        <ele>701.0</ele>
        <time>2023-03-18T23:20:16.955Z</time>
      </trkpt>
      <trkpt lat="36.040842616930604" lon="-115.18911838531494">
        <ele>699.0</ele>
        <time>2023-03-18T23:23:03.182Z</time>
      </trkpt>
      <trkpt lat="36.041100108996034" lon="-115.18853902816772">
        <ele>699.0</ele>
        <time>2023-03-18T23:25:49.427Z</time>
      </trkpt>
      <trkpt lat="36.04133605957031" lon="-115.1880669593811">
        <ele>699.0</ele>
        <time>2023-03-18T23:28:35.687Z</time>
      </trkpt>
      <trkpt lat="36.04146480560303" lon="-115.1880669593811">
        <ele>699.0</ele>
        <time>2023-03-18T23:31:21.952Z</time>
      </trkpt>
      <trkpt lat="36.041593635454774" lon="-115.18808841705322">
        <ele>699.0</ele>
        <time>2023-03-18T23:34:08.221Z</time>
      </trkpt>
      <trkpt lat="36.041851127520204" lon="-115.18808841705322">
        <ele>699.0</ele>
        <time>2023-03-18T23:36:54.499Z</time>
      </trkpt>
      <trkpt lat="36.04189404286444" lon="-115.18808841705322">
        <ele>699.0</ele>
        <time>2023-03-18T23:39:40.778Z</time>
      </trkpt>
      <trkpt lat="36.04217299260199" lon="-115.18808841705322">
        <ele>699.0</ele>
        <time>2023-03-18T23:42:27.066Z</time>
      </trkpt>
      <trkpt lat="36.04236602783203" lon="-115.18808841705322">
        <ele>699.0</ele>
        <time>2023-03-18T23:45:13.361Z</time>
      </trkpt>
      <trkpt lat="36.04285955429077" lon="-115.18808841705322">
        <ele>699.0</ele>
        <time>2023-03-18T23:47:59.672Z</time>
      </trkpt>
      <trkpt lat="36.04324587620795" lon="-115.18810987472534">
        <ele>699.0</ele>
        <time>2023-03-18T23:50:45.996Z</time>
      </trkpt>
      <trkpt lat="36.04369640350342" lon="-115.18798112869263">
        <ele>699.0</ele>
        <time>2023-03-18T23:53:32.335Z</time>
      </trkpt>
      <trkpt lat="36.0438681486994" lon="-115.18785238265991">
        <ele>699.0</ele>
        <time>2023-03-18T23:56:18.681Z</time>
      </trkpt>
      <trkpt lat="36.043996810913086" lon="-115.1877236366272">
        <ele>699.0</ele>
        <time>2023-03-18T23:59:05.033Z</time>
      </trkpt>
      <trkpt lat="36.04425438679755" lon="-115.18735885620117">
        <ele>699.0</ele>
        <time>2023-03-19T00:01:51.398Z</time>
      </trkpt>
      <trkpt lat="36.04438313283026" lon="-115.18686532974243">
        <ele>698.0</ele>
        <time>2023-03-19T00:04:37.777Z</time>
      </trkpt>
      <trkpt lat="36.04449042119086" lon="-115.18589973449707">
        <ele>697.0</ele>
        <time>2023-03-19T00:07:24.182Z</time>
      </trkpt>
      <trkpt lat="36.04459762573242" lon="-115.18491268157959">
        <ele>696.0</ele>
        <time>2023-03-19T00:10:10.614Z</time>
      </trkpt>
      <trkpt lat="36.04472637176514" lon="-115.18450498580933">
        <ele>696.0</ele>
        <time>2023-03-19T00:12:57.058Z</time>
      </trkpt>
      <trkpt lat="36.044983863830566" lon="-115.18409729003906">
        <ele>696.0</ele>
        <time>2023-03-19T00:15:43.516Z</time>
      </trkpt>
      <trkpt lat="36.04530572891235" lon="-115.1837968826294">
        <ele>695.0</ele>
        <time>2023-03-19T00:18:29.987Z</time>
      </trkpt>
      <trkpt lat="36.04564905166626" lon="-115.18360376358032">
        <ele>695.0</ele>
        <time>2023-03-19T00:21:16.471Z</time>
      </trkpt>
      <trkpt lat="36.04580093175173" lon="-115.18359211273491">
        <ele>695.0</ele>
        <time>2023-03-19T00:24:02.960Z</time>
      </trkpt>
      <trkpt lat="36.04620703496039" lon="-115.18356084823608">
        <ele>695.0</ele>
        <time>2023-03-19T00:26:49.462Z</time>
      </trkpt>
      <trkpt lat="36.04622849263251" lon="-115.18356084823608">
        <ele>695.0</ele>
        <time>2023-03-19T00:29:35.965Z</time>
      </trkpt>
      <trkpt lat="36.046292865648866" lon="-115.18356084823608">
        <ele>695.0</ele>
        <time>2023-03-19T00:32:22.470Z</time>
      </trkpt>
      <trkpt lat="36.047065341845155" lon="-115.1835823059082">
        <ele>695.0</ele>
        <time>2023-03-19T00:35:09.001Z</time>
      </trkpt>
      <trkpt lat="36.04706525802612" lon="-115.1835823059082">
        <ele>695.0</ele>
        <time>2023-03-19T00:37:55.532Z</time>
      </trkpt>
      <trkpt lat="36.04794510640204" lon="-115.18356084823608">
        <ele>695.0</ele>
        <time>2023-03-19T00:40:42.092Z</time>
      </trkpt>
      <trkpt lat="36.048030937090516" lon="-115.18356084823608">
        <ele>695.0</ele>
        <time>2023-03-19T00:43:28.655Z</time>
      </trkpt>
      <trkpt lat="36.048545921221375" lon="-115.1835823059082">
        <ele>695.0</ele>
        <time>2023-03-19T00:46:15.235Z</time>
      </trkpt>
      <trkpt lat="36.0493613127619" lon="-115.1835823059082">
        <ele>695.0</ele>
        <time>2023-03-19T00:49:01.842Z</time>
      </trkpt>
      <trkpt lat="36.04985483922064" lon="-115.1835823059082">
        <ele>695.0</ele>
        <time>2023-03-19T00:51:48.466Z</time>
      </trkpt>
      <trkpt lat="36.05086334981024" lon="-115.1835823059082">
        <ele>695.0</ele>
        <time>2023-03-19T00:54:35.123Z</time>
      </trkpt>
      <trkpt lat="36.051571452990174" lon="-115.1835823059082">
        <ele>695.0</ele>
        <time>2023-03-19T00:57:21.804Z</time>
      </trkpt>
      <trkpt lat="36.05165728367865" lon="-115.1835823059082">
        <ele>695.0</ele>
        <time>2023-03-19T01:00:08.488Z</time>
      </trkpt>
      <trkpt lat="36.052558505907655" lon="-115.18356084823608">
        <ele>694.0</ele>
        <time>2023-03-19T01:02:55.202Z</time>
      </trkpt>
      <trkpt lat="36.05292328633368" lon="-115.18356084823608">
        <ele>694.0</ele>
        <time>2023-03-19T01:05:41.928Z</time>
      </trkpt>
      <trkpt lat="36.05348118580878" lon="-115.1835823059082">
        <ele>694.0</ele>
        <time>2023-03-19T01:08:28.673Z</time>
      </trkpt>
      <trkpt lat="36.05423220433295" lon="-115.1835823059082">
        <ele>694.0</ele>
        <time>2023-03-19T01:11:15.443Z</time>
      </trkpt>
      <trkpt lat="36.054275119677186" lon="-115.1835823059082">
        <ele>694.0</ele>
        <time>2023-03-19T01:14:02.214Z</time>
      </trkpt>
      <trkpt lat="36.054833019152284" lon="-115.1835823059082">
        <ele>694.0</ele>
        <time>2023-03-19T01:16:49.004Z</time>
      </trkpt>
      <trkpt lat="36.055305087938905" lon="-115.1835823059082">
        <ele>695.0</ele>
        <time>2023-03-19T01:19:35.809Z</time>
      </trkpt>
      <trkpt lat="36.05586290359497" lon="-115.18360376358032">
        <ele>694.0</ele>
        <time>2023-03-19T01:22:22.633Z</time>
      </trkpt>
      <trkpt lat="36.056013107299805" lon="-115.18364667892456">
        <ele>694.0</ele>
        <time>2023-03-19T01:25:09.462Z</time>
      </trkpt>
      <trkpt lat="36.05706453323364" lon="-115.18364667892456">
        <ele>693.0</ele>
        <time>2023-03-19T01:27:56.326Z</time>
      </trkpt>
      <trkpt lat="36.057064617052674" lon="-115.18364667892456">
        <ele>693.0</ele>
        <time>2023-03-19T01:30:43.190Z</time>
      </trkpt>
      <trkpt lat="36.05706453323364" lon="-115.1835823059082">
        <ele>693.0</ele>
        <time>2023-03-19T01:33:30.056Z</time>
      </trkpt>
      <trkpt lat="36.057064617052674" lon="-115.18351793289185">
        <ele>693.0</ele>
        <time>2023-03-19T01:36:16.923Z</time>
      </trkpt>
      <trkpt lat="36.05706453323364" lon="-115.18351793289185">
        <ele>693.0</ele>
        <time>2023-03-19T01:39:03.790Z</time>
      </trkpt>
      <trkpt lat="36.05719336308539" lon="-115.18349647521973">
        <ele>693.0</ele>
        <time>2023-03-19T01:41:50.662Z</time>
      </trkpt>
      <trkpt lat="36.05717190541327" lon="-115.18263816833496">
        <ele>692.0</ele>
        <time>2023-03-19T01:44:37.557Z</time>
      </trkpt>
      <trkpt lat="36.05712899006903" lon="-115.18145799636841">
        <ele>691.0</ele>
        <time>2023-03-19T01:47:24.484Z</time>
      </trkpt>
      <trkpt lat="36.05710744857788" lon="-115.18012762069702">
        <ele>690.0</ele>
        <time>2023-03-19T01:50:11.447Z</time>
      </trkpt>
      <trkpt lat="36.05706453323364" lon="-115.17703771591187">
        <ele>686.0</ele>
        <time>2023-03-19T01:52:58.493Z</time>
      </trkpt>
      <trkpt lat="36.057000160217285" lon="-115.1768445968628">
        <ele>686.0</ele>
        <time>2023-03-19T01:55:45.545Z</time>
      </trkpt>
      <trkpt lat="36.0569787863642" lon="-115.17532110214233">
        <ele>683.0</ele>
        <time>2023-03-19T01:58:32.638Z</time>
      </trkpt>
      <trkpt lat="36.0569787863642" lon="-115.17519235610962">
        <ele>683.0</ele>
        <time>2023-03-19T02:01:19.735Z</time>
      </trkpt>
      <trkpt lat="36.0569787863642" lon="-115.17512798309326">
        <ele>683.0</ele>
        <time>2023-03-19T02:04:06.833Z</time>
      </trkpt>
      <trkpt lat="36.05695732869208" lon="-115.17459154129028">
        <ele>683.0</ele>
        <time>2023-03-19T02:06:53.946Z</time>
      </trkpt>
      <trkpt lat="36.05695724487305" lon="-115.17420530319214">
        <ele>683.0</ele>
        <time>2023-03-19T02:09:41.069Z</time>
      </trkpt>
      <trkpt lat="36.057021617889404" lon="-115.17396926879883">
        <ele>683.0</ele>
        <time>2023-03-19T02:12:28.199Z</time>
      </trkpt>
      <trkpt lat="36.057021701708436" lon="-115.17366886138916">
        <ele>683.0</ele>
        <time>2023-03-19T02:15:15.337Z</time>
      </trkpt>
      <trkpt lat="36.05700024403632" lon="-115.17285346984863">
        <ele>681.0</ele>
        <time>2023-03-19T02:18:02.497Z</time>
      </trkpt>
      <trkpt lat="36.05700024403632" lon="-115.17246723175049">
        <ele>681.0</ele>
        <time>2023-03-19T02:20:49.668Z</time>
      </trkpt>
      <trkpt lat="36.05700024403632" lon="-115.17227411270142">
        <ele>680.0</ele>
        <time>2023-03-19T02:23:36.844Z</time>
      </trkpt>
      <trkpt lat="36.05684995651245" lon="-115.17227411270142">
        <ele>681.0</ele>
        <time>2023-03-19T02:26:24.025Z</time>
      </trkpt>
      <trkpt lat="36.05684995651245" lon="-115.17220973968506">
        <ele>681.0</ele>
        <time>2023-03-19T02:29:11.208Z</time>
      </trkpt>
      <trkpt lat="36.05685004033148" lon="-115.17227411270142">
        <ele>681.0</ele>
        <time>2023-03-19T02:31:58.392Z</time>
      </trkpt>
      <trkpt lat="36.05684995651245" lon="-115.17227411270142">
        <ele>681.0</ele>
        <time>2023-03-19T02:34:45.576Z</time>
      </trkpt>
      <trkpt lat="36.05700024403632" lon="-115.17227411270142">
        <ele>680.0</ele>
        <time>2023-03-19T02:37:32.765Z</time>
      </trkpt>
      <trkpt lat="36.057515228167176" lon="-115.1722526550293">
        <ele>681.0</ele>
        <time>2023-03-19T02:40:19.972Z</time>
      </trkpt>
      <trkpt lat="36.058266246691346" lon="-115.1722526550293">
        <ele>680.0</ele>
        <time>2023-03-19T02:43:07.204Z</time>
      </trkpt>
      <trkpt lat="36.05912455357611" lon="-115.1722526550293">
        <ele>680.0</ele>
        <time>2023-03-19T02:45:54.464Z</time>
      </trkpt>
      <trkpt lat="36.05987557210028" lon="-115.17223119735718">
        <ele>680.0</ele>
        <time>2023-03-19T02:48:41.749Z</time>
      </trkpt>
      <trkpt lat="36.060025775805116" lon="-115.17223119735718">
        <ele>680.0</ele>
        <time>2023-03-19T02:51:29.039Z</time>
      </trkpt>
      <trkpt lat="36.0604549292475" lon="-115.17223119735718">
        <ele>679.0</ele>
        <time>2023-03-19T02:54:16.343Z</time>
      </trkpt>
      <trkpt lat="36.06045484542847" lon="-115.17223119735718">
        <ele>679.0</ele>
        <time>2023-03-19T02:57:03.647Z</time>
      </trkpt>
      <trkpt lat="36.06159218586981" lon="-115.17223119735718">
        <ele>678.0</ele>
        <time>2023-03-19T02:59:50.989Z</time>
      </trkpt>
      <trkpt lat="36.06208571232855" lon="-115.17223119735718">
        <ele>678.0</ele>
        <time>2023-03-19T03:02:38.348Z</time>
      </trkpt>
      <trkpt lat="36.062536323443055" lon="-115.17223119735718">
        <ele>678.0</ele>
        <time>2023-03-19T03:05:25.722Z</time>
      </trkpt>
      <trkpt lat="36.063051307573915" lon="-115.17223119735718">
        <ele>678.0</ele>
        <time>2023-03-19T03:08:13.113Z</time>
      </trkpt>
      <trkpt lat="36.06365212239325" lon="-115.17223119735718">
        <ele>678.0</ele>
        <time>2023-03-19T03:11:00.524Z</time>
      </trkpt>
      <trkpt lat="36.06365203857422" lon="-115.17223119735718">
        <ele>678.0</ele>
        <time>2023-03-19T03:13:47.935Z</time>
      </trkpt>
      <trkpt lat="36.06397398747504" lon="-115.1722526550293">
        <ele>678.0</ele>
        <time>2023-03-19T03:16:35.357Z</time>
      </trkpt>
      <trkpt lat="36.06444605626166" lon="-115.17223119735718">
        <ele>678.0</ele>
        <time>2023-03-19T03:19:22.794Z</time>
      </trkpt>
      <trkpt lat="36.064767921343446" lon="-115.17223119735718">
        <ele>677.0</ele>
        <time>2023-03-19T03:22:10.242Z</time>
      </trkpt>
      <trkpt lat="36.06564768590033" lon="-115.17223119735718">
        <ele>678.0</ele>
        <time>2023-03-19T03:24:57.719Z</time>
      </trkpt>
      <trkpt lat="36.0663987044245" lon="-115.17223119735718">
        <ele>677.0</ele>
        <time>2023-03-19T03:27:45.221Z</time>
      </trkpt>
      <trkpt lat="36.06639862060547" lon="-115.17223119735718">
        <ele>677.0</ele>
        <time>2023-03-19T03:30:32.723Z</time>
      </trkpt>
      <trkpt lat="36.0669566038996" lon="-115.17227411270142">
        <ele>676.0</ele>
        <time>2023-03-19T03:33:20.244Z</time>
      </trkpt>
      <trkpt lat="36.067063892260194" lon="-115.17227411270142">
        <ele>676.0</ele>
        <time>2023-03-19T03:36:07.769Z</time>
      </trkpt>
      <trkpt lat="36.06807240284979" lon="-115.1722526550293">
        <ele>675.0</ele>
        <time>2023-03-19T03:38:55.327Z</time>
      </trkpt>
      <trkpt lat="36.06817969121039" lon="-115.1722526550293">
        <ele>675.0</ele>
        <time>2023-03-19T03:41:42.889Z</time>
      </trkpt>
      <trkpt lat="36.068544471636415" lon="-115.1722526550293">
        <ele>675.0</ele>
        <time>2023-03-19T03:44:30.463Z</time>
      </trkpt>
      <trkpt lat="36.06888779439032" lon="-115.17227411270142">
        <ele>674.0</ele>
        <time>2023-03-19T03:47:18.048Z</time>
      </trkpt>
      <trkpt lat="36.06985338963568" lon="-115.17227411270142">
        <ele>673.0</ele>
        <time>2023-03-19T03:50:05.665Z</time>
      </trkpt>
      <trkpt lat="36.07021817006171" lon="-115.17227411270142">
        <ele>673.0</ele>
        <time>2023-03-19T03:52:53.295Z</time>
      </trkpt>
      <trkpt lat="36.070540035143495" lon="-115.17227411270142">
        <ele>672.0</ele>
        <time>2023-03-19T03:55:40.935Z</time>
      </trkpt>
      <trkpt lat="36.07105493545532" lon="-115.17229557037354">
        <ele>672.0</ele>
        <time>2023-03-19T03:58:28.592Z</time>
      </trkpt>
      <trkpt lat="36.07120522297919" lon="-115.17229557037354">
        <ele>671.0</ele>
        <time>2023-03-19T04:01:16.254Z</time>
      </trkpt>
      <trkpt lat="36.071205139160156" lon="-115.17229557037354">
        <ele>671.0</ele>
        <time>2023-03-19T04:04:03.916Z</time>
      </trkpt>
      <trkpt lat="36.0714412573725" lon="-115.17231702804565">
        <ele>672.0</ele>
        <time>2023-03-19T04:06:51.586Z</time>
      </trkpt>
      <trkpt lat="36.07144117355347" lon="-115.17231702804565">
        <ele>672.0</ele>
        <time>2023-03-19T04:09:39.256Z</time>
      </trkpt>
      <trkpt lat="36.072299564257264" lon="-115.17238140106201">
        <ele>671.0</ele>
        <time>2023-03-19T04:12:26.955Z</time>
      </trkpt>
      <trkpt lat="36.07257851399481" lon="-115.17240285873413">
        <ele>671.0</ele>
        <time>2023-03-19T04:15:14.663Z</time>
      </trkpt>
      <trkpt lat="36.073007667437196" lon="-115.17242431640625">
        <ele>670.0</ele>
        <time>2023-03-19T04:18:02.386Z</time>
      </trkpt>
      <trkpt lat="36.07410200871527" lon="-115.17244577407837">
        <ele>669.0</ele>
        <time>2023-03-19T04:20:50.145Z</time>
      </trkpt>
      <trkpt lat="36.074531162157655" lon="-115.17244577407837">
        <ele>669.0</ele>
        <time>2023-03-19T04:23:37.918Z</time>
      </trkpt>
      <trkpt lat="36.07759960927069" lon="-115.17251014709473">
        <ele>666.0</ele>
        <time>2023-03-19T04:26:25.793Z</time>
      </trkpt>
      <trkpt lat="36.07835062779486" lon="-115.17253160476685">
        <ele>665.0</ele>
        <time>2023-03-19T04:29:13.693Z</time>
      </trkpt>
      <trkpt lat="36.07847937382758" lon="-115.17253160476685">
        <ele>665.0</ele>
        <time>2023-03-19T04:32:01.598Z</time>
      </trkpt>
      <trkpt lat="36.078479290008545" lon="-115.17253160476685">
        <ele>665.0</ele>
        <time>2023-03-19T04:34:49.503Z</time>
      </trkpt>
      <trkpt lat="36.07935913838446" lon="-115.17255306243896">
        <ele>664.0</ele>
        <time>2023-03-19T04:37:37.437Z</time>
      </trkpt>
      <trkpt lat="36.080045783892274" lon="-115.17255306243896">
        <ele>664.0</ele>
        <time>2023-03-19T04:40:25.394Z</time>
      </trkpt>
      <trkpt lat="36.08163365162909" lon="-115.17257452011108">
        <ele>662.0</ele>
        <time>2023-03-19T04:43:13.404Z</time>
      </trkpt>
      <trkpt lat="36.0823202971369" lon="-115.1725959777832">
        <ele>663.0</ele>
        <time>2023-03-19T04:46:01.437Z</time>
      </trkpt>
      <trkpt lat="36.08270653523505" lon="-115.17261743545532">
        <ele>663.0</ele>
        <time>2023-03-19T04:48:49.482Z</time>
      </trkpt>
      <trkpt lat="36.082706451416016" lon="-115.17261743545532">
        <ele>663.0</ele>
        <time>2023-03-19T04:51:37.527Z</time>
      </trkpt>
    </trkseg>
  </trk>
</gpx>
