<?xml version="1.0" encoding="UTF-8"?>
<gpx creator="StravaGPX" version="1.1" xmlns="http://www.topografix.com/GPX/1/1" xmlns:xsi="http://www.w3.org/2001/XMLSchema-instance" xsi:schemaLocation="http://www.topografix.com/GPX/1/1 http://www.topografix.com/GPX/1/1/gpx.xsd">
 <metadata>
  <name>TSP LALV Jonty Solo option a</name>
  <author>
   <name>Ben Farber</name>
   <link href="https://www.strava.com/athletes/19787597"/>
  </author>
  <copyright author="OpenStreetMap contributors">
   <year>2020</year>
   <license>https://www.openstreetmap.org/copyright</license>
  </copyright>
  <link href="https://www.strava.com/routes/3334949555425328996"/>
 </metadata>
 <trk>
  <name>TSP LALV Jonty Solo option a</name>
  <link href="https://www.strava.com/routes/3334949555425328996"/>
  <type>running</type>
  <trkseg>
   <trkpt lat="34.009" lon="-118.49790000000002">
    <ele>6.630000000000001</ele>
   </trkpt>
   <trkpt lat="34.00937500072954" lon="-118.49744000218679">
    <ele>6.8100000000000005</ele>
   </trkpt>
   <trkpt lat="34.009750000000004" lon="-118.49698000000001">
    <ele>7.12</ele>
   </trkpt>
   <trkpt lat="34.00979" lon="-118.49702">
    <ele>7.12</ele>
   </trkpt>
   <trkpt lat="34.00992" lon="-118.49688">
    <ele>7.12</ele>
   </trkpt>
   <trkpt lat="34.00992" lon="-118.49683">
    <ele>7.150000000000001</ele>
   </trkpt>
   <trkpt lat="34.010220000000004" lon="-118.49645000000001">
    <ele>7.19</ele>
   </trkpt>
   <trkpt lat="34.01079500203647" lon="-118.49575000467479">
    <ele>14.85</ele>
   </trkpt>
   <trkpt lat="34.01137" lon="-118.49505">
    <ele>18.37</ele>
   </trkpt>
   <trkpt lat="34.01144" lon="-118.49493000000001">
    <ele>18.73</ele>
   </trkpt>
   <trkpt lat="34.01153" lon="-118.49487">
    <ele>18.73</ele>
   </trkpt>
   <trkpt lat="34.01187" lon="-118.49446">
    <ele>18.520000000000003</ele>
   </trkpt>
   <trkpt lat="34.0123475042723" lon="-118.49386750998318">
    <ele>19.49</ele>
   </trkpt>
   <trkpt lat="34.01282500570369" lon="-118.49327501330201">
    <ele>19.66</ele>
   </trkpt>
   <trkpt lat="34.01330250429411" lon="-118.49268250995638">
    <ele>20.0</ele>
   </trkpt>
   <trkpt lat="34.013780000000004" lon="-118.49209">
    <ele>21.040000000000003</ele>
   </trkpt>
   <trkpt lat="34.014293336559" lon="-118.49146334085353">
    <ele>22.79</ele>
   </trkpt>
   <trkpt lat="34.01480666993992" lon="-118.49083667412889">
    <ele>24.17</ele>
   </trkpt>
   <trkpt lat="34.01532" lon="-118.49021">
    <ele>25.5</ele>
   </trkpt>
   <trkpt lat="34.01589500209447" lon="-118.48949000488076">
    <ele>26.97</ele>
   </trkpt>
   <trkpt lat="34.016470000000005" lon="-118.48877000000002">
    <ele>27.610000000000003</ele>
   </trkpt>
   <trkpt lat="34.01686" lon="-118.48831000000001">
    <ele>27.98</ele>
   </trkpt>
   <trkpt lat="34.01745000647247" lon="-118.48758001521736">
    <ele>28.470000000000002</ele>
   </trkpt>
   <trkpt lat="34.0180400086322" lon="-118.48685002028739">
    <ele>29.130000000000003</ele>
   </trkpt>
   <trkpt lat="34.01863000647901" lon="-118.48612001520975">
    <ele>30.150000000000002</ele>
   </trkpt>
   <trkpt lat="34.019220000000004" lon="-118.48539000000001">
    <ele>31.580000000000002</ele>
   </trkpt>
   <trkpt lat="34.01915" lon="-118.48528">
    <ele>31.540000000000006</ele>
   </trkpt>
   <trkpt lat="34.019705005715274" lon="-118.4845950134136">
    <ele>32.220000000000006</ele>
   </trkpt>
   <trkpt lat="34.02026000763298" lon="-118.4839100178695">
    <ele>32.78</ele>
   </trkpt>
   <trkpt lat="34.02081500575302" lon="-118.48322501336742">
    <ele>33.96</ele>
   </trkpt>
   <trkpt lat="34.021370000000005" lon="-118.48254000000001">
    <ele>34.510000000000005</ele>
   </trkpt>
   <trkpt lat="34.02145" lon="-118.48244000000001">
    <ele>34.54</ele>
   </trkpt>
   <trkpt lat="34.02143" lon="-118.48240000000001">
    <ele>34.54</ele>
   </trkpt>
   <trkpt lat="34.02186666933439" lon="-118.48182667255664">
    <ele>35.01</ele>
   </trkpt>
   <trkpt lat="34.0223033360083" lon="-118.48125333921384">
    <ele>35.53000000000001</ele>
   </trkpt>
   <trkpt lat="34.022740000000006" lon="-118.48068">
    <ele>36.11</ele>
   </trkpt>
   <trkpt lat="34.02275" lon="-118.48063">
    <ele>36.11</ele>
   </trkpt>
   <trkpt lat="34.02272" lon="-118.48058">
    <ele>36.11</ele>
   </trkpt>
   <trkpt lat="34.02282" lon="-118.48043000000001">
    <ele>36.34</ele>
   </trkpt>
   <trkpt lat="34.02326" lon="-118.47991">
    <ele>37.08</ele>
   </trkpt>
   <trkpt lat="34.02348" lon="-118.47969">
    <ele>37.470000000000006</ele>
   </trkpt>
   <trkpt lat="34.02348" lon="-118.47966000000001">
    <ele>37.470000000000006</ele>
   </trkpt>
   <trkpt lat="34.023500000000006" lon="-118.47967000000001">
    <ele>37.55</ele>
   </trkpt>
   <trkpt lat="34.023590000000006" lon="-118.47954000000001">
    <ele>37.58</ele>
   </trkpt>
   <trkpt lat="34.023810000000005" lon="-118.47924">
    <ele>37.92</ele>
   </trkpt>
   <trkpt lat="34.023935001585635" lon="-118.47861500089665">
    <ele>38.580000000000005</ele>
   </trkpt>
   <trkpt lat="34.024060000000006" lon="-118.47799">
    <ele>39.080000000000005</ele>
   </trkpt>
   <trkpt lat="34.024150000000006" lon="-118.47773000000001">
    <ele>39.980000000000004</ele>
   </trkpt>
   <trkpt lat="34.024480000000004" lon="-118.47714">
    <ele>41.2</ele>
   </trkpt>
   <trkpt lat="34.024530000000006" lon="-118.47713000000002">
    <ele>41.330000000000005</ele>
   </trkpt>
   <trkpt lat="34.0246" lon="-118.47702000000001">
    <ele>41.580000000000005</ele>
   </trkpt>
   <trkpt lat="34.02458" lon="-118.47696">
    <ele>41.580000000000005</ele>
   </trkpt>
   <trkpt lat="34.02507" lon="-118.47606">
    <ele>42.88</ele>
   </trkpt>
   <trkpt lat="34.02514" lon="-118.47603000000001">
    <ele>43.04</ele>
   </trkpt>
   <trkpt lat="34.025240000000004" lon="-118.47587000000001">
    <ele>43.15</ele>
   </trkpt>
   <trkpt lat="34.0253" lon="-118.47584">
    <ele>43.2</ele>
   </trkpt>
   <trkpt lat="34.025650000000006" lon="-118.47521">
    <ele>43.68</ele>
   </trkpt>
   <trkpt lat="34.026070000000004" lon="-118.47427">
    <ele>45.550000000000004</ele>
   </trkpt>
   <trkpt lat="34.02606" lon="-118.47415000000001">
    <ele>45.62</ele>
   </trkpt>
   <trkpt lat="34.02602" lon="-118.47404000000002">
    <ele>45.45</ele>
   </trkpt>
   <trkpt lat="34.0264" lon="-118.47374">
    <ele>45.71</ele>
   </trkpt>
   <trkpt lat="34.026410000000006" lon="-118.47368000000002">
    <ele>45.81</ele>
   </trkpt>
   <trkpt lat="34.02637" lon="-118.4736">
    <ele>45.81</ele>
   </trkpt>
   <trkpt lat="34.02656" lon="-118.47337">
    <ele>45.94</ele>
   </trkpt>
   <trkpt lat="34.026790000000005" lon="-118.47297">
    <ele>46.720000000000006</ele>
   </trkpt>
   <trkpt lat="34.027010000000004" lon="-118.47244">
    <ele>46.95</ele>
   </trkpt>
   <trkpt lat="34.02727000193006" lon="-118.47175500201709">
    <ele>47.5</ele>
   </trkpt>
   <trkpt lat="34.027530000000006" lon="-118.47107000000001">
    <ele>47.93000000000001</ele>
   </trkpt>
   <trkpt lat="34.027760001676484" lon="-118.47042500176858">
    <ele>48.64</ele>
   </trkpt>
   <trkpt lat="34.02799" lon="-118.46978000000001">
    <ele>48.78</ele>
   </trkpt>
   <trkpt lat="34.02792" lon="-118.46979">
    <ele>48.68</ele>
   </trkpt>
   <trkpt lat="34.02818000553982" lon="-118.46896333837299">
    <ele>48.82</ele>
   </trkpt>
   <trkpt lat="34.028440005548134" lon="-118.46813667168">
    <ele>48.900000000000006</ele>
   </trkpt>
   <trkpt lat="34.0287" lon="-118.46731000000001">
    <ele>49.02</ele>
   </trkpt>
   <trkpt lat="34.02868" lon="-118.46731000000001">
    <ele>49.02</ele>
   </trkpt>
   <trkpt lat="34.029" lon="-118.4663">
    <ele>47.64</ele>
   </trkpt>
   <trkpt lat="34.029230000000005" lon="-118.46530000000001">
    <ele>48.07</ele>
   </trkpt>
   <trkpt lat="34.029430026935074" lon="-118.464325016073">
    <ele>47.25000000000001</ele>
   </trkpt>
   <trkpt lat="34.02963004617548" lon="-118.46335002754923">
    <ele>47.27</ele>
   </trkpt>
   <trkpt lat="34.02983005772111" lon="-118.4623750344288">
    <ele>46.900000000000006</ele>
   </trkpt>
   <trkpt lat="34.03003006157188" lon="-118.46140003671181">
    <ele>46.62</ele>
   </trkpt>
   <trkpt lat="34.03023005772769" lon="-118.4604250343984">
    <ele>46.55</ele>
   </trkpt>
   <trkpt lat="34.03043004618846" lon="-118.45945002748867">
    <ele>46.8</ele>
   </trkpt>
   <trkpt lat="34.03063002695407" lon="-118.45847501598277">
    <ele>47.150000000000006</ele>
   </trkpt>
   <trkpt lat="34.03083" lon="-118.45750000000001">
    <ele>48.0</ele>
   </trkpt>
   <trkpt lat="34.03069" lon="-118.45748">
    <ele>47.89</ele>
   </trkpt>
   <trkpt lat="34.030680000000004" lon="-118.45745000000001">
    <ele>47.89</ele>
   </trkpt>
   <trkpt lat="34.03088251178387" lon="-118.45646500703661">
    <ele>47.45</ele>
   </trkpt>
   <trkpt lat="34.0310850157141" lon="-118.45548000937131">
    <ele>47.120000000000005</ele>
   </trkpt>
   <trkpt lat="34.03128751179061" lon="-118.45449500700421">
    <ele>47.220000000000006</ele>
   </trkpt>
   <trkpt lat="34.031490000000005" lon="-118.45351000000001">
    <ele>47.45</ele>
   </trkpt>
   <trkpt lat="34.031620000000004" lon="-118.45264000000002">
    <ele>47.56</ele>
   </trkpt>
   <trkpt lat="34.0317" lon="-118.45241000000001">
    <ele>47.38</ele>
   </trkpt>
   <trkpt lat="34.031780000000005" lon="-118.45205000000001">
    <ele>47.25000000000001</ele>
   </trkpt>
   <trkpt lat="34.03198201561735" lon="-118.45106800932678">
    <ele>47.580000000000005</ele>
   </trkpt>
   <trkpt lat="34.03218402342875" lon="-118.45008601397723">
    <ele>47.900000000000006</ele>
   </trkpt>
   <trkpt lat="34.03238602343411" lon="-118.44910401395155">
    <ele>48.300000000000004</ele>
   </trkpt>
   <trkpt lat="34.032588015633316" lon="-118.44812200924977">
    <ele>48.49</ele>
   </trkpt>
   <trkpt lat="34.032790000000006" lon="-118.44714">
    <ele>49.36</ele>
   </trkpt>
   <trkpt lat="34.03284" lon="-118.44681000000001">
    <ele>49.760000000000005</ele>
   </trkpt>
   <trkpt lat="34.03295" lon="-118.44633">
    <ele>49.42</ele>
   </trkpt>
   <trkpt lat="34.03295" lon="-118.44611">
    <ele>49.400000000000006</ele>
   </trkpt>
   <trkpt lat="34.033155012139055" lon="-118.44511000726584">
    <ele>49.61</ele>
   </trkpt>
   <trkpt lat="34.03336001618321" lon="-118.44411000969875">
    <ele>49.92</ele>
   </trkpt>
   <trkpt lat="34.03356501213236" lon="-118.44311000729888">
    <ele>50.230000000000004</ele>
   </trkpt>
   <trkpt lat="34.033770000000004" lon="-118.44211000000001">
    <ele>51.04</ele>
   </trkpt>
   <trkpt lat="34.03385" lon="-118.44187000000001">
    <ele>51.53000000000001</ele>
   </trkpt>
   <trkpt lat="34.03426" lon="-118.44097000000001">
    <ele>52.31</ele>
   </trkpt>
   <trkpt lat="34.034290000000006" lon="-118.44096">
    <ele>52.31</ele>
   </trkpt>
   <trkpt lat="34.034330000000004" lon="-118.44083">
    <ele>52.33</ele>
   </trkpt>
   <trkpt lat="34.03425" lon="-118.44077000000001">
    <ele>52.410000000000004</ele>
   </trkpt>
   <trkpt lat="34.0347" lon="-118.43984">
    <ele>52.71000000000001</ele>
   </trkpt>
   <trkpt lat="34.0347" lon="-118.43971">
    <ele>52.78000000000001</ele>
   </trkpt>
   <trkpt lat="34.03515201346898" lon="-118.43879801943199">
    <ele>53.35</ele>
   </trkpt>
   <trkpt lat="34.03560402020503" lon="-118.4378860291453">
    <ele>53.42</ele>
   </trkpt>
   <trkpt lat="34.03605602020797" lon="-118.43697402913989">
    <ele>53.93000000000001</ele>
   </trkpt>
   <trkpt lat="34.03650801347761" lon="-118.43606201941557">
    <ele>54.38</ele>
   </trkpt>
   <trkpt lat="34.03696" lon="-118.43515000000001">
    <ele>55.080000000000005</ele>
   </trkpt>
   <trkpt lat="34.03740601423951" lon="-118.43421201974046">
    <ele>54.86000000000001</ele>
   </trkpt>
   <trkpt lat="34.03785202135651" lon="-118.43327402961701">
    <ele>54.580000000000005</ele>
   </trkpt>
   <trkpt lat="34.038298021350776" lon="-118.43233602962957">
    <ele>54.68000000000001</ele>
   </trkpt>
   <trkpt lat="34.03874401422214" lon="-118.43139801977806">
    <ele>54.940000000000005</ele>
   </trkpt>
   <trkpt lat="34.039190000000005" lon="-118.43046000000001">
    <ele>55.18000000000001</ele>
   </trkpt>
   <trkpt lat="34.039513337208035" lon="-118.42976667198923">
    <ele>55.67</ele>
   </trkpt>
   <trkpt lat="34.039836670524394" lon="-118.42907333869235">
    <ele>55.730000000000004</ele>
   </trkpt>
   <trkpt lat="34.04016" lon="-118.42838">
    <ele>55.540000000000006</ele>
   </trkpt>
   <trkpt lat="34.040553338593995" lon="-118.42757334083043">
    <ele>55.28</ele>
   </trkpt>
   <trkpt lat="34.040946671920004" lon="-118.42676667417892">
    <ele>55.09</ele>
   </trkpt>
   <trkpt lat="34.041340000000005" lon="-118.42596">
    <ele>54.88</ele>
   </trkpt>
   <trkpt lat="34.04161000148116" lon="-118.42536000185704">
    <ele>54.78</ele>
   </trkpt>
   <trkpt lat="34.041880000000006" lon="-118.42476">
    <ele>55.18000000000001</ele>
   </trkpt>
   <trkpt lat="34.04234430148046" lon="-118.42395431218186">
    <ele>56.7</ele>
   </trkpt>
   <trkpt lat="34.04280859770546" lon="-118.423148615542">
    <ele>58.370000000000005</ele>
   </trkpt>
   <trkpt lat="34.04327288867486" lon="-118.42234291008027">
    <ele>59.95</ele>
   </trkpt>
   <trkpt lat="34.0437371743885" lon="-118.42153719579649">
    <ele>61.58</ele>
   </trkpt>
   <trkpt lat="34.04420145484623" lon="-118.42073147269053">
    <ele>62.19</ele>
   </trkpt>
   <trkpt lat="34.04466573004792" lon="-118.41992574076224">
    <ele>63.02</ele>
   </trkpt>
   <trkpt lat="34.04513" lon="-118.41912">
    <ele>63.53</ele>
   </trkpt>
   <trkpt lat="34.0455266703736" lon="-118.41844333966426">
    <ele>62.81</ele>
   </trkpt>
   <trkpt lat="34.045923337040044" lon="-118.41776667299806">
    <ele>60.32000000000001</ele>
   </trkpt>
   <trkpt lat="34.04632" lon="-118.41709000000002">
    <ele>59.730000000000004</ele>
   </trkpt>
   <trkpt lat="34.046780010582" lon="-118.41628201751554">
    <ele>62.06</ele>
   </trkpt>
   <trkpt lat="34.047240015878224" lon="-118.41547402626452">
    <ele>65.12</ele>
   </trkpt>
   <trkpt lat="34.04770001588856" lon="-118.41466602624679">
    <ele>67.88000000000001</ele>
   </trkpt>
   <trkpt lat="34.04816001061281" lon="-118.41385801746225">
    <ele>70.58</ele>
   </trkpt>
   <trkpt lat="34.04862" lon="-118.41305000000001">
    <ele>72.71000000000001</ele>
   </trkpt>
   <trkpt lat="34.04910250837478" lon="-118.41222001415628">
    <ele>74.75000000000001</ele>
   </trkpt>
   <trkpt lat="34.04958501117179" lon="-118.411390018866">
    <ele>77.2</ele>
   </trkpt>
   <trkpt lat="34.05006750839089" lon="-118.410560014129">
    <ele>79.63000000000001</ele>
   </trkpt>
   <trkpt lat="34.05055" lon="-118.40973000000001">
    <ele>81.9</ele>
   </trkpt>
   <trkpt lat="34.05100000256075" lon="-118.40893500421615">
    <ele>84.03</ele>
   </trkpt>
   <trkpt lat="34.05145" lon="-118.40814">
    <ele>83.89</ele>
   </trkpt>
   <trkpt lat="34.05180666973925" lon="-118.4075266717815">
    <ele>82.80000000000001</ele>
   </trkpt>
   <trkpt lat="34.05216333643258" lon="-118.40691333840239">
    <ele>80.27000000000001</ele>
   </trkpt>
   <trkpt lat="34.05252" lon="-118.40630000000002">
    <ele>78.44000000000001</ele>
   </trkpt>
   <trkpt lat="34.052780000000006" lon="-118.40571000000001">
    <ele>76.59</ele>
   </trkpt>
   <trkpt lat="34.05308000322061" lon="-118.40482500298543">
    <ele>70.79</ele>
   </trkpt>
   <trkpt lat="34.053380000000004" lon="-118.40394">
    <ele>67.86</ele>
   </trkpt>
   <trkpt lat="34.053710011852154" lon="-118.40295251150867">
    <ele>63.84</ele>
   </trkpt>
   <trkpt lat="34.05404001580826" lon="-118.40196501532903">
    <ele>63.76000000000001</ele>
   </trkpt>
   <trkpt lat="34.054370011868194" lon="-118.40097751146112">
    <ele>66.43</ele>
   </trkpt>
   <trkpt lat="34.054700000000004" lon="-118.39999000000002">
    <ele>72.0</ele>
   </trkpt>
   <trkpt lat="34.05485" lon="-118.3995">
    <ele>75.04</ele>
   </trkpt>
   <trkpt lat="34.05496" lon="-118.39908000000001">
    <ele>75.63</ele>
   </trkpt>
   <trkpt lat="34.0550550011706" lon="-118.39854000066217">
    <ele>74.08000000000001</ele>
   </trkpt>
   <trkpt lat="34.055150000000005" lon="-118.39800000000001">
    <ele>70.27</ele>
   </trkpt>
   <trkpt lat="34.0552" lon="-118.39754">
    <ele>67.36</ele>
   </trkpt>
   <trkpt lat="34.055240000000005" lon="-118.39689000000001">
    <ele>63.55000000000001</ele>
   </trkpt>
   <trkpt lat="34.055243365507714" lon="-118.39589333365392">
    <ele>60.35000000000001</ele>
   </trkpt>
   <trkpt lat="34.05524672297184" lon="-118.39489666722875">
    <ele>58.150000000000006</ele>
   </trkpt>
   <trkpt lat="34.05525007239236" lon="-118.39390000072476">
    <ele>56.43000000000001</ele>
   </trkpt>
   <trkpt lat="34.05525341376928" lon="-118.39290333414208">
    <ele>55.75000000000001</ele>
   </trkpt>
   <trkpt lat="34.0552567471026" lon="-118.39190666748092">
    <ele>54.55</ele>
   </trkpt>
   <trkpt lat="34.0552600723923" lon="-118.39091000074148">
    <ele>53.290000000000006</ele>
   </trkpt>
   <trkpt lat="34.05526338963842" lon="-118.38991333392394">
    <ele>51.690000000000005</ele>
   </trkpt>
   <trkpt lat="34.05526669884093" lon="-118.3889166670285">
    <ele>50.230000000000004</ele>
   </trkpt>
   <trkpt lat="34.05527" lon="-118.38792000000001">
    <ele>48.64</ele>
   </trkpt>
   <trkpt lat="34.05526500215892" lon="-118.38719000015091">
    <ele>46.92</ele>
   </trkpt>
   <trkpt lat="34.055260000000004" lon="-118.38646000000001">
    <ele>45.88</ele>
   </trkpt>
   <trkpt lat="34.055240000000005" lon="-118.38624000000002">
    <ele>45.68000000000001</ele>
   </trkpt>
   <trkpt lat="34.05503878132106" lon="-118.38518873253251">
    <ele>43.27</ele>
   </trkpt>
   <trkpt lat="34.054837553693126" lon="-118.38413747005592">
    <ele>42.13</ele>
   </trkpt>
   <trkpt lat="34.054636317116326" lon="-118.38308621257048">
    <ele>40.84</ele>
   </trkpt>
   <trkpt lat="34.05443507159074" lon="-118.38203496007633">
    <ele>39.32</ele>
   </trkpt>
   <trkpt lat="34.05423381711652" lon="-118.38098371257358">
    <ele>38.59</ele>
   </trkpt>
   <trkpt lat="34.05403255369375" lon="-118.3799324700625">
    <ele>37.73</ele>
   </trkpt>
   <trkpt lat="34.053831281322545" lon="-118.37888123254315">
    <ele>37.11000000000001</ele>
   </trkpt>
   <trkpt lat="34.053630000000005" lon="-118.37783">
    <ele>36.63</ele>
   </trkpt>
   <trkpt lat="34.053452014677504" lon="-118.37687799200593">
    <ele>36.51</ele>
   </trkpt>
   <trkpt lat="34.0532740220163" lon="-118.37592598800951">
    <ele>36.52</ele>
   </trkpt>
   <trkpt lat="34.05309602201649" lon="-118.37497398801077">
    <ele>36.94</ele>
   </trkpt>
   <trkpt lat="34.052918014678134" lon="-118.37402199200993">
    <ele>37.64</ele>
   </trkpt>
   <trkpt lat="34.05274" lon="-118.37307000000001">
    <ele>37.07000000000001</ele>
   </trkpt>
   <trkpt lat="34.052547511725656" lon="-118.37208749331369">
    <ele>36.59</ele>
   </trkpt>
   <trkpt lat="34.05235501563499" lon="-118.37110499108907">
    <ele>37.1</ele>
   </trkpt>
   <trkpt lat="34.05216251172806" lon="-118.37012249332629">
    <ele>38.160000000000004</ele>
   </trkpt>
   <trkpt lat="34.051970000000004" lon="-118.36914000000002">
    <ele>39.57</ele>
   </trkpt>
   <trkpt lat="34.05177335501918" lon="-118.36810498800226">
    <ele>41.620000000000005</ele>
   </trkpt>
   <trkpt lat="34.051576701364375" lon="-118.36706998080602">
    <ele>43.02</ele>
   </trkpt>
   <trkpt lat="34.0513800390357" lon="-118.36603497841145">
    <ele>43.84</ele>
   </trkpt>
   <trkpt lat="34.05118336803325" lon="-118.36499998081871">
    <ele>43.660000000000004</ele>
   </trkpt>
   <trkpt lat="34.050986688357135" lon="-118.36396498802794">
    <ele>42.96</ele>
   </trkpt>
   <trkpt lat="34.050790000000006" lon="-118.36293">
    <ele>42.480000000000004</ele>
   </trkpt>
   <trkpt lat="34.05073" lon="-118.36288">
    <ele>42.4</ele>
   </trkpt>
   <trkpt lat="34.050650000000005" lon="-118.36253">
    <ele>41.95</ele>
   </trkpt>
   <trkpt lat="34.050425001700845" lon="-118.36188499833581">
    <ele>40.39</ele>
   </trkpt>
   <trkpt lat="34.050200000000004" lon="-118.36124000000001">
    <ele>37.3</ele>
   </trkpt>
   <trkpt lat="34.04994" lon="-118.36055">
    <ele>36.93000000000001</ele>
   </trkpt>
   <trkpt lat="34.04995" lon="-118.36043000000001">
    <ele>36.93000000000001</ele>
   </trkpt>
   <trkpt lat="34.049670002485925" lon="-118.35963999727622">
    <ele>36.87</ele>
   </trkpt>
   <trkpt lat="34.04939" lon="-118.35885">
    <ele>37.05</ele>
   </trkpt>
   <trkpt lat="34.04932" lon="-118.35866000000001">
    <ele>37.35</ele>
   </trkpt>
   <trkpt lat="34.04925" lon="-118.35862000000002">
    <ele>37.35</ele>
   </trkpt>
   <trkpt lat="34.04899" lon="-118.35782">
    <ele>38.56</ele>
   </trkpt>
   <trkpt lat="34.04896" lon="-118.35764">
    <ele>38.56</ele>
   </trkpt>
   <trkpt lat="34.04891" lon="-118.35748000000001">
    <ele>38.56</ele>
   </trkpt>
   <trkpt lat="34.04869" lon="-118.35687000000001">
    <ele>39.17</ele>
   </trkpt>
   <trkpt lat="34.04851" lon="-118.35627000000001">
    <ele>39.620000000000005</ele>
   </trkpt>
   <trkpt lat="34.04845" lon="-118.35578000000001">
    <ele>39.93</ele>
   </trkpt>
   <trkpt lat="34.04838667298727" lon="-118.3548966653877">
    <ele>39.790000000000006</ele>
   </trkpt>
   <trkpt lat="34.04832333965685" lon="-118.35401333209492">
    <ele>39.5</ele>
   </trkpt>
   <trkpt lat="34.048260000000006" lon="-118.35313000000001">
    <ele>39.49</ele>
   </trkpt>
   <trkpt lat="34.04822" lon="-118.35271000000002">
    <ele>39.339999999999996</ele>
   </trkpt>
   <trkpt lat="34.04818" lon="-118.35262000000002">
    <ele>39.510000000000005</ele>
   </trkpt>
   <trkpt lat="34.04811000472078" lon="-118.3515399990899">
    <ele>40.480000000000004</ele>
   </trkpt>
   <trkpt lat="34.04804" lon="-118.35046000000001">
    <ele>41.980000000000004</ele>
   </trkpt>
   <trkpt lat="34.04798000475685" lon="-118.34969333222031">
    <ele>43.050000000000004</ele>
   </trkpt>
   <trkpt lat="34.04792000475465" lon="-118.3489266655256">
    <ele>43.300000000000004</ele>
   </trkpt>
   <trkpt lat="34.04786" lon="-118.34816000000001">
    <ele>43.660000000000004</ele>
   </trkpt>
   <trkpt lat="34.047790000000006" lon="-118.34712">
    <ele>44.06</ele>
   </trkpt>
   <trkpt lat="34.04782" lon="-118.34701000000001">
    <ele>43.96000000000001</ele>
   </trkpt>
   <trkpt lat="34.047790000000006" lon="-118.34680000000002">
    <ele>43.78000000000001</ele>
   </trkpt>
   <trkpt lat="34.04773" lon="-118.34586000000002">
    <ele>42.63</ele>
   </trkpt>
   <trkpt lat="34.047834014004735" lon="-118.34493000457037">
    <ele>40.690000000000005</ele>
   </trkpt>
   <trkpt lat="34.04793802100673" lon="-118.34400000685919">
    <ele>40.84</ele>
   </trkpt>
   <trkpt lat="34.04804202100594" lon="-118.34307000686655">
    <ele>40.980000000000004</ele>
   </trkpt>
   <trkpt lat="34.04814601400232" lon="-118.34214000459262">
    <ele>41.150000000000006</ele>
   </trkpt>
   <trkpt lat="34.04825" lon="-118.34121">
    <ele>41.330000000000005</ele>
   </trkpt>
   <trkpt lat="34.04837000353611" lon="-118.34027500134718">
    <ele>41.64</ele>
   </trkpt>
   <trkpt lat="34.04849" lon="-118.33934">
    <ele>41.940000000000005</ele>
   </trkpt>
   <trkpt lat="34.048460000000006" lon="-118.33903000000001">
    <ele>41.940000000000005</ele>
   </trkpt>
   <trkpt lat="34.04857500454486" lon="-118.3379700014735">
    <ele>42.620000000000005</ele>
   </trkpt>
   <trkpt lat="34.04869" lon="-118.33691">
    <ele>43.0</ele>
   </trkpt>
   <trkpt lat="34.04872" lon="-118.33651">
    <ele>42.96</ele>
   </trkpt>
   <trkpt lat="34.04871" lon="-118.33616">
    <ele>43.15</ele>
   </trkpt>
   <trkpt lat="34.048590000000004" lon="-118.33519000000001">
    <ele>44.03000000000001</ele>
   </trkpt>
   <trkpt lat="34.04851" lon="-118.33419">
    <ele>46.49</ele>
   </trkpt>
   <trkpt lat="34.04839000446343" lon="-118.33313999851495">
    <ele>50.830000000000005</ele>
   </trkpt>
   <trkpt lat="34.04827" lon="-118.33209000000001">
    <ele>54.57000000000001</ele>
   </trkpt>
   <trkpt lat="34.04818501050076" lon="-118.331159997165">
    <ele>55.74</ele>
   </trkpt>
   <trkpt lat="34.04810001399866" lon="-118.33022999619443">
    <ele>56.02</ele>
   </trkpt>
   <trkpt lat="34.04801501049374" lon="-118.32929999708846">
    <ele>56.27</ele>
   </trkpt>
   <trkpt lat="34.04793" lon="-118.32837">
    <ele>57.03</ele>
   </trkpt>
   <trkpt lat="34.04791" lon="-118.32773000000002">
    <ele>57.39</ele>
   </trkpt>
   <trkpt lat="34.04782" lon="-118.32672000000001">
    <ele>57.730000000000004</ele>
   </trkpt>
   <trkpt lat="34.04775500180057" lon="-118.32604999931402">
    <ele>57.92</ele>
   </trkpt>
   <trkpt lat="34.04769" lon="-118.32538000000001">
    <ele>58.150000000000006</ele>
   </trkpt>
   <trkpt lat="34.047601686173905" lon="-118.32439832823188">
    <ele>58.480000000000004</ele>
   </trkpt>
   <trkpt lat="34.047513364545274" lon="-118.32341665850873">
    <ele>58.980000000000004</ele>
   </trkpt>
   <trkpt lat="34.047425035114145" lon="-118.32243499083066">
    <ele>59.47</ele>
   </trkpt>
   <trkpt lat="34.04733669788057" lon="-118.32145332519796">
    <ele>59.830000000000005</ele>
   </trkpt>
   <trkpt lat="34.047248352844576" lon="-118.32047166161071">
    <ele>60.160000000000004</ele>
   </trkpt>
   <trkpt lat="34.047160000000005" lon="-118.31949000000002">
    <ele>60.31</ele>
   </trkpt>
   <trkpt lat="34.047162708649026" lon="-118.31846157952705">
    <ele>60.54</ele>
   </trkpt>
   <trkpt lat="34.04716540873473" lon="-118.31743315898849">
    <ele>60.800000000000004</ele>
   </trkpt>
   <trkpt lat="34.04716810025707" lon="-118.31640473838455">
    <ele>60.93000000000001</ele>
   </trkpt>
   <trkpt lat="34.04717078321609" lon="-118.3153763177154">
    <ele>61.230000000000004</ele>
   </trkpt>
   <trkpt lat="34.04717345761177" lon="-118.31434789698132">
    <ele>61.32000000000001</ele>
   </trkpt>
   <trkpt lat="34.0471761234441" lon="-118.31331947618243">
    <ele>61.68000000000001</ele>
   </trkpt>
   <trkpt lat="34.047178780713104" lon="-118.31229105531897">
    <ele>61.84</ele>
   </trkpt>
   <trkpt lat="34.04718142941876" lon="-118.3112626343912">
    <ele>62.07000000000001</ele>
   </trkpt>
   <trkpt lat="34.04718406956108" lon="-118.31023421339924">
    <ele>62.14000000000001</ele>
   </trkpt>
   <trkpt lat="34.04718670114004" lon="-118.30920579234338">
    <ele>62.7</ele>
   </trkpt>
   <trkpt lat="34.04718932415567" lon="-118.30817737122376">
    <ele>63.03</ele>
   </trkpt>
   <trkpt lat="34.04719193860794" lon="-118.30714895004063">
    <ele>63.410000000000004</ele>
   </trkpt>
   <trkpt lat="34.04719454449687" lon="-118.30612052879418">
    <ele>63.75</ele>
   </trkpt>
   <trkpt lat="34.04719714182244" lon="-118.30509210748464">
    <ele>64.32000000000001</ele>
   </trkpt>
   <trkpt lat="34.047199730584666" lon="-118.30406368611217">
    <ele>64.91000000000001</ele>
   </trkpt>
   <trkpt lat="34.04720231078353" lon="-118.30303526467704">
    <ele>65.19000000000001</ele>
   </trkpt>
   <trkpt lat="34.04720488241905" lon="-118.30200684317941">
    <ele>65.62</ele>
   </trkpt>
   <trkpt lat="34.04720744549121" lon="-118.30097842161949">
    <ele>66.33</ele>
   </trkpt>
   <trkpt lat="34.04721" lon="-118.29995000000001">
    <ele>66.77000000000001</ele>
   </trkpt>
   <trkpt lat="34.047217169273516" lon="-118.29890714337803">
    <ele>67.04</ele>
   </trkpt>
   <trkpt lat="34.0472243297416" lon="-118.29786428657984">
    <ele>67.4</ele>
   </trkpt>
   <trkpt lat="34.04723148140426" lon="-118.29682142960563">
    <ele>67.68</ele>
   </trkpt>
   <trkpt lat="34.04723862426145" lon="-118.29577857245559">
    <ele>68.05</ele>
   </trkpt>
   <trkpt lat="34.047245758313196" lon="-118.29473571512999">
    <ele>68.32000000000001</ele>
   </trkpt>
   <trkpt lat="34.04725288355948" lon="-118.293692857629">
    <ele>68.78</ele>
   </trkpt>
   <trkpt lat="34.04726" lon="-118.29265000000001">
    <ele>69.33</ele>
   </trkpt>
   <trkpt lat="34.04726103492045" lon="-118.29167100010538">
    <ele>69.93</ele>
   </trkpt>
   <trkpt lat="34.04726206208081" lon="-118.29069200018695">
    <ele>70.37</ele>
   </trkpt>
   <trkpt lat="34.04726308148107" lon="-118.28971300024489">
    <ele>70.98</ele>
   </trkpt>
   <trkpt lat="34.04726409312123" lon="-118.28873400027938">
    <ele>71.11</ele>
   </trkpt>
   <trkpt lat="34.04726509700128" lon="-118.2877550002906">
    <ele>70.66</ele>
   </trkpt>
   <trkpt lat="34.04726609312123" lon="-118.28677600027875">
    <ele>70.35000000000001</ele>
   </trkpt>
   <trkpt lat="34.04726708148108" lon="-118.28579700024396">
    <ele>70.43</ele>
   </trkpt>
   <trkpt lat="34.04726806208082" lon="-118.28481800018645">
    <ele>70.87</ele>
   </trkpt>
   <trkpt lat="34.04726903492047" lon="-118.28383900010638">
    <ele>71.8</ele>
   </trkpt>
   <trkpt lat="34.047270000000005" lon="-118.28286000000001">
    <ele>72.43</ele>
   </trkpt>
   <trkpt lat="34.04721" lon="-118.28259000000001">
    <ele>72.44</ele>
   </trkpt>
   <trkpt lat="34.04693000143465" lon="-118.28198499790044">
    <ele>72.0</ele>
   </trkpt>
   <trkpt lat="34.04665" lon="-118.28138000000001">
    <ele>71.41</ele>
   </trkpt>
   <trkpt lat="34.046400000000006" lon="-118.28080000000001">
    <ele>70.91</ele>
   </trkpt>
   <trkpt lat="34.04617000103542" lon="-118.28031999891245">
    <ele>69.85000000000001</ele>
   </trkpt>
   <trkpt lat="34.04594" lon="-118.27984000000001">
    <ele>69.13000000000001</ele>
   </trkpt>
   <trkpt lat="34.04555667276373" lon="-118.27897332553349">
    <ele>69.12</ele>
   </trkpt>
   <trkpt lat="34.04517333944611" lon="-118.27810665890247">
    <ele>69.22</ele>
   </trkpt>
   <trkpt lat="34.044790000000006" lon="-118.27724">
    <ele>69.42</ele>
   </trkpt>
   <trkpt lat="34.0452" lon="-118.27701">
    <ele>69.39</ele>
   </trkpt>
   <trkpt lat="34.04522" lon="-118.27688">
    <ele>69.44</ele>
   </trkpt>
   <trkpt lat="34.04515" lon="-118.27668000000001">
    <ele>69.26</ele>
   </trkpt>
   <trkpt lat="34.04543" lon="-118.27651000000002">
    <ele>69.16</ele>
   </trkpt>
   <trkpt lat="34.04504500318143" lon="-118.27562999611114">
    <ele>69.99000000000001</ele>
   </trkpt>
   <trkpt lat="34.04466" lon="-118.27475000000001">
    <ele>70.62</ele>
   </trkpt>
   <trkpt lat="34.045390000000005" lon="-118.27426000000001">
    <ele>71.09</ele>
   </trkpt>
   <trkpt lat="34.04498334010458" lon="-118.27334665794606">
    <ele>71.35000000000001</ele>
   </trkpt>
   <trkpt lat="34.04457667345531" lon="-118.27243332465193">
    <ele>71.85000000000001</ele>
   </trkpt>
   <trkpt lat="34.04417" lon="-118.27152000000001">
    <ele>71.61</ele>
   </trkpt>
   <trkpt lat="34.04386" lon="-118.27089000000001">
    <ele>71.91</ele>
   </trkpt>
   <trkpt lat="34.04429000043806" lon="-118.27060000140465">
    <ele>72.18</ele>
   </trkpt>
   <trkpt lat="34.044720000000005" lon="-118.27031000000001">
    <ele>72.53000000000002</ele>
   </trkpt>
   <trkpt lat="34.04507" lon="-118.27002000000002">
    <ele>72.87</ele>
   </trkpt>
   <trkpt lat="34.04513" lon="-118.2698">
    <ele>73.21000000000001</ele>
   </trkpt>
   <trkpt lat="34.04552" lon="-118.26922">
    <ele>73.71000000000001</ele>
   </trkpt>
   <trkpt lat="34.04562" lon="-118.26910000000001">
    <ele>73.71000000000001</ele>
   </trkpt>
   <trkpt lat="34.045700000000004" lon="-118.26903000000001">
    <ele>73.71000000000001</ele>
   </trkpt>
   <trkpt lat="34.04537000230794" lon="-118.26826999697268">
    <ele>73.72000000000001</ele>
   </trkpt>
   <trkpt lat="34.04504" lon="-118.26751000000002">
    <ele>74.15</ele>
   </trkpt>
   <trkpt lat="34.044990000000006" lon="-118.26742000000002">
    <ele>74.54</ele>
   </trkpt>
   <trkpt lat="34.044775000965245" lon="-118.2669199986235">
    <ele>74.84</ele>
   </trkpt>
   <trkpt lat="34.044560000000004" lon="-118.26642000000001">
    <ele>75.29</ele>
   </trkpt>
   <trkpt lat="34.044450000000005" lon="-118.26631">
    <ele>75.64000000000001</ele>
   </trkpt>
   <trkpt lat="34.044410002347874" lon="-118.26554999982504">
    <ele>75.25000000000001</ele>
   </trkpt>
   <trkpt lat="34.04437" lon="-118.26479">
    <ele>75.39000000000001</ele>
   </trkpt>
   <trkpt lat="34.04484" lon="-118.26434">
    <ele>75.99</ele>
   </trkpt>
   <trkpt lat="34.044880000000006" lon="-118.26434">
    <ele>75.99</ele>
   </trkpt>
   <trkpt lat="34.04514" lon="-118.26398">
    <ele>76.59</ele>
   </trkpt>
   <trkpt lat="34.04559500084399" lon="-118.26355000221699">
    <ele>77.59</ele>
   </trkpt>
   <trkpt lat="34.04605" lon="-118.26312000000001">
    <ele>78.60000000000001</ele>
   </trkpt>
   <trkpt lat="34.046240000000004" lon="-118.26297000000001">
    <ele>78.92</ele>
   </trkpt>
   <trkpt lat="34.046310000000005" lon="-118.26290000000002">
    <ele>78.97000000000001</ele>
   </trkpt>
   <trkpt lat="34.046330000000005" lon="-118.26281000000002">
    <ele>79.05000000000001</ele>
   </trkpt>
   <trkpt lat="34.04632" lon="-118.26271000000001">
    <ele>79.05000000000001</ele>
   </trkpt>
   <trkpt lat="34.04689333548582" lon="-118.26219667359146">
    <ele>80.22</ele>
   </trkpt>
   <trkpt lat="34.04746666883813" lon="-118.26168334024122">
    <ele>81.32000000000001</ele>
   </trkpt>
   <trkpt lat="34.04804" lon="-118.26117">
    <ele>82.37</ele>
   </trkpt>
   <trkpt lat="34.048650001314925" lon="-118.26059500415899">
    <ele>84.81</ele>
   </trkpt>
   <trkpt lat="34.049260000000004" lon="-118.26002000000001">
    <ele>87.31000000000002</ele>
   </trkpt>
   <trkpt lat="34.04970500078263" lon="-118.25959500218158">
    <ele>90.67</ele>
   </trkpt>
   <trkpt lat="34.05015" lon="-118.25917000000001">
    <ele>91.64000000000001</ele>
   </trkpt>
   <trkpt lat="34.05059" lon="-118.25877000000001">
    <ele>93.19000000000001</ele>
   </trkpt>
   <trkpt lat="34.051180002664395" lon="-118.25819667464377">
    <ele>94.02000000000001</ele>
   </trkpt>
   <trkpt lat="34.05177000266724" lon="-118.25762334130778">
    <ele>94.99000000000001</ele>
   </trkpt>
   <trkpt lat="34.05236" lon="-118.25705">
    <ele>95.52000000000001</ele>
   </trkpt>
   <trkpt lat="34.052905001039704" lon="-118.25655500313891">
    <ele>96.14</ele>
   </trkpt>
   <trkpt lat="34.053450000000005" lon="-118.25606">
    <ele>96.84</ele>
   </trkpt>
   <trkpt lat="34.05379" lon="-118.25573000000001">
    <ele>97.2</ele>
   </trkpt>
   <trkpt lat="34.05407" lon="-118.25551000000002">
    <ele>97.71000000000001</ele>
   </trkpt>
   <trkpt lat="34.054460000522035" lon="-118.25515500162253">
    <ele>98.07000000000001</ele>
   </trkpt>
   <trkpt lat="34.05485" lon="-118.2548">
    <ele>98.26</ele>
   </trkpt>
   <trkpt lat="34.055220000000006" lon="-118.25441000000001">
    <ele>98.82000000000001</ele>
   </trkpt>
   <trkpt lat="34.05566" lon="-118.25398000000001">
    <ele>99.23</ele>
   </trkpt>
   <trkpt lat="34.05615000177292" lon="-118.25352000526242">
    <ele>99.54</ele>
   </trkpt>
   <trkpt lat="34.056640001832406" lon="-118.25306000520662">
    <ele>100.01</ele>
   </trkpt>
   <trkpt lat="34.05713" lon="-118.25260000000002">
    <ele>100.56</ele>
   </trkpt>
   <trkpt lat="34.05754000050496" lon="-118.25220000207425">
    <ele>100.93</ele>
   </trkpt>
   <trkpt lat="34.057950000000005" lon="-118.2518">
    <ele>101.53</ele>
   </trkpt>
   <trkpt lat="34.05818" lon="-118.25160000000001">
    <ele>101.89</ele>
   </trkpt>
   <trkpt lat="34.058370000000004" lon="-118.25139000000001">
    <ele>102.36</ele>
   </trkpt>
   <trkpt lat="34.05859" lon="-118.25105">
    <ele>102.78</ele>
   </trkpt>
   <trkpt lat="34.05886500115544" lon="-118.2505250016281">
    <ele>102.95000000000002</ele>
   </trkpt>
   <trkpt lat="34.05914" lon="-118.25000000000001">
    <ele>103.24000000000001</ele>
   </trkpt>
   <trkpt lat="34.05941000154692" lon="-118.24939000185223">
    <ele>102.5</ele>
   </trkpt>
   <trkpt lat="34.05968" lon="-118.24878000000001">
    <ele>102.78</ele>
   </trkpt>
   <trkpt lat="34.05989" lon="-118.24837000000001">
    <ele>104.24000000000001</ele>
   </trkpt>
   <trkpt lat="34.06015" lon="-118.248">
    <ele>104.59</ele>
   </trkpt>
   <trkpt lat="34.06042" lon="-118.24768000000002">
    <ele>104.45000000000002</ele>
   </trkpt>
   <trkpt lat="34.06063" lon="-118.24751">
    <ele>104.72</ele>
   </trkpt>
   <trkpt lat="34.06094" lon="-118.24734000000001">
    <ele>104.76</ele>
   </trkpt>
   <trkpt lat="34.06173000091393" lon="-118.24686000448604">
    <ele>107.22000000000001</ele>
   </trkpt>
   <trkpt lat="34.06252" lon="-118.24638000000002">
    <ele>110.84</ele>
   </trkpt>
   <trkpt lat="34.063270000818214" lon="-118.24594500381974">
    <ele>112.63000000000001</ele>
   </trkpt>
   <trkpt lat="34.06402" lon="-118.24551000000001">
    <ele>114.03</ele>
   </trkpt>
   <trkpt lat="34.06398" lon="-118.24538000000001">
    <ele>114.14</ele>
   </trkpt>
   <trkpt lat="34.064060000000005" lon="-118.24533000000001">
    <ele>114.37</ele>
   </trkpt>
   <trkpt lat="34.063880000000005" lon="-118.24469">
    <ele>111.67</ele>
   </trkpt>
   <trkpt lat="34.06449" lon="-118.24451">
    <ele>109.55000000000001</ele>
   </trkpt>
   <trkpt lat="34.064690000000006" lon="-118.24437">
    <ele>108.88</ele>
   </trkpt>
   <trkpt lat="34.06476" lon="-118.24428">
    <ele>108.88</ele>
   </trkpt>
   <trkpt lat="34.064820000000005" lon="-118.24415">
    <ele>108.88</ele>
   </trkpt>
   <trkpt lat="34.06494" lon="-118.24380000000001">
    <ele>108.18</ele>
   </trkpt>
   <trkpt lat="34.065070000000006" lon="-118.24334">
    <ele>107.2</ele>
   </trkpt>
   <trkpt lat="34.06517" lon="-118.24258">
    <ele>105.16</ele>
   </trkpt>
   <trkpt lat="34.06513" lon="-118.24226000000002">
    <ele>103.38000000000001</ele>
   </trkpt>
   <trkpt lat="34.06494" lon="-118.24165">
    <ele>101.63000000000001</ele>
   </trkpt>
   <trkpt lat="34.06495" lon="-118.24151">
    <ele>101.31</ele>
   </trkpt>
   <trkpt lat="34.06501" lon="-118.24137">
    <ele>101.31</ele>
   </trkpt>
   <trkpt lat="34.06512" lon="-118.24125000000001">
    <ele>100.75</ele>
   </trkpt>
   <trkpt lat="34.0653" lon="-118.24117000000001">
    <ele>100.28</ele>
   </trkpt>
   <trkpt lat="34.06501000534537" lon="-118.24035666106617">
    <ele>99.23</ele>
   </trkpt>
   <trkpt lat="34.06472000533339" lon="-118.23954332769932">
    <ele>98.02000000000001</ele>
   </trkpt>
   <trkpt lat="34.06443" lon="-118.23873">
    <ele>96.5</ele>
   </trkpt>
   <trkpt lat="34.064245001214445" lon="-118.23816999860973">
    <ele>95.80000000000001</ele>
   </trkpt>
   <trkpt lat="34.064060000000005" lon="-118.23761">
    <ele>93.6</ele>
   </trkpt>
   <trkpt lat="34.06412" lon="-118.23757">
    <ele>93.6</ele>
   </trkpt>
   <trkpt lat="34.06412" lon="-118.23755000000001">
    <ele>93.6</ele>
   </trkpt>
   <trkpt lat="34.06396500152083" lon="-118.23693999893973">
    <ele>89.77</ele>
   </trkpt>
   <trkpt lat="34.063810000000004" lon="-118.23633000000001">
    <ele>89.36000000000001</ele>
   </trkpt>
   <trkpt lat="34.063700000000004" lon="-118.23580000000001">
    <ele>89.63</ele>
   </trkpt>
   <trkpt lat="34.064370000000004" lon="-118.23555">
    <ele>89.81</ele>
   </trkpt>
   <trkpt lat="34.06463" lon="-118.23542">
    <ele>90.09</ele>
   </trkpt>
   <trkpt lat="34.06458" lon="-118.23527000000001">
    <ele>90.09</ele>
   </trkpt>
   <trkpt lat="34.06504" lon="-118.23497">
    <ele>90.39000000000001</ele>
   </trkpt>
   <trkpt lat="34.0653" lon="-118.23471">
    <ele>90.53000000000002</ele>
   </trkpt>
   <trkpt lat="34.065670000000004" lon="-118.23426">
    <ele>91.11000000000001</ele>
   </trkpt>
   <trkpt lat="34.06588" lon="-118.2339">
    <ele>91.14000000000001</ele>
   </trkpt>
   <trkpt lat="34.06618" lon="-118.23331">
    <ele>91.26</ele>
   </trkpt>
   <trkpt lat="34.06655" lon="-118.23281000000001">
    <ele>91.51</ele>
   </trkpt>
   <trkpt lat="34.066900000000004" lon="-118.23228">
    <ele>91.77</ele>
   </trkpt>
   <trkpt lat="34.06722500123153" lon="-118.23173500204226">
    <ele>92.11000000000001</ele>
   </trkpt>
   <trkpt lat="34.067550000000004" lon="-118.23119000000001">
    <ele>92.35</ele>
   </trkpt>
   <trkpt lat="34.067710000000005" lon="-118.23098000000002">
    <ele>92.6</ele>
   </trkpt>
   <trkpt lat="34.06806" lon="-118.23038000000001">
    <ele>92.89000000000001</ele>
   </trkpt>
   <trkpt lat="34.068550002483036" lon="-118.22959000464024">
    <ele>93.39</ele>
   </trkpt>
   <trkpt lat="34.06904" lon="-118.2288">
    <ele>93.73</ele>
   </trkpt>
   <trkpt lat="34.069230000000005" lon="-118.22841000000001">
    <ele>94.00000000000001</ele>
   </trkpt>
   <trkpt lat="34.06945" lon="-118.22754">
    <ele>94.65</ele>
   </trkpt>
   <trkpt lat="34.069740002477744" lon="-118.22675500273496">
    <ele>96.27000000000001</ele>
   </trkpt>
   <trkpt lat="34.07003" lon="-118.22597">
    <ele>102.68</ele>
   </trkpt>
   <trkpt lat="34.07028000097643" lon="-118.22545500172082">
    <ele>104.17000000000002</ele>
   </trkpt>
   <trkpt lat="34.070530000000005" lon="-118.22494">
    <ele>103.79</ele>
   </trkpt>
   <trkpt lat="34.07085000224095" lon="-118.2242100025683">
    <ele>98.96000000000001</ele>
   </trkpt>
   <trkpt lat="34.07117" lon="-118.22348000000001">
    <ele>98.36</ele>
   </trkpt>
   <trkpt lat="34.07157" lon="-118.22264000000001">
    <ele>99.38000000000001</ele>
   </trkpt>
   <trkpt lat="34.07179" lon="-118.22209000000001">
    <ele>99.56</ele>
   </trkpt>
   <trkpt lat="34.072128009749065" lon="-118.22131401239733">
    <ele>100.66000000000001</ele>
   </trkpt>
   <trkpt lat="34.07246601462098" lon="-118.22053801860226">
    <ele>101.73000000000002</ele>
   </trkpt>
   <trkpt lat="34.07280401461564" lon="-118.2197620186148">
    <ele>102.68</ele>
   </trkpt>
   <trkpt lat="34.07314200973293" lon="-118.21898601243488">
    <ele>104.34</ele>
   </trkpt>
   <trkpt lat="34.07348" lon="-118.21821000000001">
    <ele>106.04</ele>
   </trkpt>
   <trkpt lat="34.07356" lon="-118.218">
    <ele>106.12</ele>
   </trkpt>
   <trkpt lat="34.07359" lon="-118.21784000000001">
    <ele>106.12</ele>
   </trkpt>
   <trkpt lat="34.07361" lon="-118.21753000000001">
    <ele>105.99000000000001</ele>
   </trkpt>
   <trkpt lat="34.07362505955372" lon="-118.2164664310237">
    <ele>105.67000000000002</ele>
   </trkpt>
   <trkpt lat="34.073640109945345" lon="-118.21540286166935">
    <ele>105.18</ele>
   </trkpt>
   <trkpt lat="34.0736551511749" lon="-118.21433929193716">
    <ele>105.34</ele>
   </trkpt>
   <trkpt lat="34.073670183242356" lon="-118.21327572182743">
    <ele>105.95</ele>
   </trkpt>
   <trkpt lat="34.0736852061477" lon="-118.21221215134031">
    <ele>106.29</ele>
   </trkpt>
   <trkpt lat="34.07370021989094" lon="-118.21114858047608">
    <ele>107.73</ele>
   </trkpt>
   <trkpt lat="34.07371522447206" lon="-118.21008500923494">
    <ele>108.88</ele>
   </trkpt>
   <trkpt lat="34.07373021989105" lon="-118.20902143761714">
    <ele>110.4</ele>
   </trkpt>
   <trkpt lat="34.073745206147905" lon="-118.2079578656229">
    <ele>112.49000000000001</ele>
   </trkpt>
   <trkpt lat="34.073760183242605" lon="-118.20689429325247">
    <ele>114.83000000000001</ele>
   </trkpt>
   <trkpt lat="34.07377515117517" lon="-118.20583072050603">
    <ele>117.63000000000001</ele>
   </trkpt>
   <trkpt lat="34.07379010994555" lon="-118.20476714738388">
    <ele>119.85000000000001</ele>
   </trkpt>
   <trkpt lat="34.073805059553784" lon="-118.20370357388616">
    <ele>121.9</ele>
   </trkpt>
   <trkpt lat="34.073820000000005" lon="-118.20264000000002">
    <ele>126.22</ele>
   </trkpt>
   <trkpt lat="34.073843341431036" lon="-118.2016400006328">
    <ele>133.89000000000001</ele>
   </trkpt>
   <trkpt lat="34.07386667476246" lon="-118.20064000071457">
    <ele>140.25</ele>
   </trkpt>
   <trkpt lat="34.073890000000006" lon="-118.19964000000002">
    <ele>140.70000000000002</ele>
   </trkpt>
   <trkpt lat="34.07390000783112" lon="-118.19865666697363">
    <ele>134.19</ele>
   </trkpt>
   <trkpt lat="34.07391000783035" lon="-118.19767333371504">
    <ele>129.34</ele>
   </trkpt>
   <trkpt lat="34.07392" lon="-118.19669">
    <ele>128.09</ele>
   </trkpt>
   <trkpt lat="34.0739" lon="-118.19655000000002">
    <ele>127.94</ele>
   </trkpt>
   <trkpt lat="34.07428" lon="-118.19626000000001">
    <ele>127.92</ele>
   </trkpt>
   <trkpt lat="34.07489750200403" lon="-118.19585250892099">
    <ele>127.38000000000002</ele>
   </trkpt>
   <trkpt lat="34.075515002663096" lon="-118.19544501190073">
    <ele>126.87</ele>
   </trkpt>
   <trkpt lat="34.07613250197714" lon="-118.195037508939">
    <ele>126.4</ele>
   </trkpt>
   <trkpt lat="34.076750000000004" lon="-118.19463">
    <ele>126.18</ele>
   </trkpt>
   <trkpt lat="34.07715500041369" lon="-118.19432000146357">
    <ele>126.28</ele>
   </trkpt>
   <trkpt lat="34.077560000000005" lon="-118.19401">
    <ele>126.84</ele>
   </trkpt>
   <trkpt lat="34.07772" lon="-118.19391000000002">
    <ele>127.19</ele>
   </trkpt>
   <trkpt lat="34.07782" lon="-118.19378">
    <ele>127.66000000000003</ele>
   </trkpt>
   <trkpt lat="34.07818" lon="-118.19356">
    <ele>128.38000000000002</ele>
   </trkpt>
   <trkpt lat="34.07862" lon="-118.19343">
    <ele>128.81</ele>
   </trkpt>
   <trkpt lat="34.079060000000005" lon="-118.19334">
    <ele>128.56</ele>
   </trkpt>
   <trkpt lat="34.07902" lon="-118.19302">
    <ele>128.72</ele>
   </trkpt>
   <trkpt lat="34.07903" lon="-118.19292000000002">
    <ele>128.72</ele>
   </trkpt>
   <trkpt lat="34.07911" lon="-118.19272000000001">
    <ele>129.12</ele>
   </trkpt>
   <trkpt lat="34.079260000000005" lon="-118.19255000000001">
    <ele>129.45000000000002</ele>
   </trkpt>
   <trkpt lat="34.07973500072631" lon="-118.19210500256682">
    <ele>130.33</ele>
   </trkpt>
   <trkpt lat="34.08021" lon="-118.19166000000001">
    <ele>131.29000000000002</ele>
   </trkpt>
   <trkpt lat="34.0807900033572" lon="-118.19113501077952">
    <ele>131.89000000000001</ele>
   </trkpt>
   <trkpt lat="34.081370004481805" lon="-118.19061001436788">
    <ele>132.72</ele>
   </trkpt>
   <trkpt lat="34.08195000337371" lon="-118.19008501076486">
    <ele>133.84</ele>
   </trkpt>
   <trkpt lat="34.082530000000006" lon="-118.18956000000001">
    <ele>135.13</ele>
   </trkpt>
   <trkpt lat="34.08323667010453" lon="-118.18890667758957">
    <ele>136.72</ele>
   </trkpt>
   <trkpt lat="34.08394333675142" lon="-118.18825334427473">
    <ele>138.28</ele>
   </trkpt>
   <trkpt lat="34.08465" lon="-118.1876">
    <ele>140.45000000000002</ele>
   </trkpt>
   <trkpt lat="34.08482" lon="-118.18738">
    <ele>140.72</ele>
   </trkpt>
   <trkpt lat="34.085010000000004" lon="-118.18705000000001">
    <ele>141.28</ele>
   </trkpt>
   <trkpt lat="34.08513" lon="-118.1868">
    <ele>141.73000000000002</ele>
   </trkpt>
   <trkpt lat="34.0852" lon="-118.18646000000001">
    <ele>142.48000000000002</ele>
   </trkpt>
   <trkpt lat="34.085296673225265" lon="-118.18556000208417">
    <ele>146.85</ele>
   </trkpt>
   <trkpt lat="34.08539333988881" lon="-118.18466000211332">
    <ele>152.41000000000003</ele>
   </trkpt>
   <trkpt lat="34.08549" lon="-118.18376">
    <ele>152.81</ele>
   </trkpt>
   <trkpt lat="34.08563" lon="-118.18318000000001">
    <ele>150.81</ele>
   </trkpt>
   <trkpt lat="34.085620000000006" lon="-118.18304">
    <ele>149.59</ele>
   </trkpt>
   <trkpt lat="34.08541500434722" lon="-118.1819999973108">
    <ele>146.09000000000003</ele>
   </trkpt>
   <trkpt lat="34.085210000000004" lon="-118.18096000000001">
    <ele>142.77</ele>
   </trkpt>
   <trkpt lat="34.0852" lon="-118.18070000000002">
    <ele>142.41</ele>
   </trkpt>
   <trkpt lat="34.085240000000006" lon="-118.18017">
    <ele>141.79</ele>
   </trkpt>
   <trkpt lat="34.08534" lon="-118.17977">
    <ele>141.82</ele>
   </trkpt>
   <trkpt lat="34.085570000000004" lon="-118.17911000000001">
    <ele>142.41</ele>
   </trkpt>
   <trkpt lat="34.08581" lon="-118.17869">
    <ele>142.9</ele>
   </trkpt>
   <trkpt lat="34.08623000358168" lon="-118.17775500454762">
    <ele>143.56000000000003</ele>
   </trkpt>
   <trkpt lat="34.086650000000006" lon="-118.17682">
    <ele>145.20000000000002</ele>
   </trkpt>
   <trkpt lat="34.086980002393354" lon="-118.17605000302038">
    <ele>145.93</ele>
   </trkpt>
   <trkpt lat="34.08731" lon="-118.17528000000001">
    <ele>146.82</ele>
   </trkpt>
   <trkpt lat="34.08765201073388" lon="-118.17446601315675">
    <ele>147.75000000000003</ele>
   </trkpt>
   <trkpt lat="34.08799401610008" lon="-118.17365201973716">
    <ele>149.08</ele>
   </trkpt>
   <trkpt lat="34.0883360160985" lon="-118.17283801974122">
    <ele>149.79</ele>
   </trkpt>
   <trkpt lat="34.08867801072902" lon="-118.17202401316892">
    <ele>150.56</ele>
   </trkpt>
   <trkpt lat="34.089020000000005" lon="-118.17121000000002">
    <ele>151.10000000000002</ele>
   </trkpt>
   <trkpt lat="34.08916" lon="-118.17071000000001">
    <ele>151.26</ele>
   </trkpt>
   <trkpt lat="34.08930334090165" lon="-118.16974333661977">
    <ele>151.41000000000003</ele>
   </trkpt>
   <trkpt lat="34.08944667423305" lon="-118.16877666996623">
    <ele>151.68</ele>
   </trkpt>
   <trkpt lat="34.08959" lon="-118.16781">
    <ele>152.37</ele>
   </trkpt>
   <trkpt lat="34.089675001452875" lon="-118.1672100006404">
    <ele>153.27</ele>
   </trkpt>
   <trkpt lat="34.089760000000005" lon="-118.16661">
    <ele>153.96</ele>
   </trkpt>
   <trkpt lat="34.089850000000006" lon="-118.16616">
    <ele>154.85000000000002</ele>
   </trkpt>
   <trkpt lat="34.089980000000004" lon="-118.16571">
    <ele>155.65</ele>
   </trkpt>
   <trkpt lat="34.09017" lon="-118.16521000000002">
    <ele>154.4</ele>
   </trkpt>
   <trkpt lat="34.0904" lon="-118.16469000000001">
    <ele>150.54</ele>
   </trkpt>
   <trkpt lat="34.09017" lon="-118.16430000000001">
    <ele>148.45</ele>
   </trkpt>
   <trkpt lat="34.08986500078272" lon="-118.16385499836846">
    <ele>148.89000000000001</ele>
   </trkpt>
   <trkpt lat="34.089560000000006" lon="-118.16341000000001">
    <ele>152.43</ele>
   </trkpt>
   <trkpt lat="34.089290000000005" lon="-118.16295000000001">
    <ele>154.12</ele>
   </trkpt>
   <trkpt lat="34.08921" lon="-118.16277000000001">
    <ele>154.51000000000002</ele>
   </trkpt>
   <trkpt lat="34.089090000000006" lon="-118.16246000000001">
    <ele>155.13000000000002</ele>
   </trkpt>
   <trkpt lat="34.088910000000006" lon="-118.16157000000001">
    <ele>155.62</ele>
   </trkpt>
   <trkpt lat="34.08889" lon="-118.16129000000001">
    <ele>155.62</ele>
   </trkpt>
   <trkpt lat="34.08890000842171" lon="-118.16045750031932">
    <ele>155.22000000000003</ele>
   </trkpt>
   <trkpt lat="34.08891001122875" lon="-118.15962500044186">
    <ele>154.35000000000002</ele>
   </trkpt>
   <trkpt lat="34.08892000842113" lon="-118.15879250036772">
    <ele>153.02</ele>
   </trkpt>
   <trkpt lat="34.088930000000005" lon="-118.15796">
    <ele>152.98</ele>
   </trkpt>
   <trkpt lat="34.08903" lon="-118.15753000000001">
    <ele>154.04000000000002</ele>
   </trkpt>
   <trkpt lat="34.089110000000005" lon="-118.15732000000001">
    <ele>154.22000000000003</ele>
   </trkpt>
   <trkpt lat="34.08935000119716" lon="-118.15680500119643">
    <ele>154.73</ele>
   </trkpt>
   <trkpt lat="34.08959" lon="-118.15629000000001">
    <ele>155.17</ele>
   </trkpt>
   <trkpt lat="34.08979" lon="-118.15599">
    <ele>155.62</ele>
   </trkpt>
   <trkpt lat="34.090120000000006" lon="-118.15554000000002">
    <ele>155.83</ele>
   </trkpt>
   <trkpt lat="34.09064" lon="-118.15496">
    <ele>156.09</ele>
   </trkpt>
   <trkpt lat="34.090970000000006" lon="-118.15456">
    <ele>156.12</ele>
   </trkpt>
   <trkpt lat="34.091150000000006" lon="-118.15416">
    <ele>156.03</ele>
   </trkpt>
   <trkpt lat="34.09125" lon="-118.15389">
    <ele>155.81</ele>
   </trkpt>
   <trkpt lat="34.09132" lon="-118.15362">
    <ele>155.46</ele>
   </trkpt>
   <trkpt lat="34.091370000000005" lon="-118.15310000000001">
    <ele>154.85000000000002</ele>
   </trkpt>
   <trkpt lat="34.091383340290264" lon="-118.15217333362497">
    <ele>152.59</ele>
   </trkpt>
   <trkpt lat="34.09139667362361" lon="-118.15124666695796">
    <ele>149.62</ele>
   </trkpt>
   <trkpt lat="34.09141" lon="-118.15032000000001">
    <ele>149.47000000000003</ele>
   </trkpt>
   <trkpt lat="34.09160667509746" lon="-118.14930000472971">
    <ele>151.43</ele>
   </trkpt>
   <trkpt lat="34.09180334176604" lon="-118.14828000471991">
    <ele>153.94000000000003</ele>
   </trkpt>
   <trkpt lat="34.092000000000006" lon="-118.14726">
    <ele>155.8</ele>
   </trkpt>
   <trkpt lat="34.09208" lon="-118.14705000000001">
    <ele>156.23000000000002</ele>
   </trkpt>
   <trkpt lat="34.092150000000004" lon="-118.14696">
    <ele>156.23000000000002</ele>
   </trkpt>
   <trkpt lat="34.09181" lon="-118.1465">
    <ele>156.78</ele>
   </trkpt>
   <trkpt lat="34.0917" lon="-118.14629000000001">
    <ele>157.13000000000002</ele>
   </trkpt>
   <trkpt lat="34.0916" lon="-118.14599000000001">
    <ele>157.47000000000003</ele>
   </trkpt>
   <trkpt lat="34.091480000000004" lon="-118.14544000000001">
    <ele>157.34</ele>
   </trkpt>
   <trkpt lat="34.09151" lon="-118.14525">
    <ele>157.34</ele>
   </trkpt>
   <trkpt lat="34.09150500136325" lon="-118.14467000003143">
    <ele>156.96</ele>
   </trkpt>
   <trkpt lat="34.0915" lon="-118.14409">
    <ele>156.3</ele>
   </trkpt>
   <trkpt lat="34.091506701344024" lon="-118.14305555620297">
    <ele>155.69000000000003</ele>
   </trkpt>
   <trkpt lat="34.09151339401871" lon="-118.14202111224225">
    <ele>155.37</ele>
   </trkpt>
   <trkpt lat="34.09152007802408" lon="-118.14098666811805">
    <ele>154.71</ele>
   </trkpt>
   <trkpt lat="34.09152675336012" lon="-118.13995222383062">
    <ele>154.10000000000002</ele>
   </trkpt>
   <trkpt lat="34.091533420026835" lon="-118.13891777938017">
    <ele>153.00000000000003</ele>
   </trkpt>
   <trkpt lat="34.09154007802422" lon="-118.13788333476687">
    <ele>152.49</ele>
   </trkpt>
   <trkpt lat="34.09154672735226" lon="-118.13684888999096">
    <ele>151.59</ele>
   </trkpt>
   <trkpt lat="34.09155336801095" lon="-118.13581444505265">
    <ele>150.93</ele>
   </trkpt>
   <trkpt lat="34.09156" lon="-118.13478">
    <ele>150.26</ele>
   </trkpt>
   <trkpt lat="34.0916" lon="-118.1345">
    <ele>149.96</ele>
   </trkpt>
   <trkpt lat="34.09169" lon="-118.13441">
    <ele>149.96</ele>
   </trkpt>
   <trkpt lat="34.09192000093302" lon="-118.1339000016531">
    <ele>149.66000000000003</ele>
   </trkpt>
   <trkpt lat="34.092150000000004" lon="-118.13339">
    <ele>149.27</ele>
   </trkpt>
   <trkpt lat="34.09214" lon="-118.13331000000001">
    <ele>149.27</ele>
   </trkpt>
   <trkpt lat="34.092330000000004" lon="-118.13283000000001">
    <ele>149.01</ele>
   </trkpt>
   <trkpt lat="34.092735732084634" lon="-118.1319743103199">
    <ele>148.74</ele>
   </trkpt>
   <trkpt lat="34.09314145823708" lon="-118.1311186124369">
    <ele>148.48</ele>
   </trkpt>
   <trkpt lat="34.09354717845718" lon="-118.13026290635099">
    <ele>148.23</ele>
   </trkpt>
   <trkpt lat="34.093952892744795" lon="-118.12940719206208">
    <ele>148.63</ele>
   </trkpt>
   <trkpt lat="34.09435860109977" lon="-118.12855146957003">
    <ele>149.75000000000003</ele>
   </trkpt>
   <trkpt lat="34.09476430352196" lon="-118.12769573887482">
    <ele>150.31</ele>
   </trkpt>
   <trkpt lat="34.09517" lon="-118.12684000000002">
    <ele>150.01</ele>
   </trkpt>
   <trkpt lat="34.09558250968347" lon="-118.12594751304307">
    <ele>149.29</ele>
   </trkpt>
   <trkpt lat="34.09599501291329" lon="-118.12505501738669">
    <ele>147.9</ele>
   </trkpt>
   <trkpt lat="34.09640750968936" lon="-118.12416251303078">
    <ele>147.1</ele>
   </trkpt>
   <trkpt lat="34.09682" lon="-118.12327">
    <ele>145.95000000000002</ele>
   </trkpt>
   <trkpt lat="34.09684" lon="-118.12313">
    <ele>145.95000000000002</ele>
   </trkpt>
   <trkpt lat="34.09709500109407" lon="-118.12262000145589">
    <ele>145.09000000000003</ele>
   </trkpt>
   <trkpt lat="34.097350000000006" lon="-118.12211">
    <ele>144.52</ele>
   </trkpt>
   <trkpt lat="34.09758500110735" lon="-118.12159500135797">
    <ele>144.24</ele>
   </trkpt>
   <trkpt lat="34.097820000000006" lon="-118.12108">
    <ele>143.32</ele>
   </trkpt>
   <trkpt lat="34.09792" lon="-118.12100000000001">
    <ele>143.32</ele>
   </trkpt>
   <trkpt lat="34.0981750012961" lon="-118.12045500144382">
    <ele>142.71</ele>
   </trkpt>
   <trkpt lat="34.09843" lon="-118.11991">
    <ele>142.11</ele>
   </trkpt>
   <trkpt lat="34.09869500114358" lon="-118.11938000164841">
    <ele>141.52</ele>
   </trkpt>
   <trkpt lat="34.098960000000005" lon="-118.11885000000001">
    <ele>141.07</ele>
   </trkpt>
   <trkpt lat="34.099340007652046" lon="-118.11805751063643">
    <ele>140.26000000000002</ele>
   </trkpt>
   <trkpt lat="34.099720010215364" lon="-118.11726501415578">
    <ele>139.34</ele>
   </trkpt>
   <trkpt lat="34.10010000768982" lon="-118.11647251055798">
    <ele>138.90000000000003</ele>
   </trkpt>
   <trkpt lat="34.100480000000005" lon="-118.11568000000001">
    <ele>138.66</ele>
   </trkpt>
   <trkpt lat="34.10081000212419" lon="-118.11496500267332">
    <ele>138.66</ele>
   </trkpt>
   <trkpt lat="34.10114" lon="-118.11425000000001">
    <ele>138.70000000000002</ele>
   </trkpt>
   <trkpt lat="34.10145" lon="-118.11362000000001">
    <ele>138.83</ele>
   </trkpt>
   <trkpt lat="34.10173" lon="-118.11299000000001">
    <ele>139.23000000000002</ele>
   </trkpt>
   <trkpt lat="34.10197" lon="-118.11235">
    <ele>139.62000000000003</ele>
   </trkpt>
   <trkpt lat="34.10228" lon="-118.11139000000001">
    <ele>140.20000000000002</ele>
   </trkpt>
   <trkpt lat="34.102380000000004" lon="-118.11096">
    <ele>140.20000000000002</ele>
   </trkpt>
   <trkpt lat="34.102410000000006" lon="-118.11056">
    <ele>140.13</ele>
   </trkpt>
   <trkpt lat="34.10242" lon="-118.11017000000001">
    <ele>140.07</ele>
   </trkpt>
   <trkpt lat="34.1024266710246" lon="-118.10943666673737">
    <ele>139.6</ele>
   </trkpt>
   <trkpt lat="34.10243333769168" lon="-118.10870333335912">
    <ele>139.52</ele>
   </trkpt>
   <trkpt lat="34.10244" lon="-118.10797000000001">
    <ele>139.12</ele>
   </trkpt>
   <trkpt lat="34.10243500227849" lon="-118.10721999989076">
    <ele>138.75</ele>
   </trkpt>
   <trkpt lat="34.102430000000005" lon="-118.10647000000002">
    <ele>138.43</ele>
   </trkpt>
   <trkpt lat="34.102442510174946" lon="-118.10555500047239">
    <ele>137.69</ele>
   </trkpt>
   <trkpt lat="34.10245501356599" lon="-118.1046400006743">
    <ele>137.16</ele>
   </trkpt>
   <trkpt lat="34.10246751017313" lon="-118.10372500060586">
    <ele>136.89000000000001</ele>
   </trkpt>
   <trkpt lat="34.10248" lon="-118.10281">
    <ele>136.57000000000002</ele>
   </trkpt>
   <trkpt lat="34.102560000000004" lon="-118.10181000000001">
    <ele>136.39000000000001</ele>
   </trkpt>
   <trkpt lat="34.102665735310225" lon="-118.10088000697145">
    <ele>136.01000000000002</ele>
   </trkpt>
   <trkpt lat="34.102771463612356" lon="-118.09995001161876">
    <ele>135.9</ele>
   </trkpt>
   <trkpt lat="34.10287718490637" lon="-118.0990200139421">
    <ele>135.42000000000002</ele>
   </trkpt>
   <trkpt lat="34.1029828991922" lon="-118.09809001394157">
    <ele>134.81</ele>
   </trkpt>
   <trkpt lat="34.10308860646981" lon="-118.09716001161739">
    <ele>134.61</ele>
   </trkpt>
   <trkpt lat="34.103194306739155" lon="-118.09623000696963">
    <ele>134.34</ele>
   </trkpt>
   <trkpt lat="34.103300000000004" lon="-118.09530000000001">
    <ele>134.07000000000002</ele>
   </trkpt>
   <trkpt lat="34.103370000000005" lon="-118.09460000000001">
    <ele>133.63</ele>
   </trkpt>
   <trkpt lat="34.103390000000005" lon="-118.09397000000001">
    <ele>133.54000000000002</ele>
   </trkpt>
   <trkpt lat="34.1033958789455" lon="-118.09295833410384">
    <ele>133.12</ele>
   </trkpt>
   <trkpt lat="34.10340174959788" lon="-118.09194666806718">
    <ele>132.57000000000002</ele>
   </trkpt>
   <trkpt lat="34.10340761195715" lon="-118.09093500189026">
    <ele>130.24</ele>
   </trkpt>
   <trkpt lat="34.103413466023305" lon="-118.08992333557323">
    <ele>128.29000000000002</ele>
   </trkpt>
   <trkpt lat="34.10341931179633" lon="-118.08891166911634">
    <ele>127.54</ele>
   </trkpt>
   <trkpt lat="34.10342514927624" lon="-118.08790000251976">
    <ele>127.87</ele>
   </trkpt>
   <trkpt lat="34.10343097846301" lon="-118.08688833578367">
    <ele>128.07000000000002</ele>
   </trkpt>
   <trkpt lat="34.10343679935667" lon="-118.08587666890833">
    <ele>128.14000000000001</ele>
   </trkpt>
   <trkpt lat="34.103442611957185" lon="-118.08486500189387">
    <ele>128.35000000000002</ele>
   </trkpt>
   <trkpt lat="34.10344841626456" lon="-118.08385333474051">
    <ele>129.24</ele>
   </trkpt>
   <trkpt lat="34.103454212278805" lon="-118.08284166744845">
    <ele>129.29999999999998</ele>
   </trkpt>
   <trkpt lat="34.103460000000005" lon="-118.08183000000001">
    <ele>129.16</ele>
   </trkpt>
   <trkpt lat="34.103460000000005" lon="-118.08127">
    <ele>129.07000000000002</ele>
   </trkpt>
   <trkpt lat="34.10351" lon="-118.08118">
    <ele>129.07000000000002</ele>
   </trkpt>
   <trkpt lat="34.10352" lon="-118.08066000000001">
    <ele>128.85000000000002</ele>
   </trkpt>
   <trkpt lat="34.10352668585802" lon="-118.07968666706121">
    <ele>128.56</ele>
   </trkpt>
   <trkpt lat="34.10353336403946" lon="-118.07871333396865">
    <ele>128.48000000000002</ele>
   </trkpt>
   <trkpt lat="34.10354003454435" lon="-118.07774000072259">
    <ele>128.39000000000001</ele>
   </trkpt>
   <trkpt lat="34.10354669737267" lon="-118.07676666732308">
    <ele>126.87</ele>
   </trkpt>
   <trkpt lat="34.1035533525244" lon="-118.07579333377043">
    <ele>125.98</ele>
   </trkpt>
   <trkpt lat="34.10356" lon="-118.07482000000002">
    <ele>125.78</ele>
   </trkpt>
   <trkpt lat="34.10358" lon="-118.07428000000002">
    <ele>125.17</ele>
   </trkpt>
   <trkpt lat="34.103660000000005" lon="-118.07363000000001">
    <ele>124.84</ele>
   </trkpt>
   <trkpt lat="34.10378" lon="-118.07312">
    <ele>124.81</ele>
   </trkpt>
   <trkpt lat="34.10389" lon="-118.07279000000001">
    <ele>124.61000000000001</ele>
   </trkpt>
   <trkpt lat="34.10409500114675" lon="-118.07225000139962">
    <ele>124.64000000000001</ele>
   </trkpt>
   <trkpt lat="34.1043" lon="-118.07171000000001">
    <ele>124.74</ele>
   </trkpt>
   <trkpt lat="34.104555000933985" lon="-118.07122500149794">
    <ele>125.07000000000001</ele>
   </trkpt>
   <trkpt lat="34.10481" lon="-118.07074000000001">
    <ele>125.23</ele>
   </trkpt>
   <trkpt lat="34.10505000129373" lon="-118.07020500121868">
    <ele>125.55000000000003</ele>
   </trkpt>
   <trkpt lat="34.105290000000004" lon="-118.06967000000002">
    <ele>125.55000000000003</ele>
   </trkpt>
   <trkpt lat="34.10539" lon="-118.06942000000001">
    <ele>125.44000000000003</ele>
   </trkpt>
   <trkpt lat="34.10559" lon="-118.06869">
    <ele>125.34</ele>
   </trkpt>
   <trkpt lat="34.10569" lon="-118.06801000000002">
    <ele>124.97000000000001</ele>
   </trkpt>
   <trkpt lat="34.10578500212214" lon="-118.06728500087124">
    <ele>124.82000000000001</ele>
   </trkpt>
   <trkpt lat="34.105880000000006" lon="-118.06656000000001">
    <ele>124.68</ele>
   </trkpt>
   <trkpt lat="34.106035013523886" lon="-118.065505005831">
    <ele>124.41000000000001</ele>
   </trkpt>
   <trkpt lat="34.10619001802872" lon="-118.06445000779622">
    <ele>124.03000000000002</ele>
   </trkpt>
   <trkpt lat="34.10634501351441" lon="-118.06339500589588">
    <ele>123.79</ele>
   </trkpt>
   <trkpt lat="34.106500000000004" lon="-118.06234">
    <ele>123.54</ele>
   </trkpt>
   <trkpt lat="34.106642256832735" lon="-118.06130668056099">
    <ele>122.93</ele>
   </trkpt>
   <trkpt lat="34.10678450501312" lon="-118.06027335764719">
    <ele>122.4</ele>
   </trkpt>
   <trkpt lat="34.106926744541106" lon="-118.05924003125872">
    <ele>122.03000000000002</ele>
   </trkpt>
   <trkpt lat="34.10706897541659" lon="-118.05820670139582">
    <ele>121.42000000000002</ele>
   </trkpt>
   <trkpt lat="34.10721119763952" lon="-118.0571733680586">
    <ele>120.83</ele>
   </trkpt>
   <trkpt lat="34.1073534112098" lon="-118.05614003124731">
    <ele>120.61</ele>
   </trkpt>
   <trkpt lat="34.10749561612736" lon="-118.0551066909621">
    <ele>120.35000000000001</ele>
   </trkpt>
   <trkpt lat="34.10763781239213" lon="-118.05407334720314">
    <ele>120.17000000000002</ele>
   </trkpt>
   <trkpt lat="34.107780000000005" lon="-118.05304000000001">
    <ele>119.03000000000002</ele>
   </trkpt>
   <trkpt lat="34.10779" lon="-118.05288000000002">
    <ele>119.03000000000002</ele>
   </trkpt>
   <trkpt lat="34.10777" lon="-118.05269000000001">
    <ele>118.94</ele>
   </trkpt>
   <trkpt lat="34.1077" lon="-118.05234000000002">
    <ele>118.53</ele>
   </trkpt>
   <trkpt lat="34.10757" lon="-118.05178000000001">
    <ele>118.27000000000001</ele>
   </trkpt>
   <trkpt lat="34.107530000000004" lon="-118.05134000000001">
    <ele>118.06000000000002</ele>
   </trkpt>
   <trkpt lat="34.107530000000004" lon="-118.05114">
    <ele>118.06000000000002</ele>
   </trkpt>
   <trkpt lat="34.10747" lon="-118.05105">
    <ele>117.95000000000002</ele>
   </trkpt>
   <trkpt lat="34.10748751333712" lon="-118.0500025006593">
    <ele>117.49000000000001</ele>
   </trkpt>
   <trkpt lat="34.107505017782735" lon="-118.048955000885">
    <ele>116.34</ele>
   </trkpt>
   <trkpt lat="34.10752251333682" lon="-118.04790750067737">
    <ele>115.75</ele>
   </trkpt>
   <trkpt lat="34.10754" lon="-118.04686000000001">
    <ele>115.05000000000001</ele>
   </trkpt>
   <trkpt lat="34.10755002586231" lon="-118.04582857216367">
    <ele>114.15000000000002</ele>
   </trkpt>
   <trkpt lat="34.10756004310386" lon="-118.04479714408299">
    <ele>113.35000000000001</ele>
   </trkpt>
   <trkpt lat="34.10757005172463" lon="-118.04376571575816">
    <ele>112.71000000000001</ele>
   </trkpt>
   <trkpt lat="34.10758005172461" lon="-118.04273428718936">
    <ele>111.74000000000001</ele>
   </trkpt>
   <trkpt lat="34.107590043103805" lon="-118.04170285837684">
    <ele>111.09</ele>
   </trkpt>
   <trkpt lat="34.1076000258622" lon="-118.04067142932082">
    <ele>110.34</ele>
   </trkpt>
   <trkpt lat="34.10761" lon="-118.03964">
    <ele>109.51</ele>
   </trkpt>
   <trkpt lat="34.10762500151087" lon="-118.03902999997737">
    <ele>109.56</ele>
   </trkpt>
   <trkpt lat="34.10764" lon="-118.03842000000002">
    <ele>109.29</ele>
   </trkpt>
   <trkpt lat="34.1077" lon="-118.03827000000001">
    <ele>109.29</ele>
   </trkpt>
   <trkpt lat="34.10771500832446" lon="-118.03744250037725">
    <ele>109.29</ele>
   </trkpt>
   <trkpt lat="34.10773001110005" lon="-118.03661500046094">
    <ele>109.09</ele>
   </trkpt>
   <trkpt lat="34.10774500832675" lon="-118.03578750025119">
    <ele>108.92</ele>
   </trkpt>
   <trkpt lat="34.107760000000006" lon="-118.03496000000001">
    <ele>108.6</ele>
   </trkpt>
   <trkpt lat="34.107760000000006" lon="-118.03449">
    <ele>108.48</ele>
   </trkpt>
   <trkpt lat="34.107730000000004" lon="-118.03426">
    <ele>108.32000000000001</ele>
   </trkpt>
   <trkpt lat="34.10758000356249" lon="-118.03331999822304">
    <ele>107.98</ele>
   </trkpt>
   <trkpt lat="34.10743" lon="-118.03238">
    <ele>107.72000000000001</ele>
   </trkpt>
   <trkpt lat="34.1073" lon="-118.03175000000002">
    <ele>107.7</ele>
   </trkpt>
   <trkpt lat="34.107310000000005" lon="-118.03137000000001">
    <ele>107.68</ele>
   </trkpt>
   <trkpt lat="34.10736" lon="-118.03089000000001">
    <ele>107.56</ele>
   </trkpt>
   <trkpt lat="34.10750928289173" lon="-118.0298546372994">
    <ele>107.44000000000001</ele>
   </trkpt>
   <trkpt lat="34.10765855709677" lon="-118.02881927094498">
    <ele>107.4</ele>
   </trkpt>
   <trkpt lat="34.10780782261503" lon="-118.027783900937">
    <ele>106.84</ele>
   </trkpt>
   <trkpt lat="34.10795707944644" lon="-118.0267485272756">
    <ele>106.17000000000002</ele>
   </trkpt>
   <trkpt lat="34.10810632759091" lon="-118.02571314996092">
    <ele>105.63000000000001</ele>
   </trkpt>
   <trkpt lat="34.10825556704836" lon="-118.02467776899321">
    <ele>105.84</ele>
   </trkpt>
   <trkpt lat="34.108404797818714" lon="-118.02364238437264">
    <ele>106.01</ele>
   </trkpt>
   <trkpt lat="34.10855401990189" lon="-118.02260699609934">
    <ele>106.09</ele>
   </trkpt>
   <trkpt lat="34.108703233297824" lon="-118.02157160417353">
    <ele>106.26</ele>
   </trkpt>
   <trkpt lat="34.108852438006416" lon="-118.02053620859535">
    <ele>106.24000000000001</ele>
   </trkpt>
   <trkpt lat="34.10900163402761" lon="-118.01950080936503">
    <ele>106.46000000000001</ele>
   </trkpt>
   <trkpt lat="34.10915082136129" lon="-118.01846540648273">
    <ele>106.75000000000001</ele>
   </trkpt>
   <trkpt lat="34.109300000000005" lon="-118.01743">
    <ele>106.77</ele>
   </trkpt>
   <trkpt lat="34.109410000000004" lon="-118.01666000000002">
    <ele>106.68</ele>
   </trkpt>
   <trkpt lat="34.10943" lon="-118.01619000000001">
    <ele>106.65</ele>
   </trkpt>
   <trkpt lat="34.10953" lon="-118.01551">
    <ele>106.65</ele>
   </trkpt>
   <trkpt lat="34.10968128112128" lon="-118.01446251311032">
    <ele>106.83000000000001</ele>
   </trkpt>
   <trkpt lat="34.109832553350955" lon="-118.01341502247425">
    <ele>107.05</ele>
   </trkpt>
   <trkpt lat="34.109983816688946" lon="-118.012367528092">
    <ele>107.14000000000001</ele>
   </trkpt>
   <trkpt lat="34.11013507113516" lon="-118.0113200299638">
    <ele>107.3</ele>
   </trkpt>
   <trkpt lat="34.110286316689546" lon="-118.01027252808979">
    <ele>107.34</ele>
   </trkpt>
   <trkpt lat="34.11043755335198" lon="-118.00922502247019">
    <ele>107.55000000000001</ele>
   </trkpt>
   <trkpt lat="34.110588781122416" lon="-118.00817751310514">
    <ele>107.84</ele>
   </trkpt>
   <trkpt lat="34.11074" lon="-118.00713">
    <ele>108.07000000000001</ele>
   </trkpt>
   <trkpt lat="34.110820001210634" lon="-118.00659500016576">
    <ele>108.09</ele>
   </trkpt>
   <trkpt lat="34.1109" lon="-118.00606">
    <ele>108.21000000000001</ele>
   </trkpt>
   <trkpt lat="34.11099" lon="-118.00588">
    <ele>108.2</ele>
   </trkpt>
   <trkpt lat="34.11108000143693" lon="-118.00529000045427">
    <ele>107.53000000000002</ele>
   </trkpt>
   <trkpt lat="34.11117" lon="-118.00470000000001">
    <ele>107.46000000000001</ele>
   </trkpt>
   <trkpt lat="34.11129500413672" lon="-118.00369000146534">
    <ele>107.63</ele>
   </trkpt>
   <trkpt lat="34.11142" lon="-118.00268000000001">
    <ele>107.76</ele>
   </trkpt>
   <trkpt lat="34.1115600149398" lon="-118.00172000633684">
    <ele>108.65</ele>
   </trkpt>
   <trkpt lat="34.11170002241113" lon="-118.00076000949568">
    <ele>109.11000000000001</ele>
   </trkpt>
   <trkpt lat="34.111840022413936" lon="-117.99980000947666">
    <ele>110.36000000000001</ele>
   </trkpt>
   <trkpt lat="34.11198001494817" lon="-117.99884000627999">
    <ele>110.67</ele>
   </trkpt>
   <trkpt lat="34.112120000000004" lon="-117.99788000000001">
    <ele>111.42</ele>
   </trkpt>
   <trkpt lat="34.112170000000006" lon="-117.99755">
    <ele>111.65</ele>
   </trkpt>
   <trkpt lat="34.112140000000004" lon="-117.99739000000001">
    <ele>111.95</ele>
   </trkpt>
   <trkpt lat="34.112263338910076" lon="-117.99656000246135">
    <ele>112.66000000000001</ele>
   </trkpt>
   <trkpt lat="34.112386672237335" lon="-117.99573000250221">
    <ele>113.29</ele>
   </trkpt>
   <trkpt lat="34.11251" lon="-117.99490000000002">
    <ele>113.55000000000001</ele>
   </trkpt>
   <trkpt lat="34.112625003213395" lon="-117.99400500146855">
    <ele>114.22000000000001</ele>
   </trkpt>
   <trkpt lat="34.11274" lon="-117.99311000000002">
    <ele>114.31</ele>
   </trkpt>
   <trkpt lat="34.11274" lon="-117.99289">
    <ele>114.31</ele>
   </trkpt>
   <trkpt lat="34.1128" lon="-117.99245">
    <ele>114.54</ele>
   </trkpt>
   <trkpt lat="34.11278" lon="-117.99186">
    <ele>114.71000000000001</ele>
   </trkpt>
   <trkpt lat="34.112750000000005" lon="-117.9916">
    <ele>114.86</ele>
   </trkpt>
   <trkpt lat="34.112660000000005" lon="-117.9911">
    <ele>115.09</ele>
   </trkpt>
   <trkpt lat="34.11253" lon="-117.99066">
    <ele>115.15000000000002</ele>
   </trkpt>
   <trkpt lat="34.11247" lon="-117.99041000000001">
    <ele>115.15000000000002</ele>
   </trkpt>
   <trkpt lat="34.11217000248588" lon="-117.98962499718694">
    <ele>115.25</ele>
   </trkpt>
   <trkpt lat="34.11187" lon="-117.98884000000001">
    <ele>115.35000000000001</ele>
   </trkpt>
   <trkpt lat="34.1115600178081" lon="-117.98798426691502">
    <ele>115.47</ele>
   </trkpt>
   <trkpt lat="34.111250029681926" lon="-117.98712854010188">
    <ele>115.74000000000001</ele>
   </trkpt>
   <trkpt lat="34.11094003562163" lon="-117.98627281956058">
    <ele>116.95</ele>
   </trkpt>
   <trkpt lat="34.11063003562729" lon="-117.9854171052911">
    <ele>117.4</ele>
   </trkpt>
   <trkpt lat="34.11032002969903" lon="-117.98456139729348">
    <ele>117.70000000000002</ele>
   </trkpt>
   <trkpt lat="34.110010017836984" lon="-117.98370569556772">
    <ele>118.61</ele>
   </trkpt>
   <trkpt lat="34.109700000000004" lon="-117.98285000000001">
    <ele>120.10000000000001</ele>
   </trkpt>
   <trkpt lat="34.1093816827793" lon="-117.98195831657159">
    <ele>120.8</ele>
   </trkpt>
   <trkpt lat="34.10906335911545" lon="-117.9810666398537">
    <ele>120.75000000000001</ele>
   </trkpt>
   <trkpt lat="34.10874502900859" lon="-117.98017496984633">
    <ele>120.65</ele>
   </trkpt>
   <trkpt lat="34.108426692458835" lon="-117.97928330654945">
    <ele>120.77000000000001</ele>
   </trkpt>
   <trkpt lat="34.10810834946632" lon="-117.9783916499631">
    <ele>121.4</ele>
   </trkpt>
   <trkpt lat="34.10779" lon="-117.9775">
    <ele>123.16</ele>
   </trkpt>
   <trkpt lat="34.1074766725697" lon="-117.97664332686783">
    <ele>124.96000000000001</ele>
   </trkpt>
   <trkpt lat="34.107163339192425" lon="-117.97578666008114">
    <ele>124.86000000000001</ele>
   </trkpt>
   <trkpt lat="34.10685" lon="-117.97493000000001">
    <ele>123.02</ele>
   </trkpt>
   <trkpt lat="34.106660000000005" lon="-117.97433000000001">
    <ele>122.60000000000001</ele>
   </trkpt>
   <trkpt lat="34.10653" lon="-117.97365">
    <ele>122.98</ele>
   </trkpt>
   <trkpt lat="34.106480000000005" lon="-117.97311">
    <ele>123.72000000000001</ele>
   </trkpt>
   <trkpt lat="34.10649" lon="-117.97269000000001">
    <ele>123.87</ele>
   </trkpt>
   <trkpt lat="34.10655000179015" lon="-117.97202500048925">
    <ele>124.36000000000001</ele>
   </trkpt>
   <trkpt lat="34.10661" lon="-117.97136">
    <ele>124.99</ele>
   </trkpt>
   <trkpt lat="34.106622014750066" lon="-117.97040600052917">
    <ele>125.28</ele>
   </trkpt>
   <trkpt lat="34.106634022125185" lon="-117.96945200078747">
    <ele>125.64</ele>
   </trkpt>
   <trkpt lat="34.10664602212535" lon="-117.96849800077504">
    <ele>126.30000000000003</ele>
   </trkpt>
   <trkpt lat="34.106658014750536" lon="-117.9675440004921">
    <ele>127.0</ele>
   </trkpt>
   <trkpt lat="34.10667" lon="-117.96659000000001">
    <ele>127.97</ele>
   </trkpt>
   <trkpt lat="34.10670501051528" lon="-117.96566000108967">
    <ele>128.46</ele>
   </trkpt>
   <trkpt lat="34.106740014021995" lon="-117.96473000140972">
    <ele>129.32999999999998</ele>
   </trkpt>
   <trkpt lat="34.10677501052016" lon="-117.96380000096028">
    <ele>129.62</ele>
   </trkpt>
   <trkpt lat="34.10681" lon="-117.96287000000001">
    <ele>130.41</ele>
   </trkpt>
   <trkpt lat="34.10681877689221" lon="-117.96189625070988">
    <ele>130.88000000000002</ele>
   </trkpt>
   <trkpt lat="34.10682754610091" lon="-117.96092250121781">
    <ele>131.43</ele>
   </trkpt>
   <trkpt lat="34.106836307626125" lon="-117.95994875152395">
    <ele>131.99</ele>
   </trkpt>
   <trkpt lat="34.10684506146784" lon="-117.9589750016285">
    <ele>132.63</ele>
   </trkpt>
   <trkpt lat="34.10685380762607" lon="-117.95800125153164">
    <ele>133.07000000000002</ele>
   </trkpt>
   <trkpt lat="34.10686254610078" lon="-117.95702750123353">
    <ele>133.35000000000002</ele>
   </trkpt>
   <trkpt lat="34.10687127689199" lon="-117.95605375073437">
    <ele>133.94</ele>
   </trkpt>
   <trkpt lat="34.106880000000004" lon="-117.95508000000001">
    <ele>134.44</ele>
   </trkpt>
   <trkpt lat="34.10689501108505" lon="-117.95412500054825">
    <ele>135.16</ele>
   </trkpt>
   <trkpt lat="34.10691001477964" lon="-117.95317000075767">
    <ele>135.32000000000002</ele>
   </trkpt>
   <trkpt lat="34.106925011083796" lon="-117.95221500062844">
    <ele>136.17000000000002</ele>
   </trkpt>
   <trkpt lat="34.10694" lon="-117.95126">
    <ele>136.56</ele>
   </trkpt>
   <trkpt lat="34.106948357181906" lon="-117.9501750005492">
    <ele>137.26000000000002</ele>
   </trkpt>
   <trkpt lat="34.10695670482433" lon="-117.94909000088413">
    <ele>137.69</ele>
   </trkpt>
   <trkpt lat="34.1069650429273" lon="-117.94800500100509">
    <ele>138.24</ele>
   </trkpt>
   <trkpt lat="34.10697337149079" lon="-117.94692000091226">
    <ele>139.12</ele>
   </trkpt>
   <trkpt lat="34.10698169051481" lon="-117.94583500060597">
    <ele>139.8</ele>
   </trkpt>
   <trkpt lat="34.10699" lon="-117.94475000000001">
    <ele>140.5</ele>
   </trkpt>
   <trkpt lat="34.10700500331885" lon="-117.94384500013534">
    <ele>140.24</ele>
   </trkpt>
   <trkpt lat="34.107020000000006" lon="-117.94294000000001">
    <ele>140.66</ele>
   </trkpt>
   <trkpt lat="34.10700667094508" lon="-117.94221333307547">
    <ele>141.46</ele>
   </trkpt>
   <trkpt lat="34.10699333761121" lon="-117.94148666637994">
    <ele>141.77</ele>
   </trkpt>
   <trkpt lat="34.10698" lon="-117.94076000000001">
    <ele>142.19</ele>
   </trkpt>
   <trkpt lat="34.10697201407749" lon="-117.93982799964057">
    <ele>142.29</ele>
   </trkpt>
   <trkpt lat="34.10696402111619" lon="-117.93889599945717">
    <ele>142.54</ele>
   </trkpt>
   <trkpt lat="34.106956021116126" lon="-117.93796399944995">
    <ele>142.67000000000002</ele>
   </trkpt>
   <trkpt lat="34.1069480140773" lon="-117.93703199961904">
    <ele>142.9</ele>
   </trkpt>
   <trkpt lat="34.10694" lon="-117.93610000000001">
    <ele>143.13</ele>
   </trkpt>
   <trkpt lat="34.10694" lon="-117.93509000000002">
    <ele>143.24</ele>
   </trkpt>
   <trkpt lat="34.10692500365843" lon="-117.93413999994553">
    <ele>143.6</ele>
   </trkpt>
   <trkpt lat="34.106910000000006" lon="-117.93319000000001">
    <ele>143.88</ele>
   </trkpt>
   <trkpt lat="34.10691002643843" lon="-117.93214714285384">
    <ele>144.20000000000002</ele>
   </trkpt>
   <trkpt lat="34.10691004406404" lon="-117.93110428570711">
    <ele>144.58</ele>
   </trkpt>
   <trkpt lat="34.10691005287684" lon="-117.93006142856002">
    <ele>144.68</ele>
   </trkpt>
   <trkpt lat="34.10691005287684" lon="-117.92901857141287">
    <ele>144.82</ele>
   </trkpt>
   <trkpt lat="34.10691004406404" lon="-117.92797571426583">
    <ele>144.98000000000002</ele>
   </trkpt>
   <trkpt lat="34.10691002643842" lon="-117.92693285711907">
    <ele>145.45000000000002</ele>
   </trkpt>
   <trkpt lat="34.106910000000006" lon="-117.92589000000001">
    <ele>145.06000000000003</ele>
   </trkpt>
   <trkpt lat="34.10692574249113" lon="-117.92481285834386">
    <ele>145.06000000000003</ele>
   </trkpt>
   <trkpt lat="34.106941475580456" lon="-117.923735716287">
    <ele>145.44</ele>
   </trkpt>
   <trkpt lat="34.106957199267995" lon="-117.92265857382962">
    <ele>145.95000000000002</ele>
   </trkpt>
   <trkpt lat="34.10697291355374" lon="-117.92158143097198">
    <ele>146.26</ele>
   </trkpt>
   <trkpt lat="34.106988618437654" lon="-117.92050428771435">
    <ele>146.73</ele>
   </trkpt>
   <trkpt lat="34.107004313919745" lon="-117.91942714405691">
    <ele>147.83</ele>
   </trkpt>
   <trkpt lat="34.107020000000006" lon="-117.91835">
    <ele>148.50000000000003</ele>
   </trkpt>
   <trkpt lat="34.10705" lon="-117.91813">
    <ele>148.50000000000003</ele>
   </trkpt>
   <trkpt lat="34.10706000431718" lon="-117.91740000025277">
    <ele>148.74</ele>
   </trkpt>
   <trkpt lat="34.10707000431609" lon="-117.91667000033291">
    <ele>149.31000000000003</ele>
   </trkpt>
   <trkpt lat="34.10708" lon="-117.91594">
    <ele>149.57</ele>
   </trkpt>
   <trkpt lat="34.10703668836825" lon="-117.91490499735569">
    <ele>150.3</ele>
   </trkpt>
   <trkpt lat="34.106993368055925" lon="-117.91386999577122">
    <ele>151.28000000000003</ele>
   </trkpt>
   <trkpt lat="34.10695003906307" lon="-117.91283499524675">
    <ele>152.21</ele>
   </trkpt>
   <trkpt lat="34.1069067013897" lon="-117.91179999578254">
    <ele>153.38000000000002</ele>
   </trkpt>
   <trkpt lat="34.10686335503583" lon="-117.9107649973788">
    <ele>154.95</ele>
   </trkpt>
   <trkpt lat="34.106820000000006" lon="-117.90973000000001">
    <ele>156.69000000000003</ele>
   </trkpt>
   <trkpt lat="34.106770000000004" lon="-117.90966000000002">
    <ele>157.32000000000002</ele>
   </trkpt>
   <trkpt lat="34.10676" lon="-117.90896000000001">
    <ele>158.55</ele>
   </trkpt>
   <trkpt lat="34.10673000193416" lon="-117.90826999987411">
    <ele>158.87</ele>
   </trkpt>
   <trkpt lat="34.106700000000004" lon="-117.90758000000001">
    <ele>160.31</ele>
   </trkpt>
   <trkpt lat="34.10670104089477" lon="-117.90652100011344">
    <ele>161.28</ele>
   </trkpt>
   <trkpt lat="34.10670207270181" lon="-117.9054620002009">
    <ele>161.24</ele>
   </trkpt>
   <trkpt lat="34.10670309542112" lon="-117.90440300026266">
    <ele>161.76000000000002</ele>
   </trkpt>
   <trkpt lat="34.106704109052714" lon="-117.90334400029893">
    <ele>162.76000000000002</ele>
   </trkpt>
   <trkpt lat="34.10670511359657" lon="-117.90228500030993">
    <ele>165.20000000000002</ele>
   </trkpt>
   <trkpt lat="34.10670610905272" lon="-117.90122600029594">
    <ele>166.24</ele>
   </trkpt>
   <trkpt lat="34.10670709542113" lon="-117.90016700025707">
    <ele>167.66</ele>
   </trkpt>
   <trkpt lat="34.106708072701814" lon="-117.89910800019366">
    <ele>168.27</ele>
   </trkpt>
   <trkpt lat="34.106709040894785" lon="-117.89804900010593">
    <ele>169.24</ele>
   </trkpt>
   <trkpt lat="34.10671" lon="-117.89699000000002">
    <ele>170.46</ele>
   </trkpt>
   <trkpt lat="34.10671573675652" lon="-117.89602857181849">
    <ele>171.72</ele>
   </trkpt>
   <trkpt lat="34.106721466022776" lon="-117.8950671435067">
    <ele>172.82</ele>
   </trkpt>
   <trkpt lat="34.106727187798775" lon="-117.89410571506473">
    <ele>173.85</ele>
   </trkpt>
   <trkpt lat="34.10673290208449" lon="-117.89314428649283">
    <ele>175.36</ele>
   </trkpt>
   <trkpt lat="34.106738608879944" lon="-117.89218285779111">
    <ele>176.26000000000002</ele>
   </trkpt>
   <trkpt lat="34.10674430818511" lon="-117.89122142895982">
    <ele>177.85</ele>
   </trkpt>
   <trkpt lat="34.106750000000005" lon="-117.89026000000001">
    <ele>178.63</ele>
   </trkpt>
   <trkpt lat="34.106740007677196" lon="-117.88928666646405">
    <ele>179.82</ele>
   </trkpt>
   <trkpt lat="34.10673000767748" lon="-117.88831333315808">
    <ele>181.1</ele>
   </trkpt>
   <trkpt lat="34.10672" lon="-117.88734000000001">
    <ele>182.6</ele>
   </trkpt>
   <trkpt lat="34.10676" lon="-117.88727000000002">
    <ele>182.8</ele>
   </trkpt>
   <trkpt lat="34.10676" lon="-117.88718000000001">
    <ele>182.8</ele>
   </trkpt>
   <trkpt lat="34.106745011378095" lon="-117.88621249950684">
    <ele>183.73</ele>
   </trkpt>
   <trkpt lat="34.10673001517101" lon="-117.88524499935654">
    <ele>184.85000000000002</ele>
   </trkpt>
   <trkpt lat="34.106715011378746" lon="-117.88427749954933">
    <ele>185.78000000000003</ele>
   </trkpt>
   <trkpt lat="34.106700000000004" lon="-117.88331000000001">
    <ele>187.08</ele>
   </trkpt>
   <trkpt lat="34.10665" lon="-117.88320000000002">
    <ele>187.32000000000002</ele>
   </trkpt>
   <trkpt lat="34.10665000133959" lon="-117.8826249999833">
    <ele>188.06</ele>
   </trkpt>
   <trkpt lat="34.10665" lon="-117.88205">
    <ele>188.81</ele>
   </trkpt>
   <trkpt lat="34.1066" lon="-117.8815">
    <ele>189.44000000000003</ele>
   </trkpt>
   <trkpt lat="34.10654" lon="-117.88116000000001">
    <ele>190.14</ele>
   </trkpt>
   <trkpt lat="34.10643" lon="-117.88080000000001">
    <ele>190.70000000000002</ele>
   </trkpt>
   <trkpt lat="34.106460000000006" lon="-117.8807">
    <ele>190.70000000000002</ele>
   </trkpt>
   <trkpt lat="34.10616000783181" lon="-117.8797166596814">
    <ele>192.42000000000002</ele>
   </trkpt>
   <trkpt lat="34.10586000782817" lon="-117.87873332633629">
    <ele>193.38000000000002</ele>
   </trkpt>
   <trkpt lat="34.105560000000004" lon="-117.87775">
    <ele>194.42000000000002</ele>
   </trkpt>
   <trkpt lat="34.10551" lon="-117.8773">
    <ele>194.42000000000002</ele>
   </trkpt>
   <trkpt lat="34.10549" lon="-117.87676">
    <ele>195.73000000000002</ele>
   </trkpt>
   <trkpt lat="34.105520000000006" lon="-117.87649">
    <ele>196.08</ele>
   </trkpt>
   <trkpt lat="34.10567500252308" lon="-117.8757000014755">
    <ele>197.22</ele>
   </trkpt>
   <trkpt lat="34.105830000000005" lon="-117.87491000000001">
    <ele>199.45000000000002</ele>
   </trkpt>
   <trkpt lat="34.105990000000006" lon="-117.87394">
    <ele>201.51000000000002</ele>
   </trkpt>
   <trkpt lat="34.106030000000004" lon="-117.87377000000001">
    <ele>201.52</ele>
   </trkpt>
   <trkpt lat="34.106120000000004" lon="-117.87354">
    <ele>201.51000000000002</ele>
   </trkpt>
   <trkpt lat="34.106230000000004" lon="-117.87256000000001">
    <ele>201.8</ele>
   </trkpt>
   <trkpt lat="34.10632000315566" lon="-117.87168000075951">
    <ele>202.99</ele>
   </trkpt>
   <trkpt lat="34.106410000000004" lon="-117.8708">
    <ele>203.93000000000004</ele>
   </trkpt>
   <trkpt lat="34.10649000446071" lon="-117.8697500010747">
    <ele>205.75</ele>
   </trkpt>
   <trkpt lat="34.106570000000005" lon="-117.8687">
    <ele>207.28000000000003</ele>
   </trkpt>
   <trkpt lat="34.106620004806054" lon="-117.8679300008856">
    <ele>208.29000000000002</ele>
   </trkpt>
   <trkpt lat="34.106670004807654" lon="-117.86716000086103">
    <ele>209.36</ele>
   </trkpt>
   <trkpt lat="34.10672" lon="-117.86639000000001">
    <ele>210.63</ele>
   </trkpt>
   <trkpt lat="34.10672288138346" lon="-117.86539142876478">
    <ele>212.97000000000003</ele>
   </trkpt>
   <trkpt lat="34.106725754686735" lon="-117.86439285746162">
    <ele>214.00000000000003</ele>
   </trkpt>
   <trkpt lat="34.10672861990981" lon="-117.86339428609072">
    <ele>215.35000000000002</ele>
   </trkpt>
   <trkpt lat="34.10673147705269" lon="-117.86239571465228">
    <ele>216.78000000000003</ele>
   </trkpt>
   <trkpt lat="34.10673432611539" lon="-117.86139714314652">
    <ele>217.85000000000002</ele>
   </trkpt>
   <trkpt lat="34.10673716709788" lon="-117.86039857157355">
    <ele>219.02</ele>
   </trkpt>
   <trkpt lat="34.10674" lon="-117.85940000000001">
    <ele>220.21</ele>
   </trkpt>
   <trkpt lat="34.10673822480229" lon="-117.85836999978176">
    <ele>221.3</ele>
   </trkpt>
   <trkpt lat="34.10673644100777" lon="-117.85733999960686">
    <ele>223.17000000000002</ele>
   </trkpt>
   <trkpt lat="34.10673464861642" lon="-117.8563099994755">
    <ele>224.24</ele>
   </trkpt>
   <trkpt lat="34.106732847628244" lon="-117.85527999938788">
    <ele>225.93</ele>
   </trkpt>
   <trkpt lat="34.10673103804325" lon="-117.85424999934422">
    <ele>227.10000000000002</ele>
   </trkpt>
   <trkpt lat="34.10672921986143" lon="-117.85321999934474">
    <ele>228.22</ele>
   </trkpt>
   <trkpt lat="34.106727393082785" lon="-117.85218999938962">
    <ele>229.9</ele>
   </trkpt>
   <trkpt lat="34.10672555770732" lon="-117.85115999947908">
    <ele>231.28</ele>
   </trkpt>
   <trkpt lat="34.10672371373505" lon="-117.85012999961332">
    <ele>232.46000000000004</ele>
   </trkpt>
   <trkpt lat="34.10672186116595" lon="-117.84909999979261">
    <ele>234.21000000000004</ele>
   </trkpt>
   <trkpt lat="34.10672" lon="-117.84807">
    <ele>235.34</ele>
   </trkpt>
   <trkpt lat="34.10672335710871" lon="-117.84698666688755">
    <ele>237.04000000000002</ele>
   </trkpt>
   <trkpt lat="34.10672670470724" lon="-117.84590333368928">
    <ele>238.27</ele>
   </trkpt>
   <trkpt lat="34.10673004279564" lon="-117.84482000040539">
    <ele>239.47</ele>
   </trkpt>
   <trkpt lat="34.10673337137388" lon="-117.84373666703608">
    <ele>241.51000000000002</ele>
   </trkpt>
   <trkpt lat="34.10673669044195" lon="-117.84265333358172">
    <ele>243.16</ele>
   </trkpt>
   <trkpt lat="34.10674" lon="-117.84157">
    <ele>244.57</ele>
   </trkpt>
   <trkpt lat="34.1067450013622" lon="-117.84099000012452">
    <ele>245.09000000000003</ele>
   </trkpt>
   <trkpt lat="34.106750000000005" lon="-117.84041">
    <ele>245.78000000000003</ele>
   </trkpt>
   <trkpt lat="34.10674334019223" lon="-117.83948999988905">
    <ele>247.39000000000001</ele>
   </trkpt>
   <trkpt lat="34.106736673525816" lon="-117.83856999992302">
    <ele>248.55</ele>
   </trkpt>
   <trkpt lat="34.106730000000006" lon="-117.83765000000001">
    <ele>249.75000000000003</ele>
   </trkpt>
   <trkpt lat="34.10673002744739" lon="-117.83666625000572">
    <ele>252.72</ele>
   </trkpt>
   <trkpt lat="34.10673004705267" lon="-117.83568250001088">
    <ele>254.95000000000002</ele>
   </trkpt>
   <trkpt lat="34.10673005881583" lon="-117.83469875001566">
    <ele>257.09000000000003</ele>
   </trkpt>
   <trkpt lat="34.10673006273688" lon="-117.83371500002029">
    <ele>258.8</ele>
   </trkpt>
   <trkpt lat="34.10673005881584" lon="-117.83273125002489">
    <ele>261.93</ele>
   </trkpt>
   <trkpt lat="34.10673004705267" lon="-117.83174750002966">
    <ele>263.05</ele>
   </trkpt>
   <trkpt lat="34.10673002744739" lon="-117.83076375003483">
    <ele>263.08000000000004</ele>
   </trkpt>
   <trkpt lat="34.106730000000006" lon="-117.82978000000001">
    <ele>261.32</ele>
   </trkpt>
   <trkpt lat="34.10672" lon="-117.82885">
    <ele>260.02000000000004</ele>
   </trkpt>
   <trkpt lat="34.10672201883347" lon="-117.8277720001145">
    <ele>260.90000000000003</ele>
   </trkpt>
   <trkpt lat="34.106724028250206" lon="-117.82669400017768">
    <ele>264.39</ele>
   </trkpt>
   <trkpt lat="34.10672602825018" lon="-117.82561600018975">
    <ele>268.41</ele>
   </trkpt>
   <trkpt lat="34.10672801883341" lon="-117.82453800015102">
    <ele>270.54</ele>
   </trkpt>
   <trkpt lat="34.106730000000006" lon="-117.82346000000001">
    <ele>272.51000000000005</ele>
   </trkpt>
   <trkpt lat="34.10672500158344" lon="-117.82283500005663">
    <ele>273.33</ele>
   </trkpt>
   <trkpt lat="34.10672" lon="-117.82221000000001">
    <ele>274.40000000000003</ele>
   </trkpt>
   <trkpt lat="34.10672" lon="-117.82165">
    <ele>274.72</ele>
   </trkpt>
   <trkpt lat="34.106680000000004" lon="-117.82082000000001">
    <ele>275.38</ele>
   </trkpt>
   <trkpt lat="34.10651" lon="-117.82021">
    <ele>275.82</ele>
   </trkpt>
   <trkpt lat="34.106370000000005" lon="-117.81986">
    <ele>276.21</ele>
   </trkpt>
   <trkpt lat="34.106190000000005" lon="-117.81952000000001">
    <ele>277.73</ele>
   </trkpt>
   <trkpt lat="34.106120000000004" lon="-117.81942000000001">
    <ele>277.73</ele>
   </trkpt>
   <trkpt lat="34.10631" lon="-117.81923">
    <ele>278.64</ele>
   </trkpt>
   <trkpt lat="34.106480000000005" lon="-117.81894000000001">
    <ele>278.98</ele>
   </trkpt>
   <trkpt lat="34.106590000000004" lon="-117.81865">
    <ele>279.32</ele>
   </trkpt>
   <trkpt lat="34.10662" lon="-117.81834">
    <ele>280.05</ele>
   </trkpt>
   <trkpt lat="34.106680000000004" lon="-117.81823000000001">
    <ele>280.05</ele>
   </trkpt>
   <trkpt lat="34.10666500373347" lon="-117.81726999979458">
    <ele>281.11</ele>
   </trkpt>
   <trkpt lat="34.10665" lon="-117.81631000000002">
    <ele>282.12</ele>
   </trkpt>
   <trkpt lat="34.10665667289413" lon="-117.81543333351006">
    <ele>283.25</ele>
   </trkpt>
   <trkpt lat="34.10666333956051" lon="-117.81455666688183">
    <ele>283.73</ele>
   </trkpt>
   <trkpt lat="34.10667" lon="-117.81368">
    <ele>285.34000000000003</ele>
   </trkpt>
   <trkpt lat="34.10662" lon="-117.81359">
    <ele>285.34000000000003</ele>
   </trkpt>
   <trkpt lat="34.10661" lon="-117.81305">
    <ele>287.15000000000003</ele>
   </trkpt>
   <trkpt lat="34.10658" lon="-117.81275000000001">
    <ele>287.43</ele>
   </trkpt>
   <trkpt lat="34.10645" lon="-117.81229">
    <ele>287.85</ele>
   </trkpt>
   <trkpt lat="34.10643" lon="-117.81189">
    <ele>288.01000000000005</ele>
   </trkpt>
   <trkpt lat="34.106500000000004" lon="-117.81147000000001">
    <ele>288.3</ele>
   </trkpt>
   <trkpt lat="34.10658" lon="-117.81113">
    <ele>288.49</ele>
   </trkpt>
   <trkpt lat="34.10661" lon="-117.81086">
    <ele>288.84000000000003</ele>
   </trkpt>
   <trkpt lat="34.10662" lon="-117.81027">
    <ele>289.22</ele>
   </trkpt>
   <trkpt lat="34.106660000000005" lon="-117.80993000000001">
    <ele>289.76</ele>
   </trkpt>
   <trkpt lat="34.10666002543399" lon="-117.8089071428584">
    <ele>291.27000000000004</ele>
   </trkpt>
   <trkpt lat="34.10666004238997" lon="-117.80788428571626">
    <ele>292.6</ele>
   </trkpt>
   <trkpt lat="34.10666005086796" lon="-117.80686142857382">
    <ele>293.94000000000005</ele>
   </trkpt>
   <trkpt lat="34.10666005086796" lon="-117.80583857143125">
    <ele>295.09000000000003</ele>
   </trkpt>
   <trkpt lat="34.10666004238997" lon="-117.80481571428882">
    <ele>296.78000000000003</ele>
   </trkpt>
   <trkpt lat="34.10666002543399" lon="-117.8037928571467">
    <ele>297.75</ele>
   </trkpt>
   <trkpt lat="34.106660000000005" lon="-117.80277000000001">
    <ele>298.52</ele>
   </trkpt>
   <trkpt lat="34.106700000000004" lon="-117.80254000000001">
    <ele>299.07</ele>
   </trkpt>
   <trkpt lat="34.106710001983785" lon="-117.80184000019">
    <ele>301.07</ele>
   </trkpt>
   <trkpt lat="34.10672" lon="-117.80114">
    <ele>303.78000000000003</ele>
   </trkpt>
   <trkpt lat="34.10667" lon="-117.80093000000001">
    <ele>303.78000000000003</ele>
   </trkpt>
   <trkpt lat="34.10667" lon="-117.80068000000001">
    <ele>305.02</ele>
   </trkpt>
   <trkpt lat="34.106670017935954" lon="-117.79962799998248">
    <ele>308.17</ele>
   </trkpt>
   <trkpt lat="34.106670026903934" lon="-117.7985759999646">
    <ele>309.86</ele>
   </trkpt>
   <trkpt lat="34.10667002690393" lon="-117.79752399994662">
    <ele>310.39</ele>
   </trkpt>
   <trkpt lat="34.10667001793595" lon="-117.79647199992876">
    <ele>310.11000000000007</ele>
   </trkpt>
   <trkpt lat="34.10667" lon="-117.79542000000001">
    <ele>310.28</ele>
   </trkpt>
   <trkpt lat="34.1066" lon="-117.79519">
    <ele>310.42</ele>
   </trkpt>
   <trkpt lat="34.10660500143505" lon="-117.79459499995585">
    <ele>310.87</ele>
   </trkpt>
   <trkpt lat="34.10661" lon="-117.79400000000001">
    <ele>312.95</ele>
   </trkpt>
   <trkpt lat="34.106660000000005" lon="-117.79388000000002">
    <ele>313.14000000000004</ele>
   </trkpt>
   <trkpt lat="34.10665601249356" lon="-117.79300199985802">
    <ele>314.92</ele>
   </trkpt>
   <trkpt lat="34.10665201874039" lon="-117.79212399979889">
    <ele>316.12</ele>
   </trkpt>
   <trkpt lat="34.106648018740486" lon="-117.79124599982266">
    <ele>318.15999999999997</ele>
   </trkpt>
   <trkpt lat="34.10664401249388" lon="-117.79036799992957">
    <ele>319.78000000000003</ele>
   </trkpt>
   <trkpt lat="34.106640000000006" lon="-117.78949000000001">
    <ele>320.57</ele>
   </trkpt>
   <trkpt lat="34.106590000000004" lon="-117.78911000000001">
    <ele>320.47</ele>
   </trkpt>
   <trkpt lat="34.106390000000005" lon="-117.7883">
    <ele>319.31000000000006</ele>
   </trkpt>
   <trkpt lat="34.106136673866075" lon="-117.78735666097468">
    <ele>317.24</ele>
   </trkpt>
   <trkpt lat="34.105883340521196" lon="-117.78641332759851">
    <ele>316.02000000000004</ele>
   </trkpt>
   <trkpt lat="34.105630000000005" lon="-117.78547">
    <ele>315.90000000000003</ele>
   </trkpt>
   <trkpt lat="34.10542" lon="-117.78488000000002">
    <ele>316.04</ele>
   </trkpt>
   <trkpt lat="34.10535" lon="-117.78462">
    <ele>316.21000000000004</ele>
   </trkpt>
   <trkpt lat="34.105096402404456" lon="-117.78364178886336">
    <ele>316.65000000000003</ele>
   </trkpt>
   <trkpt lat="34.10484279705509" lon="-117.78266358359075">
    <ele>317.12</ele>
   </trkpt>
   <trkpt lat="34.10458918395201" lon="-117.78168538418223">
    <ele>317.78</ele>
   </trkpt>
   <trkpt lat="34.10433556309535" lon="-117.7807071906379">
    <ele>318.21999999999997</ele>
   </trkpt>
   <trkpt lat="34.104081934485215" lon="-117.77972900295784">
    <ele>318.77000000000004</ele>
   </trkpt>
   <trkpt lat="34.103828298121734" lon="-117.77875082114214">
    <ele>319.13</ele>
   </trkpt>
   <trkpt lat="34.103574654005044" lon="-117.77777264519091">
    <ele>319.34000000000003</ele>
   </trkpt>
   <trkpt lat="34.10332100213523" lon="-117.77679447510424">
    <ele>319.61</ele>
   </trkpt>
   <trkpt lat="34.10306734251244" lon="-117.77581631088218">
    <ele>319.75</ele>
   </trkpt>
   <trkpt lat="34.10281367513679" lon="-117.77483815252482">
    <ele>320.04</ele>
   </trkpt>
   <trkpt lat="34.102560000000004" lon="-117.77386000000001">
    <ele>320.54</ele>
   </trkpt>
   <trkpt lat="34.10230334075071" lon="-117.77290332753566">
    <ele>321.06</ele>
   </trkpt>
   <trkpt lat="34.102046674085585" lon="-117.77194666087483">
    <ele>321.45</ele>
   </trkpt>
   <trkpt lat="34.10179" lon="-117.77099000000001">
    <ele>322.25000000000006</ele>
   </trkpt>
   <trkpt lat="34.10165000134363" lon="-117.77040999896064">
    <ele>322.61</ele>
   </trkpt>
   <trkpt lat="34.101510000000005" lon="-117.76983000000001">
    <ele>322.76000000000005</ele>
   </trkpt>
   <trkpt lat="34.101265010117125" lon="-117.76891749206305">
    <ele>323.49</ele>
   </trkpt>
   <trkpt lat="34.10102001348741" lon="-117.7680049894098">
    <ele>324.0</ele>
   </trkpt>
   <trkpt lat="34.10077501011095" lon="-117.7670924920403">
    <ele>324.85</ele>
   </trkpt>
   <trkpt lat="34.100530000000006" lon="-117.76618">
    <ele>325.14000000000004</ele>
   </trkpt>
   <trkpt lat="34.100300017017126" lon="-117.76526332086068">
    <ele>325.28000000000003</ele>
   </trkpt>
   <trkpt lat="34.100070027225655" lon="-117.76434664670393">
    <ele>325.78000000000003</ele>
   </trkpt>
   <trkpt lat="34.099840030625714" lon="-117.76342997752978">
    <ele>325.48</ele>
   </trkpt>
   <trkpt lat="34.099610027217366" lon="-117.76251331333836">
    <ele>326.04</ele>
   </trkpt>
   <trkpt lat="34.09938001700073" lon="-117.76159665412972">
    <ele>326.55</ele>
   </trkpt>
   <trkpt lat="34.09915" lon="-117.76068000000001">
    <ele>326.98</ele>
   </trkpt>
   <trkpt lat="34.09887334132677" lon="-117.7596866601672">
    <ele>327.38</ele>
   </trkpt>
   <trkpt lat="34.09859667465873" lon="-117.75869332682909">
    <ele>328.02000000000004</ele>
   </trkpt>
   <trkpt lat="34.09832" lon="-117.75770000000001">
    <ele>328.52000000000004</ele>
   </trkpt>
   <trkpt lat="34.09814" lon="-117.75692000000001">
    <ele>328.70000000000005</ele>
   </trkpt>
   <trkpt lat="34.0978857370204" lon="-117.75595283970326">
    <ele>328.73</ele>
   </trkpt>
   <trkpt lat="34.09763146646195" lon="-117.75498568521789">
    <ele>329.02000000000004</ele>
   </trkpt>
   <trkpt lat="34.097377188324735" lon="-117.75401853654401">
    <ele>329.20000000000005</ele>
   </trkpt>
   <trkpt lat="34.0971229026089" lon="-117.75305139368169">
    <ele>329.56</ele>
   </trkpt>
   <trkpt lat="34.096868609314555" lon="-117.75208425663105">
    <ele>329.91</ele>
   </trkpt>
   <trkpt lat="34.096614308441815" lon="-117.75111712539211">
    <ele>330.62</ele>
   </trkpt>
   <trkpt lat="34.096360000000004" lon="-117.75015">
    <ele>331.53000000000003</ele>
   </trkpt>
   <trkpt lat="34.09628" lon="-117.74979">
    <ele>331.72</ele>
   </trkpt>
   <trkpt lat="34.09624" lon="-117.74926">
    <ele>331.87000000000006</ele>
   </trkpt>
   <trkpt lat="34.096230000000006" lon="-117.74853000000002">
    <ele>332.46000000000004</ele>
   </trkpt>
   <trkpt lat="34.09622716758203" lon="-117.74752142836479">
    <ele>333.12</ele>
   </trkpt>
   <trkpt lat="34.09622432692242" lon="-117.74651285679717">
    <ele>333.57000000000005</ele>
   </trkpt>
   <trkpt lat="34.09622147802119" lon="-117.74550428529736">
    <ele>333.92</ele>
   </trkpt>
   <trkpt lat="34.09621862087831" lon="-117.74449571386552">
    <ele>334.4800000000001</ele>
   </trkpt>
   <trkpt lat="34.09621575549382" lon="-117.74348714250188">
    <ele>335.74</ele>
   </trkpt>
   <trkpt lat="34.096212881867686" lon="-117.74247857120665">
    <ele>336.71</ele>
   </trkpt>
   <trkpt lat="34.09621" lon="-117.74147">
    <ele>337.46000000000004</ele>
   </trkpt>
   <trkpt lat="34.09626" lon="-117.74072000000001">
    <ele>338.22</ele>
   </trkpt>
   <trkpt lat="34.09626000921844" lon="-117.73965333335265">
    <ele>339.48</ele>
   </trkpt>
   <trkpt lat="34.09626000921845" lon="-117.73858666670515">
    <ele>341.01000000000005</ele>
   </trkpt>
   <trkpt lat="34.09626" lon="-117.73752">
    <ele>341.83000000000004</ele>
   </trkpt>
   <trkpt lat="34.096250000000005" lon="-117.73718000000001">
    <ele>341.83000000000004</ele>
   </trkpt>
   <trkpt lat="34.09619" lon="-117.73687000000001">
    <ele>342.18</ele>
   </trkpt>
   <trkpt lat="34.096120000000006" lon="-117.73662000000002">
    <ele>342.62</ele>
   </trkpt>
   <trkpt lat="34.09611" lon="-117.73610000000001">
    <ele>343.45000000000005</ele>
   </trkpt>
   <trkpt lat="34.09614131675536" lon="-117.73505188080843">
    <ele>344.22</ele>
   </trkpt>
   <trkpt lat="34.096172624610084" lon="-117.73400376084133">
    <ele>345.49</ele>
   </trkpt>
   <trkpt lat="34.096203923564154" lon="-117.73295564009894">
    <ele>346.54</ele>
   </trkpt>
   <trkpt lat="34.09623521361756" lon="-117.73190751858147">
    <ele>347.90000000000003</ele>
   </trkpt>
   <trkpt lat="34.09626649477028" lon="-117.73085939628913">
    <ele>349.19000000000005</ele>
   </trkpt>
   <trkpt lat="34.0962977670223" lon="-117.72981127322215">
    <ele>349.83000000000004</ele>
   </trkpt>
   <trkpt lat="34.096329030373596" lon="-117.72876314938075">
    <ele>350.67</ele>
   </trkpt>
   <trkpt lat="34.09636028482416" lon="-117.72771502476517">
    <ele>351.15000000000003</ele>
   </trkpt>
   <trkpt lat="34.09639153037397" lon="-117.72666689937559">
    <ele>351.45000000000005</ele>
   </trkpt>
   <trkpt lat="34.096422767023014" lon="-117.72561877321225">
    <ele>352.15000000000003</ele>
   </trkpt>
   <trkpt lat="34.096453994771274" lon="-117.72457064627534">
    <ele>352.87</ele>
   </trkpt>
   <trkpt lat="34.09648521361872" lon="-117.7235225185651">
    <ele>353.79</ele>
   </trkpt>
   <trkpt lat="34.09651642356534" lon="-117.72247439008177">
    <ele>355.25</ele>
   </trkpt>
   <trkpt lat="34.09654762461114" lon="-117.72142626082555">
    <ele>356.69</ele>
   </trkpt>
   <trkpt lat="34.09657881675607" lon="-117.72037813079665">
    <ele>357.13</ele>
   </trkpt>
   <trkpt lat="34.096610000000005" lon="-117.71933000000001">
    <ele>357.52</ele>
   </trkpt>
   <trkpt lat="34.09661601318385" lon="-117.71842800027039">
    <ele>358.41</ele>
   </trkpt>
   <trkpt lat="34.096622019775715" lon="-117.7175260004127">
    <ele>358.98</ele>
   </trkpt>
   <trkpt lat="34.09662801977563" lon="-117.71662400042705">
    <ele>360.78000000000003</ele>
   </trkpt>
   <trkpt lat="34.09663401318357" lon="-117.71572200031359">
    <ele>363.52</ele>
   </trkpt>
   <trkpt lat="34.09664" lon="-117.71482">
    <ele>365.43</ele>
   </trkpt>
   <trkpt lat="34.096720000000005" lon="-117.71480000000001">
    <ele>365.66</ele>
   </trkpt>
   <trkpt lat="34.09705" lon="-117.71480000000001">
    <ele>365.72</ele>
   </trkpt>
   <trkpt lat="34.09705" lon="-117.71469">
    <ele>366.08</ele>
   </trkpt>
   <trkpt lat="34.09709" lon="-117.71456">
    <ele>366.08</ele>
   </trkpt>
   <trkpt lat="34.09705" lon="-117.71452000000001">
    <ele>366.08</ele>
   </trkpt>
   <trkpt lat="34.09705" lon="-117.71440000000001">
    <ele>366.05</ele>
   </trkpt>
   <trkpt lat="34.097260000000006" lon="-117.71417000000001">
    <ele>366.01000000000005</ele>
   </trkpt>
   <trkpt lat="34.09727" lon="-117.71411">
    <ele>366.01000000000005</ele>
   </trkpt>
   <trkpt lat="34.09733" lon="-117.71403000000001">
    <ele>366.15000000000003</ele>
   </trkpt>
   <trkpt lat="34.09738" lon="-117.71402">
    <ele>366.15000000000003</ele>
   </trkpt>
   <trkpt lat="34.09763" lon="-117.71400000000001">
    <ele>365.16</ele>
   </trkpt>
   <trkpt lat="34.09763000613263" lon="-117.71313000002877">
    <ele>364.46</ele>
   </trkpt>
   <trkpt lat="34.09763000613263" lon="-117.71226000005747">
    <ele>364.15000000000003</ele>
   </trkpt>
   <trkpt lat="34.09763" lon="-117.71139000000001">
    <ele>366.89000000000004</ele>
   </trkpt>
   <trkpt lat="34.097590000000004" lon="-117.7112">
    <ele>367.92</ele>
   </trkpt>
   <trkpt lat="34.09761" lon="-117.71116">
    <ele>367.92</ele>
   </trkpt>
   <trkpt lat="34.097620000000006" lon="-117.71108000000001">
    <ele>367.92</ele>
   </trkpt>
   <trkpt lat="34.097620000000006" lon="-117.71044">
    <ele>369.35</ele>
   </trkpt>
   <trkpt lat="34.09763" lon="-117.71036000000001">
    <ele>369.50000000000006</ele>
   </trkpt>
   <trkpt lat="34.097660000000005" lon="-117.7103">
    <ele>369.50000000000006</ele>
   </trkpt>
   <trkpt lat="34.09828" lon="-117.70965000000001">
    <ele>372.29</ele>
   </trkpt>
   <trkpt lat="34.098380000000006" lon="-117.70959">
    <ele>372.29</ele>
   </trkpt>
   <trkpt lat="34.09854" lon="-117.70954">
    <ele>372.51</ele>
   </trkpt>
   <trkpt lat="34.0987" lon="-117.70933000000001">
    <ele>372.85</ele>
   </trkpt>
   <trkpt lat="34.098800000000004" lon="-117.70924000000001">
    <ele>372.85</ele>
   </trkpt>
   <trkpt lat="34.09886" lon="-117.70923">
    <ele>372.85</ele>
   </trkpt>
   <trkpt lat="34.099650000000004" lon="-117.70925000000001">
    <ele>373.86</ele>
   </trkpt>
   <trkpt lat="34.09963168899944" lon="-117.70819999887303">
    <ele>374.58000000000004</ele>
   </trkpt>
   <trkpt lat="34.09961336906582" lon="-117.70714999820053">
    <ele>375.15000000000003</ele>
   </trkpt>
   <trkpt lat="34.099595040199155" lon="-117.70609999798275">
    <ele>375.78000000000003</ele>
   </trkpt>
   <trkpt lat="34.099576702399474" lon="-117.7050499982199">
    <ele>376.52000000000004</ele>
   </trkpt>
   <trkpt lat="34.099558355666765" lon="-117.70399999891222">
    <ele>377.59000000000003</ele>
   </trkpt>
   <trkpt lat="34.099540000000005" lon="-117.70295000000002">
    <ele>378.18</ele>
   </trkpt>
   <trkpt lat="34.09957" lon="-117.70278">
    <ele>378.18</ele>
   </trkpt>
   <trkpt lat="34.099560000000004" lon="-117.70208000000001">
    <ele>378.56</ele>
   </trkpt>
   <trkpt lat="34.09958" lon="-117.70167000000001">
    <ele>378.87</ele>
   </trkpt>
   <trkpt lat="34.099580009450776" lon="-117.7005900000125">
    <ele>380.26000000000005</ele>
   </trkpt>
   <trkpt lat="34.09958000945079" lon="-117.69951000002486">
    <ele>381.25</ele>
   </trkpt>
   <trkpt lat="34.09958" lon="-117.69843000000002">
    <ele>382.01</ele>
   </trkpt>
   <trkpt lat="34.099520000000005" lon="-117.69822">
    <ele>382.3</ele>
   </trkpt>
   <trkpt lat="34.09951" lon="-117.69751000000001">
    <ele>382.94000000000005</ele>
   </trkpt>
   <trkpt lat="34.099516676176094" lon="-117.6964266668004">
    <ele>382.82000000000005</ele>
   </trkpt>
   <trkpt lat="34.09952334284299" lon="-117.69534333343002">
    <ele>382.92</ele>
   </trkpt>
   <trkpt lat="34.09953" lon="-117.69426000000001">
    <ele>383.36</ele>
   </trkpt>
   <trkpt lat="34.09955" lon="-117.69346000000002">
    <ele>383.70000000000005</ele>
   </trkpt>
   <trkpt lat="34.099540000000005" lon="-117.69283000000001">
    <ele>384.06</ele>
   </trkpt>
   <trkpt lat="34.0995550013929" lon="-117.69224499985187">
    <ele>384.41</ele>
   </trkpt>
   <trkpt lat="34.09957" lon="-117.69166000000001">
    <ele>384.47</ele>
   </trkpt>
   <trkpt lat="34.099576038083256" lon="-117.69063800065643">
    <ele>384.71000000000004</ele>
   </trkpt>
   <trkpt lat="34.09958206770359" lon="-117.68961600116711">
    <ele>385.09000000000003</ele>
   </trkpt>
   <trkpt lat="34.09958808886094" lon="-117.68859400153224">
    <ele>386.04</ele>
   </trkpt>
   <trkpt lat="34.09959410155537" lon="-117.68757200175206">
    <ele>386.36</ele>
   </trkpt>
   <trkpt lat="34.09960010578684" lon="-117.68655000182673">
    <ele>386.79</ele>
   </trkpt>
   <trkpt lat="34.09960610155535" lon="-117.68552800175652">
    <ele>387.15000000000003</ele>
   </trkpt>
   <trkpt lat="34.09961208886092" lon="-117.68450600154156">
    <ele>387.74</ele>
   </trkpt>
   <trkpt lat="34.099618067703524" lon="-117.68348400118212">
    <ele>387.75000000000006</ele>
   </trkpt>
   <trkpt lat="34.09962403808315" lon="-117.68246200067838">
    <ele>387.74</ele>
   </trkpt>
   <trkpt lat="34.099630000000005" lon="-117.68144000000001">
    <ele>387.74</ele>
   </trkpt>
   <trkpt lat="34.099632771014605" lon="-117.6804009094283">
    <ele>387.84000000000003</ele>
   </trkpt>
   <trkpt lat="34.099635533280846" lon="-117.67936181878869">
    <ele>388.07</ele>
   </trkpt>
   <trkpt lat="34.09963828679871" lon="-117.67832272808131">
    <ele>388.27</ele>
   </trkpt>
   <trkpt lat="34.0996410315682" lon="-117.67728363730646">
    <ele>388.34000000000003</ele>
   </trkpt>
   <trkpt lat="34.099643767589306" lon="-117.6762445464643">
    <ele>388.35</ele>
   </trkpt>
   <trkpt lat="34.099646494862036" lon="-117.67520545555506">
    <ele>388.56</ele>
   </trkpt>
   <trkpt lat="34.099649213386385" lon="-117.67416636457894">
    <ele>388.43000000000006</ele>
   </trkpt>
   <trkpt lat="34.09965192316236" lon="-117.67312727353618">
    <ele>387.90000000000003</ele>
   </trkpt>
   <trkpt lat="34.09965462418995" lon="-117.67208818242696">
    <ele>387.67</ele>
   </trkpt>
   <trkpt lat="34.099657316469155" lon="-117.67104909125155">
    <ele>387.61</ele>
   </trkpt>
   <trkpt lat="34.09966" lon="-117.67001">
    <ele>387.63</ele>
   </trkpt>
   <trkpt lat="34.09966603951254" lon="-117.66896900065949">
    <ele>387.41</ele>
   </trkpt>
   <trkpt lat="34.09967207024453" lon="-117.66792800117051">
    <ele>387.3</ele>
   </trkpt>
   <trkpt lat="34.09967809219597" lon="-117.66688700153325">
    <ele>387.15000000000003</ele>
   </trkpt>
   <trkpt lat="34.09968410536685" lon="-117.66584600174795">
    <ele>386.81000000000006</ele>
   </trkpt>
   <trkpt lat="34.09969010975718" lon="-117.66480500181483">
    <ele>386.62</ele>
   </trkpt>
   <trkpt lat="34.09969610536694" lon="-117.6637640017341">
    <ele>386.55</ele>
   </trkpt>
   <trkpt lat="34.09970209219615" lon="-117.66272300150594">
    <ele>386.0</ele>
   </trkpt>
   <trkpt lat="34.09970807024479" lon="-117.66168200113064">
    <ele>386.34000000000003</ele>
   </trkpt>
   <trkpt lat="34.09971403951284" lon="-117.66064100060835">
    <ele>386.55</ele>
   </trkpt>
   <trkpt lat="34.099720000000005" lon="-117.65960000000001">
    <ele>386.43000000000006</ele>
   </trkpt>
   <trkpt lat="34.09972288572071" lon="-117.65851571450672">
    <ele>386.34000000000003</ele>
   </trkpt>
   <trkpt lat="34.09972576191549" lon="-117.65743142893959">
    <ele>385.99000000000007</ele>
   </trkpt>
   <trkpt lat="34.099728628584295" lon="-117.65634714329886">
    <ele>385.6</ele>
   </trkpt>
   <trkpt lat="34.09973148572715" lon="-117.65526285758483">
    <ele>385.31000000000006</ele>
   </trkpt>
   <trkpt lat="34.09973433334406" lon="-117.65417857179769">
    <ele>384.84000000000003</ele>
   </trkpt>
   <trkpt lat="34.099737171434995" lon="-117.6530942859377">
    <ele>385.0</ele>
   </trkpt>
   <trkpt lat="34.099740000000004" lon="-117.65201">
    <ele>383.90000000000003</ele>
   </trkpt>
   <trkpt lat="34.09973751137667" lon="-117.65104249992135">
    <ele>383.65000000000003</ele>
   </trkpt>
   <trkpt lat="34.09973501516891" lon="-117.65007499989967">
    <ele>383.42</ele>
   </trkpt>
   <trkpt lat="34.09973251137671" lon="-117.64910749993517">
    <ele>383.68</ele>
   </trkpt>
   <trkpt lat="34.09973" lon="-117.64814000000001">
    <ele>383.33</ele>
   </trkpt>
   <trkpt lat="34.09973" lon="-117.64726">
    <ele>383.25</ele>
   </trkpt>
   <trkpt lat="34.09975" lon="-117.64713">
    <ele>383.19</ele>
   </trkpt>
   <trkpt lat="34.09975145435938" lon="-117.64610000010934">
    <ele>382.92</ele>
   </trkpt>
   <trkpt lat="34.099752900122766" lon="-117.6450700001834">
    <ele>382.37000000000006</ele>
   </trkpt>
   <trkpt lat="34.09975433729017" lon="-117.64404000022235">
    <ele>381.88000000000005</ele>
   </trkpt>
   <trkpt lat="34.099755765861595" lon="-117.64301000022641">
    <ele>381.71000000000004</ele>
   </trkpt>
   <trkpt lat="34.09975718583705" lon="-117.64198000019583">
    <ele>381.73</ele>
   </trkpt>
   <trkpt lat="34.09975859721649" lon="-117.64095000013076">
    <ele>381.3</ele>
   </trkpt>
   <trkpt lat="34.09976" lon="-117.63992">
    <ele>380.46000000000004</ele>
   </trkpt>
   <trkpt lat="34.0998" lon="-117.63972000000001">
    <ele>380.40000000000003</ele>
   </trkpt>
   <trkpt lat="34.099940000000004" lon="-117.63942000000002">
    <ele>380.18</ele>
   </trkpt>
   <trkpt lat="34.099790000000006" lon="-117.6393">
    <ele>379.99000000000007</ele>
   </trkpt>
   <trkpt lat="34.09977" lon="-117.63926000000001">
    <ele>379.99000000000007</ele>
   </trkpt>
   <trkpt lat="34.09976" lon="-117.63914000000001">
    <ele>379.99000000000007</ele>
   </trkpt>
   <trkpt lat="34.09976333761211" lon="-117.63841333333087">
    <ele>379.44000000000005</ele>
   </trkpt>
   <trkpt lat="34.09976667094572" lon="-117.63768666660447">
    <ele>379.20000000000005</ele>
   </trkpt>
   <trkpt lat="34.09977" lon="-117.63696000000002">
    <ele>378.65000000000003</ele>
   </trkpt>
   <trkpt lat="34.099790000000006" lon="-117.63683">
    <ele>378.65000000000003</ele>
   </trkpt>
   <trkpt lat="34.0998" lon="-117.63633000000002">
    <ele>378.65000000000003</ele>
   </trkpt>
   <trkpt lat="34.099780003889386" lon="-117.63534999969733">
    <ele>378.07</ele>
   </trkpt>
   <trkpt lat="34.09976" lon="-117.63437">
    <ele>377.07</ele>
   </trkpt>
   <trkpt lat="34.099720000000005" lon="-117.63397">
    <ele>376.70000000000005</ele>
   </trkpt>
   <trkpt lat="34.099610000000006" lon="-117.63354000000001">
    <ele>376.4</ele>
   </trkpt>
   <trkpt lat="34.099520000000005" lon="-117.63322000000001">
    <ele>376.22</ele>
   </trkpt>
   <trkpt lat="34.099470000000004" lon="-117.63293000000002">
    <ele>376.19</ele>
   </trkpt>
   <trkpt lat="34.099450000000004" lon="-117.63206000000001">
    <ele>376.21000000000004</ele>
   </trkpt>
   <trkpt lat="34.099430000000005" lon="-117.63191">
    <ele>376.24</ele>
   </trkpt>
   <trkpt lat="34.09955" lon="-117.63189000000001">
    <ele>376.24</ele>
   </trkpt>
   <trkpt lat="34.09992000767085" lon="-117.63109501045072">
    <ele>376.52000000000004</ele>
   </trkpt>
   <trkpt lat="34.10029001022079" lon="-117.63030001394955">
    <ele>378.45</ele>
   </trkpt>
   <trkpt lat="34.10066000764968" lon="-117.62950501049653">
    <ele>378.61000000000007</ele>
   </trkpt>
   <trkpt lat="34.10103" lon="-117.62871000000001">
    <ele>378.8</ele>
   </trkpt>
   <trkpt lat="34.10103" lon="-117.62868">
    <ele>378.90000000000003</ele>
   </trkpt>
   <trkpt lat="34.10114" lon="-117.62868">
    <ele>378.90000000000003</ele>
   </trkpt>
   <trkpt lat="34.10128" lon="-117.62828">
    <ele>379.3</ele>
   </trkpt>
   <trkpt lat="34.101350000000004" lon="-117.62819">
    <ele>379.3</ele>
   </trkpt>
   <trkpt lat="34.10174627103712" lon="-117.62732877822869">
    <ele>380.5</ele>
   </trkpt>
   <trkpt lat="34.102142536064356" lon="-117.62646754839128">
    <ele>381.05000000000007</ele>
   </trkpt>
   <trkpt lat="34.10253879508153" lon="-117.6256063104877">
    <ele>381.87000000000006</ele>
   </trkpt>
   <trkpt lat="34.10293504808851" lon="-117.62474506451791">
    <ele>383.02000000000004</ele>
   </trkpt>
   <trkpt lat="34.10333129508516" lon="-117.62388381048176">
    <ele>383.99000000000007</ele>
   </trkpt>
   <trkpt lat="34.10372753607133" lon="-117.62302254837925">
    <ele>385.14000000000004</ele>
   </trkpt>
   <trkpt lat="34.104123771046865" lon="-117.62216127821027">
    <ele>386.17</ele>
   </trkpt>
   <trkpt lat="34.10452" lon="-117.6213">
    <ele>385.64000000000004</ele>
   </trkpt>
   <trkpt lat="34.10454" lon="-117.62108">
    <ele>385.17</ele>
   </trkpt>
   <trkpt lat="34.104580000000006" lon="-117.62095000000001">
    <ele>385.17</ele>
   </trkpt>
   <trkpt lat="34.10485000134616" lon="-117.62038000175605">
    <ele>385.09000000000003</ele>
   </trkpt>
   <trkpt lat="34.10512" lon="-117.61981000000002">
    <ele>385.09000000000003</ele>
   </trkpt>
   <trkpt lat="34.10524" lon="-117.61971000000001">
    <ele>385.09000000000003</ele>
   </trkpt>
   <trkpt lat="34.10535" lon="-117.61946">
    <ele>385.28000000000003</ele>
   </trkpt>
   <trkpt lat="34.105450000000005" lon="-117.61933">
    <ele>385.58000000000004</ele>
   </trkpt>
   <trkpt lat="34.10579000449804" lon="-117.61858667259582">
    <ele>385.81000000000006</ele>
   </trkpt>
   <trkpt lat="34.106130004518725" lon="-117.61784333921736">
    <ele>386.43000000000006</ele>
   </trkpt>
   <trkpt lat="34.10647" lon="-117.61710000000001">
    <ele>387.62</ele>
   </trkpt>
   <trkpt lat="34.106840000000005" lon="-117.61642">
    <ele>388.81000000000006</ele>
   </trkpt>
   <trkpt lat="34.10717" lon="-117.61588">
    <ele>389.70000000000005</ele>
   </trkpt>
   <trkpt lat="34.107310000000005" lon="-117.6157">
    <ele>389.93000000000006</ele>
   </trkpt>
   <trkpt lat="34.107510000000005" lon="-117.61548">
    <ele>390.36</ele>
   </trkpt>
   <trkpt lat="34.108000000000004" lon="-117.61489">
    <ele>391.29</ele>
   </trkpt>
   <trkpt lat="34.108540000000005" lon="-117.61431">
    <ele>392.94</ele>
   </trkpt>
   <trkpt lat="34.10868" lon="-117.61406000000001">
    <ele>393.41</ele>
   </trkpt>
   <trkpt lat="34.10922000130127" lon="-117.61349500359837">
    <ele>394.77</ele>
   </trkpt>
   <trkpt lat="34.10976" lon="-117.61293">
    <ele>395.66</ele>
   </trkpt>
   <trkpt lat="34.110020000000006" lon="-117.61259000000001">
    <ele>396.49</ele>
   </trkpt>
   <trkpt lat="34.110530000000004" lon="-117.61204000000001">
    <ele>397.71</ele>
   </trkpt>
   <trkpt lat="34.1107" lon="-117.61191000000001">
    <ele>398.52000000000004</ele>
   </trkpt>
   <trkpt lat="34.111336016516596" lon="-117.61123704554316">
    <ele>399.1</ele>
   </trkpt>
   <trkpt lat="34.11197202936318" lon="-117.61056408096657">
    <ele>400.07000000000005</ele>
   </trkpt>
   <trkpt lat="34.112608038539584" lon="-117.60989110626987">
    <ele>401.83</ele>
   </trkpt>
   <trkpt lat="34.11324404404568" lon="-117.60921812145278">
    <ele>403.59000000000003</ele>
   </trkpt>
   <trkpt lat="34.113880045881324" lon="-117.60854512651493">
    <ele>404.73</ele>
   </trkpt>
   <trkpt lat="34.11451604404636" lon="-117.60787212145596">
    <ele>406.40000000000003</ele>
   </trkpt>
   <trkpt lat="34.11515203854066" lon="-117.60719910627557">
    <ele>407.66</ele>
   </trkpt>
   <trkpt lat="34.115788029364076" lon="-117.60652608097342">
    <ele>409.52000000000004</ele>
   </trkpt>
   <trkpt lat="34.11642401651647" lon="-117.60585304554917">
    <ele>411.07000000000005</ele>
   </trkpt>
   <trkpt lat="34.11706" lon="-117.60518">
    <ele>412.1</ele>
   </trkpt>
   <trkpt lat="34.11712" lon="-117.60509">
    <ele>412.53</ele>
   </trkpt>
   <trkpt lat="34.117200000000004" lon="-117.60488000000001">
    <ele>412.53</ele>
   </trkpt>
   <trkpt lat="34.11732" lon="-117.60468000000002">
    <ele>413.01000000000005</ele>
   </trkpt>
   <trkpt lat="34.11795333695697" lon="-117.60401001005069">
    <ele>415.23</ele>
   </trkpt>
   <trkpt lat="34.11858667027584" lon="-117.60334001006616">
    <ele>416.14</ele>
   </trkpt>
   <trkpt lat="34.119220000000006" lon="-117.60267">
    <ele>416.45000000000005</ele>
   </trkpt>
   <trkpt lat="34.11929" lon="-117.60263">
    <ele>416.56000000000006</ele>
   </trkpt>
   <trkpt lat="34.119400000000006" lon="-117.60261000000001">
    <ele>416.56000000000006</ele>
   </trkpt>
   <trkpt lat="34.119580000000006" lon="-117.60249">
    <ele>417.09000000000003</ele>
   </trkpt>
   <trkpt lat="34.119600000000005" lon="-117.60243000000001">
    <ele>417.30000000000007</ele>
   </trkpt>
   <trkpt lat="34.11975" lon="-117.60226000000002">
    <ele>417.68000000000006</ele>
   </trkpt>
   <trkpt lat="34.11976" lon="-117.60222">
    <ele>417.68000000000006</ele>
   </trkpt>
   <trkpt lat="34.119930000000004" lon="-117.60209">
    <ele>418.38</ele>
   </trkpt>
   <trkpt lat="34.1201" lon="-117.60195000000002">
    <ele>419.48</ele>
   </trkpt>
   <trkpt lat="34.12019" lon="-117.60178">
    <ele>419.76</ele>
   </trkpt>
   <trkpt lat="34.12058000066687" lon="-117.60136000198874">
    <ele>419.74000000000007</ele>
   </trkpt>
   <trkpt lat="34.12097" lon="-117.60094000000001">
    <ele>419.51000000000005</ele>
   </trkpt>
   <trkpt lat="34.12115" lon="-117.60084">
    <ele>419.27000000000004</ele>
   </trkpt>
   <trkpt lat="34.12124" lon="-117.60075">
    <ele>419.27000000000004</ele>
   </trkpt>
   <trkpt lat="34.121340000000004" lon="-117.60052">
    <ele>418.97</ele>
   </trkpt>
   <trkpt lat="34.121520000000004" lon="-117.60036000000001">
    <ele>418.84000000000003</ele>
   </trkpt>
   <trkpt lat="34.121521035602406" lon="-117.5993720001087">
    <ele>417.39000000000004</ele>
   </trkpt>
   <trkpt lat="34.12152206329317" lon="-117.59838400019326">
    <ele>415.25</ele>
   </trkpt>
   <trkpt lat="34.12152308307229" lon="-117.59739600025394">
    <ele>414.1</ele>
   </trkpt>
   <trkpt lat="34.12152409493975" lon="-117.59640800029084">
    <ele>413.53</ele>
   </trkpt>
   <trkpt lat="34.12152509889558" lon="-117.5954200003042">
    <ele>412.47</ele>
   </trkpt>
   <trkpt lat="34.12152609493975" lon="-117.59443200029419">
    <ele>411.94</ele>
   </trkpt>
   <trkpt lat="34.12152708307229" lon="-117.59344400026099">
    <ele>411.1</ele>
   </trkpt>
   <trkpt lat="34.12152806329316" lon="-117.5924560002048">
    <ele>409.91</ele>
   </trkpt>
   <trkpt lat="34.12152903560239" lon="-117.5914680001258">
    <ele>408.16</ele>
   </trkpt>
   <trkpt lat="34.12153" lon="-117.59048000000001">
    <ele>406.63000000000005</ele>
   </trkpt>
   <trkpt lat="34.12152668438062" lon="-117.5895449998049">
    <ele>405.86000000000007</ele>
   </trkpt>
   <trkpt lat="34.12152336167563" lon="-117.58860999968313">
    <ele>405.05</ele>
   </trkpt>
   <trkpt lat="34.12152003188505" lon="-117.58767499963493">
    <ele>403.81000000000006</ele>
   </trkpt>
   <trkpt lat="34.12151669500887" lon="-117.58673999966047">
    <ele>403.29</ele>
   </trkpt>
   <trkpt lat="34.12151335104712" lon="-117.58580499975989">
    <ele>403.9200000000001</ele>
   </trkpt>
   <trkpt lat="34.12151" lon="-117.58487000000001">
    <ele>404.55</ele>
   </trkpt>
   <trkpt lat="34.121511143964796" lon="-117.58386333345013">
    <ele>404.48</ele>
   </trkpt>
   <trkpt lat="34.12151227971617" lon="-117.58285666687311">
    <ele>404.29</ele>
   </trkpt>
   <trkpt lat="34.12151340725413" lon="-117.58185000026917">
    <ele>403.97</ele>
   </trkpt>
   <trkpt lat="34.12151452657865" lon="-117.58084333363847">
    <ele>403.5</ele>
   </trkpt>
   <trkpt lat="34.12151563768975" lon="-117.57983666698121">
    <ele>403.11</ele>
   </trkpt>
   <trkpt lat="34.12151674058744" lon="-117.5788300002976">
    <ele>402.86000000000007</ele>
   </trkpt>
   <trkpt lat="34.12151783527168" lon="-117.57782333358782">
    <ele>402.59000000000003</ele>
   </trkpt>
   <trkpt lat="34.121518921742506" lon="-117.57681666685207">
    <ele>402.95000000000005</ele>
   </trkpt>
   <trkpt lat="34.121520000000004" lon="-117.57581">
    <ele>402.76</ele>
   </trkpt>
   <trkpt lat="34.12158" lon="-117.57570000000001">
    <ele>402.76</ele>
   </trkpt>
   <trkpt lat="34.121570000000006" lon="-117.57478">
    <ele>402.82</ele>
   </trkpt>
   <trkpt lat="34.12155000350524" lon="-117.57384999979028">
    <ele>403.24</ele>
   </trkpt>
   <trkpt lat="34.12153" lon="-117.57292000000001">
    <ele>404.19000000000005</ele>
   </trkpt>
   <trkpt lat="34.121527809055316" lon="-117.5719377775706">
    <ele>404.6</ele>
   </trkpt>
   <trkpt lat="34.12152561029124" lon="-117.5709555551922">
    <ele>404.87</ele>
   </trkpt>
   <trkpt lat="34.121523403707776" lon="-117.56997333286496">
    <ele>405.28000000000003</ele>
   </trkpt>
   <trkpt lat="34.121521189304936" lon="-117.56899111058908">
    <ele>405.47</ele>
   </trkpt>
   <trkpt lat="34.12151896708271" lon="-117.56800888836476">
    <ele>405.62</ele>
   </trkpt>
   <trkpt lat="34.12151673704109" lon="-117.56702666619212">
    <ele>406.11</ele>
   </trkpt>
   <trkpt lat="34.121514499180094" lon="-117.56604444407138">
    <ele>406.49</ele>
   </trkpt>
   <trkpt lat="34.12151225349972" lon="-117.56506222200275">
    <ele>407.18</ele>
   </trkpt>
   <trkpt lat="34.12151" lon="-117.56408">
    <ele>407.31000000000006</ele>
   </trkpt>
   <trkpt lat="34.12153" lon="-117.56315000000001">
    <ele>406.54</ele>
   </trkpt>
   <trkpt lat="34.12152000129178" lon="-117.56258499982711">
    <ele>406.40000000000003</ele>
   </trkpt>
   <trkpt lat="34.12151" lon="-117.56202">
    <ele>406.22</ele>
   </trkpt>
   <trkpt lat="34.12151333765231" lon="-117.56129000009527">
    <ele>406.26</ele>
   </trkpt>
   <trkpt lat="34.12151667098547" lon="-117.56056000013294">
    <ele>406.56</ele>
   </trkpt>
   <trkpt lat="34.121520000000004" lon="-117.55983">
    <ele>406.9200000000001</ele>
   </trkpt>
   <trkpt lat="34.121535001393376" lon="-117.55924499985029">
    <ele>406.97</ele>
   </trkpt>
   <trkpt lat="34.121550000000006" lon="-117.55866">
    <ele>407.07000000000005</ele>
   </trkpt>
   <trkpt lat="34.12155500136273" lon="-117.55808000009645">
    <ele>407.28000000000003</ele>
   </trkpt>
   <trkpt lat="34.12156" lon="-117.5575">
    <ele>407.64000000000004</ele>
   </trkpt>
   <trkpt lat="34.12155716930096" lon="-117.55645714264364">
    <ele>408.1</ele>
   </trkpt>
   <trkpt lat="34.121554329787294" lon="-117.55541428535719">
    <ele>407.97</ele>
   </trkpt>
   <trkpt lat="34.12155148145903" lon="-117.5543714281409">
    <ele>407.63000000000005</ele>
   </trkpt>
   <trkpt lat="34.121548624316176" lon="-117.55332857099498">
    <ele>407.1</ele>
   </trkpt>
   <trkpt lat="34.12154575835869" lon="-117.55228571391963">
    <ele>406.87</ele>
   </trkpt>
   <trkpt lat="34.12154288358663" lon="-117.55124285691508">
    <ele>406.51000000000005</ele>
   </trkpt>
   <trkpt lat="34.12154" lon="-117.5502">
    <ele>405.65</ele>
   </trkpt>
   <trkpt lat="34.121542013660566" lon="-117.54928200008708">
    <ele>405.1</ele>
   </trkpt>
   <trkpt lat="34.12154402049084" lon="-117.54836400013049">
    <ele>404.80000000000007</ele>
   </trkpt>
   <trkpt lat="34.12154602049085" lon="-117.54744600013039">
    <ele>404.96000000000004</ele>
   </trkpt>
   <trkpt lat="34.121548013660565" lon="-117.54652800008695">
    <ele>404.46000000000004</ele>
   </trkpt>
   <trkpt lat="34.121550000000006" lon="-117.54561000000001">
    <ele>404.15</ele>
   </trkpt>
   <trkpt lat="34.12154" lon="-117.54466000000001">
    <ele>403.82</ele>
   </trkpt>
   <trkpt lat="34.12154001807637" lon="-117.54360399999513">
    <ele>403.55</ele>
   </trkpt>
   <trkpt lat="34.12154002711454" lon="-117.54254799998994">
    <ele>403.06</ele>
   </trkpt>
   <trkpt lat="34.12154002711454" lon="-117.54149199998464">
    <ele>402.63000000000005</ele>
   </trkpt>
   <trkpt lat="34.12154001807637" lon="-117.54043599997945">
    <ele>404.91</ele>
   </trkpt>
   <trkpt lat="34.12154" lon="-117.53938000000001">
    <ele>405.62</ele>
   </trkpt>
   <trkpt lat="34.12163" lon="-117.53937">
    <ele>405.6</ele>
   </trkpt>
   <trkpt lat="34.12163" lon="-117.53926000000001">
    <ele>405.6</ele>
   </trkpt>
   <trkpt lat="34.12173" lon="-117.53926000000001">
    <ele>405.67</ele>
   </trkpt>
   <trkpt lat="34.12176" lon="-117.53929000000001">
    <ele>405.67</ele>
   </trkpt>
   <trkpt lat="34.122020000000006" lon="-117.53929000000001">
    <ele>405.79</ele>
   </trkpt>
   <trkpt lat="34.12211" lon="-117.53924">
    <ele>406.02000000000004</ele>
   </trkpt>
   <trkpt lat="34.12228" lon="-117.53920000000001">
    <ele>406.31000000000006</ele>
   </trkpt>
   <trkpt lat="34.122980000000005" lon="-117.53921000000001">
    <ele>407.67</ele>
   </trkpt>
   <trkpt lat="34.12319" lon="-117.53905">
    <ele>408.11</ele>
   </trkpt>
   <trkpt lat="34.123360000000005" lon="-117.53884000000001">
    <ele>408.07000000000005</ele>
   </trkpt>
   <trkpt lat="34.12339" lon="-117.53878">
    <ele>408.43</ele>
   </trkpt>
   <trkpt lat="34.12337" lon="-117.53807">
    <ele>408.69000000000005</ele>
   </trkpt>
   <trkpt lat="34.123380000000004" lon="-117.53793">
    <ele>409.0</ele>
   </trkpt>
   <trkpt lat="34.12341" lon="-117.53782000000001">
    <ele>409.0</ele>
   </trkpt>
   <trkpt lat="34.12348" lon="-117.53785">
    <ele>409.41</ele>
   </trkpt>
   <trkpt lat="34.1237" lon="-117.53753">
    <ele>410.30000000000007</ele>
   </trkpt>
   <trkpt lat="34.12375" lon="-117.53730000000002">
    <ele>410.33000000000004</ele>
   </trkpt>
   <trkpt lat="34.123760000000004" lon="-117.53713">
    <ele>410.12</ele>
   </trkpt>
   <trkpt lat="34.123740000000005" lon="-117.53704">
    <ele>410.12</ele>
   </trkpt>
   <trkpt lat="34.123940000000005" lon="-117.53703000000002">
    <ele>409.93</ele>
   </trkpt>
   <trkpt lat="34.123940000000005" lon="-117.53663000000002">
    <ele>409.63000000000005</ele>
   </trkpt>
   <trkpt lat="34.12442499978563" lon="-117.53662000006182">
    <ele>409.47</ele>
   </trkpt>
   <trkpt lat="34.12491" lon="-117.53661000000001">
    <ele>408.86000000000007</ele>
   </trkpt>
   <trkpt lat="34.12489501893508" lon="-117.53564333247645">
    <ele>408.40000000000003</ele>
   </trkpt>
   <trkpt lat="34.12488003029612" lon="-117.53467666529554">
    <ele>407.86000000000007</ele>
   </trkpt>
   <trkpt lat="34.12486503408312" lon="-117.53370999845745">
    <ele>407.57000000000005</ele>
   </trkpt>
   <trkpt lat="34.124850030296116" lon="-117.53274333196241">
    <ele>407.13000000000005</ele>
   </trkpt>
   <trkpt lat="34.12483501893507" lon="-117.53177666581051">
    <ele>406.58000000000004</ele>
   </trkpt>
   <trkpt lat="34.12482" lon="-117.53081000000002">
    <ele>406.13000000000005</ele>
   </trkpt>
   <trkpt lat="34.12478" lon="-117.53001">
    <ele>406.05</ele>
   </trkpt>
   <trkpt lat="34.1248" lon="-117.52984000000001">
    <ele>405.95000000000005</ele>
   </trkpt>
   <trkpt lat="34.1248" lon="-117.52966">
    <ele>405.62</ele>
   </trkpt>
   <trkpt lat="34.12483" lon="-117.52943">
    <ele>405.62</ele>
   </trkpt>
   <trkpt lat="34.124822016667615" lon="-117.52841599958819">
    <ele>405.26</ele>
   </trkpt>
   <trkpt lat="34.124814025001285" lon="-117.527401999368">
    <ele>405.38</ele>
   </trkpt>
   <trkpt lat="34.124806025001064" lon="-117.52638799933958">
    <ele>405.13000000000005</ele>
   </trkpt>
   <trkpt lat="34.12479801666694" lon="-117.52537399950315">
    <ele>405.22</ele>
   </trkpt>
   <trkpt lat="34.124790000000004" lon="-117.52436000000002">
    <ele>404.56</ele>
   </trkpt>
   <trkpt lat="34.124790000000004" lon="-117.52406">
    <ele>404.44</ele>
   </trkpt>
   <trkpt lat="34.124750000000006" lon="-117.52393000000001">
    <ele>404.44</ele>
   </trkpt>
   <trkpt lat="34.124750000000006" lon="-117.52368000000001">
    <ele>404.51000000000005</ele>
   </trkpt>
   <trkpt lat="34.124750000000006" lon="-117.52321">
    <ele>404.48</ele>
   </trkpt>
   <trkpt lat="34.124790000000004" lon="-117.52304000000001">
    <ele>404.48</ele>
   </trkpt>
   <trkpt lat="34.12478716973864" lon="-117.52198857121405">
    <ele>404.37</ele>
   </trkpt>
   <trkpt lat="34.12478433051679" lon="-117.52093714249861">
    <ele>403.93</ele>
   </trkpt>
   <trkpt lat="34.12478148233442" lon="-117.51988571385387">
    <ele>404.40000000000003</ele>
   </trkpt>
   <trkpt lat="34.12477862519155" lon="-117.51883428528012">
    <ele>404.37</ele>
   </trkpt>
   <trkpt lat="34.12477575908819" lon="-117.51778285677752">
    <ele>403.58000000000004</ele>
   </trkpt>
   <trkpt lat="34.124772884024324" lon="-117.51673142834632">
    <ele>404.03000000000003</ele>
   </trkpt>
   <trkpt lat="34.124770000000005" lon="-117.51568">
    <ele>403.1</ele>
   </trkpt>
   <trkpt lat="34.124700000000004" lon="-117.51532">
    <ele>402.81000000000006</ele>
   </trkpt>
   <trkpt lat="34.124697514246925" lon="-117.51423749992969">
    <ele>402.5</ele>
   </trkpt>
   <trkpt lat="34.124695018995936" lon="-117.51315499992315">
    <ele>401.81000000000006</ele>
   </trkpt>
   <trkpt lat="34.124692514247045" lon="-117.51207249998065">
    <ele>401.9800000000001</ele>
   </trkpt>
   <trkpt lat="34.12469" lon="-117.51099">
    <ele>403.8</ele>
   </trkpt>
   <trkpt lat="34.12512" lon="-117.51049">
    <ele>404.45000000000005</ele>
   </trkpt>
   <trkpt lat="34.12561000160455" lon="-117.50986500359501">
    <ele>405.75000000000006</ele>
   </trkpt>
   <trkpt lat="34.1261" lon="-117.50924">
    <ele>406.98</ele>
   </trkpt>
   <trkpt lat="34.12665000206532" lon="-117.5085200047308">
    <ele>406.58000000000004</ele>
   </trkpt>
   <trkpt lat="34.1272" lon="-117.5078">
    <ele>405.90000000000003</ele>
   </trkpt>
   <trkpt lat="34.127480000000006" lon="-117.50746000000001">
    <ele>405.70000000000005</ele>
   </trkpt>
   <trkpt lat="34.127680000000005" lon="-117.50727">
    <ele>405.66</ele>
   </trkpt>
   <trkpt lat="34.127950000000006" lon="-117.50710000000001">
    <ele>405.55</ele>
   </trkpt>
   <trkpt lat="34.12801" lon="-117.50704">
    <ele>405.55</ele>
   </trkpt>
   <trkpt lat="34.128060000000005" lon="-117.50686">
    <ele>405.55</ele>
   </trkpt>
   <trkpt lat="34.12812" lon="-117.50677">
    <ele>405.52000000000004</ele>
   </trkpt>
   <trkpt lat="34.12821" lon="-117.50655">
    <ele>405.52000000000004</ele>
   </trkpt>
   <trkpt lat="34.12827" lon="-117.50653000000001">
    <ele>405.6</ele>
   </trkpt>
   <trkpt lat="34.12827000585642" lon="-117.50567999998447">
    <ele>405.9200000000001</ele>
   </trkpt>
   <trkpt lat="34.12827000585642" lon="-117.50482999996886">
    <ele>406.4200000000001</ele>
   </trkpt>
   <trkpt lat="34.12827" lon="-117.50398000000001">
    <ele>406.64000000000004</ele>
   </trkpt>
   <trkpt lat="34.1283" lon="-117.50324">
    <ele>407.03000000000003</ele>
   </trkpt>
   <trkpt lat="34.128420000000006" lon="-117.50256">
    <ele>407.7</ele>
   </trkpt>
   <trkpt lat="34.12863" lon="-117.50165000000001">
    <ele>408.19000000000005</ele>
   </trkpt>
   <trkpt lat="34.12867" lon="-117.50137000000001">
    <ele>408.51000000000005</ele>
   </trkpt>
   <trkpt lat="34.128690000000006" lon="-117.50109">
    <ele>408.88</ele>
   </trkpt>
   <trkpt lat="34.12869088225116" lon="-117.50004250011295">
    <ele>409.95000000000005</ele>
   </trkpt>
   <trkpt lat="34.128691755608166" lon="-117.49899500020413">
    <ele>410.65000000000003</ele>
   </trkpt>
   <trkpt lat="34.12869262007103" lon="-117.49794750027377">
    <ele>411.16</ele>
   </trkpt>
   <trkpt lat="34.12869347563975" lon="-117.4969000003221">
    <ele>411.26</ele>
   </trkpt>
   <trkpt lat="34.1286943223143" lon="-117.49585250034934">
    <ele>410.81</ele>
   </trkpt>
   <trkpt lat="34.128695160094715" lon="-117.49480500035571">
    <ele>410.06</ele>
   </trkpt>
   <trkpt lat="34.12869598898098" lon="-117.49375750034142">
    <ele>410.77000000000004</ele>
   </trkpt>
   <trkpt lat="34.12869680897309" lon="-117.4927100003067">
    <ele>411.07000000000005</ele>
   </trkpt>
   <trkpt lat="34.128697620071065" lon="-117.49166250025178">
    <ele>412.37</ele>
   </trkpt>
   <trkpt lat="34.12869842227486" lon="-117.49061500017685">
    <ele>414.15000000000003</ele>
   </trkpt>
   <trkpt lat="34.128699215584525" lon="-117.48956750008216">
    <ele>415.46000000000004</ele>
   </trkpt>
   <trkpt lat="34.1287" lon="-117.48852000000001">
    <ele>417.45000000000005</ele>
   </trkpt>
   <trkpt lat="34.129438000004114" lon="-117.48851800006985">
    <ele>419.12000000000006</ele>
   </trkpt>
   <trkpt lat="34.1301760000082" lon="-117.48851600010474">
    <ele>419.92</ele>
   </trkpt>
   <trkpt lat="34.13091400001226" lon="-117.48851400010471">
    <ele>421.67</ele>
   </trkpt>
   <trkpt lat="34.13165200001628" lon="-117.48851200006982">
    <ele>423.35</ele>
   </trkpt>
   <trkpt lat="34.13239" lon="-117.48851">
    <ele>424.78000000000003</ele>
   </trkpt>
   <trkpt lat="34.1328999998954" lon="-117.48849500009364">
    <ele>425.74</ele>
   </trkpt>
   <trkpt lat="34.133410000000005" lon="-117.48848000000001">
    <ele>427.09000000000003</ele>
   </trkpt>
   <trkpt lat="34.134116666641276" lon="-117.4884700001676">
    <ele>429.25</ele>
   </trkpt>
   <trkpt lat="34.13482333328172" lon="-117.48846000016799">
    <ele>430.21000000000004</ele>
   </trkpt>
   <trkpt lat="34.13553" lon="-117.48845000000001">
    <ele>430.2300000000001</ele>
   </trkpt>
   <trkpt lat="34.136365000010535" lon="-117.48845">
    <ele>431.07</ele>
   </trkpt>
   <trkpt lat="34.1372" lon="-117.48845000000001">
    <ele>432.50000000000006</ele>
   </trkpt>
   <trkpt lat="34.13774499990817" lon="-117.4884450000331">
    <ele>434.15000000000003</ele>
   </trkpt>
   <trkpt lat="34.138290000000005" lon="-117.48844000000001">
    <ele>434.97</ele>
   </trkpt>
   <trkpt lat="34.13871" lon="-117.48842">
    <ele>435.50000000000006</ele>
   </trkpt>
   <trkpt lat="34.13947750001109" lon="-117.48841500013619">
    <ele>436.14000000000004</ele>
   </trkpt>
   <trkpt lat="34.14024500002199" lon="-117.48841000018155">
    <ele>437.06000000000006</ele>
   </trkpt>
   <trkpt lat="34.14101250003267" lon="-117.48840500013605">
    <ele>440.28000000000003</ele>
   </trkpt>
   <trkpt lat="34.141780000000004" lon="-117.48840000000001">
    <ele>444.45</ele>
   </trkpt>
   <trkpt lat="34.141830000000006" lon="-117.48819">
    <ele>445.1</ele>
   </trkpt>
   <trkpt lat="34.14191" lon="-117.48801">
    <ele>445.51</ele>
   </trkpt>
   <trkpt lat="34.142030000000005" lon="-117.48780000000001">
    <ele>445.66</ele>
   </trkpt>
   <trkpt lat="34.142120000000006" lon="-117.4877">
    <ele>445.66</ele>
   </trkpt>
   <trkpt lat="34.14229" lon="-117.48757">
    <ele>445.67</ele>
   </trkpt>
   <trkpt lat="34.14293" lon="-117.48707">
    <ele>446.41</ele>
   </trkpt>
   <trkpt lat="34.143460000000005" lon="-117.48654">
    <ele>448.82000000000005</ele>
   </trkpt>
   <trkpt lat="34.143980000000006" lon="-117.48586000000002">
    <ele>450.69</ele>
   </trkpt>
   <trkpt lat="34.14459000849349" lon="-117.48513602091768">
    <ele>452.99000000000007</ele>
   </trkpt>
   <trkpt lat="34.14520001273735" lon="-117.48441203138043">
    <ele>455.28000000000003</ele>
   </trkpt>
   <trkpt lat="34.145810012731424" lon="-117.48368803138797">
    <ele>457.38000000000005</ele>
   </trkpt>
   <trkpt lat="34.146420008475545" lon="-117.48296402093996">
    <ele>459.64000000000004</ele>
   </trkpt>
   <trkpt lat="34.14703" lon="-117.48224">
    <ele>460.84000000000003</ele>
   </trkpt>
   <trkpt lat="34.14721" lon="-117.48197">
    <ele>461.47</ele>
   </trkpt>
   <trkpt lat="34.147380000000005" lon="-117.48166">
    <ele>461.70000000000005</ele>
   </trkpt>
   <trkpt lat="34.147490000000005" lon="-117.48140000000001">
    <ele>462.28000000000003</ele>
   </trkpt>
   <trkpt lat="34.14764" lon="-117.48080000000002">
    <ele>462.92</ele>
   </trkpt>
   <trkpt lat="34.14771500140811" lon="-117.48021500035765">
    <ele>463.44</ele>
   </trkpt>
   <trkpt lat="34.14779" lon="-117.47963000000001">
    <ele>464.3</ele>
   </trkpt>
   <trkpt lat="34.147850000000005" lon="-117.47951">
    <ele>464.59000000000003</ele>
   </trkpt>
   <trkpt lat="34.147970013468765" lon="-117.47845750451826">
    <ele>466.31000000000006</ele>
   </trkpt>
   <trkpt lat="34.14809001795591" lon="-117.47740500604603">
    <ele>468.02000000000004</ele>
   </trkpt>
   <trkpt lat="34.14821001346137" lon="-117.47635250458346">
    <ele>471.02000000000004</ele>
   </trkpt>
   <trkpt lat="34.14833" lon="-117.4753">
    <ele>474.22</ele>
   </trkpt>
   <trkpt lat="34.148450000000004" lon="-117.47480000000002">
    <ele>474.9200000000001</ele>
   </trkpt>
   <trkpt lat="34.14853" lon="-117.47458">
    <ele>475.28000000000003</ele>
   </trkpt>
   <trkpt lat="34.148700000000005" lon="-117.47422">
    <ele>475.82</ele>
   </trkpt>
   <trkpt lat="34.148860000000006" lon="-117.47396">
    <ele>476.44</ele>
   </trkpt>
   <trkpt lat="34.14904" lon="-117.47373">
    <ele>477.62000000000006</ele>
   </trkpt>
   <trkpt lat="34.149330000000006" lon="-117.47339000000001">
    <ele>479.18000000000006</ele>
   </trkpt>
   <trkpt lat="34.149800000000006" lon="-117.47293">
    <ele>480.58000000000004</ele>
   </trkpt>
   <trkpt lat="34.15012" lon="-117.47243">
    <ele>481.47</ele>
   </trkpt>
   <trkpt lat="34.150240000000004" lon="-117.47214000000001">
    <ele>482.11</ele>
   </trkpt>
   <trkpt lat="34.15037" lon="-117.47177">
    <ele>482.96000000000004</ele>
   </trkpt>
   <trkpt lat="34.15045" lon="-117.4714">
    <ele>482.96000000000004</ele>
   </trkpt>
   <trkpt lat="34.15048" lon="-117.47101">
    <ele>483.4700000000001</ele>
   </trkpt>
   <trkpt lat="34.150470000000006" lon="-117.47013000000001">
    <ele>484.7</ele>
   </trkpt>
   <trkpt lat="34.15053" lon="-117.47012000000001">
    <ele>484.7</ele>
   </trkpt>
   <trkpt lat="34.15053000822795" lon="-117.46929750000916">
    <ele>486.13000000000005</ele>
   </trkpt>
   <trkpt lat="34.1505300109706" lon="-117.46847500001824">
    <ele>487.50000000000006</ele>
   </trkpt>
   <trkpt lat="34.15053000822795" lon="-117.46765250002728">
    <ele>488.82000000000005</ele>
   </trkpt>
   <trkpt lat="34.15053" lon="-117.46683000000002">
    <ele>489.90000000000003</ele>
   </trkpt>
   <trkpt lat="34.15057" lon="-117.46673000000001">
    <ele>490.47</ele>
   </trkpt>
   <trkpt lat="34.150600000000004" lon="-117.46640000000001">
    <ele>490.7</ele>
   </trkpt>
   <trkpt lat="34.150580000000005" lon="-117.46639">
    <ele>490.7</ele>
   </trkpt>
   <trkpt lat="34.150600000000004" lon="-117.46599">
    <ele>492.1</ele>
   </trkpt>
   <trkpt lat="34.150560000000006" lon="-117.46563">
    <ele>493.2300000000001</ele>
   </trkpt>
   <trkpt lat="34.15054" lon="-117.4651">
    <ele>494.08</ele>
   </trkpt>
   <trkpt lat="34.15063" lon="-117.465">
    <ele>494.48</ele>
   </trkpt>
   <trkpt lat="34.15072" lon="-117.46498000000001">
    <ele>494.48</ele>
   </trkpt>
   <trkpt lat="34.150760000000005" lon="-117.46505">
    <ele>494.48</ele>
   </trkpt>
   <trkpt lat="34.151030000000006" lon="-117.46485000000001">
    <ele>495.15000000000003</ele>
   </trkpt>
   <trkpt lat="34.15106" lon="-117.46478">
    <ele>495.27000000000004</ele>
   </trkpt>
   <trkpt lat="34.1511" lon="-117.46477000000002">
    <ele>495.27000000000004</ele>
   </trkpt>
   <trkpt lat="34.151120000000006" lon="-117.46478">
    <ele>495.36</ele>
   </trkpt>
   <trkpt lat="34.15119" lon="-117.46470000000001">
    <ele>495.59000000000003</ele>
   </trkpt>
   <trkpt lat="34.151210000000006" lon="-117.46451">
    <ele>496.11</ele>
   </trkpt>
   <trkpt lat="34.151320000000005" lon="-117.46428000000002">
    <ele>496.48</ele>
   </trkpt>
   <trkpt lat="34.15139" lon="-117.46394000000001">
    <ele>497.49</ele>
   </trkpt>
   <trkpt lat="34.15144" lon="-117.46393">
    <ele>497.90000000000003</ele>
   </trkpt>
   <trkpt lat="34.151500000000006" lon="-117.46376000000001">
    <ele>498.11000000000007</ele>
   </trkpt>
   <trkpt lat="34.15169" lon="-117.46353">
    <ele>498.31</ele>
   </trkpt>
   <trkpt lat="34.15195" lon="-117.46335">
    <ele>498.83000000000004</ele>
   </trkpt>
   <trkpt lat="34.151970000000006" lon="-117.46331">
    <ele>498.83000000000004</ele>
   </trkpt>
   <trkpt lat="34.152170000000005" lon="-117.46317">
    <ele>499.1700000000001</ele>
   </trkpt>
   <trkpt lat="34.15229" lon="-117.46303">
    <ele>500.28000000000003</ele>
   </trkpt>
   <trkpt lat="34.152460000000005" lon="-117.46277">
    <ele>500.94000000000005</ele>
   </trkpt>
   <trkpt lat="34.152680000000004" lon="-117.46285">
    <ele>500.94000000000005</ele>
   </trkpt>
   <trkpt lat="34.15298" lon="-117.4629">
    <ele>502.5900000000001</ele>
   </trkpt>
   <trkpt lat="34.15299" lon="-117.46280000000002">
    <ele>502.5900000000001</ele>
   </trkpt>
   <trkpt lat="34.15334" lon="-117.46281">
    <ele>504.16</ele>
   </trkpt>
   <trkpt lat="34.15368" lon="-117.46276">
    <ele>506.16</ele>
   </trkpt>
   <trkpt lat="34.154030000000006" lon="-117.46263">
    <ele>506.26000000000005</ele>
   </trkpt>
   <trkpt lat="34.15433" lon="-117.46246000000001">
    <ele>507.01000000000005</ele>
   </trkpt>
   <trkpt lat="34.154700000000005" lon="-117.46214">
    <ele>508.51</ele>
   </trkpt>
   <trkpt lat="34.155045000519735" lon="-117.46175500166346">
    <ele>509.37</ele>
   </trkpt>
   <trkpt lat="34.155390000000004" lon="-117.46137000000002">
    <ele>511.49</ele>
   </trkpt>
   <trkpt lat="34.15596333636984" lon="-117.46076000826247">
    <ele>513.9200000000001</ele>
   </trkpt>
   <trkpt lat="34.1565366697224" lon="-117.46015000824214">
    <ele>516.07</ele>
   </trkpt>
   <trkpt lat="34.15711" lon="-117.45954">
    <ele>517.73</ele>
   </trkpt>
   <trkpt lat="34.157340000000005" lon="-117.45920000000001">
    <ele>518.07</ele>
   </trkpt>
   <trkpt lat="34.15744" lon="-117.45901">
    <ele>518.44</ele>
   </trkpt>
   <trkpt lat="34.15758" lon="-117.45867000000001">
    <ele>519.37</ele>
   </trkpt>
   <trkpt lat="34.15767" lon="-117.45833">
    <ele>519.37</ele>
   </trkpt>
   <trkpt lat="34.15771" lon="-117.45804000000001">
    <ele>519.84</ele>
   </trkpt>
   <trkpt lat="34.157740000000004" lon="-117.45762">
    <ele>520.1300000000001</ele>
   </trkpt>
   <trkpt lat="34.15774000289506" lon="-117.45677500018874">
    <ele>520.5300000000001</ele>
   </trkpt>
   <trkpt lat="34.157740000000004" lon="-117.45593000000001">
    <ele>521.82</ele>
   </trkpt>
   <trkpt lat="34.15782" lon="-117.45593000000001">
    <ele>521.82</ele>
   </trkpt>
   <trkpt lat="34.157830000000004" lon="-117.45578">
    <ele>521.81</ele>
   </trkpt>
   <trkpt lat="34.15785" lon="-117.45573">
    <ele>521.81</ele>
   </trkpt>
   <trkpt lat="34.15782" lon="-117.45569">
    <ele>521.81</ele>
   </trkpt>
   <trkpt lat="34.15784" lon="-117.45530000000001">
    <ele>522.24</ele>
   </trkpt>
   <trkpt lat="34.15782" lon="-117.45501000000002">
    <ele>524.3100000000001</ele>
   </trkpt>
   <trkpt lat="34.15784" lon="-117.45475">
    <ele>524.3100000000001</ele>
   </trkpt>
   <trkpt lat="34.157830000000004" lon="-117.45382000000001">
    <ele>526.2600000000001</ele>
   </trkpt>
   <trkpt lat="34.15786" lon="-117.45379000000001">
    <ele>526.2600000000001</ele>
   </trkpt>
   <trkpt lat="34.15789" lon="-117.45354">
    <ele>526.2600000000001</ele>
   </trkpt>
   <trkpt lat="34.15869800000553" lon="-117.45355799931102">
    <ele>528.95</ele>
   </trkpt>
   <trkpt lat="34.159506000008435" lon="-117.45357599896651">
    <ele>531.44</ele>
   </trkpt>
   <trkpt lat="34.160314000008704" lon="-117.45359399896651">
    <ele>534.2300000000001</ele>
   </trkpt>
   <trkpt lat="34.16112200000635" lon="-117.453611999311">
    <ele>537.09</ele>
   </trkpt>
   <trkpt lat="34.161930000000005" lon="-117.45363">
    <ele>539.52</ele>
   </trkpt>
   <trkpt lat="34.161930000000005" lon="-117.45305">
    <ele>541.18</ele>
   </trkpt>
   <trkpt lat="34.162290000000006" lon="-117.45305">
    <ele>542.48</ele>
   </trkpt>
   <trkpt lat="34.16248" lon="-117.45302000000001">
    <ele>543.24</ele>
   </trkpt>
   <trkpt lat="34.16266" lon="-117.45296">
    <ele>543.5000000000001</ele>
   </trkpt>
   <trkpt lat="34.162850000000006" lon="-117.45287">
    <ele>543.79</ele>
   </trkpt>
   <trkpt lat="34.163160000000005" lon="-117.4526">
    <ele>545.0200000000001</ele>
   </trkpt>
   <trkpt lat="34.1636850014081" lon="-117.45202500350189">
    <ele>545.9200000000001</ele>
   </trkpt>
   <trkpt lat="34.164210000000004" lon="-117.45145000000001">
    <ele>546.51</ele>
   </trkpt>
   <trkpt lat="34.16431" lon="-117.45131">
    <ele>546.85</ele>
   </trkpt>
   <trkpt lat="34.16443" lon="-117.45099">
    <ele>547.18</ele>
   </trkpt>
   <trkpt lat="34.16452" lon="-117.45103">
    <ele>547.18</ele>
   </trkpt>
   <trkpt lat="34.164880000000004" lon="-117.45103">
    <ele>547.6800000000001</ele>
   </trkpt>
   <trkpt lat="34.16487" lon="-117.45014">
    <ele>548.13</ele>
   </trkpt>
   <trkpt lat="34.16491500194565" lon="-117.44944500057106">
    <ele>548.13</ele>
   </trkpt>
   <trkpt lat="34.16496" lon="-117.44875">
    <ele>548.13</ele>
   </trkpt>
   <trkpt lat="34.164950000000005" lon="-117.44847000000001">
    <ele>548.13</ele>
   </trkpt>
   <trkpt lat="34.16532" lon="-117.44835">
    <ele>560.71</ele>
   </trkpt>
   <trkpt lat="34.1655" lon="-117.44818000000001">
    <ele>560.71</ele>
   </trkpt>
   <trkpt lat="34.165620000000004" lon="-117.44804">
    <ele>560.71</ele>
   </trkpt>
   <trkpt lat="34.166055002084306" lon="-117.44732000373972">
    <ele>560.71</ele>
   </trkpt>
   <trkpt lat="34.16649" lon="-117.4466">
    <ele>560.71</ele>
   </trkpt>
   <trkpt lat="34.1668350019628" lon="-117.44593000246164">
    <ele>560.71</ele>
   </trkpt>
   <trkpt lat="34.16718" lon="-117.44526">
    <ele>560.71</ele>
   </trkpt>
   <trkpt lat="34.167410000000004" lon="-117.44486">
    <ele>560.71</ele>
   </trkpt>
   <trkpt lat="34.16758" lon="-117.44482">
    <ele>560.71</ele>
   </trkpt>
   <trkpt lat="34.167680000000004" lon="-117.44486">
    <ele>560.71</ele>
   </trkpt>
   <trkpt lat="34.1684800000297" lon="-117.44486">
    <ele>576.9000000000001</ele>
   </trkpt>
   <trkpt lat="34.16928" lon="-117.44486">
    <ele>576.9000000000001</ele>
   </trkpt>
   <trkpt lat="34.169340000000005" lon="-117.44485000000002">
    <ele>576.9000000000001</ele>
   </trkpt>
   <trkpt lat="34.169380000000004" lon="-117.44477">
    <ele>576.9000000000001</ele>
   </trkpt>
   <trkpt lat="34.1694" lon="-117.44468">
    <ele>576.9000000000001</ele>
   </trkpt>
   <trkpt lat="34.16946" lon="-117.44454">
    <ele>576.9000000000001</ele>
   </trkpt>
   <trkpt lat="34.169540000000005" lon="-117.44441">
    <ele>576.9000000000001</ele>
   </trkpt>
   <trkpt lat="34.16962" lon="-117.44432">
    <ele>576.9000000000001</ele>
   </trkpt>
   <trkpt lat="34.169760000000004" lon="-117.44424000000001">
    <ele>576.9000000000001</ele>
   </trkpt>
   <trkpt lat="34.169830000000005" lon="-117.44414">
    <ele>576.9000000000001</ele>
   </trkpt>
   <trkpt lat="34.17043" lon="-117.44383">
    <ele>576.77</ele>
   </trkpt>
   <trkpt lat="34.17054" lon="-117.44383">
    <ele>576.3900000000001</ele>
   </trkpt>
   <trkpt lat="34.17083" lon="-117.44388000000001">
    <ele>576.08</ele>
   </trkpt>
   <trkpt lat="34.17101" lon="-117.44396">
    <ele>576.84</ele>
   </trkpt>
   <trkpt lat="34.17108" lon="-117.44396">
    <ele>576.84</ele>
   </trkpt>
   <trkpt lat="34.171220000000005" lon="-117.44392">
    <ele>577.21</ele>
   </trkpt>
   <trkpt lat="34.171440000000004" lon="-117.44396">
    <ele>577.23</ele>
   </trkpt>
   <trkpt lat="34.17154" lon="-117.44392">
    <ele>577.37</ele>
   </trkpt>
   <trkpt lat="34.17179" lon="-117.44391000000002">
    <ele>577.69</ele>
   </trkpt>
   <trkpt lat="34.17201" lon="-117.44375000000001">
    <ele>578.71</ele>
   </trkpt>
   <trkpt lat="34.172000000000004" lon="-117.44405">
    <ele>579.11</ele>
   </trkpt>
   <trkpt lat="34.171910000000004" lon="-117.44432">
    <ele>579.89</ele>
   </trkpt>
   <trkpt lat="34.171910000000004" lon="-117.44436">
    <ele>579.89</ele>
   </trkpt>
   <trkpt lat="34.17203" lon="-117.44457000000001">
    <ele>580.1500000000001</ele>
   </trkpt>
   <trkpt lat="34.17217" lon="-117.44455">
    <ele>580.5600000000001</ele>
   </trkpt>
   <trkpt lat="34.172360000000005" lon="-117.44445">
    <ele>581.2700000000001</ele>
   </trkpt>
   <trkpt lat="34.17268" lon="-117.44393000000001">
    <ele>584.09</ele>
   </trkpt>
   <trkpt lat="34.17277" lon="-117.44383">
    <ele>584.34</ele>
   </trkpt>
   <trkpt lat="34.173255002103" lon="-117.44311000413678">
    <ele>586.69</ele>
   </trkpt>
   <trkpt lat="34.17374" lon="-117.44239">
    <ele>588.37</ele>
   </trkpt>
   <trkpt lat="34.17423500263889" lon="-117.44158500470422">
    <ele>591.37</ele>
   </trkpt>
   <trkpt lat="34.174730000000004" lon="-117.44078">
    <ele>593.43</ele>
   </trkpt>
   <trkpt lat="34.17522800962292" lon="-117.44001001816913">
    <ele>594.36</ele>
   </trkpt>
   <trkpt lat="34.17572601443696" lon="-117.4392400272501">
    <ele>595.23</ele>
   </trkpt>
   <trkpt lat="34.17622401444197" lon="-117.43847002724274">
    <ele>596.6100000000001</ele>
   </trkpt>
   <trkpt lat="34.17672200963785" lon="-117.4377000181469">
    <ele>596.46</ele>
   </trkpt>
   <trkpt lat="34.177220000000005" lon="-117.43693">
    <ele>598.83</ele>
   </trkpt>
   <trkpt lat="34.17737" lon="-117.43662">
    <ele>599.32</ele>
   </trkpt>
   <trkpt lat="34.177440000000004" lon="-117.43625000000002">
    <ele>599.6400000000001</ele>
   </trkpt>
   <trkpt lat="34.17796000001929" lon="-117.43625000000003">
    <ele>600.5100000000001</ele>
   </trkpt>
   <trkpt lat="34.17848" lon="-117.43625000000002">
    <ele>602.24</ele>
   </trkpt>
   <trkpt lat="34.17924500001915" lon="-117.43625499995481">
    <ele>606.1800000000001</ele>
   </trkpt>
   <trkpt lat="34.18001" lon="-117.43626">
    <ele>608.83</ele>
   </trkpt>
   <trkpt lat="34.18047" lon="-117.43635">
    <ele>610.0699999999999</ele>
   </trkpt>
   <trkpt lat="34.18085" lon="-117.43644">
    <ele>611.6400000000001</ele>
   </trkpt>
   <trkpt lat="34.18148" lon="-117.43674000000001">
    <ele>613.62</ele>
   </trkpt>
   <trkpt lat="34.1819600003303" lon="-117.4370049985174">
    <ele>614.9100000000001</ele>
   </trkpt>
   <trkpt lat="34.18244" lon="-117.43727000000001">
    <ele>616.4300000000001</ele>
   </trkpt>
   <trkpt lat="34.182885000441814" lon="-117.4374849989888">
    <ele>618.41</ele>
   </trkpt>
   <trkpt lat="34.183330000000005" lon="-117.4377">
    <ele>620.0300000000001</ele>
   </trkpt>
   <trkpt lat="34.18407600259053" lon="-117.43809798593234">
    <ele>623.39</ele>
   </trkpt>
   <trkpt lat="34.184822003896116" lon="-117.43849597890366">
    <ele>626.21</ele>
   </trkpt>
   <trkpt lat="34.18556800391675" lon="-117.43889397891435">
    <ele>629.26</ele>
   </trkpt>
   <trkpt lat="34.186314002652345" lon="-117.43929198596464">
    <ele>629.4399999999999</ele>
   </trkpt>
   <trkpt lat="34.18706" lon="-117.43969000000001">
    <ele>629.66</ele>
   </trkpt>
   <trkpt lat="34.187420012872444" lon="-117.43889335033343">
    <ele>628.19</ele>
   </trkpt>
   <trkpt lat="34.18778002059631" lon="-117.4380966938664">
    <ele>626.7</ele>
   </trkpt>
   <trkpt lat="34.188140023171435" lon="-117.4373000305988">
    <ele>626.58</ele>
   </trkpt>
   <trkpt lat="34.18850002059776" lon="-117.43650336053064">
    <ele>626.74</ele>
   </trkpt>
   <trkpt lat="34.18886001287514" lon="-117.43570668366185">
    <ele>626.72</ele>
   </trkpt>
   <trkpt lat="34.189220000000006" lon="-117.43491000000002">
    <ele>627.9200000000001</ele>
   </trkpt>
   <trkpt lat="34.18957667364111" lon="-117.43398334115007">
    <ele>628.58</ele>
   </trkpt>
   <trkpt lat="34.18993334031584" lon="-117.43305667446256">
    <ele>627.2800000000001</ele>
   </trkpt>
   <trkpt lat="34.190290000000005" lon="-117.43213000000002">
    <ele>624.97</ele>
   </trkpt>
   <trkpt lat="34.19051" lon="-117.43141000000001">
    <ele>621.36</ele>
   </trkpt>
   <trkpt lat="34.190765002197224" lon="-117.43067500220548">
    <ele>617.97</ele>
   </trkpt>
   <trkpt lat="34.19102" lon="-117.42994000000002">
    <ele>616.0300000000001</ele>
   </trkpt>
   <trkpt lat="34.191343358653626" lon="-117.42905669376245">
    <ele>615.04</ele>
   </trkpt>
   <trkpt lat="34.1916667109773" lon="-117.4281733807514">
    <ele>611.2800000000001</ele>
   </trkpt>
   <trkpt lat="34.1919900569709" lon="-117.42729006096685">
    <ele>608.69</ele>
   </trkpt>
   <trkpt lat="34.19231339663431" lon="-117.42640673440883">
    <ele>605.6700000000001</ele>
   </trkpt>
   <trkpt lat="34.192636729967404" lon="-117.42552340107729">
    <ele>601.45</ele>
   </trkpt>
   <trkpt lat="34.192960056970044" lon="-117.42464006097228">
    <ele>598.37</ele>
   </trkpt>
   <trkpt lat="34.19328337764212" lon="-117.42375671409378">
    <ele>597.3000000000001</ele>
   </trkpt>
   <trkpt lat="34.19360669198349" lon="-117.42287336044177">
    <ele>597.5100000000001</ele>
   </trkpt>
   <trkpt lat="34.19393" lon="-117.42199000000001">
    <ele>597.7600000000001</ele>
   </trkpt>
   <trkpt lat="34.194050000000004" lon="-117.42172000000001">
    <ele>597.86</ele>
   </trkpt>
   <trkpt lat="34.19422" lon="-117.42144">
    <ele>597.86</ele>
   </trkpt>
   <trkpt lat="34.19438" lon="-117.42122">
    <ele>597.7600000000001</ele>
   </trkpt>
   <trkpt lat="34.19454" lon="-117.42105000000001">
    <ele>597.87</ele>
   </trkpt>
   <trkpt lat="34.1952250013123" lon="-117.42048500457548">
    <ele>599.4</ele>
   </trkpt>
   <trkpt lat="34.195910000000005" lon="-117.41992">
    <ele>604.48</ele>
   </trkpt>
   <trkpt lat="34.19623" lon="-117.41971000000001">
    <ele>606.99</ele>
   </trkpt>
   <trkpt lat="34.196885000515564" lon="-117.41939000243688">
    <ele>611.48</ele>
   </trkpt>
   <trkpt lat="34.197540000000004" lon="-117.41907">
    <ele>615.4000000000001</ele>
   </trkpt>
   <trkpt lat="34.19792" lon="-117.41893">
    <ele>618.2800000000001</ele>
   </trkpt>
   <trkpt lat="34.198150000000005" lon="-117.41890000000001">
    <ele>619.2800000000001</ele>
   </trkpt>
   <trkpt lat="34.198600000000006" lon="-117.41896000000001">
    <ele>621.3100000000001</ele>
   </trkpt>
   <trkpt lat="34.198910000000005" lon="-117.41908000000001">
    <ele>621.9800000000001</ele>
   </trkpt>
   <trkpt lat="34.199160000000006" lon="-117.41916">
    <ele>622.2700000000001</ele>
   </trkpt>
   <trkpt lat="34.19943" lon="-117.41919000000001">
    <ele>622.41</ele>
   </trkpt>
   <trkpt lat="34.199670000000005" lon="-117.41917000000001">
    <ele>622.41</ele>
   </trkpt>
   <trkpt lat="34.200010000000006" lon="-117.41908000000001">
    <ele>622.46</ele>
   </trkpt>
   <trkpt lat="34.200590000536" lon="-117.41882000358306">
    <ele>621.65</ele>
   </trkpt>
   <trkpt lat="34.2011700005235" lon="-117.41856000358875">
    <ele>619.21</ele>
   </trkpt>
   <trkpt lat="34.201750000000004" lon="-117.41830000000002">
    <ele>618.8</ele>
   </trkpt>
   <trkpt lat="34.202090000000005" lon="-117.41804">
    <ele>617.6100000000001</ele>
   </trkpt>
   <trkpt lat="34.202270000000006" lon="-117.41786">
    <ele>617.0500000000001</ele>
   </trkpt>
   <trkpt lat="34.202540000000006" lon="-117.4175">
    <ele>616.3900000000001</ele>
   </trkpt>
   <trkpt lat="34.20264" lon="-117.41729000000001">
    <ele>614.86</ele>
   </trkpt>
   <trkpt lat="34.202740000000006" lon="-117.41702000000001">
    <ele>614.02</ele>
   </trkpt>
   <trkpt lat="34.20279" lon="-117.41678">
    <ele>613.1</ele>
   </trkpt>
   <trkpt lat="34.20282" lon="-117.41655000000002">
    <ele>612.3700000000001</ele>
   </trkpt>
   <trkpt lat="34.20281" lon="-117.41603">
    <ele>611.4300000000001</ele>
   </trkpt>
   <trkpt lat="34.20264" lon="-117.41507000000001">
    <ele>612.1500000000001</ele>
   </trkpt>
   <trkpt lat="34.202400000000004" lon="-117.41420000000001">
    <ele>615.0500000000001</ele>
   </trkpt>
   <trkpt lat="34.20215" lon="-117.41352">
    <ele>619.56</ele>
   </trkpt>
   <trkpt lat="34.20203" lon="-117.41306000000002">
    <ele>622.1300000000001</ele>
   </trkpt>
   <trkpt lat="34.20199" lon="-117.41258">
    <ele>625.6600000000001</ele>
   </trkpt>
   <trkpt lat="34.20199" lon="-117.41244">
    <ele>625.6600000000001</ele>
   </trkpt>
   <trkpt lat="34.202070000000006" lon="-117.41201000000001">
    <ele>627.29</ele>
   </trkpt>
   <trkpt lat="34.20219" lon="-117.41163000000002">
    <ele>630.1500000000001</ele>
   </trkpt>
   <trkpt lat="34.202270000000006" lon="-117.41147000000001">
    <ele>630.1500000000001</ele>
   </trkpt>
   <trkpt lat="34.202490000000004" lon="-117.41115">
    <ele>632.3700000000001</ele>
   </trkpt>
   <trkpt lat="34.20271" lon="-117.41096">
    <ele>633.57</ele>
   </trkpt>
   <trkpt lat="34.202960000000004" lon="-117.41079">
    <ele>634.71</ele>
   </trkpt>
   <trkpt lat="34.20333" lon="-117.41069000000002">
    <ele>635.4200000000001</ele>
   </trkpt>
   <trkpt lat="34.20367" lon="-117.41067000000001">
    <ele>635.6700000000001</ele>
   </trkpt>
   <trkpt lat="34.20393" lon="-117.4107">
    <ele>635.5</ele>
   </trkpt>
   <trkpt lat="34.20445000013146" lon="-117.41081499930777">
    <ele>634.3700000000001</ele>
   </trkpt>
   <trkpt lat="34.20497" lon="-117.41093000000001">
    <ele>632.21</ele>
   </trkpt>
   <trkpt lat="34.20519" lon="-117.41096">
    <ele>630.9300000000001</ele>
   </trkpt>
   <trkpt lat="34.205690000000004" lon="-117.41096">
    <ele>628.1600000000001</ele>
   </trkpt>
   <trkpt lat="34.206210000000006" lon="-117.41088">
    <ele>626.99</ele>
   </trkpt>
   <trkpt lat="34.206540000000004" lon="-117.41082000000002">
    <ele>622.58</ele>
   </trkpt>
   <trkpt lat="34.207150000000006" lon="-117.41065">
    <ele>621.2</ele>
   </trkpt>
   <trkpt lat="34.20756" lon="-117.41045000000001">
    <ele>617.73</ele>
   </trkpt>
   <trkpt lat="34.2079" lon="-117.41026000000001">
    <ele>615.44</ele>
   </trkpt>
   <trkpt lat="34.2083" lon="-117.40996000000001">
    <ele>612.09</ele>
   </trkpt>
   <trkpt lat="34.20882" lon="-117.40946000000001">
    <ele>610.97</ele>
   </trkpt>
   <trkpt lat="34.20938000180299" lon="-117.40879500440839">
    <ele>611.47</ele>
   </trkpt>
   <trkpt lat="34.20994" lon="-117.40813000000001">
    <ele>611.87</ele>
   </trkpt>
   <trkpt lat="34.21045500170476" lon="-117.4074950037958">
    <ele>612.6700000000001</ele>
   </trkpt>
   <trkpt lat="34.21097" lon="-117.40686000000001">
    <ele>612.7600000000001</ele>
   </trkpt>
   <trkpt lat="34.21160666983185" lon="-117.40623334282363">
    <ele>613.62</ele>
   </trkpt>
   <trkpt lat="34.21224333647685" lon="-117.40560667617845">
    <ele>613.46</ele>
   </trkpt>
   <trkpt lat="34.212880000000006" lon="-117.40498000000001">
    <ele>616.19</ele>
   </trkpt>
   <trkpt lat="34.213403335647264" lon="-117.40444334002329">
    <ele>619.44</ele>
   </trkpt>
   <trkpt lat="34.21392666895724" lon="-117.40390667338066">
    <ele>626.83</ele>
   </trkpt>
   <trkpt lat="34.21445" lon="-117.40337000000001">
    <ele>631.9800000000001</ele>
   </trkpt>
   <trkpt lat="34.2147" lon="-117.40317">
    <ele>632.38</ele>
   </trkpt>
   <trkpt lat="34.21508" lon="-117.40295">
    <ele>632.4200000000001</ele>
   </trkpt>
   <trkpt lat="34.21529" lon="-117.40286">
    <ele>632.07</ele>
   </trkpt>
   <trkpt lat="34.21569" lon="-117.40277">
    <ele>631.09</ele>
   </trkpt>
   <trkpt lat="34.2162" lon="-117.40276000000001">
    <ele>629.1600000000001</ele>
   </trkpt>
   <trkpt lat="34.21688333331472" lon="-117.40281333246499">
    <ele>624.24</ele>
   </trkpt>
   <trkpt lat="34.217566666606345" lon="-117.40286666579506">
    <ele>621.17</ele>
   </trkpt>
   <trkpt lat="34.218250000000005" lon="-117.40292000000001">
    <ele>622.87</ele>
   </trkpt>
   <trkpt lat="34.218700000000005" lon="-117.40291">
    <ele>625.41</ele>
   </trkpt>
   <trkpt lat="34.219190000000005" lon="-117.40282">
    <ele>628.11</ele>
   </trkpt>
   <trkpt lat="34.21963000033443" lon="-117.40266500072607">
    <ele>630.35</ele>
   </trkpt>
   <trkpt lat="34.22007" lon="-117.40251">
    <ele>631.88</ele>
   </trkpt>
   <trkpt lat="34.220310000000005" lon="-117.40237">
    <ele>633.0100000000001</ele>
   </trkpt>
   <trkpt lat="34.22059" lon="-117.40308">
    <ele>634.8100000000001</ele>
   </trkpt>
   <trkpt lat="34.2207666715563" lon="-117.40385666338223">
    <ele>635.8900000000001</ele>
   </trkpt>
   <trkpt lat="34.22094333821685" lon="-117.40463333002197">
    <ele>636.83</ele>
   </trkpt>
   <trkpt lat="34.221120000000006" lon="-117.40541">
    <ele>637.07</ele>
   </trkpt>
   <trkpt lat="34.221230000000006" lon="-117.40597000000001">
    <ele>637.17</ele>
   </trkpt>
   <trkpt lat="34.221330001760286" lon="-117.40662499934855">
    <ele>637.3700000000001</ele>
   </trkpt>
   <trkpt lat="34.221430000000005" lon="-117.40728000000001">
    <ele>637.95</ele>
   </trkpt>
   <trkpt lat="34.221510002448426" lon="-117.40805999905898">
    <ele>638.29</ele>
   </trkpt>
   <trkpt lat="34.221590000000006" lon="-117.40884000000001">
    <ele>638.78</ele>
   </trkpt>
   <trkpt lat="34.22166" lon="-117.40922">
    <ele>639.23</ele>
   </trkpt>
   <trkpt lat="34.22175" lon="-117.40953">
    <ele>639.49</ele>
   </trkpt>
   <trkpt lat="34.221920000000004" lon="-117.40998">
    <ele>639.8600000000001</ele>
   </trkpt>
   <trkpt lat="34.222060000000006" lon="-117.41025">
    <ele>640.1</ele>
   </trkpt>
   <trkpt lat="34.222350000000006" lon="-117.4107">
    <ele>641.0400000000001</ele>
   </trkpt>
   <trkpt lat="34.222550000000005" lon="-117.41092">
    <ele>641.7400000000001</ele>
   </trkpt>
   <trkpt lat="34.22289" lon="-117.41123">
    <ele>642.97</ele>
   </trkpt>
   <trkpt lat="34.22334" lon="-117.41154000000002">
    <ele>646.44</ele>
   </trkpt>
   <trkpt lat="34.223780000000005" lon="-117.41172">
    <ele>649.14</ele>
   </trkpt>
   <trkpt lat="34.224340000127036" lon="-117.4118599990811">
    <ele>651.71</ele>
   </trkpt>
   <trkpt lat="34.224900000000005" lon="-117.412">
    <ele>657.44</ele>
   </trkpt>
   <trkpt lat="34.22523" lon="-117.41214000000001">
    <ele>658.86</ele>
   </trkpt>
   <trkpt lat="34.2254" lon="-117.41223000000001">
    <ele>660.32</ele>
   </trkpt>
   <trkpt lat="34.2257" lon="-117.41244">
    <ele>662.1100000000001</ele>
   </trkpt>
   <trkpt lat="34.2259" lon="-117.41262">
    <ele>664.4300000000001</ele>
   </trkpt>
   <trkpt lat="34.22626" lon="-117.41298">
    <ele>666.75</ele>
   </trkpt>
   <trkpt lat="34.226755004436605" lon="-117.41358248939743">
    <ele>670.8100000000001</ele>
   </trkpt>
   <trkpt lat="34.2272500059268" lon="-117.41418498587684">
    <ele>677.1400000000001</ele>
   </trkpt>
   <trkpt lat="34.22774500447052" lon="-117.41478748943847">
    <ele>681.85</ele>
   </trkpt>
   <trkpt lat="34.22824" lon="-117.41539000000002">
    <ele>684.4300000000001</ele>
   </trkpt>
   <trkpt lat="34.22858000079084" lon="-117.41583999814226">
    <ele>686.9000000000001</ele>
   </trkpt>
   <trkpt lat="34.22892" lon="-117.41629">
    <ele>690.4</ele>
   </trkpt>
   <trkpt lat="34.22914" lon="-117.41665">
    <ele>692.01</ele>
   </trkpt>
   <trkpt lat="34.22960287329178" lon="-117.41746425886527">
    <ele>693.59</ele>
   </trkpt>
   <trkpt lat="34.230065741201685" lon="-117.41827852668145">
    <ele>692.98</ele>
   </trkpt>
   <trkpt lat="34.23052860372957" lon="-117.41909280344872">
    <ele>691.27</ele>
   </trkpt>
   <trkpt lat="34.23099146087527" lon="-117.41990708916718">
    <ele>689.5600000000001</ele>
   </trkpt>
   <trkpt lat="34.231454312638654" lon="-117.42072138383699">
    <ele>688.62</ele>
   </trkpt>
   <trkpt lat="34.23191715901956" lon="-117.42153568745833">
    <ele>687.84</ele>
   </trkpt>
   <trkpt lat="34.232380000000006" lon="-117.42235000000001">
    <ele>689.52</ele>
   </trkpt>
   <trkpt lat="34.23285250804039" lon="-117.42316248632591">
    <ele>693.15</ele>
   </trkpt>
   <trkpt lat="34.23332501072207" lon="-117.42397498177027">
    <ele>696.5400000000001</ele>
   </trkpt>
   <trkpt lat="34.23379750804491" lon="-117.42478748633324">
    <ele>699.23</ele>
   </trkpt>
   <trkpt lat="34.23427" lon="-117.4256">
    <ele>701.09</ele>
   </trkpt>
   <trkpt lat="34.23471" lon="-117.42627000000002">
    <ele>700.57</ele>
   </trkpt>
   <trkpt lat="34.234860000000005" lon="-117.42660000000001">
    <ele>699.5</ele>
   </trkpt>
   <trkpt lat="34.23522000166388" lon="-117.42723999726594">
    <ele>697.06</ele>
   </trkpt>
   <trkpt lat="34.235580000000006" lon="-117.42788000000002">
    <ele>696.0500000000001</ele>
   </trkpt>
   <trkpt lat="34.23608547941221" lon="-117.42866268027893">
    <ele>698.5400000000001</ele>
   </trkpt>
   <trkpt lat="34.236590953851426" lon="-117.4294453699559">
    <ele>704.08</ele>
   </trkpt>
   <trkpt lat="34.23709642331754" lon="-117.43022806903107">
    <ele>708.16</ele>
   </trkpt>
   <trkpt lat="34.23760188781036" lon="-117.4310107775047">
    <ele>713.87</ele>
   </trkpt>
   <trkpt lat="34.23810734732974" lon="-117.43179349537692">
    <ele>719.4</ele>
   </trkpt>
   <trkpt lat="34.238612801875526" lon="-117.432576222648">
    <ele>723.4</ele>
   </trkpt>
   <trkpt lat="34.239118251447564" lon="-117.43335895931808">
    <ele>726.25</ele>
   </trkpt>
   <trkpt lat="34.239623696045726" lon="-117.4341417053874">
    <ele>731.6400000000001</ele>
   </trkpt>
   <trkpt lat="34.240129135669825" lon="-117.43492446085611">
    <ele>734.84</ele>
   </trkpt>
   <trkpt lat="34.24063457031973" lon="-117.43570722572447">
    <ele>736.3000000000001</ele>
   </trkpt>
   <trkpt lat="34.24114" lon="-117.43649">
    <ele>735.8800000000001</ele>
   </trkpt>
   <trkpt lat="34.24155500178322" lon="-117.43715499670243">
    <ele>734.2700000000001</ele>
   </trkpt>
   <trkpt lat="34.24197" lon="-117.43782000000002">
    <ele>731.6300000000001</ele>
   </trkpt>
   <trkpt lat="34.242450002782185" lon="-117.43865499515482">
    <ele>728.59</ele>
   </trkpt>
   <trkpt lat="34.24293" lon="-117.43949">
    <ele>726.98</ele>
   </trkpt>
   <trkpt lat="34.243420012563064" lon="-117.440369979488">
    <ele>726.31</ele>
   </trkpt>
   <trkpt lat="34.24391001883922" lon="-117.44124996922189">
    <ele>725.5100000000001</ele>
   </trkpt>
   <trkpt lat="34.24440001882831" lon="-117.44212996920174">
    <ele>724.94</ele>
   </trkpt>
   <trkpt lat="34.24489001253012" lon="-117.44300997942783">
    <ele>723.7</ele>
   </trkpt>
   <trkpt lat="34.245380000000004" lon="-117.44389000000001">
    <ele>723.25</ele>
   </trkpt>
   <trkpt lat="34.24577000618306" lon="-117.44460249009623">
    <ele>723.95</ele>
   </trkpt>
   <trkpt lat="34.24616000824457" lon="-117.44531498679565">
    <ele>725.6600000000001</ele>
   </trkpt>
   <trkpt lat="34.24655000618443" lon="-117.44602749009843">
    <ele>727.83</ele>
   </trkpt>
   <trkpt lat="34.24694" lon="-117.44674">
    <ele>729.4200000000001</ele>
   </trkpt>
   <trkpt lat="34.24744113716277" lon="-117.44763551290286">
    <ele>732.32</ele>
   </trkpt>
   <trkpt lat="34.24794226781438" lon="-117.44853103647074">
    <ele>733.99</ele>
   </trkpt>
   <trkpt lat="34.248443391954616" lon="-117.44942657070388">
    <ele>736.1700000000001</ele>
   </trkpt>
   <trkpt lat="34.24894450958329" lon="-117.45032211560236">
    <ele>738.7600000000001</ele>
   </trkpt>
   <trkpt lat="34.2494456207002" lon="-117.45121767116646">
    <ele>741.0000000000001</ele>
   </trkpt>
   <trkpt lat="34.249946725305136" lon="-117.4521132373963">
    <ele>744.01</ele>
   </trkpt>
   <trkpt lat="34.250447823397906" lon="-117.45300881429216">
    <ele>746.92</ele>
   </trkpt>
   <trkpt lat="34.25094891497831" lon="-117.45390440185415">
    <ele>751.35</ele>
   </trkpt>
   <trkpt lat="34.251450000000006" lon="-117.4548">
    <ele>754.45</ele>
   </trkpt>
   <trkpt lat="34.25187500247834" lon="-117.45557999607563">
    <ele>757.9800000000001</ele>
   </trkpt>
   <trkpt lat="34.252300000000005" lon="-117.45636">
    <ele>760.73</ele>
   </trkpt>
   <trkpt lat="34.252590000000005" lon="-117.45691000000001">
    <ele>763.2700000000001</ele>
   </trkpt>
   <trkpt lat="34.252930000000006" lon="-117.45762">
    <ele>766.24</ele>
   </trkpt>
   <trkpt lat="34.25329200968362" lon="-117.45839198672498">
    <ele>768.75</ele>
   </trkpt>
   <trkpt lat="34.253654014528074" lon="-117.45916398009282">
    <ele>772.23</ele>
   </trkpt>
   <trkpt lat="34.254016014533285" lon="-117.45993598010367">
    <ele>774.29</ele>
   </trkpt>
   <trkpt lat="34.25437800969913" lon="-117.46070798675751">
    <ele>775.7</ele>
   </trkpt>
   <trkpt lat="34.254740000000005" lon="-117.46148000000001">
    <ele>776.63</ele>
   </trkpt>
   <trkpt lat="34.255210003292206" lon="-117.46237999497922">
    <ele>780.76</ele>
   </trkpt>
   <trkpt lat="34.255680000000005" lon="-117.46328000000001">
    <ele>783.37</ele>
   </trkpt>
   <trkpt lat="34.256190000000004" lon="-117.46415">
    <ele>786.2500000000001</ele>
   </trkpt>
   <trkpt lat="34.25663" lon="-117.46479000000001">
    <ele>788.1100000000001</ele>
   </trkpt>
   <trkpt lat="34.257200000000005" lon="-117.46546000000001">
    <ele>789.34</ele>
   </trkpt>
   <trkpt lat="34.257490000000004" lon="-117.46576">
    <ele>790.4100000000001</ele>
   </trkpt>
   <trkpt lat="34.25813" lon="-117.46631000000001">
    <ele>792.0</ele>
   </trkpt>
   <trkpt lat="34.25847" lon="-117.46657">
    <ele>792.85</ele>
   </trkpt>
   <trkpt lat="34.258860000000006" lon="-117.46683000000002">
    <ele>793.5000000000001</ele>
   </trkpt>
   <trkpt lat="34.25941" lon="-117.46711">
    <ele>794.54</ele>
   </trkpt>
   <trkpt lat="34.26006" lon="-117.46738">
    <ele>795.5600000000001</ele>
   </trkpt>
   <trkpt lat="34.26034" lon="-117.46748000000001">
    <ele>796.5300000000001</ele>
   </trkpt>
   <trkpt lat="34.260760000000005" lon="-117.4676">
    <ele>797.3800000000001</ele>
   </trkpt>
   <trkpt lat="34.26128" lon="-117.46770000000001">
    <ele>799.03</ele>
   </trkpt>
   <trkpt lat="34.261520000000004" lon="-117.46773">
    <ele>799.03</ele>
   </trkpt>
   <trkpt lat="34.26194" lon="-117.46773">
    <ele>799.6700000000001</ele>
   </trkpt>
   <trkpt lat="34.262280000000004" lon="-117.46765">
    <ele>800.39</ele>
   </trkpt>
   <trkpt lat="34.262690000000006" lon="-117.46751">
    <ele>800.7</ele>
   </trkpt>
   <trkpt lat="34.26324" lon="-117.4672">
    <ele>801.58</ele>
   </trkpt>
   <trkpt lat="34.263630000000006" lon="-117.46683000000002">
    <ele>803.03</ele>
   </trkpt>
   <trkpt lat="34.263830000000006" lon="-117.46657">
    <ele>804.5000000000001</ele>
   </trkpt>
   <trkpt lat="34.26399" lon="-117.46631000000001">
    <ele>804.88</ele>
   </trkpt>
   <trkpt lat="34.264390000000006" lon="-117.46560000000001">
    <ele>806.32</ele>
   </trkpt>
   <trkpt lat="34.264590000000005" lon="-117.46533000000001">
    <ele>806.6200000000001</ele>
   </trkpt>
   <trkpt lat="34.265190000000004" lon="-117.46470000000001">
    <ele>807.7</ele>
   </trkpt>
   <trkpt lat="34.265530000000005" lon="-117.46430000000001">
    <ele>808.6200000000001</ele>
   </trkpt>
   <trkpt lat="34.26572" lon="-117.46402">
    <ele>809.0500000000001</ele>
   </trkpt>
   <trkpt lat="34.265820000000005" lon="-117.4638">
    <ele>809.44</ele>
   </trkpt>
   <trkpt lat="34.26596" lon="-117.46339">
    <ele>809.9300000000001</ele>
   </trkpt>
   <trkpt lat="34.26606" lon="-117.46291000000001">
    <ele>810.46</ele>
   </trkpt>
   <trkpt lat="34.26617000433572" lon="-117.46187500148658">
    <ele>811.1600000000001</ele>
   </trkpt>
   <trkpt lat="34.26628" lon="-117.46084">
    <ele>811.7800000000001</ele>
   </trkpt>
   <trkpt lat="34.266450000000006" lon="-117.45981">
    <ele>812.8100000000001</ele>
   </trkpt>
   <trkpt lat="34.26655" lon="-117.45932">
    <ele>813.6500000000001</ele>
   </trkpt>
   <trkpt lat="34.266740000000006" lon="-117.45861000000001">
    <ele>814.6700000000001</ele>
   </trkpt>
   <trkpt lat="34.26697" lon="-117.45788">
    <ele>816.13</ele>
   </trkpt>
   <trkpt lat="34.26722" lon="-117.45718000000001">
    <ele>817.6700000000001</ele>
   </trkpt>
   <trkpt lat="34.26756" lon="-117.45636">
    <ele>819.6800000000001</ele>
   </trkpt>
   <trkpt lat="34.26787500160123" lon="-117.45573500231136">
    <ele>821.34</ele>
   </trkpt>
   <trkpt lat="34.268190000000004" lon="-117.45511">
    <ele>822.6800000000001</ele>
   </trkpt>
   <trkpt lat="34.26845" lon="-117.45464000000001">
    <ele>823.97</ele>
   </trkpt>
   <trkpt lat="34.268765000881565" lon="-117.45415500193019">
    <ele>824.83</ele>
   </trkpt>
   <trkpt lat="34.26908" lon="-117.45367000000002">
    <ele>825.4800000000001</ele>
   </trkpt>
   <trkpt lat="34.269540000000006" lon="-117.45305">
    <ele>827.37</ele>
   </trkpt>
   <trkpt lat="34.270030000000006" lon="-117.45256">
    <ele>829.13</ele>
   </trkpt>
   <trkpt lat="34.27057" lon="-117.45211">
    <ele>830.47</ele>
   </trkpt>
   <trkpt lat="34.270920000000004" lon="-117.45184">
    <ele>831.44</ele>
   </trkpt>
   <trkpt lat="34.27125" lon="-117.45162">
    <ele>832.23</ele>
   </trkpt>
   <trkpt lat="34.27170500033237" lon="-117.45137500127807">
    <ele>833.33</ele>
   </trkpt>
   <trkpt lat="34.27216" lon="-117.45113">
    <ele>835.1700000000001</ele>
   </trkpt>
   <trkpt lat="34.27272" lon="-117.45099">
    <ele>837.9700000000001</ele>
   </trkpt>
   <trkpt lat="34.273" lon="-117.45094">
    <ele>840.3900000000001</ele>
   </trkpt>
   <trkpt lat="34.27369" lon="-117.45095">
    <ele>844.0600000000001</ele>
   </trkpt>
   <trkpt lat="34.274150000000006" lon="-117.45103">
    <ele>846.4100000000001</ele>
   </trkpt>
   <trkpt lat="34.274860000000004" lon="-117.45127000000001">
    <ele>850.5600000000001</ele>
   </trkpt>
   <trkpt lat="34.275310000000005" lon="-117.45146000000001">
    <ele>852.8500000000001</ele>
   </trkpt>
   <trkpt lat="34.275740000000006" lon="-117.45171">
    <ele>853.5300000000001</ele>
   </trkpt>
   <trkpt lat="34.27604" lon="-117.45197">
    <ele>854.6800000000001</ele>
   </trkpt>
   <trkpt lat="34.27657" lon="-117.45233">
    <ele>855.46</ele>
   </trkpt>
   <trkpt lat="34.27687" lon="-117.45251">
    <ele>856.23</ele>
   </trkpt>
   <trkpt lat="34.277190000000004" lon="-117.45265">
    <ele>856.77</ele>
   </trkpt>
   <trkpt lat="34.27779" lon="-117.45287">
    <ele>857.89</ele>
   </trkpt>
   <trkpt lat="34.27833000008947" lon="-117.45302499900197">
    <ele>858.6600000000001</ele>
   </trkpt>
   <trkpt lat="34.278870000000005" lon="-117.45318">
    <ele>860.0200000000001</ele>
   </trkpt>
   <trkpt lat="34.27933" lon="-117.45336">
    <ele>860.8000000000001</ele>
   </trkpt>
   <trkpt lat="34.280030000000004" lon="-117.45359">
    <ele>863.6</ele>
   </trkpt>
   <trkpt lat="34.28061" lon="-117.45372">
    <ele>865.94</ele>
   </trkpt>
   <trkpt lat="34.28097" lon="-117.45376">
    <ele>865.94</ele>
   </trkpt>
   <trkpt lat="34.281600000000005" lon="-117.45381">
    <ele>868.7600000000001</ele>
   </trkpt>
   <trkpt lat="34.28215" lon="-117.45378000000001">
    <ele>870.33</ele>
   </trkpt>
   <trkpt lat="34.28296" lon="-117.45367000000002">
    <ele>873.4200000000001</ele>
   </trkpt>
   <trkpt lat="34.28349000016214" lon="-117.4535200009259">
    <ele>875.57</ele>
   </trkpt>
   <trkpt lat="34.284020000000005" lon="-117.45337">
    <ele>877.9100000000001</ele>
   </trkpt>
   <trkpt lat="34.284290000000006" lon="-117.45332">
    <ele>879.1000000000001</ele>
   </trkpt>
   <trkpt lat="34.284870000000005" lon="-117.45327">
    <ele>881.41</ele>
   </trkpt>
   <trkpt lat="34.28563999995108" lon="-117.45322500041566">
    <ele>884.0300000000001</ele>
   </trkpt>
   <trkpt lat="34.286410000000004" lon="-117.45318">
    <ele>887.4000000000001</ele>
   </trkpt>
   <trkpt lat="34.28702666664266" lon="-117.45315333372601">
    <ele>889.2500000000001</ele>
   </trkpt>
   <trkpt lat="34.287643333279526" lon="-117.45312666706063">
    <ele>890.7400000000001</ele>
   </trkpt>
   <trkpt lat="34.28826" lon="-117.4531">
    <ele>891.1300000000001</ele>
   </trkpt>
   <trkpt lat="34.28887500001696" lon="-117.45306000029208">
    <ele>891.56</ele>
   </trkpt>
   <trkpt lat="34.28949" lon="-117.45302000000001">
    <ele>892.24</ele>
   </trkpt>
   <trkpt lat="34.29012000012122" lon="-117.45301000007308">
    <ele>892.6200000000001</ele>
   </trkpt>
   <trkpt lat="34.29075" lon="-117.453">
    <ele>894.2200000000001</ele>
   </trkpt>
   <trkpt lat="34.29142" lon="-117.45314">
    <ele>894.53</ele>
   </trkpt>
   <trkpt lat="34.29191" lon="-117.45336">
    <ele>894.29</ele>
   </trkpt>
   <trkpt lat="34.292410000000004" lon="-117.45364000000001">
    <ele>893.1000000000001</ele>
   </trkpt>
   <trkpt lat="34.292770000000004" lon="-117.45395">
    <ele>891.62</ele>
   </trkpt>
   <trkpt lat="34.29294" lon="-117.45412">
    <ele>891.0300000000001</ele>
   </trkpt>
   <trkpt lat="34.293260000000004" lon="-117.45452000000002">
    <ele>889.5500000000001</ele>
   </trkpt>
   <trkpt lat="34.293680003429756" lon="-117.455163327004">
    <ele>887.84</ele>
   </trkpt>
   <trkpt lat="34.294100003497086" lon="-117.45580666044037">
    <ele>886.85</ele>
   </trkpt>
   <trkpt lat="34.294520000000006" lon="-117.45645">
    <ele>886.7900000000001</ele>
   </trkpt>
   <trkpt lat="34.29477" lon="-117.45676">
    <ele>886.3900000000001</ele>
   </trkpt>
   <trkpt lat="34.295" lon="-117.45703">
    <ele>886.32</ele>
   </trkpt>
   <trkpt lat="34.29545" lon="-117.45748">
    <ele>886.9</ele>
   </trkpt>
   <trkpt lat="34.29576" lon="-117.45775">
    <ele>887.6700000000001</ele>
   </trkpt>
   <trkpt lat="34.296240000000004" lon="-117.45810000000002">
    <ele>890.3000000000001</ele>
   </trkpt>
   <trkpt lat="34.29672" lon="-117.45839000000001">
    <ele>892.3000000000001</ele>
   </trkpt>
   <trkpt lat="34.297160000000005" lon="-117.45862000000001">
    <ele>893.45</ele>
   </trkpt>
   <trkpt lat="34.29739" lon="-117.45870000000001">
    <ele>894.3700000000001</ele>
   </trkpt>
   <trkpt lat="34.29755" lon="-117.45874">
    <ele>895.4200000000001</ele>
   </trkpt>
   <trkpt lat="34.297830000000005" lon="-117.45873">
    <ele>896.4200000000001</ele>
   </trkpt>
   <trkpt lat="34.29806" lon="-117.45866000000001">
    <ele>897.19</ele>
   </trkpt>
   <trkpt lat="34.29815" lon="-117.45896">
    <ele>898.4000000000001</ele>
   </trkpt>
   <trkpt lat="34.298300000000005" lon="-117.45919">
    <ele>899.46</ele>
   </trkpt>
   <trkpt lat="34.298460000000006" lon="-117.45929000000001">
    <ele>900.4900000000001</ele>
   </trkpt>
   <trkpt lat="34.29926250215816" lon="-117.45970998796594">
    <ele>903.45</ele>
   </trkpt>
   <trkpt lat="34.300065002883144" lon="-117.46012998395724">
    <ele>904.1800000000001</ele>
   </trkpt>
   <trkpt lat="34.30086750217488" lon="-117.46054998797429">
    <ele>901.7900000000001</ele>
   </trkpt>
   <trkpt lat="34.30167" lon="-117.46097">
    <ele>902.6600000000001</ele>
   </trkpt>
   <trkpt lat="34.301950000000005" lon="-117.46132000000001">
    <ele>902.9</ele>
   </trkpt>
   <trkpt lat="34.3025" lon="-117.46179000000001">
    <ele>902.95</ele>
   </trkpt>
   <trkpt lat="34.302780000000006" lon="-117.46213000000002">
    <ele>905.14</ele>
   </trkpt>
   <trkpt lat="34.30312" lon="-117.46258">
    <ele>906.57</ele>
   </trkpt>
   <trkpt lat="34.30335" lon="-117.46291000000001">
    <ele>908.1500000000001</ele>
   </trkpt>
   <trkpt lat="34.30371" lon="-117.4638">
    <ele>909.21</ele>
   </trkpt>
   <trkpt lat="34.30382" lon="-117.46433">
    <ele>911.33</ele>
   </trkpt>
   <trkpt lat="34.304030000000004" lon="-117.465">
    <ele>914.96</ele>
   </trkpt>
   <trkpt lat="34.30409" lon="-117.46523">
    <ele>918.7</ele>
   </trkpt>
   <trkpt lat="34.304370000000006" lon="-117.46543000000001">
    <ele>920.66</ele>
   </trkpt>
   <trkpt lat="34.30465" lon="-117.46573000000001">
    <ele>921.3500000000001</ele>
   </trkpt>
   <trkpt lat="34.30487" lon="-117.46585">
    <ele>922.1400000000001</ele>
   </trkpt>
   <trkpt lat="34.305110000000006" lon="-117.4659">
    <ele>922.1400000000001</ele>
   </trkpt>
   <trkpt lat="34.30559" lon="-117.4659">
    <ele>923.9300000000001</ele>
   </trkpt>
   <trkpt lat="34.305820000000004" lon="-117.46581">
    <ele>924.6500000000001</ele>
   </trkpt>
   <trkpt lat="34.30588" lon="-117.46582000000001">
    <ele>924.6500000000001</ele>
   </trkpt>
   <trkpt lat="34.30599" lon="-117.46591000000001">
    <ele>925.2800000000001</ele>
   </trkpt>
   <trkpt lat="34.306020000000004" lon="-117.46599">
    <ele>925.2800000000001</ele>
   </trkpt>
   <trkpt lat="34.306020000000004" lon="-117.46608">
    <ele>925.57</ele>
   </trkpt>
   <trkpt lat="34.30597" lon="-117.4663">
    <ele>926.8900000000001</ele>
   </trkpt>
   <trkpt lat="34.30601" lon="-117.46639">
    <ele>926.8900000000001</ele>
   </trkpt>
   <trkpt lat="34.306560001943986" lon="-117.46687999357495">
    <ele>929.73</ele>
   </trkpt>
   <trkpt lat="34.30711000193702" lon="-117.46736999356864">
    <ele>933.1</ele>
   </trkpt>
   <trkpt lat="34.307660000000006" lon="-117.46786000000002">
    <ele>935.64</ele>
   </trkpt>
   <trkpt lat="34.308020000000006" lon="-117.46822000000002">
    <ele>936.12</ele>
   </trkpt>
   <trkpt lat="34.30821" lon="-117.46845">
    <ele>937.0200000000001</ele>
   </trkpt>
   <trkpt lat="34.30871000257996" lon="-117.46925999503762">
    <ele>939.08</ele>
   </trkpt>
   <trkpt lat="34.30921" lon="-117.47007">
    <ele>944.22</ele>
   </trkpt>
   <trkpt lat="34.309610001602366" lon="-117.4706899971091">
    <ele>951.5500000000001</ele>
   </trkpt>
   <trkpt lat="34.310010000000005" lon="-117.47131">
    <ele>957.86</ele>
   </trkpt>
   <trkpt lat="34.310340000000004" lon="-117.47176">
    <ele>964.9100000000001</ele>
   </trkpt>
   <trkpt lat="34.310930001161886" lon="-117.47229499623941">
    <ele>976.5300000000001</ele>
   </trkpt>
   <trkpt lat="34.31152" lon="-117.47283000000002">
    <ele>981.74</ele>
   </trkpt>
   <trkpt lat="34.31192" lon="-117.47300000000001">
    <ele>983.3100000000001</ele>
   </trkpt>
   <trkpt lat="34.31197667374791" lon="-117.4720666678886">
    <ele>989.1200000000001</ele>
   </trkpt>
   <trkpt lat="34.31203334041689" lon="-117.47113333451715">
    <ele>993.89</ele>
   </trkpt>
   <trkpt lat="34.312090000000005" lon="-117.4702">
    <ele>998.4000000000001</ele>
   </trkpt>
   <trkpt lat="34.312160000000006" lon="-117.46966">
    <ele>1001.6700000000001</ele>
   </trkpt>
   <trkpt lat="34.31233" lon="-117.46895">
    <ele>1003.5899999999999</ele>
   </trkpt>
   <trkpt lat="34.31269" lon="-117.4681">
    <ele>1004.6600000000001</ele>
   </trkpt>
   <trkpt lat="34.313" lon="-117.46757000000001">
    <ele>1004.5700000000002</ele>
   </trkpt>
   <trkpt lat="34.313340000000004" lon="-117.46715">
    <ele>1004.07</ele>
   </trkpt>
   <trkpt lat="34.313700000000004" lon="-117.46676000000001">
    <ele>1002.6000000000001</ele>
   </trkpt>
   <trkpt lat="34.31421000134743" lon="-117.46635333827177">
    <ele>1000.5600000000001</ele>
   </trkpt>
   <trkpt lat="34.31472000135094" lon="-117.46594667160237">
    <ele>997.13</ele>
   </trkpt>
   <trkpt lat="34.31523" lon="-117.46554">
    <ele>994.84</ele>
   </trkpt>
   <trkpt lat="34.315730001348115" lon="-117.465126671624">
    <ele>991.5600000000001</ele>
   </trkpt>
   <trkpt lat="34.31623000130785" lon="-117.464713338324">
    <ele>987.5300000000001</ele>
   </trkpt>
   <trkpt lat="34.31673" lon="-117.46430000000001">
    <ele>985.11</ele>
   </trkpt>
   <trkpt lat="34.31736666876421" lon="-117.46379334101053">
    <ele>983.1</ele>
   </trkpt>
   <trkpt lat="34.318003335442185" lon="-117.46328667433498">
    <ele>984.1800000000001</ele>
   </trkpt>
   <trkpt lat="34.31864" lon="-117.46278000000001">
    <ele>986.4300000000001</ele>
   </trkpt>
   <trkpt lat="34.31931" lon="-117.46214">
    <ele>990.6800000000001</ele>
   </trkpt>
   <trkpt lat="34.3197000008097" lon="-117.46166500233771">
    <ele>996.8000000000001</ele>
   </trkpt>
   <trkpt lat="34.32009" lon="-117.46119000000002">
    <ele>1001.9900000000001</ele>
   </trkpt>
   <trkpt lat="34.32050500100022" lon="-117.46065500285545">
    <ele>1005.3800000000001</ele>
   </trkpt>
   <trkpt lat="34.32092" lon="-117.46012">
    <ele>1008.96</ele>
   </trkpt>
   <trkpt lat="34.32121" lon="-117.45981">
    <ele>1010.9400000000002</ele>
   </trkpt>
   <trkpt lat="34.321960000000004" lon="-117.45923">
    <ele>1014.7900000000001</ele>
   </trkpt>
   <trkpt lat="34.32251" lon="-117.45891">
    <ele>1017.1400000000001</ele>
   </trkpt>
   <trkpt lat="34.323040000000006" lon="-117.45848000000001">
    <ele>1018.0600000000002</ele>
   </trkpt>
   <trkpt lat="34.32331" lon="-117.45824">
    <ele>1020.0900000000001</ele>
   </trkpt>
   <trkpt lat="34.3235" lon="-117.45798">
    <ele>1023.1000000000001</ele>
   </trkpt>
   <trkpt lat="34.3237" lon="-117.45766">
    <ele>1024.89</ele>
   </trkpt>
   <trkpt lat="34.323910000000005" lon="-117.45725000000002">
    <ele>1025.89</ele>
   </trkpt>
   <trkpt lat="34.323980000000006" lon="-117.45703">
    <ele>1026.58</ele>
   </trkpt>
   <trkpt lat="34.32421" lon="-117.45615000000001">
    <ele>1026.81</ele>
   </trkpt>
   <trkpt lat="34.3243" lon="-117.456">
    <ele>1026.1200000000001</ele>
   </trkpt>
   <trkpt lat="34.32464" lon="-117.45569">
    <ele>1026.8700000000001</ele>
   </trkpt>
   <trkpt lat="34.324980000000004" lon="-117.45530000000001">
    <ele>1031.2400000000002</ele>
   </trkpt>
   <trkpt lat="34.32526" lon="-117.45494000000001">
    <ele>1035.39</ele>
   </trkpt>
   <trkpt lat="34.325520000000004" lon="-117.45447000000001">
    <ele>1038.8500000000001</ele>
   </trkpt>
   <trkpt lat="34.32576" lon="-117.45386">
    <ele>1042.21</ele>
   </trkpt>
   <trkpt lat="34.32604000235453" lon="-117.45309500261774">
    <ele>1044.7600000000002</ele>
   </trkpt>
   <trkpt lat="34.32632" lon="-117.45233">
    <ele>1048.48</ele>
   </trkpt>
   <trkpt lat="34.32654" lon="-117.45186000000001">
    <ele>1049.8400000000001</ele>
   </trkpt>
   <trkpt lat="34.326820000000005" lon="-117.45143000000002">
    <ele>1052.75</ele>
   </trkpt>
   <trkpt lat="34.32719" lon="-117.45094">
    <ele>1054.8300000000002</ele>
   </trkpt>
   <trkpt lat="34.327893336421205" lon="-117.45032334367455">
    <ele>1052.45</ele>
   </trkpt>
   <trkpt lat="34.328596669751526" lon="-117.44970667701071">
    <ele>1053.0600000000002</ele>
   </trkpt>
   <trkpt lat="34.3293" lon="-117.44909000000001">
    <ele>1060.63</ele>
   </trkpt>
   <trkpt lat="34.32961" lon="-117.44875">
    <ele>1063.83</ele>
   </trkpt>
   <trkpt lat="34.3299" lon="-117.44837000000001">
    <ele>1068.95</ele>
   </trkpt>
   <trkpt lat="34.330180000000006" lon="-117.4479">
    <ele>1071.68</ele>
   </trkpt>
   <trkpt lat="34.330330000000004" lon="-117.44759">
    <ele>1073.6499999999999</ele>
   </trkpt>
   <trkpt lat="34.33048" lon="-117.44723">
    <ele>1075.8400000000001</ele>
   </trkpt>
   <trkpt lat="34.3307" lon="-117.44651">
    <ele>1081.0900000000001</ele>
   </trkpt>
   <trkpt lat="34.330830000000006" lon="-117.44581000000001">
    <ele>1086.43</ele>
   </trkpt>
   <trkpt lat="34.33086" lon="-117.44545000000001">
    <ele>1088.64</ele>
   </trkpt>
   <trkpt lat="34.330850000000005" lon="-117.44468">
    <ele>1093.65</ele>
   </trkpt>
   <trkpt lat="34.330740000000006" lon="-117.44393000000001">
    <ele>1097.91</ele>
   </trkpt>
   <trkpt lat="34.33062" lon="-117.44342">
    <ele>1101.4400000000003</ele>
   </trkpt>
   <trkpt lat="34.330490000000005" lon="-117.44303000000001">
    <ele>1102.95</ele>
   </trkpt>
   <trkpt lat="34.330600000000004" lon="-117.44298">
    <ele>1104.1100000000001</ele>
   </trkpt>
   <trkpt lat="34.33128" lon="-117.44253">
    <ele>1106.87</ele>
   </trkpt>
   <trkpt lat="34.33189000109982" lon="-117.4420350035149">
    <ele>1110.1000000000001</ele>
   </trkpt>
   <trkpt lat="34.3325" lon="-117.44154">
    <ele>1114.41</ele>
   </trkpt>
   <trkpt lat="34.33319000119695" lon="-117.44100500437445">
    <ele>1118.8700000000001</ele>
   </trkpt>
   <trkpt lat="34.33388" lon="-117.44047">
    <ele>1124.98</ele>
   </trkpt>
   <trkpt lat="34.334030000000006" lon="-117.44038">
    <ele>1125.5600000000002</ele>
   </trkpt>
   <trkpt lat="34.334140000000005" lon="-117.44033">
    <ele>1125.8300000000002</ele>
   </trkpt>
   <trkpt lat="34.334790000000005" lon="-117.44038">
    <ele>1130.0100000000002</ele>
   </trkpt>
   <trkpt lat="34.33524000033265" lon="-117.44023500069824">
    <ele>1133.5900000000001</ele>
   </trkpt>
   <trkpt lat="34.33569" lon="-117.44009000000001">
    <ele>1138.2</ele>
   </trkpt>
   <trkpt lat="34.336020000000005" lon="-117.43992000000001">
    <ele>1140.3400000000001</ele>
   </trkpt>
   <trkpt lat="34.33621" lon="-117.43990000000001">
    <ele>1141.25</ele>
   </trkpt>
   <trkpt lat="34.33634" lon="-117.43990000000001">
    <ele>1141.89</ele>
   </trkpt>
   <trkpt lat="34.33668" lon="-117.43976">
    <ele>1143.82</ele>
   </trkpt>
   <trkpt lat="34.337390000000006" lon="-117.43970000000002">
    <ele>1150.67</ele>
   </trkpt>
   <trkpt lat="34.33793" lon="-117.43971">
    <ele>1153.55</ele>
   </trkpt>
   <trkpt lat="34.33816" lon="-117.43960000000001">
    <ele>1155.3300000000002</ele>
   </trkpt>
   <trkpt lat="34.33842" lon="-117.43953">
    <ele>1157.28</ele>
   </trkpt>
   <trkpt lat="34.338950000000004" lon="-117.43927000000001">
    <ele>1163.03</ele>
   </trkpt>
   <trkpt lat="34.339650000000006" lon="-117.4389">
    <ele>1167.7900000000002</ele>
   </trkpt>
   <trkpt lat="34.339760000000005" lon="-117.43877">
    <ele>1168.56</ele>
   </trkpt>
   <trkpt lat="34.33995" lon="-117.4385">
    <ele>1169.9700000000003</ele>
   </trkpt>
   <trkpt lat="34.34042" lon="-117.43818">
    <ele>1174.6000000000001</ele>
   </trkpt>
   <trkpt lat="34.34085" lon="-117.43787">
    <ele>1180.52</ele>
   </trkpt>
   <trkpt lat="34.341440000000006" lon="-117.43724">
    <ele>1186.65</ele>
   </trkpt>
   <trkpt lat="34.341660000000005" lon="-117.43693">
    <ele>1189.3</ele>
   </trkpt>
   <trkpt lat="34.34183" lon="-117.4368">
    <ele>1191.23</ele>
   </trkpt>
   <trkpt lat="34.34219" lon="-117.43666">
    <ele>1194.74</ele>
   </trkpt>
   <trkpt lat="34.34255" lon="-117.43644">
    <ele>1197.13</ele>
   </trkpt>
   <trkpt lat="34.3427" lon="-117.43627000000001">
    <ele>1198.1000000000001</ele>
   </trkpt>
   <trkpt lat="34.34355" lon="-117.43623000000001">
    <ele>1208.0600000000002</ele>
   </trkpt>
   <trkpt lat="34.343740000000004" lon="-117.43617">
    <ele>1209.71</ele>
   </trkpt>
   <trkpt lat="34.34439333622156" lon="-117.43557334263676">
    <ele>1216.58</ele>
   </trkpt>
   <trkpt lat="34.34504666954881" lon="-117.43497667597578">
    <ele>1225.44</ele>
   </trkpt>
   <trkpt lat="34.3457" lon="-117.43438">
    <ele>1235.3400000000001</ele>
   </trkpt>
   <trkpt lat="34.34605500063653" lon="-117.43400000155584">
    <ele>1240.19</ele>
   </trkpt>
   <trkpt lat="34.346410000000006" lon="-117.43362">
    <ele>1246.72</ele>
   </trkpt>
   <trkpt lat="34.34696" lon="-117.43296000000001">
    <ele>1255.13</ele>
   </trkpt>
   <trkpt lat="34.3474" lon="-117.43227">
    <ele>1257.6200000000001</ele>
   </trkpt>
   <trkpt lat="34.347500000000004" lon="-117.43224000000001">
    <ele>1258.67</ele>
   </trkpt>
   <trkpt lat="34.34763" lon="-117.43228">
    <ele>1259.63</ele>
   </trkpt>
   <trkpt lat="34.34774" lon="-117.43238000000001">
    <ele>1261.22</ele>
   </trkpt>
   <trkpt lat="34.34801" lon="-117.43241">
    <ele>1265.13</ele>
   </trkpt>
   <trkpt lat="34.34818" lon="-117.43237">
    <ele>1266.3300000000002</ele>
   </trkpt>
   <trkpt lat="34.34836" lon="-117.43232">
    <ele>1270.37</ele>
   </trkpt>
   <trkpt lat="34.348580000000005" lon="-117.43219">
    <ele>1273.26</ele>
   </trkpt>
   <trkpt lat="34.34886" lon="-117.43197">
    <ele>1276.98</ele>
   </trkpt>
   <trkpt lat="34.349160000000005" lon="-117.43186000000001">
    <ele>1279.65</ele>
   </trkpt>
   <trkpt lat="34.34924" lon="-117.4321">
    <ele>1281.44</ele>
   </trkpt>
   <trkpt lat="34.34951" lon="-117.43254">
    <ele>1280.94</ele>
   </trkpt>
   <trkpt lat="34.349630000000005" lon="-117.43259">
    <ele>1280.63</ele>
   </trkpt>
   <trkpt lat="34.3498" lon="-117.43251000000001">
    <ele>1279.95</ele>
   </trkpt>
   <trkpt lat="34.34991" lon="-117.43254">
    <ele>1278.7400000000002</ele>
   </trkpt>
   <trkpt lat="34.350060000000006" lon="-117.43267000000002">
    <ele>1277.56</ele>
   </trkpt>
   <trkpt lat="34.35025" lon="-117.43312000000002">
    <ele>1272.31</ele>
   </trkpt>
   <trkpt lat="34.35043" lon="-117.43344">
    <ele>1271.42</ele>
   </trkpt>
   <trkpt lat="34.35085" lon="-117.43390000000001">
    <ele>1271.2</ele>
   </trkpt>
   <trkpt lat="34.35096" lon="-117.43363000000001">
    <ele>1272.69</ele>
   </trkpt>
   <trkpt lat="34.35107" lon="-117.43357">
    <ele>1272.55</ele>
   </trkpt>
   <trkpt lat="34.35121" lon="-117.43362">
    <ele>1272.71</ele>
   </trkpt>
   <trkpt lat="34.35155" lon="-117.43352000000002">
    <ele>1273.8600000000001</ele>
   </trkpt>
   <trkpt lat="34.35222" lon="-117.43349">
    <ele>1263.5700000000002</ele>
   </trkpt>
   <trkpt lat="34.35257" lon="-117.43344">
    <ele>1268.0200000000002</ele>
   </trkpt>
   <trkpt lat="34.352850000000004" lon="-117.43357">
    <ele>1272.7700000000002</ele>
   </trkpt>
   <trkpt lat="34.35325" lon="-117.43344">
    <ele>1271.7900000000002</ele>
   </trkpt>
   <trkpt lat="34.35389" lon="-117.43341000000001">
    <ele>1273.0400000000002</ele>
   </trkpt>
   <trkpt lat="34.354000000000006" lon="-117.43353">
    <ele>1273.0400000000002</ele>
   </trkpt>
   <trkpt lat="34.35419" lon="-117.43393">
    <ele>1270.18</ele>
   </trkpt>
   <trkpt lat="34.354240000000004" lon="-117.43438">
    <ele>1269.8</ele>
   </trkpt>
   <trkpt lat="34.35428" lon="-117.4346">
    <ele>1270.1</ele>
   </trkpt>
   <trkpt lat="34.354220000000005" lon="-117.43479">
    <ele>1270.1100000000001</ele>
   </trkpt>
   <trkpt lat="34.354200000000006" lon="-117.43492">
    <ele>1269.9900000000002</ele>
   </trkpt>
   <trkpt lat="34.354220000000005" lon="-117.43499000000001">
    <ele>1269.9900000000002</ele>
   </trkpt>
   <trkpt lat="34.35428" lon="-117.43551000000001">
    <ele>1268.3200000000002</ele>
   </trkpt>
   <trkpt lat="34.354350000000004" lon="-117.4359">
    <ele>1267.5800000000002</ele>
   </trkpt>
   <trkpt lat="34.35481" lon="-117.43523">
    <ele>1265.16</ele>
   </trkpt>
   <trkpt lat="34.35504" lon="-117.43501">
    <ele>1264.82</ele>
   </trkpt>
   <trkpt lat="34.35526" lon="-117.43469">
    <ele>1263.73</ele>
   </trkpt>
   <trkpt lat="34.355830000000005" lon="-117.43434">
    <ele>1260.89</ele>
   </trkpt>
   <trkpt lat="34.35658" lon="-117.43397000000002">
    <ele>1260.3500000000001</ele>
   </trkpt>
   <trkpt lat="34.357025000274184" lon="-117.4340849994464">
    <ele>1260.3500000000001</ele>
   </trkpt>
   <trkpt lat="34.35747" lon="-117.4342">
    <ele>1253.8200000000002</ele>
   </trkpt>
   <trkpt lat="34.357780000000005" lon="-117.43411">
    <ele>1253.8200000000002</ele>
   </trkpt>
   <trkpt lat="34.35817" lon="-117.43375">
    <ele>1253.9300000000003</ele>
   </trkpt>
   <trkpt lat="34.358470000000004" lon="-117.43362">
    <ele>1254.9800000000002</ele>
   </trkpt>
   <trkpt lat="34.35868" lon="-117.43342000000001">
    <ele>1253.51</ele>
   </trkpt>
   <trkpt lat="34.359300000000005" lon="-117.43344">
    <ele>1250.0</ele>
   </trkpt>
   <trkpt lat="34.359480000000005" lon="-117.4334">
    <ele>1249.9600000000003</ele>
   </trkpt>
   <trkpt lat="34.35974" lon="-117.43348">
    <ele>1249.73</ele>
   </trkpt>
   <trkpt lat="34.360200000000006" lon="-117.43339">
    <ele>1247.14</ele>
   </trkpt>
   <trkpt lat="34.360260000000004" lon="-117.43344">
    <ele>1246.5400000000002</ele>
   </trkpt>
   <trkpt lat="34.36043" lon="-117.43320000000001">
    <ele>1245.6</ele>
   </trkpt>
   <trkpt lat="34.36074" lon="-117.43286">
    <ele>1241.95</ele>
   </trkpt>
   <trkpt lat="34.361265000745185" lon="-117.43243500265389">
    <ele>1237.87</ele>
   </trkpt>
   <trkpt lat="34.361790000000006" lon="-117.43201">
    <ele>1236.82</ele>
   </trkpt>
   <trkpt lat="34.362370000000006" lon="-117.43173000000002">
    <ele>1237.84</ele>
   </trkpt>
   <trkpt lat="34.36294500014358" lon="-117.43154000130488">
    <ele>1238.72</ele>
   </trkpt>
   <trkpt lat="34.36352" lon="-117.43135000000001">
    <ele>1238.3600000000001</ele>
   </trkpt>
   <trkpt lat="34.36397" lon="-117.43108000000001">
    <ele>1237.02</ele>
   </trkpt>
   <trkpt lat="34.3644" lon="-117.43075">
    <ele>1235.4900000000002</ele>
   </trkpt>
   <trkpt lat="34.36493666870255" lon="-117.43024667313728">
    <ele>1233.2500000000002</ele>
   </trkpt>
   <trkpt lat="34.36547333534487" lon="-117.42974333982689">
    <ele>1231.3500000000001</ele>
   </trkpt>
   <trkpt lat="34.36601" lon="-117.42924000000001">
    <ele>1231.39</ele>
   </trkpt>
   <trkpt lat="34.366728015648185" lon="-117.42858605044832">
    <ele>1229.68</ele>
   </trkpt>
   <trkpt lat="34.36744602781848" lon="-117.42793208968789">
    <ele>1227.48</ele>
   </trkpt>
   <trkpt lat="34.36816403651075" lon="-117.42727811771827">
    <ele>1225.81</ele>
   </trkpt>
   <trkpt lat="34.36888204172483" lon="-117.42662413453908">
    <ele>1223.65</ele>
   </trkpt>
   <trkpt lat="34.36960004346059" lon="-117.42597014014981">
    <ele>1221.47</ele>
   </trkpt>
   <trkpt lat="34.37031804171785" lon="-117.42531613455009">
    <ele>1218.7800000000002</ele>
   </trkpt>
   <trkpt lat="34.37103603649648" lon="-117.42466211773937">
    <ele>1215.71</ele>
   </trkpt>
   <trkpt lat="34.37175402779631" lon="-117.42400808971736">
    <ele>1213.71</ele>
   </trkpt>
   <trkpt lat="34.3724720156172" lon="-117.4233540504835">
    <ele>1211.66</ele>
   </trkpt>
   <trkpt lat="34.37319" lon="-117.4227">
    <ele>1209.84</ele>
   </trkpt>
   <trkpt lat="34.373895004077056" lon="-117.42212001466774">
    <ele>1208.3400000000001</ele>
   </trkpt>
   <trkpt lat="34.374600005418195" lon="-117.42154001957202">
    <ele>1205.5</ele>
   </trkpt>
   <trkpt lat="34.3753050040233" lon="-117.42096001471246">
    <ele>1203.91</ele>
   </trkpt>
   <trkpt lat="34.37601" lon="-117.42038000000001">
    <ele>1201.5800000000002</ele>
   </trkpt>
   <trkpt lat="34.37659500089108" lon="-117.41991000328873">
    <ele>1199.13</ele>
   </trkpt>
   <trkpt lat="34.37718" lon="-117.41944000000001">
    <ele>1196.95</ele>
   </trkpt>
   <trkpt lat="34.377590000000005" lon="-117.41915000000002">
    <ele>1195.0800000000002</ele>
   </trkpt>
   <trkpt lat="34.37827000139392" lon="-117.41855000493373">
    <ele>1192.44</ele>
   </trkpt>
   <trkpt lat="34.37895" lon="-117.41795">
    <ele>1190.4800000000002</ele>
   </trkpt>
   <trkpt lat="34.37919" lon="-117.41772">
    <ele>1190.0000000000002</ele>
   </trkpt>
   <trkpt lat="34.37941" lon="-117.41746">
    <ele>1188.76</ele>
   </trkpt>
   <trkpt lat="34.379670000000004" lon="-117.41706">
    <ele>1187.78</ele>
   </trkpt>
   <trkpt lat="34.37989" lon="-117.41665">
    <ele>1186.62</ele>
   </trkpt>
   <trkpt lat="34.38004" lon="-117.41625">
    <ele>1185.39</ele>
   </trkpt>
   <trkpt lat="34.38013" lon="-117.41586000000001">
    <ele>1184.64</ele>
   </trkpt>
   <trkpt lat="34.380190000000006" lon="-117.41549">
    <ele>1184.3400000000001</ele>
   </trkpt>
   <trkpt lat="34.380205002381835" lon="-117.41472500004693">
    <ele>1182.63</ele>
   </trkpt>
   <trkpt lat="34.38022" lon="-117.41396">
    <ele>1180.53</ele>
   </trkpt>
   <trkpt lat="34.38026" lon="-117.41361">
    <ele>1179.6200000000001</ele>
   </trkpt>
   <trkpt lat="34.380340000000004" lon="-117.41325">
    <ele>1179.4</ele>
   </trkpt>
   <trkpt lat="34.3806" lon="-117.41258">
    <ele>1177.6000000000001</ele>
   </trkpt>
   <trkpt lat="34.381" lon="-117.41204">
    <ele>1175.74</ele>
   </trkpt>
   <trkpt lat="34.38125" lon="-117.41181">
    <ele>1175.04</ele>
   </trkpt>
   <trkpt lat="34.381510000000006" lon="-117.41164">
    <ele>1174.2700000000002</ele>
   </trkpt>
   <trkpt lat="34.38181" lon="-117.4115">
    <ele>1174.0900000000001</ele>
   </trkpt>
   <trkpt lat="34.3821" lon="-117.41141">
    <ele>1173.84</ele>
   </trkpt>
   <trkpt lat="34.38242" lon="-117.41137">
    <ele>1173.7700000000002</ele>
   </trkpt>
   <trkpt lat="34.38317399998581" lon="-117.41137">
    <ele>1172.8700000000001</ele>
   </trkpt>
   <trkpt lat="34.38392799997162" lon="-117.41137">
    <ele>1170.56</ele>
   </trkpt>
   <trkpt lat="34.38468199995742" lon="-117.41137">
    <ele>1168.62</ele>
   </trkpt>
   <trkpt lat="34.385435999943226" lon="-117.41137">
    <ele>1167.04</ele>
   </trkpt>
   <trkpt lat="34.386190000000006" lon="-117.41137">
    <ele>1165.89</ele>
   </trkpt>
   <trkpt lat="34.38664" lon="-117.41132">
    <ele>1165.01</ele>
   </trkpt>
   <trkpt lat="34.38693" lon="-117.41123">
    <ele>1164.5</ele>
   </trkpt>
   <trkpt lat="34.387480000000004" lon="-117.41101">
    <ele>1163.67</ele>
   </trkpt>
   <trkpt lat="34.387710000000006" lon="-117.41087">
    <ele>1163.34</ele>
   </trkpt>
   <trkpt lat="34.388070000000006" lon="-117.41062000000001">
    <ele>1162.98</ele>
   </trkpt>
   <trkpt lat="34.38869000195551" lon="-117.41012334073119">
    <ele>1161.25</ele>
   </trkpt>
   <trkpt lat="34.38931000190436" lon="-117.40962667410561">
    <ele>1159.9</ele>
   </trkpt>
   <trkpt lat="34.38993" lon="-117.40913">
    <ele>1156.6000000000001</ele>
   </trkpt>
   <trkpt lat="34.39049500069975" lon="-117.40870000294221">
    <ele>1152.1000000000001</ele>
   </trkpt>
   <trkpt lat="34.39106" lon="-117.40827000000002">
    <ele>1149.27</ele>
   </trkpt>
   <trkpt lat="34.39137" lon="-117.40801">
    <ele>1147.5600000000002</ele>
   </trkpt>
   <trkpt lat="34.39157" lon="-117.40779">
    <ele>1146.88</ele>
   </trkpt>
   <trkpt lat="34.3918" lon="-117.40761">
    <ele>1146.0</ele>
   </trkpt>
   <trkpt lat="34.39231" lon="-117.40707">
    <ele>1144.14</ele>
   </trkpt>
   <trkpt lat="34.39282" lon="-117.40648000000002">
    <ele>1142.92</ele>
   </trkpt>
   <trkpt lat="34.39332" lon="-117.40582">
    <ele>1141.79</ele>
   </trkpt>
   <trkpt lat="34.39364500112036" lon="-117.405330001686">
    <ele>1141.03</ele>
   </trkpt>
   <trkpt lat="34.39397" lon="-117.40484000000001">
    <ele>1140.94</ele>
   </trkpt>
   <trkpt lat="34.39438000220243" lon="-117.40409500374994">
    <ele>1141.69</ele>
   </trkpt>
   <trkpt lat="34.39479" lon="-117.40335">
    <ele>1142.7200000000003</ele>
   </trkpt>
   <trkpt lat="34.39522" lon="-117.40273">
    <ele>1142.69</ele>
   </trkpt>
   <trkpt lat="34.39569" lon="-117.40220000000001">
    <ele>1142.19</ele>
   </trkpt>
   <trkpt lat="34.396373336296" lon="-117.40160000976843">
    <ele>1140.46</ele>
   </trkpt>
   <trkpt lat="34.39705666966321" lon="-117.40100000973885">
    <ele>1138.8200000000002</ele>
   </trkpt>
   <trkpt lat="34.397740000000006" lon="-117.4004">
    <ele>1136.8500000000001</ele>
   </trkpt>
   <trkpt lat="34.39828666837599" lon="-117.39995000582844">
    <ele>1135.5600000000002</ele>
   </trkpt>
   <trkpt lat="34.39883333510447" lon="-117.39950000577763">
    <ele>1134.0</ele>
   </trkpt>
   <trkpt lat="34.39938" lon="-117.39905">
    <ele>1132.13</ele>
   </trkpt>
   <trkpt lat="34.399900001765154" lon="-117.39859000567861">
    <ele>1130.73</ele>
   </trkpt>
   <trkpt lat="34.40042000180873" lon="-117.39813000564013">
    <ele>1129.24</ele>
   </trkpt>
   <trkpt lat="34.400940000000006" lon="-117.39767">
    <ele>1128.17</ele>
   </trkpt>
   <trkpt lat="34.401625006577255" lon="-117.39710168992487">
    <ele>1126.74</ele>
   </trkpt>
   <trkpt lat="34.40231001052665" lon="-117.3965333705445">
    <ele>1125.44</ele>
   </trkpt>
   <trkpt lat="34.40299501184808" lon="-117.3959650418586">
    <ele>1123.93</ele>
   </trkpt>
   <trkpt lat="34.40368001054143" lon="-117.39539670386677">
    <ele>1122.12</ele>
   </trkpt>
   <trkpt lat="34.40436500660659" lon="-117.39482835656865">
    <ele>1120.16</ele>
   </trkpt>
   <trkpt lat="34.40505" lon="-117.39426">
    <ele>1118.3899999999999</ele>
   </trkpt>
   <trkpt lat="34.405710000000006" lon="-117.39377">
    <ele>1117.58</ele>
   </trkpt>
   <trkpt lat="34.406380000000006" lon="-117.39336000000002">
    <ele>1116.2</ele>
   </trkpt>
   <trkpt lat="34.406740000000006" lon="-117.39328">
    <ele>1115.65</ele>
   </trkpt>
   <trkpt lat="34.40742500010776" lon="-117.39320250189994">
    <ele>1114.3899999999999</ele>
   </trkpt>
   <trkpt lat="34.408110000166644" lon="-117.3931250025307">
    <ele>1112.8200000000002</ele>
   </trkpt>
   <trkpt lat="34.40879500017665" lon="-117.39304750189221">
    <ele>1111.44</ele>
   </trkpt>
   <trkpt lat="34.40948" lon="-117.39297">
    <ele>1109.01</ele>
   </trkpt>
   <trkpt lat="34.41008" lon="-117.39283">
    <ele>1107.5400000000002</ele>
   </trkpt>
   <trkpt lat="34.41062" lon="-117.39247">
    <ele>1106.3100000000002</ele>
   </trkpt>
   <trkpt lat="34.41119000084897" lon="-117.39203000295113">
    <ele>1104.72</ele>
   </trkpt>
   <trkpt lat="34.41176" lon="-117.39159000000001">
    <ele>1103.48</ele>
   </trkpt>
   <trkpt lat="34.412150000000004" lon="-117.39125000000001">
    <ele>1102.56</ele>
   </trkpt>
   <trkpt lat="34.41288501744477" lon="-117.39067577989823">
    <ele>1100.14</ele>
   </trkpt>
   <trkpt lat="34.413620032206346" lon="-117.3901015497038">
    <ele>1098.3400000000001</ele>
   </trkpt>
   <trkpt lat="34.41435504428458" lon="-117.38952730941631">
    <ele>1096.3700000000001</ele>
   </trkpt>
   <trkpt lat="34.41509005367936" lon="-117.38895305903533">
    <ele>1094.0500000000002</ele>
   </trkpt>
   <trkpt lat="34.41582506039057" lon="-117.38837879856041">
    <ele>1092.3500000000001</ele>
   </trkpt>
   <trkpt lat="34.4165600644181" lon="-117.38780452799121">
    <ele>1090.3200000000002</ele>
   </trkpt>
   <trkpt lat="34.417295065761806" lon="-117.38723024732725">
    <ele>1088.3400000000001</ele>
   </trkpt>
   <trkpt lat="34.41803006442158" lon="-117.38665595656812">
    <ele>1085.5100000000002</ele>
   </trkpt>
   <trkpt lat="34.41876506039729" lon="-117.3860816557134">
    <ele>1083.73</ele>
   </trkpt>
   <trkpt lat="34.41950005368884" lon="-117.38550734476271">
    <ele>1082.1200000000001</ele>
   </trkpt>
   <trkpt lat="34.42023504429609" lon="-117.38493302371558">
    <ele>1080.54</ele>
   </trkpt>
   <trkpt lat="34.420970032218925" lon="-117.38435869257162">
    <ele>1078.02</ele>
   </trkpt>
   <trkpt lat="34.421705017457214" lon="-117.3837843513304">
    <ele>1075.99</ele>
   </trkpt>
   <trkpt lat="34.42244" lon="-117.38321">
    <ele>1073.67</ele>
   </trkpt>
   <trkpt lat="34.423026669260345" lon="-117.3826533410776">
    <ele>1072.8300000000002</ele>
   </trkpt>
   <trkpt lat="34.42361333599875" lon="-117.38209667434299">
    <ele>1071.8100000000002</ele>
   </trkpt>
   <trkpt lat="34.424200000000006" lon="-117.38154000000002">
    <ele>1071.22</ele>
   </trkpt>
   <trkpt lat="34.42446" lon="-117.38129">
    <ele>1070.77</ele>
   </trkpt>
   <trkpt lat="34.42465" lon="-117.38106">
    <ele>1070.4600000000003</ele>
   </trkpt>
   <trkpt lat="34.42484" lon="-117.38073000000001">
    <ele>1069.91</ele>
   </trkpt>
   <trkpt lat="34.424980000000005" lon="-117.38039">
    <ele>1069.79</ele>
   </trkpt>
   <trkpt lat="34.425050000000006" lon="-117.38016">
    <ele>1069.42</ele>
   </trkpt>
   <trkpt lat="34.42523000360252" lon="-117.37922000198854">
    <ele>1067.7800000000002</ele>
   </trkpt>
   <trkpt lat="34.42541" lon="-117.37828">
    <ele>1066.0</ele>
   </trkpt>
   <trkpt lat="34.42551" lon="-117.37806">
    <ele>1065.29</ele>
   </trkpt>
   <trkpt lat="34.425650000000005" lon="-117.37787000000002">
    <ele>1065.29</ele>
   </trkpt>
   <trkpt lat="34.42593" lon="-117.37760000000002">
    <ele>1064.21</ele>
   </trkpt>
   <trkpt lat="34.426480000000005" lon="-117.37757">
    <ele>1063.0700000000002</ele>
   </trkpt>
   <trkpt lat="34.42687" lon="-117.37757">
    <ele>1062.3600000000001</ele>
   </trkpt>
   <trkpt lat="34.42761000002164" lon="-117.37758333309765">
    <ele>1060.96</ele>
   </trkpt>
   <trkpt lat="34.42835000004183" lon="-117.37759666643133">
    <ele>1059.3300000000002</ele>
   </trkpt>
   <trkpt lat="34.42909" lon="-117.37761">
    <ele>1058.19</ele>
   </trkpt>
   <trkpt lat="34.42972" lon="-117.37748">
    <ele>1056.72</ele>
   </trkpt>
   <trkpt lat="34.43019" lon="-117.37721">
    <ele>1055.49</ele>
   </trkpt>
   <trkpt lat="34.43068500064059" lon="-117.37682000229272">
    <ele>1054.3600000000001</ele>
   </trkpt>
   <trkpt lat="34.431180000000005" lon="-117.37643000000001">
    <ele>1052.99</ele>
   </trkpt>
   <trkpt lat="34.43178400382679" lon="-117.37594401406363">
    <ele>1051.1000000000001</ele>
   </trkpt>
   <trkpt lat="34.432388005731134" lon="-117.37545802110304">
    <ele>1050.33</ele>
   </trkpt>
   <trkpt lat="34.43299200571296" lon="-117.37497202111796">
    <ele>1048.8200000000002</ele>
   </trkpt>
   <trkpt lat="34.433596003772195" lon="-117.37448601410817">
    <ele>1047.0900000000001</ele>
   </trkpt>
   <trkpt lat="34.434200000000004" lon="-117.37400000000001">
    <ele>1045.7500000000002</ele>
   </trkpt>
   <trkpt lat="34.434910004916276" lon="-117.37345001869795">
    <ele>1044.54</ele>
   </trkpt>
   <trkpt lat="34.435620007370346" lon="-117.37290002805054">
    <ele>1043.01</ele>
   </trkpt>
   <trkpt lat="34.43633000736212" lon="-117.37235002805735">
    <ele>1041.62</ele>
   </trkpt>
   <trkpt lat="34.43704000489149" lon="-117.37180001871808">
    <ele>1039.32</ele>
   </trkpt>
   <trkpt lat="34.43775" lon="-117.37125">
    <ele>1037.68</ele>
   </trkpt>
   <trkpt lat="34.438370001048185" lon="-117.37076000357973">
    <ele>1035.7500000000002</ele>
   </trkpt>
   <trkpt lat="34.438990000000004" lon="-117.37027">
    <ele>1033.73</ele>
   </trkpt>
   <trkpt lat="34.43974666946754" lon="-117.36968334395985">
    <ele>1031.22</ele>
   </trkpt>
   <trkpt lat="34.44050333613337" lon="-117.36909667729398">
    <ele>1028.65</ele>
   </trkpt>
   <trkpt lat="34.44126" lon="-117.36851000000001">
    <ele>1026.15</ele>
   </trkpt>
   <trkpt lat="34.44194000230516" lon="-117.36797667535663">
    <ele>1024.07</ele>
   </trkpt>
   <trkpt lat="34.442620002294795" lon="-117.36744334203156">
    <ele>1022.64</ele>
   </trkpt>
   <trkpt lat="34.4433" lon="-117.36691">
    <ele>1021.5400000000001</ele>
   </trkpt>
   <trkpt lat="34.44404430364483" lon="-117.36632792457382">
    <ele>1020.1900000000002</ele>
   </trkpt>
   <trkpt lat="34.44478860453136" lon="-117.36574583877558">
    <ele>1019.0799999999999</ele>
   </trkpt>
   <trkpt lat="34.44553290265948" lon="-117.36516374260485">
    <ele>1017.4800000000001</ele>
   </trkpt>
   <trkpt lat="34.446277198029094" lon="-117.36458163606116">
    <ele>1015.5400000000001</ele>
   </trkpt>
   <trkpt lat="34.447021490640026" lon="-117.36399951914414">
    <ele>1013.8500000000001</ele>
   </trkpt>
   <trkpt lat="34.44776578049216" lon="-117.3634173918533">
    <ele>1011.94</ele>
   </trkpt>
   <trkpt lat="34.44851006758541" lon="-117.36283525418818">
    <ele>1010.34</ele>
   </trkpt>
   <trkpt lat="34.44925435191959" lon="-117.36225310614846">
    <ele>1008.65</ele>
   </trkpt>
   <trkpt lat="34.44999863349463" lon="-117.36167094773356">
    <ele>1007.3500000000001</ele>
   </trkpt>
   <trkpt lat="34.45074291231037" lon="-117.36108877894313">
    <ele>1004.72</ele>
   </trkpt>
   <trkpt lat="34.45148718836669" lon="-117.36050659977673">
    <ele>1003.0400000000001</ele>
   </trkpt>
   <trkpt lat="34.45223146166347" lon="-117.35992441023393">
    <ele>1001.39</ele>
   </trkpt>
   <trkpt lat="34.45297573220058" lon="-117.35934221031425">
    <ele>999.83</ele>
   </trkpt>
   <trkpt lat="34.453720000000004" lon="-117.35876">
    <ele>998.47</ele>
   </trkpt>
   <trkpt lat="34.453920000000004" lon="-117.35855000000001">
    <ele>998.07</ele>
   </trkpt>
   <trkpt lat="34.45412" lon="-117.35824000000001">
    <ele>997.84</ele>
   </trkpt>
   <trkpt lat="34.4542" lon="-117.35806000000001">
    <ele>997.2500000000001</ele>
   </trkpt>
   <trkpt lat="34.454280000000004" lon="-117.35773">
    <ele>996.5200000000001</ele>
   </trkpt>
   <trkpt lat="34.4543" lon="-117.35746">
    <ele>996.04</ele>
   </trkpt>
   <trkpt lat="34.454300003260975" lon="-117.35656499981602">
    <ele>994.7500000000001</ele>
   </trkpt>
   <trkpt lat="34.4543" lon="-117.35567">
    <ele>993.8500000000001</ele>
   </trkpt>
   <trkpt lat="34.45432" lon="-117.35547000000001">
    <ele>992.9100000000001</ele>
   </trkpt>
   <trkpt lat="34.4544" lon="-117.35518">
    <ele>992.9100000000001</ele>
   </trkpt>
   <trkpt lat="34.454510000000006" lon="-117.35495000000002">
    <ele>992.25</ele>
   </trkpt>
   <trkpt lat="34.45468" lon="-117.35469">
    <ele>991.74</ele>
   </trkpt>
   <trkpt lat="34.454890000000006" lon="-117.35446">
    <ele>991.13</ele>
   </trkpt>
   <trkpt lat="34.45516" lon="-117.35429">
    <ele>990.7300000000001</ele>
   </trkpt>
   <trkpt lat="34.45539" lon="-117.3542">
    <ele>990.0000000000001</ele>
   </trkpt>
   <trkpt lat="34.455870000000004" lon="-117.35417000000001">
    <ele>989.3700000000001</ele>
   </trkpt>
   <trkpt lat="34.45650666661478" lon="-117.35417">
    <ele>988.04</ele>
   </trkpt>
   <trkpt lat="34.45714333322957" lon="-117.35417">
    <ele>986.28</ele>
   </trkpt>
   <trkpt lat="34.45778" lon="-117.35417000000001">
    <ele>985.1</ele>
   </trkpt>
   <trkpt lat="34.45801" lon="-117.35415">
    <ele>984.83</ele>
   </trkpt>
   <trkpt lat="34.45816" lon="-117.3541">
    <ele>984.6</ele>
   </trkpt>
   <trkpt lat="34.45835" lon="-117.35397">
    <ele>984.13</ele>
   </trkpt>
   <trkpt lat="34.458650000000006" lon="-117.35375">
    <ele>983.6</ele>
   </trkpt>
   <trkpt lat="34.459220001700245" lon="-117.3533000061037">
    <ele>982.47</ele>
   </trkpt>
   <trkpt lat="34.45979000175163" lon="-117.35285000606319">
    <ele>981.33</ele>
   </trkpt>
   <trkpt lat="34.46036" lon="-117.3524">
    <ele>979.7500000000001</ele>
   </trkpt>
   <trkpt lat="34.461052503444" lon="-117.3518675132658">
    <ele>978.1700000000001</ele>
   </trkpt>
   <trkpt lat="34.46174500457916" lon="-117.35133501769789">
    <ele>976.86</ele>
   </trkpt>
   <trkpt lat="34.46243750340537" lon="-117.35080251329596">
    <ele>975.45</ele>
   </trkpt>
   <trkpt lat="34.46313" lon="-117.35027000000001">
    <ele>974.2400000000001</ele>
   </trkpt>
   <trkpt lat="34.46385400524387" lon="-117.34970201971336">
    <ele>972.57</ele>
   </trkpt>
   <trkpt lat="34.46457800786071" lon="-117.34913402957453">
    <ele>971.1800000000001</ele>
   </trkpt>
   <trkpt lat="34.465302007850426" lon="-117.34856602958305">
    <ele>969.72</ele>
   </trkpt>
   <trkpt lat="34.466026005212896" lon="-117.34799801973865">
    <ele>968.4300000000001</ele>
   </trkpt>
   <trkpt lat="34.466750000000005" lon="-117.34743">
    <ele>966.74</ele>
   </trkpt>
   <trkpt lat="34.46713000063582" lon="-117.34704000175857">
    <ele>966.2100000000002</ele>
   </trkpt>
   <trkpt lat="34.467510000000004" lon="-117.34665000000001">
    <ele>965.0600000000001</ele>
   </trkpt>
   <trkpt lat="34.46824000127928" lon="-117.34610000477457">
    <ele>963.1100000000001</ele>
   </trkpt>
   <trkpt lat="34.468970000000006" lon="-117.34555">
    <ele>961.6800000000001</ele>
   </trkpt>
   <trkpt lat="34.46911" lon="-117.34530000000001">
    <ele>961.2900000000001</ele>
   </trkpt>
   <trkpt lat="34.469440000000006" lon="-117.34434">
    <ele>960.2700000000001</ele>
   </trkpt>
   <trkpt lat="34.46961000129045" lon="-117.34378500101224">
    <ele>959.85</ele>
   </trkpt>
   <trkpt lat="34.46978" lon="-117.34323">
    <ele>958.84</ele>
   </trkpt>
   <trkpt lat="34.46987" lon="-117.34306000000001">
    <ele>958.6800000000001</ele>
   </trkpt>
   <trkpt lat="34.47008" lon="-117.34291">
    <ele>958.2600000000001</ele>
   </trkpt>
   <trkpt lat="34.47043" lon="-117.34287">
    <ele>957.9300000000001</ele>
   </trkpt>
   <trkpt lat="34.470890000000004" lon="-117.34287">
    <ele>957.45</ele>
   </trkpt>
   <trkpt lat="34.47164333332586" lon="-117.34288666636557">
    <ele>956.6000000000001</ele>
   </trkpt>
   <trkpt lat="34.47239666664944" lon="-117.342903333032">
    <ele>956.08</ele>
   </trkpt>
   <trkpt lat="34.473150000000004" lon="-117.34292">
    <ele>954.5300000000001</ele>
   </trkpt>
   <trkpt lat="34.47357" lon="-117.34286000000002">
    <ele>953.82</ele>
   </trkpt>
   <trkpt lat="34.473870000000005" lon="-117.34278">
    <ele>953.0500000000001</ele>
   </trkpt>
   <trkpt lat="34.474430000000005" lon="-117.34251">
    <ele>952.12</ele>
   </trkpt>
   <trkpt lat="34.47491" lon="-117.3422">
    <ele>951.15</ele>
   </trkpt>
   <trkpt lat="34.47562167271908" lon="-117.34165502323819">
    <ele>948.32</ele>
   </trkpt>
   <trkpt lat="34.47633334301925" lon="-117.34111003718012">
    <ele>947.73</ele>
   </trkpt>
   <trkpt lat="34.4770450109004" lon="-117.34056504182543">
    <ele>946.8000000000001</ele>
   </trkpt>
   <trkpt lat="34.477756676362425" lon="-117.34002003717379">
    <ele>946.0600000000001</ele>
   </trkpt>
   <trkpt lat="34.47846833940521" lon="-117.33947502322478">
    <ele>945.8400000000001</ele>
   </trkpt>
   <trkpt lat="34.47918" lon="-117.33893">
    <ele>944.1700000000001</ele>
   </trkpt>
   <trkpt lat="34.479835000861904" lon="-117.33845500377053">
    <ele>942.52</ele>
   </trkpt>
   <trkpt lat="34.48049" lon="-117.33798000000002">
    <ele>941.0600000000001</ele>
   </trkpt>
   <trkpt lat="34.48058" lon="-117.33794">
    <ele>940.85</ele>
   </trkpt>
   <trkpt lat="34.481" lon="-117.33741">
    <ele>939.82</ele>
   </trkpt>
   <trkpt lat="34.481190000000005" lon="-117.33705">
    <ele>939.2600000000001</ele>
   </trkpt>
   <trkpt lat="34.48133" lon="-117.33651">
    <ele>937.9300000000001</ele>
   </trkpt>
   <trkpt lat="34.481505003784804" lon="-117.33554500206628">
    <ele>936.7400000000001</ele>
   </trkpt>
   <trkpt lat="34.481680000000004" lon="-117.33458">
    <ele>935.5000000000001</ele>
   </trkpt>
   <trkpt lat="34.481820000000006" lon="-117.3341">
    <ele>934.9600000000002</ele>
   </trkpt>
   <trkpt lat="34.48198" lon="-117.33378">
    <ele>934.57</ele>
   </trkpt>
   <trkpt lat="34.482220000000005" lon="-117.33338">
    <ele>934.58</ele>
   </trkpt>
   <trkpt lat="34.48265" lon="-117.33293">
    <ele>934.3000000000001</ele>
   </trkpt>
   <trkpt lat="34.483140000000006" lon="-117.33257">
    <ele>933.61</ele>
   </trkpt>
   <trkpt lat="34.48371" lon="-117.33233000000001">
    <ele>932.85</ele>
   </trkpt>
   <trkpt lat="34.484350000000006" lon="-117.33227000000001">
    <ele>931.44</ele>
   </trkpt>
   <trkpt lat="34.485247500007574" lon="-117.33227749975795">
    <ele>929.7400000000001</ele>
   </trkpt>
   <trkpt lat="34.48614500001469" lon="-117.33228499967728">
    <ele>928.9200000000001</ele>
   </trkpt>
   <trkpt lat="34.48704250002133" lon="-117.33229249975805">
    <ele>928.2600000000001</ele>
   </trkpt>
   <trkpt lat="34.48794" lon="-117.3323">
    <ele>927.36</ele>
   </trkpt>
   <trkpt lat="34.48839500028307" lon="-117.33223500031662">
    <ele>926.97</ele>
   </trkpt>
   <trkpt lat="34.48885" lon="-117.33217">
    <ele>926.4000000000001</ele>
   </trkpt>
   <trkpt lat="34.48940000015971" lon="-117.33201000103904">
    <ele>925.5600000000001</ele>
   </trkpt>
   <trkpt lat="34.48995" lon="-117.33185">
    <ele>924.6400000000001</ele>
   </trkpt>
   <trkpt lat="34.49037000040637" lon="-117.33165500086531">
    <ele>923.4000000000001</ele>
   </trkpt>
   <trkpt lat="34.490790000000004" lon="-117.33146">
    <ele>923.0</ele>
   </trkpt>
   <trkpt lat="34.49128000036392" lon="-117.33118500158446">
    <ele>921.9600000000002</ele>
   </trkpt>
   <trkpt lat="34.49177" lon="-117.33091">
    <ele>921.6800000000001</ele>
   </trkpt>
   <trkpt lat="34.49243000213505" lon="-117.33049250990997">
    <ele>920.5900000000001</ele>
   </trkpt>
   <trkpt lat="34.4930900028502" lon="-117.33007501321131">
    <ele>919.72</ele>
   </trkpt>
   <trkpt lat="34.49375000214541" lon="-117.32965750990373">
    <ele>918.78</ele>
   </trkpt>
   <trkpt lat="34.49441" lon="-117.32924000000001">
    <ele>917.75</ele>
   </trkpt>
   <trkpt lat="34.49496000093556" lon="-117.32890333776731">
    <ele>916.96</ele>
   </trkpt>
   <trkpt lat="34.49551000094778" lon="-117.32856667109323">
    <ele>916.45</ele>
   </trkpt>
   <trkpt lat="34.49606" lon="-117.32823">
    <ele>915.33</ele>
   </trkpt>
   <trkpt lat="34.49683556317547" lon="-117.32774670263127">
    <ele>913.94</ele>
   </trkpt>
   <trkpt lat="34.497611124448035" lon="-117.32726339627115">
    <ele>912.7400000000001</ele>
   </trkpt>
   <trkpt lat="34.49838668381761" lon="-117.32678008091929">
    <ele>910.75</ele>
   </trkpt>
   <trkpt lat="34.49916224128408" lon="-117.32629675657525">
    <ele>909.6200000000001</ele>
   </trkpt>
   <trkpt lat="34.49993779684739" lon="-117.32581342323864">
    <ele>909.24</ele>
   </trkpt>
   <trkpt lat="34.50071335050742" lon="-117.32533008090903">
    <ele>907.6700000000001</ele>
   </trkpt>
   <trkpt lat="34.50148890226409" lon="-117.32484672958604">
    <ele>904.78</ele>
   </trkpt>
   <trkpt lat="34.502264452117316" lon="-117.32436336926926">
    <ele>903.33</ele>
   </trkpt>
   <trkpt lat="34.503040000000006" lon="-117.32388">
    <ele>902.33</ele>
   </trkpt>
   <trkpt lat="34.503620000000005" lon="-117.32357">
    <ele>901.7600000000001</ele>
   </trkpt>
   <trkpt lat="34.50420000047939" lon="-117.32330500175563">
    <ele>901.33</ele>
   </trkpt>
   <trkpt lat="34.504780000000004" lon="-117.32304">
    <ele>901.02</ele>
   </trkpt>
   <trkpt lat="34.505390001060924" lon="-117.3226800052665">
    <ele>902.09</ele>
   </trkpt>
   <trkpt lat="34.50600000106592" lon="-117.3223200052636">
    <ele>903.5200000000001</ele>
   </trkpt>
   <trkpt lat="34.50661" lon="-117.32196">
    <ele>900.9200000000001</ele>
   </trkpt>
   <trkpt lat="34.507200000000005" lon="-117.32158000000001">
    <ele>900.5900000000001</ele>
   </trkpt>
   <trkpt lat="34.507400000000004" lon="-117.32147">
    <ele>900.44</ele>
   </trkpt>
   <trkpt lat="34.507600000000004" lon="-117.32138">
    <ele>900.0100000000001</ele>
   </trkpt>
   <trkpt lat="34.5078" lon="-117.32133">
    <ele>899.7600000000001</ele>
   </trkpt>
   <trkpt lat="34.5082" lon="-117.32134">
    <ele>899.35</ele>
   </trkpt>
   <trkpt lat="34.50844" lon="-117.32084">
    <ele>899.33</ele>
   </trkpt>
   <trkpt lat="34.508680000000005" lon="-117.32048">
    <ele>899.1800000000001</ele>
   </trkpt>
   <trkpt lat="34.50903" lon="-117.32016000000002">
    <ele>898.87</ele>
   </trkpt>
   <trkpt lat="34.509756669374305" lon="-117.31958334339176">
    <ele>898.14</ele>
   </trkpt>
   <trkpt lat="34.51048333603906" lon="-117.31900667672679">
    <ele>897.6700000000001</ele>
   </trkpt>
   <trkpt lat="34.511210000000005" lon="-117.31843">
    <ele>897.5</ele>
   </trkpt>
   <trkpt lat="34.511625000548214" lon="-117.31804000200947">
    <ele>897.7600000000001</ele>
   </trkpt>
   <trkpt lat="34.512040000000006" lon="-117.31765000000001">
    <ele>898.58</ele>
   </trkpt>
   <trkpt lat="34.512686007446256" lon="-117.31697402096457">
    <ele>898.41</ele>
   </trkpt>
   <trkpt lat="34.513332011169055" lon="-117.3162980314477">
    <ele>898.1600000000001</ele>
   </trkpt>
   <trkpt lat="34.513978011168255" lon="-117.31562203144904">
    <ele>897.2700000000001</ele>
   </trkpt>
   <trkpt lat="34.5146240074437" lon="-117.31494602096825">
    <ele>896.7</ele>
   </trkpt>
   <trkpt lat="34.51527" lon="-117.31427000000001">
    <ele>896.5500000000001</ele>
   </trkpt>
   <trkpt lat="34.51573000197562" lon="-117.31377667212232">
    <ele>896.48</ele>
   </trkpt>
   <trkpt lat="34.516190001968035" lon="-117.31328333879718">
    <ele>896.5600000000001</ele>
   </trkpt>
   <trkpt lat="34.516650000000006" lon="-117.31279">
    <ele>896.6200000000001</ele>
   </trkpt>
   <trkpt lat="34.5172200026673" lon="-117.31221334126722">
    <ele>896.2</ele>
   </trkpt>
   <trkpt lat="34.51779000262475" lon="-117.31163667464372">
    <ele>896.2800000000001</ele>
   </trkpt>
   <trkpt lat="34.51836" lon="-117.31106000000001">
    <ele>895.4300000000001</ele>
   </trkpt>
   <trkpt lat="34.518955004789255" lon="-117.31043251347067">
    <ele>892.07</ele>
   </trkpt>
   <trkpt lat="34.51955000636983" lon="-117.30980501797785">
    <ele>890.9100000000001</ele>
   </trkpt>
   <trkpt lat="34.520145004741636" lon="-117.30917751352128">
    <ele>887.9500000000002</ele>
   </trkpt>
   <trkpt lat="34.52074" lon="-117.30855000000001">
    <ele>885.8300000000002</ele>
   </trkpt>
   <trkpt lat="34.520920000000004" lon="-117.30837000000001">
    <ele>884.0500000000001</ele>
   </trkpt>
   <trkpt lat="34.52155000231268" lon="-117.30784000799717">
    <ele>884.2800000000001</ele>
   </trkpt>
   <trkpt lat="34.522180002336206" lon="-117.3073100079775">
    <ele>884.94</ele>
   </trkpt>
   <trkpt lat="34.52281" lon="-117.30678">
    <ele>881.83</ele>
   </trkpt>
   <trkpt lat="34.522960000000005" lon="-117.30662000000001">
    <ele>879.87</ele>
   </trkpt>
   <trkpt lat="34.52347333747573" lon="-117.3059066754655">
    <ele>877.1300000000001</ele>
   </trkpt>
   <trkpt lat="34.52398667080462" lon="-117.30519334213847">
    <ele>874.94</ele>
   </trkpt>
   <trkpt lat="34.5245" lon="-117.30448000000001">
    <ele>873.7600000000001</ele>
   </trkpt>
   <trkpt lat="34.52508667157238" lon="-117.3037033442885">
    <ele>870.3100000000001</ele>
   </trkpt>
   <trkpt lat="34.525673338228806" lon="-117.30292667763557">
    <ele>868.3100000000001</ele>
   </trkpt>
   <trkpt lat="34.52626" lon="-117.30215000000001">
    <ele>865.3700000000001</ele>
   </trkpt>
   <trkpt lat="34.52658000068406" lon="-117.30175500145815">
    <ele>863.13</ele>
   </trkpt>
   <trkpt lat="34.526900000000005" lon="-117.30136">
    <ele>862.1200000000001</ele>
   </trkpt>
   <trkpt lat="34.527210000000004" lon="-117.30109000000002">
    <ele>860.94</ele>
   </trkpt>
   <trkpt lat="34.52758" lon="-117.30079">
    <ele>857.04</ele>
   </trkpt>
   <trkpt lat="34.52821000193191" lon="-117.30030000743317">
    <ele>848.6400000000001</ele>
   </trkpt>
   <trkpt lat="34.528840001907" lon="-117.29981000745263">
    <ele>848.6400000000001</ele>
   </trkpt>
   <trkpt lat="34.52947" lon="-117.29932000000001">
    <ele>845.7600000000001</ele>
   </trkpt>
   <trkpt lat="34.529050000000005" lon="-117.29842000000001">
    <ele>845.7900000000001</ele>
   </trkpt>
   <trkpt lat="34.52901" lon="-117.29819">
    <ele>845.49</ele>
   </trkpt>
   <trkpt lat="34.52902000709853" lon="-117.29725666700244">
    <ele>843.28</ele>
   </trkpt>
   <trkpt lat="34.52903000709734" lon="-117.29632333378066">
    <ele>841.86</ele>
   </trkpt>
   <trkpt lat="34.52904" lon="-117.29539000000001">
    <ele>841.5400000000001</ele>
   </trkpt>
   <trkpt lat="34.529520000021385" lon="-117.29540499991421">
    <ele>841.5100000000001</ele>
   </trkpt>
   <trkpt lat="34.53" lon="-117.29542000000001">
    <ele>841.6300000000001</ele>
   </trkpt>
   <trkpt lat="34.53052000001929" lon="-117.29542000000002">
    <ele>841.82</ele>
   </trkpt>
   <trkpt lat="34.531040000000004" lon="-117.29542000000001">
    <ele>841.3900000000001</ele>
   </trkpt>
   <trkpt lat="34.531180000000006" lon="-117.29537">
    <ele>841.32</ele>
   </trkpt>
   <trkpt lat="34.53181334365274" lon="-117.29465836039948">
    <ele>841.22</ele>
   </trkpt>
   <trkpt lat="34.53244668317776" lon="-117.29394670997318">
    <ele>840.1400000000001</ele>
   </trkpt>
   <trkpt lat="34.533080018574864" lon="-117.2932350487207">
    <ele>838.9000000000001</ele>
   </trkpt>
   <trkpt lat="34.53371334984395" lon="-117.29252337664178">
    <ele>838.71</ele>
   </trkpt>
   <trkpt lat="34.534346676984825" lon="-117.291811693736">
    <ele>838.71</ele>
   </trkpt>
   <trkpt lat="34.534980000000004" lon="-117.29110000000001">
    <ele>838.71</ele>
   </trkpt>
   <trkpt lat="34.53459" lon="-117.29155000000002">
    <ele>839.52</ele>
   </trkpt>
   <trkpt lat="34.535040002759196" lon="-117.29212999375247">
    <ele>835.28</ele>
   </trkpt>
   <trkpt lat="34.535490002776484" lon="-117.29270999377465">
    <ele>833.85</ele>
   </trkpt>
   <trkpt lat="34.535940000000004" lon="-117.29329000000001">
    <ele>833.3900000000001</ele>
   </trkpt>
   <trkpt lat="34.536" lon="-117.29322">
    <ele>833.22</ele>
   </trkpt>
   <trkpt lat="34.536100000000005" lon="-117.29333000000001">
    <ele>833.07</ele>
   </trkpt>
   <trkpt lat="34.536150000000006" lon="-117.29328000000001">
    <ele>833.07</ele>
   </trkpt>
   <trkpt lat="34.536260000000006" lon="-117.29332000000001">
    <ele>832.8000000000001</ele>
   </trkpt>
   <trkpt lat="34.536350000000006" lon="-117.29332000000001">
    <ele>832.7</ele>
   </trkpt>
   <trkpt lat="34.536410000000004" lon="-117.29329000000001">
    <ele>832.6500000000001</ele>
   </trkpt>
   <trkpt lat="34.536500000000004" lon="-117.29341000000001">
    <ele>832.2</ele>
   </trkpt>
   <trkpt lat="34.53654" lon="-117.29336">
    <ele>832.2</ele>
   </trkpt>
   <trkpt lat="34.5366" lon="-117.29344">
    <ele>832.0500000000001</ele>
   </trkpt>
   <trkpt lat="34.536640000000006" lon="-117.29345">
    <ele>832.0500000000001</ele>
   </trkpt>
   <trkpt lat="34.53716333714584" lon="-117.29413665799305">
    <ele>830.3000000000001</ele>
   </trkpt>
   <trkpt lat="34.53768667044839" lon="-117.29482332461922">
    <ele>829.64</ele>
   </trkpt>
   <trkpt lat="34.53821" lon="-117.29551000000001">
    <ele>829.3000000000001</ele>
   </trkpt>
   <trkpt lat="34.538320000000006" lon="-117.29568">
    <ele>829.07</ele>
   </trkpt>
   <trkpt lat="34.53842" lon="-117.29559">
    <ele>829.07</ele>
   </trkpt>
   <trkpt lat="34.538970004273175" lon="-117.29630999054811">
    <ele>828.69</ele>
   </trkpt>
   <trkpt lat="34.53952000432077" lon="-117.29702999061026">
    <ele>828.11</ele>
   </trkpt>
   <trkpt lat="34.54007" lon="-117.29775000000001">
    <ele>828.96</ele>
   </trkpt>
   <trkpt lat="34.54037" lon="-117.29809000000002">
    <ele>829.0400000000001</ele>
   </trkpt>
   <trkpt lat="34.540580000000006" lon="-117.29828">
    <ele>828.85</ele>
   </trkpt>
   <trkpt lat="34.54075" lon="-117.29841">
    <ele>828.79</ele>
   </trkpt>
   <trkpt lat="34.541580000657966" lon="-117.29880999601419">
    <ele>827.35</ele>
   </trkpt>
   <trkpt lat="34.542410000000004" lon="-117.29921000000002">
    <ele>828.4300000000001</ele>
   </trkpt>
   <trkpt lat="34.543060000000004" lon="-117.29954000000001">
    <ele>827.22</ele>
   </trkpt>
   <trkpt lat="34.543150000000004" lon="-117.29953">
    <ele>827.22</ele>
   </trkpt>
   <trkpt lat="34.54388333442798" lon="-117.29989332693981">
    <ele>828.46</ele>
   </trkpt>
   <trkpt lat="34.544616667779835" lon="-117.3002566602822">
    <ele>828.4300000000001</ele>
   </trkpt>
   <trkpt lat="34.545350000000006" lon="-117.30062000000001">
    <ele>828.2900000000001</ele>
   </trkpt>
   <trkpt lat="34.54587500020575" lon="-117.30085999847276">
    <ele>828.1500000000001</ele>
   </trkpt>
   <trkpt lat="34.546400000000006" lon="-117.3011">
    <ele>827.45</ele>
   </trkpt>
   <trkpt lat="34.54701" lon="-117.30141">
    <ele>826.58</ele>
   </trkpt>
   <trkpt lat="34.54771" lon="-117.30179000000001">
    <ele>824.01</ele>
   </trkpt>
   <trkpt lat="34.54835000040945" lon="-117.30208499775641">
    <ele>824.9900000000001</ele>
   </trkpt>
   <trkpt lat="34.54899" lon="-117.30238000000001">
    <ele>824.9200000000001</ele>
   </trkpt>
   <trkpt lat="34.54980666795412" lon="-117.30277665888278">
    <ele>825.1600000000001</ele>
   </trkpt>
   <trkpt lat="34.55062333462552" lon="-117.3031733255516">
    <ele>824.71</ele>
   </trkpt>
   <trkpt lat="34.55144" lon="-117.30357000000001">
    <ele>828.09</ele>
   </trkpt>
   <trkpt lat="34.5521" lon="-117.30392">
    <ele>829.11</ele>
   </trkpt>
   <trkpt lat="34.552730000000004" lon="-117.30451000000001">
    <ele>829.1800000000001</ele>
   </trkpt>
   <trkpt lat="34.55332" lon="-117.30517">
    <ele>828.7800000000001</ele>
   </trkpt>
   <trkpt lat="34.55378" lon="-117.30562">
    <ele>827.73</ele>
   </trkpt>
   <trkpt lat="34.554030000000004" lon="-117.30584">
    <ele>827.01</ele>
   </trkpt>
   <trkpt lat="34.55480666889859" lon="-117.3063666568132">
    <ele>826.98</ele>
   </trkpt>
   <trkpt lat="34.55558333553575" lon="-117.3068933234597">
    <ele>827.9000000000001</ele>
   </trkpt>
   <trkpt lat="34.556360000000005" lon="-117.30742000000001">
    <ele>827.25</ele>
   </trkpt>
   <trkpt lat="34.556670000000004" lon="-117.30770000000001">
    <ele>827.2700000000001</ele>
   </trkpt>
   <trkpt lat="34.556920000000005" lon="-117.30796000000001">
    <ele>827.57</ele>
   </trkpt>
   <trkpt lat="34.55734" lon="-117.30853">
    <ele>828.0500000000001</ele>
   </trkpt>
   <trkpt lat="34.557795001986364" lon="-117.30922999615402">
    <ele>827.47</ele>
   </trkpt>
   <trkpt lat="34.55825" lon="-117.30993000000001">
    <ele>826.3900000000001</ele>
   </trkpt>
   <trkpt lat="34.558570000661284" lon="-117.3103499983084">
    <ele>826.5600000000001</ele>
   </trkpt>
   <trkpt lat="34.558890000000005" lon="-117.31077">
    <ele>826.2100000000002</ele>
   </trkpt>
   <trkpt lat="34.5592650007425" lon="-117.3112249978256">
    <ele>825.7700000000001</ele>
   </trkpt>
   <trkpt lat="34.55964" lon="-117.31168000000001">
    <ele>824.85</ele>
   </trkpt>
   <trkpt lat="34.56006500091734" lon="-117.31213999770884">
    <ele>823.4100000000001</ele>
   </trkpt>
   <trkpt lat="34.56049" lon="-117.3126">
    <ele>822.79</ele>
   </trkpt>
   <trkpt lat="34.56091" lon="-117.31296">
    <ele>824.3100000000001</ele>
   </trkpt>
   <trkpt lat="34.561355000574245" lon="-117.31329499829556">
    <ele>826.64</ele>
   </trkpt>
   <trkpt lat="34.561800000000005" lon="-117.31363">
    <ele>828.6500000000001</ele>
   </trkpt>
   <trkpt lat="34.562295000272506" lon="-117.31394999800179">
    <ele>830.4100000000001</ele>
   </trkpt>
   <trkpt lat="34.56279" lon="-117.31427000000001">
    <ele>831.58</ele>
   </trkpt>
   <trkpt lat="34.56344" lon="-117.31482000000001">
    <ele>834.0000000000001</ele>
   </trkpt>
   <trkpt lat="34.563570000000006" lon="-117.31494">
    <ele>834.0000000000001</ele>
   </trkpt>
   <trkpt lat="34.564020002835065" lon="-117.31552666035529">
    <ele>836.4</ele>
   </trkpt>
   <trkpt lat="34.56447000286373" lon="-117.31611332705923">
    <ele>837.4200000000001</ele>
   </trkpt>
   <trkpt lat="34.56492" lon="-117.31670000000001">
    <ele>837.9900000000001</ele>
   </trkpt>
   <trkpt lat="34.56546667101226" lon="-117.31742999040296">
    <ele>837.45</ele>
   </trkpt>
   <trkpt lat="34.56601333767921" lon="-117.3181599904032">
    <ele>834.23</ele>
   </trkpt>
   <trkpt lat="34.56656" lon="-117.31889000000001">
    <ele>836.84</ele>
   </trkpt>
   <trkpt lat="34.56682" lon="-117.31914">
    <ele>837.22</ele>
   </trkpt>
   <trkpt lat="34.56702" lon="-117.31936">
    <ele>837.38</ele>
   </trkpt>
   <trkpt lat="34.5675" lon="-117.31975000000001">
    <ele>837.85</ele>
   </trkpt>
   <trkpt lat="34.56783" lon="-117.31998000000002">
    <ele>837.9900000000001</ele>
   </trkpt>
   <trkpt lat="34.56832" lon="-117.32026">
    <ele>839.74</ele>
   </trkpt>
   <trkpt lat="34.5686" lon="-117.32039">
    <ele>840.33</ele>
   </trkpt>
   <trkpt lat="34.56898" lon="-117.32054000000001">
    <ele>838.2400000000001</ele>
   </trkpt>
   <trkpt lat="34.56972250042982" lon="-117.32072499504673">
    <ele>834.88</ele>
   </trkpt>
   <trkpt lat="34.57046500058055" lon="-117.3209099933974">
    <ele>831.6600000000001</ele>
   </trkpt>
   <trkpt lat="34.57120750045219" lon="-117.32109499505216">
    <ele>827.3300000000002</ele>
   </trkpt>
   <trkpt lat="34.57195" lon="-117.32128000000002">
    <ele>821.73</ele>
   </trkpt>
   <trkpt lat="34.572300000000006" lon="-117.32142">
    <ele>819.2800000000001</ele>
   </trkpt>
   <trkpt lat="34.57274" lon="-117.32165">
    <ele>816.71</ele>
   </trkpt>
   <trkpt lat="34.57303" lon="-117.32183">
    <ele>814.73</ele>
   </trkpt>
   <trkpt lat="34.5733" lon="-117.32206000000001">
    <ele>813.94</ele>
   </trkpt>
   <trkpt lat="34.57381500117855" lon="-117.32259999664394">
    <ele>815.2300000000001</ele>
   </trkpt>
   <trkpt lat="34.57433" lon="-117.32314000000001">
    <ele>817.07</ele>
   </trkpt>
   <trkpt lat="34.574470000000005" lon="-117.32335">
    <ele>817.6300000000001</ele>
   </trkpt>
   <trkpt lat="34.57461" lon="-117.32366">
    <ele>817.91</ele>
   </trkpt>
   <trkpt lat="34.57491000359821" lon="-117.32459999659297">
    <ele>817.03</ele>
   </trkpt>
   <trkpt lat="34.575210000000006" lon="-117.32554">
    <ele>816.13</ele>
   </trkpt>
   <trkpt lat="34.575390000000006" lon="-117.32603">
    <ele>815.58</ele>
   </trkpt>
   <trkpt lat="34.57573" lon="-117.32679">
    <ele>814.6500000000001</ele>
   </trkpt>
   <trkpt lat="34.576100000000004" lon="-117.32739000000001">
    <ele>814.4</ele>
   </trkpt>
   <trkpt lat="34.57636" lon="-117.32778">
    <ele>814.4100000000001</ele>
   </trkpt>
   <trkpt lat="34.576600000000006" lon="-117.32809">
    <ele>814.2600000000001</ele>
   </trkpt>
   <trkpt lat="34.577020000000005" lon="-117.32855">
    <ele>814.36</ele>
   </trkpt>
   <trkpt lat="34.57746" lon="-117.32896000000001">
    <ele>814.7800000000001</ele>
   </trkpt>
   <trkpt lat="34.57777" lon="-117.32921">
    <ele>815.15</ele>
   </trkpt>
   <trkpt lat="34.57823500043975" lon="-117.3295549980362">
    <ele>815.44</ele>
   </trkpt>
   <trkpt lat="34.578700000000005" lon="-117.32990000000001">
    <ele>815.1700000000001</ele>
   </trkpt>
   <trkpt lat="34.579350000968695" lon="-117.33038999616033">
    <ele>815.91</ele>
   </trkpt>
   <trkpt lat="34.580000000000005" lon="-117.33088000000001">
    <ele>816.2600000000001</ele>
   </trkpt>
   <trkpt lat="34.58046" lon="-117.33118">
    <ele>815.57</ele>
   </trkpt>
   <trkpt lat="34.580940000000005" lon="-117.33141">
    <ele>815.07</ele>
   </trkpt>
   <trkpt lat="34.58157500057388" lon="-117.33174499750181">
    <ele>814.73</ele>
   </trkpt>
   <trkpt lat="34.58221" lon="-117.33208">
    <ele>815.0600000000001</ele>
   </trkpt>
   <trkpt lat="34.58252" lon="-117.33218000000001">
    <ele>814.9000000000001</ele>
   </trkpt>
   <trkpt lat="34.582950000000004" lon="-117.33227000000001">
    <ele>814.76</ele>
   </trkpt>
   <trkpt lat="34.58334" lon="-117.3323">
    <ele>814.64</ele>
   </trkpt>
   <trkpt lat="34.583690000000004" lon="-117.33227000000001">
    <ele>814.27</ele>
   </trkpt>
   <trkpt lat="34.58438500045759" lon="-117.33207500489459">
    <ele>812.3800000000001</ele>
   </trkpt>
   <trkpt lat="34.58508000060505" lon="-117.33188000652765">
    <ele>810.9000000000001</ele>
   </trkpt>
   <trkpt lat="34.58577500044236" lon="-117.33168500489901">
    <ele>811.52</ele>
   </trkpt>
   <trkpt lat="34.586470000000006" lon="-117.33149000000002">
    <ele>810.6700000000001</ele>
   </trkpt>
   <trkpt lat="34.586890000000004" lon="-117.33139000000001">
    <ele>810.2800000000001</ele>
   </trkpt>
   <trkpt lat="34.58758" lon="-117.33133000000001">
    <ele>809.7900000000001</ele>
   </trkpt>
   <trkpt lat="34.58769" lon="-117.33133000000001">
    <ele>809.71</ele>
   </trkpt>
   <trkpt lat="34.58823499994605" lon="-117.33137999966617">
    <ele>809.69</ele>
   </trkpt>
   <trkpt lat="34.58878" lon="-117.33143000000001">
    <ele>809.7200000000001</ele>
   </trkpt>
   <trkpt lat="34.58952000004927" lon="-117.33150333202761">
    <ele>809.45</ele>
   </trkpt>
   <trkpt lat="34.59026000005469" lon="-117.33157666536147">
    <ele>809.2900000000001</ele>
   </trkpt>
   <trkpt lat="34.591" lon="-117.33165000000001">
    <ele>809.45</ele>
   </trkpt>
   <trkpt lat="34.5912" lon="-117.33168">
    <ele>809.3100000000001</ele>
   </trkpt>
   <trkpt lat="34.59158" lon="-117.33176">
    <ele>809.08</ele>
   </trkpt>
   <trkpt lat="34.59192" lon="-117.33187000000001">
    <ele>808.82</ele>
   </trkpt>
   <trkpt lat="34.59235000025657" lon="-117.33207499897959">
    <ele>808.83</ele>
   </trkpt>
   <trkpt lat="34.592780000000005" lon="-117.33228000000001">
    <ele>807.8000000000001</ele>
   </trkpt>
   <trkpt lat="34.593230000000005" lon="-117.33258000000001">
    <ele>807.51</ele>
   </trkpt>
   <trkpt lat="34.593970007213656" lon="-117.33312282812955">
    <ele>807.1700000000001</ele>
   </trkpt>
   <trkpt lat="34.59471001202365" lon="-117.33366566593006">
    <ele>806.39</ele>
   </trkpt>
   <trkpt lat="34.59545001442983" lon="-117.33420851340189">
    <ele>805.33</ele>
   </trkpt>
   <trkpt lat="34.59619001443213" lon="-117.33475137054545">
    <ele>804.69</ele>
   </trkpt>
   <trkpt lat="34.59693001203043" lon="-117.33529423736115">
    <ele>804.5300000000001</ele>
   </trkpt>
   <trkpt lat="34.5976700072246" lon="-117.33583711384944">
    <ele>804.37</ele>
   </trkpt>
   <trkpt lat="34.59841" lon="-117.33638">
    <ele>803.4000000000001</ele>
   </trkpt>
   <trkpt lat="34.59898000048732" lon="-117.33671499771839">
    <ele>802.97</ele>
   </trkpt>
   <trkpt lat="34.59955" lon="-117.33705">
    <ele>803.0500000000001</ele>
   </trkpt>
   <trkpt lat="34.60009" lon="-117.33741">
    <ele>802.9900000000001</ele>
   </trkpt>
   <trkpt lat="34.600680000000004" lon="-117.33781">
    <ele>801.57</ele>
   </trkpt>
   <trkpt lat="34.60134800384647" lon="-117.33829598435828">
    <ele>801.0100000000001</ele>
   </trkpt>
   <trkpt lat="34.6020160057661" lon="-117.33878197653443">
    <ele>800.12</ele>
   </trkpt>
   <trkpt lat="34.60268400575888" lon="-117.33926797652883">
    <ele>799.9300000000001</ele>
   </trkpt>
   <trkpt lat="34.603352003824675" lon="-117.33975398434171">
    <ele>802.3800000000001</ele>
   </trkpt>
   <trkpt lat="34.604020000000006" lon="-117.34024000000001">
    <ele>804.09</ele>
   </trkpt>
   <trkpt lat="34.604800000000004" lon="-117.34076">
    <ele>802.61</ele>
   </trkpt>
   <trkpt lat="34.60559333472723" lon="-117.34117999195071">
    <ele>800.3</ele>
   </trkpt>
   <trkpt lat="34.60638666801533" lon="-117.34159999192663">
    <ele>798.94</ele>
   </trkpt>
   <trkpt lat="34.60718" lon="-117.34202">
    <ele>799.0</ele>
   </trkpt>
   <trkpt lat="34.60745" lon="-117.34215">
    <ele>798.85</ele>
   </trkpt>
   <trkpt lat="34.607670000000006" lon="-117.3422">
    <ele>798.85</ele>
   </trkpt>
   <trkpt lat="34.6079" lon="-117.3422">
    <ele>798.88</ele>
   </trkpt>
   <trkpt lat="34.60813" lon="-117.34215">
    <ele>798.88</ele>
   </trkpt>
   <trkpt lat="34.60837" lon="-117.34206">
    <ele>798.82</ele>
   </trkpt>
   <trkpt lat="34.60869" lon="-117.34182000000001">
    <ele>798.8000000000001</ele>
   </trkpt>
   <trkpt lat="34.609390000000005" lon="-117.34121">
    <ele>799.03</ele>
   </trkpt>
   <trkpt lat="34.609730000000006" lon="-117.34097000000001">
    <ele>798.66</ele>
   </trkpt>
   <trkpt lat="34.609970000000004" lon="-117.34085">
    <ele>798.66</ele>
   </trkpt>
   <trkpt lat="34.610380000000006" lon="-117.34076">
    <ele>798.1</ele>
   </trkpt>
   <trkpt lat="34.61054" lon="-117.34076">
    <ele>798.03</ele>
   </trkpt>
   <trkpt lat="34.610710000000005" lon="-117.34081">
    <ele>797.98</ele>
   </trkpt>
   <trkpt lat="34.61121" lon="-117.34100000000001">
    <ele>798.22</ele>
   </trkpt>
   <trkpt lat="34.611913334556085" lon="-117.341383326851">
    <ele>799.98</ele>
   </trkpt>
   <trkpt lat="34.612616667913244" lon="-117.34176666019724">
    <ele>801.2600000000001</ele>
   </trkpt>
   <trkpt lat="34.61332" lon="-117.34215">
    <ele>799.09</ele>
   </trkpt>
   <trkpt lat="34.613640000000004" lon="-117.34229">
    <ele>798.7700000000001</ele>
   </trkpt>
   <trkpt lat="34.61426000011133" lon="-117.34244499884564">
    <ele>800.24</ele>
   </trkpt>
   <trkpt lat="34.61488" lon="-117.3426">
    <ele>803.52</ele>
   </trkpt>
   <trkpt lat="34.615449999959075" lon="-117.34270999922722">
    <ele>806.4300000000001</ele>
   </trkpt>
   <trkpt lat="34.616020000000006" lon="-117.34282">
    <ele>807.0600000000001</ele>
   </trkpt>
   <trkpt lat="34.6167" lon="-117.343">
    <ele>806.32</ele>
   </trkpt>
   <trkpt lat="34.617360000000005" lon="-117.34314">
    <ele>803.1400000000001</ele>
   </trkpt>
   <trkpt lat="34.61797000021084" lon="-117.34328666451931">
    <ele>799.39</ele>
   </trkpt>
   <trkpt lat="34.61858000024613" lon="-117.34343333119443">
    <ele>796.6200000000001</ele>
   </trkpt>
   <trkpt lat="34.61919" lon="-117.34358">
    <ele>794.6200000000001</ele>
   </trkpt>
   <trkpt lat="34.62006166687924" lon="-117.34368499448432">
    <ele>792.98</ele>
   </trkpt>
   <trkpt lat="34.62093333366851" lon="-117.34378999117416">
    <ele>792.46</ele>
   </trkpt>
   <trkpt lat="34.621805000367836" lon="-117.34389499006966">
    <ele>792.1700000000001</ele>
   </trkpt>
   <trkpt lat="34.62267666697718" lon="-117.34399999117088">
    <ele>791.48</ele>
   </trkpt>
   <trkpt lat="34.62354833349655" lon="-117.34410499447799">
    <ele>789.96</ele>
   </trkpt>
   <trkpt lat="34.62442" lon="-117.34421">
    <ele>788.8600000000001</ele>
   </trkpt>
   <trkpt lat="34.62514" lon="-117.34421">
    <ele>788.39</ele>
   </trkpt>
   <trkpt lat="34.625460000000004" lon="-117.34416000000002">
    <ele>788.22</ele>
   </trkpt>
   <trkpt lat="34.62625000006957" lon="-117.3440766682522">
    <ele>788.2600000000001</ele>
   </trkpt>
   <trkpt lat="34.627040000082474" lon="-117.34399333491751">
    <ele>788.0500000000001</ele>
   </trkpt>
   <trkpt lat="34.62783" lon="-117.34391000000001">
    <ele>787.73</ele>
   </trkpt>
   <trkpt lat="34.62866" lon="-117.3439">
    <ele>787.6700000000001</ele>
   </trkpt>
   <trkpt lat="34.62946" lon="-117.34404">
    <ele>787.78</ele>
   </trkpt>
   <trkpt lat="34.629920000000006" lon="-117.34418000000001">
    <ele>787.46</ele>
   </trkpt>
   <trkpt lat="34.630500000000005" lon="-117.34446000000001">
    <ele>787.36</ele>
   </trkpt>
   <trkpt lat="34.631" lon="-117.34475">
    <ele>786.7900000000001</ele>
   </trkpt>
   <trkpt lat="34.63138" lon="-117.34494000000001">
    <ele>786.44</ele>
   </trkpt>
   <trkpt lat="34.63188" lon="-117.34511">
    <ele>786.3800000000001</ele>
   </trkpt>
   <trkpt lat="34.63261" lon="-117.34521000000001">
    <ele>787.5200000000001</ele>
   </trkpt>
   <trkpt lat="34.63347000017222" lon="-117.34531399568651">
    <ele>789.57</ele>
   </trkpt>
   <trkpt lat="34.634330000256156" lon="-117.34541799352938">
    <ele>791.0500000000001</ele>
   </trkpt>
   <trkpt lat="34.63519000025182" lon="-117.34552199352872">
    <ele>792.5600000000001</ele>
   </trkpt>
   <trkpt lat="34.63605000015921" lon="-117.34562599568471">
    <ele>792.2300000000001</ele>
   </trkpt>
   <trkpt lat="34.63691" lon="-117.34573">
    <ele>789.6200000000001</ele>
   </trkpt>
   <trkpt lat="34.63734" lon="-117.34578">
    <ele>789.54</ele>
   </trkpt>
   <trkpt lat="34.637710000000006" lon="-117.34577000000002">
    <ele>789.3100000000001</ele>
   </trkpt>
   <trkpt lat="34.63806" lon="-117.34570000000001">
    <ele>788.93</ele>
   </trkpt>
   <trkpt lat="34.63866999999506" lon="-117.34553000128463">
    <ele>788.7</ele>
   </trkpt>
   <trkpt lat="34.63928" lon="-117.34536000000001">
    <ele>788.1800000000001</ele>
   </trkpt>
   <trkpt lat="34.64011857294086" lon="-117.3451114436531">
    <ele>788.12</ele>
   </trkpt>
   <trkpt lat="34.64095714537743" lon="-117.34486288227946">
    <ele>788.2300000000001</ele>
   </trkpt>
   <trkpt lat="34.641795717309705" lon="-117.34461431587883">
    <ele>788.81</ele>
   </trkpt>
   <trkpt lat="34.642634288737675" lon="-117.34436574445097">
    <ele>789.19</ele>
   </trkpt>
   <trkpt lat="34.64347285966126" lon="-117.34411716799559">
    <ele>790.0600000000001</ele>
   </trkpt>
   <trkpt lat="34.64431143008049" lon="-117.3438685865125">
    <ele>790.37</ele>
   </trkpt>
   <trkpt lat="34.64515" lon="-117.34362000000002">
    <ele>791.7400000000001</ele>
   </trkpt>
   <trkpt lat="34.64590666711" lon="-117.3434000040015">
    <ele>793.7400000000001</ele>
   </trkpt>
   <trkpt lat="34.64666333382492" lon="-117.34318000398751">
    <ele>796.22</ele>
   </trkpt>
   <trkpt lat="34.647420000000004" lon="-117.34296">
    <ele>797.8700000000001</ele>
   </trkpt>
   <trkpt lat="34.64809000028626" lon="-117.34289000053788">
    <ele>797.8700000000001</ele>
   </trkpt>
   <trkpt lat="34.64876" lon="-117.34282">
    <ele>797.3000000000001</ele>
   </trkpt>
   <trkpt lat="34.64961333358647" lon="-117.3427450084926">
    <ele>795.8000000000001</ele>
   </trkpt>
   <trkpt lat="34.650466667127034" lon="-117.34267001544134">
    <ele>792.88</ele>
   </trkpt>
   <trkpt lat="34.65132000062167" lon="-117.34259502084616">
    <ele>791.15</ele>
   </trkpt>
   <trkpt lat="34.652173334070405" lon="-117.34252002470694">
    <ele>791.4700000000001</ele>
   </trkpt>
   <trkpt lat="34.65302666747322" lon="-117.34244502702367">
    <ele>790.1600000000001</ele>
   </trkpt>
   <trkpt lat="34.65388000083012" lon="-117.34237002779622">
    <ele>789.85</ele>
   </trkpt>
   <trkpt lat="34.6547333341411" lon="-117.34229502702449">
    <ele>789.8600000000001</ele>
   </trkpt>
   <trkpt lat="34.655586667406155" lon="-117.34222002470848">
    <ele>790.99</ele>
   </trkpt>
   <trkpt lat="34.65644000062528" lon="-117.34214502084804">
    <ele>791.2900000000001</ele>
   </trkpt>
   <trkpt lat="34.657293333798485" lon="-117.34207001544308">
    <ele>792.21</ele>
   </trkpt>
   <trkpt lat="34.658146666925745" lon="-117.34199500849356">
    <ele>794.3500000000001</ele>
   </trkpt>
   <trkpt lat="34.659000000000006" lon="-117.34192000000002">
    <ele>795.0400000000001</ele>
   </trkpt>
   <trkpt lat="34.65974500027436" lon="-117.34180833834989">
    <ele>794.6700000000001</ele>
   </trkpt>
   <trkpt lat="34.660490000446934" lon="-117.3416966746921">
    <ele>794.1800000000001</ele>
   </trkpt>
   <trkpt lat="34.661235000517685" lon="-117.34158500902653">
    <ele>792.96</ele>
   </trkpt>
   <trkpt lat="34.66198000048664" lon="-117.34147334135305">
    <ele>791.6700000000001</ele>
   </trkpt>
   <trkpt lat="34.662725000353795" lon="-117.34136167167165">
    <ele>791.0600000000001</ele>
   </trkpt>
   <trkpt lat="34.663470000000004" lon="-117.34125000000002">
    <ele>791.5300000000001</ele>
   </trkpt>
   <trkpt lat="34.663880000000006" lon="-117.34121">
    <ele>792.7700000000001</ele>
   </trkpt>
   <trkpt lat="34.664679999993105" lon="-117.34109000116852">
    <ele>792.0200000000001</ele>
   </trkpt>
   <trkpt lat="34.66548" lon="-117.34097000000001">
    <ele>790.6800000000001</ele>
   </trkpt>
   <trkpt lat="34.666225000208506" lon="-117.34086500472337">
    <ele>789.57</ele>
   </trkpt>
   <trkpt lat="34.666970000326984" lon="-117.3407600075584">
    <ele>789.88</ele>
   </trkpt>
   <trkpt lat="34.66771500035545" lon="-117.3406550085051">
    <ele>790.61</ele>
   </trkpt>
   <trkpt lat="34.668460000293884" lon="-117.34055000756331">
    <ele>789.71</ele>
   </trkpt>
   <trkpt lat="34.669205000142306" lon="-117.34044500473297">
    <ele>787.82</ele>
   </trkpt>
   <trkpt lat="34.66995" lon="-117.34034000000001">
    <ele>786.21</ele>
   </trkpt>
   <trkpt lat="34.67082400027836" lon="-117.34020800557198">
    <ele>785.7900000000001</ele>
   </trkpt>
   <trkpt lat="34.67169800041445" lon="-117.3400760083586">
    <ele>786.1800000000001</ele>
   </trkpt>
   <trkpt lat="34.67257200040824" lon="-117.33994400835967">
    <ele>785.2800000000001</ele>
   </trkpt>
   <trkpt lat="34.67344600025978" lon="-117.3398120055751">
    <ele>783.83</ele>
   </trkpt>
   <trkpt lat="34.67432" lon="-117.33968000000002">
    <ele>781.9</ele>
   </trkpt>
   <trkpt lat="34.67513250016561" lon="-117.33957250316064">
    <ele>783.2</ele>
   </trkpt>
   <trkpt lat="34.67594500023684" lon="-117.33946500421213">
    <ele>784.6</ele>
   </trkpt>
   <trkpt lat="34.676757500213704" lon="-117.33935750315436">
    <ele>785.1800000000001</ele>
   </trkpt>
   <trkpt lat="34.67757" lon="-117.33925">
    <ele>785.1300000000001</ele>
   </trkpt>
   <trkpt lat="34.67821" lon="-117.3392">
    <ele>784.49</ele>
   </trkpt>
   <trkpt lat="34.67907117647121" lon="-117.33919882372517">
    <ele>782.2900000000001</ele>
   </trkpt>
   <trkpt lat="34.67993235294242" lon="-117.3391976474259">
    <ele>781.36</ele>
   </trkpt>
   <trkpt lat="34.68079352941363" lon="-117.33919647110216">
    <ele>780.7</ele>
   </trkpt>
   <trkpt lat="34.68165470588482" lon="-117.33919529475394">
    <ele>779.19</ele>
   </trkpt>
   <trkpt lat="34.68251588235598" lon="-117.33919411838126">
    <ele>777.05</ele>
   </trkpt>
   <trkpt lat="34.68337705882713" lon="-117.33919294198411">
    <ele>774.7700000000001</ele>
   </trkpt>
   <trkpt lat="34.6842382352983" lon="-117.33919176556248">
    <ele>774.19</ele>
   </trkpt>
   <trkpt lat="34.68509941176943" lon="-117.3391905891164">
    <ele>773.38</ele>
   </trkpt>
   <trkpt lat="34.685960588240555" lon="-117.3391894126458">
    <ele>772.7400000000001</ele>
   </trkpt>
   <trkpt lat="34.686821764711674" lon="-117.33918823615076">
    <ele>771.84</ele>
   </trkpt>
   <trkpt lat="34.68768294118277" lon="-117.33918705963121">
    <ele>770.6400000000001</ele>
   </trkpt>
   <trkpt lat="34.68854411765387" lon="-117.33918588308724">
    <ele>770.2800000000001</ele>
   </trkpt>
   <trkpt lat="34.68940529412495" lon="-117.33918470651875">
    <ele>769.34</ele>
   </trkpt>
   <trkpt lat="34.69026647059603" lon="-117.33918352992579">
    <ele>768.96</ele>
   </trkpt>
   <trkpt lat="34.691127647067084" lon="-117.33918235330832">
    <ele>768.0100000000001</ele>
   </trkpt>
   <trkpt lat="34.69198882353814" lon="-117.3391811766664">
    <ele>767.1800000000001</ele>
   </trkpt>
   <trkpt lat="34.69285" lon="-117.33918000000001">
    <ele>766.4300000000001</ele>
   </trkpt>
   <trkpt lat="34.69373000003474" lon="-117.33918666652517">
    <ele>765.96</ele>
   </trkpt>
   <trkpt lat="34.69461000006912" lon="-117.3391933331921">
    <ele>764.95</ele>
   </trkpt>
   <trkpt lat="34.69549" lon="-117.3392">
    <ele>764.97</ele>
   </trkpt>
   <trkpt lat="34.696020000000004" lon="-117.3392">
    <ele>765.0600000000001</ele>
   </trkpt>
   <trkpt lat="34.69641" lon="-117.33915">
    <ele>765.12</ele>
   </trkpt>
   <trkpt lat="34.696870000000004" lon="-117.33907">
    <ele>764.9100000000001</ele>
   </trkpt>
   <trkpt lat="34.69724" lon="-117.33897">
    <ele>764.6400000000001</ele>
   </trkpt>
   <trkpt lat="34.69773000020393" lon="-117.33879000103953">
    <ele>764.32</ele>
   </trkpt>
   <trkpt lat="34.698220000000006" lon="-117.33861">
    <ele>764.39</ele>
   </trkpt>
   <trkpt lat="34.69888000065452" lon="-117.33838000550125">
    <ele>764.21</ele>
   </trkpt>
   <trkpt lat="34.69954000087694" lon="-117.33815000733361">
    <ele>763.96</ele>
   </trkpt>
   <trkpt lat="34.700200000667216" lon="-117.33792000549695">
    <ele>763.5500000000001</ele>
   </trkpt>
   <trkpt lat="34.700860000000006" lon="-117.33769000000001">
    <ele>762.69</ele>
   </trkpt>
   <trkpt lat="34.70168875236622" lon="-117.33740252015754">
    <ele>762.6600000000001</ele>
   </trkpt>
   <trkpt lat="34.702517504057326" lon="-117.33711503455606">
    <ele>762.3100000000001</ele>
   </trkpt>
   <trkpt lat="34.703346255073264" lon="-117.33682754319527">
    <ele>762.45</ele>
   </trkpt>
   <trkpt lat="34.704175005413994" lon="-117.33654004607487">
    <ele>761.9200000000001</ele>
   </trkpt>
   <trkpt lat="34.70500375507951" lon="-117.33625254319462">
    <ele>760.71</ele>
   </trkpt>
   <trkpt lat="34.70583250406977" lon="-117.33596503455414">
    <ele>759.4900000000001</ele>
   </trkpt>
   <trkpt lat="34.70666125238472" lon="-117.33567752015321">
    <ele>759.14</ele>
   </trkpt>
   <trkpt lat="34.70749" lon="-117.33539">
    <ele>759.95</ele>
   </trkpt>
   <trkpt lat="34.708347501060366" lon="-117.33509750909249">
    <ele>761.0100000000001</ele>
   </trkpt>
   <trkpt lat="34.709205001421815" lon="-117.33480501212084">
    <ele>761.33</ele>
   </trkpt>
   <trkpt lat="34.71006250108427" lon="-117.33451250908469">
    <ele>761.0</ele>
   </trkpt>
   <trkpt lat="34.71092" lon="-117.33422000000002">
    <ele>761.12</ele>
   </trkpt>
   <trkpt lat="34.711560000423255" lon="-117.3339850017458">
    <ele>761.11</ele>
   </trkpt>
   <trkpt lat="34.7122" lon="-117.33375000000001">
    <ele>761.21</ele>
   </trkpt>
   <trkpt lat="34.71302177002526" lon="-117.33346475124235">
    <ele>761.62</ele>
   </trkpt>
   <trkpt lat="34.71384353938572" lon="-117.3331794968161">
    <ele>761.82</ele>
   </trkpt>
   <trkpt lat="34.714665308081365" lon="-117.332894236721">
    <ele>762.1800000000001</ele>
   </trkpt>
   <trkpt lat="34.71548707611216" lon="-117.33260897095677">
    <ele>762.08</ele>
   </trkpt>
   <trkpt lat="34.716308843478075" lon="-117.33232369952309">
    <ele>761.2700000000001</ele>
   </trkpt>
   <trkpt lat="34.71713061017906" lon="-117.33203842241973">
    <ele>759.0</ele>
   </trkpt>
   <trkpt lat="34.7179523762151" lon="-117.33175313964637">
    <ele>758.0500000000001</ele>
   </trkpt>
   <trkpt lat="34.71877414158615" lon="-117.33146785120275">
    <ele>757.73</ele>
   </trkpt>
   <trkpt lat="34.719595906292184" lon="-117.33118255708854">
    <ele>756.39</ele>
   </trkpt>
   <trkpt lat="34.72041767033317" lon="-117.33089725730356">
    <ele>758.1000000000001</ele>
   </trkpt>
   <trkpt lat="34.72123943370905" lon="-117.33061195184743">
    <ele>760.4000000000001</ele>
   </trkpt>
   <trkpt lat="34.72206119641984" lon="-117.3303266407199">
    <ele>760.9</ele>
   </trkpt>
   <trkpt lat="34.72288295846545" lon="-117.33004132392071">
    <ele>760.5200000000001</ele>
   </trkpt>
   <trkpt lat="34.72370471984587" lon="-117.32975600144954">
    <ele>759.3000000000001</ele>
   </trkpt>
   <trkpt lat="34.724526480561074" lon="-117.32947067330616">
    <ele>759.6700000000001</ele>
   </trkpt>
   <trkpt lat="34.72534824061103" lon="-117.32918533949024">
    <ele>761.4000000000001</ele>
   </trkpt>
   <trkpt lat="34.72617" lon="-117.3289">
    <ele>762.29</ele>
   </trkpt>
   <trkpt lat="34.72666500005557" lon="-117.32872000110581">
    <ele>761.96</ele>
   </trkpt>
   <trkpt lat="34.727160000000005" lon="-117.32854">
    <ele>761.6800000000001</ele>
   </trkpt>
   <trkpt lat="34.72791750126883" lon="-117.32821750886896">
    <ele>760.08</ele>
   </trkpt>
   <trkpt lat="34.72867500168777" lon="-117.32789501182715">
    <ele>758.1300000000001</ele>
   </trkpt>
   <trkpt lat="34.72943250125681" lon="-117.32757250887434">
    <ele>759.11</ele>
   </trkpt>
   <trkpt lat="34.73019" lon="-117.32725">
    <ele>758.51</ele>
   </trkpt>
   <trkpt lat="34.73100300414719" lon="-117.32691402974953">
    <ele>756.5200000000001</ele>
   </trkpt>
   <trkpt lat="34.73181600737195" lon="-117.3265780528893">
    <ele>753.65</ele>
   </trkpt>
   <trkpt lat="34.73262900967422" lon="-117.32624206941898">
    <ele>752.57</ele>
   </trkpt>
   <trkpt lat="34.73344201105397" lon="-117.32590607933832">
    <ele>753.0300000000001</ele>
   </trkpt>
   <trkpt lat="34.73425501151113" lon="-117.32557008264692">
    <ele>753.1300000000001</ele>
   </trkpt>
   <trkpt lat="34.73506801104567" lon="-117.32523407934447">
    <ele>751.0500000000001</ele>
   </trkpt>
   <trkpt lat="34.73588100965755" lon="-117.32489806943069">
    <ele>747.3900000000001</ele>
   </trkpt>
   <trkpt lat="34.736694007346706" lon="-117.3245620529052">
    <ele>745.7300000000001</ele>
   </trkpt>
   <trkpt lat="34.737507004113105" lon="-117.32422602976773">
    <ele>744.94</ele>
   </trkpt>
   <trkpt lat="34.73832" lon="-117.32389">
    <ele>746.86</ele>
   </trkpt>
   <trkpt lat="34.73909500020619" lon="-117.32363000246221">
    <ele>747.62</ele>
   </trkpt>
   <trkpt lat="34.73987" lon="-117.32337000000001">
    <ele>747.35</ele>
   </trkpt>
   <trkpt lat="34.74055750049266" lon="-117.3231725049262">
    <ele>746.2800000000001</ele>
   </trkpt>
   <trkpt lat="34.74124500066653" lon="-117.32297500656558">
    <ele>745.51</ele>
   </trkpt>
   <trkpt lat="34.74193250052161" lon="-117.32277750491804">
    <ele>744.3400000000001</ele>
   </trkpt>
   <trkpt lat="34.74262" lon="-117.32258000000002">
    <ele>744.11</ele>
   </trkpt>
   <trkpt lat="34.74309" lon="-117.32245">
    <ele>745.53</ele>
   </trkpt>
   <trkpt lat="34.74370333350113" lon="-117.32233666833793">
    <ele>745.99</ele>
   </trkpt>
   <trkpt lat="34.74431666689729" lon="-117.322223334993">
    <ele>744.7900000000001</ele>
   </trkpt>
   <trkpt lat="34.744930000000004" lon="-117.32211000000001">
    <ele>744.41</ele>
   </trkpt>
   <trkpt lat="34.74537" lon="-117.322">
    <ele>745.1300000000001</ele>
   </trkpt>
   <trkpt lat="34.74613500067998" lon="-117.3215750039683">
    <ele>744.35</ele>
   </trkpt>
   <trkpt lat="34.746900000000004" lon="-117.32115">
    <ele>748.85</ele>
   </trkpt>
   <trkpt lat="34.747240000000005" lon="-117.32093">
    <ele>749.72</ele>
   </trkpt>
   <trkpt lat="34.74754" lon="-117.32067">
    <ele>749.8800000000001</ele>
   </trkpt>
   <trkpt lat="34.747890000000005" lon="-117.3203">
    <ele>749.7600000000001</ele>
   </trkpt>
   <trkpt lat="34.7481" lon="-117.31999">
    <ele>749.9300000000001</ele>
   </trkpt>
   <trkpt lat="34.748310000000004" lon="-117.31959">
    <ele>749.5</ele>
   </trkpt>
   <trkpt lat="34.74869601312597" lon="-117.31869401674552">
    <ele>750.4900000000001</ele>
   </trkpt>
   <trkpt lat="34.74908201969001" lon="-117.31779802511623">
    <ele>754.07</ele>
   </trkpt>
   <trkpt lat="34.74946801969197" lon="-117.31690202511211">
    <ele>758.58</ele>
   </trkpt>
   <trkpt lat="34.74985401313168" lon="-117.3160060167331">
    <ele>756.85</ele>
   </trkpt>
   <trkpt lat="34.750240000000005" lon="-117.31511">
    <ele>755.68</ele>
   </trkpt>
   <trkpt lat="34.750350000000005" lon="-117.31471">
    <ele>756.34</ele>
   </trkpt>
   <trkpt lat="34.75043" lon="-117.3143">
    <ele>757.8300000000002</ele>
   </trkpt>
   <trkpt lat="34.75052" lon="-117.31323">
    <ele>761.7900000000001</ele>
   </trkpt>
   <trkpt lat="34.75054500126261" lon="-117.31267500008585">
    <ele>764.1300000000001</ele>
   </trkpt>
   <trkpt lat="34.75057" lon="-117.31212000000001">
    <ele>766.99</ele>
   </trkpt>
   <trkpt lat="34.75056" lon="-117.31181000000001">
    <ele>767.8900000000001</ele>
   </trkpt>
   <trkpt lat="34.75052" lon="-117.31148">
    <ele>770.02</ele>
   </trkpt>
   <trkpt lat="34.750440000000005" lon="-117.31112">
    <ele>770.6200000000001</ele>
   </trkpt>
   <trkpt lat="34.750310000000006" lon="-117.31076000000002">
    <ele>772.3000000000001</ele>
   </trkpt>
   <trkpt lat="34.750150000000005" lon="-117.31042000000001">
    <ele>773.32</ele>
   </trkpt>
   <trkpt lat="34.74978000326156" lon="-117.30978666096293">
    <ele>775.73</ele>
   </trkpt>
   <trkpt lat="34.749410003244414" lon="-117.30915332760031">
    <ele>779.49</ele>
   </trkpt>
   <trkpt lat="34.74904" lon="-117.30852000000002">
    <ele>783.1800000000001</ele>
   </trkpt>
   <trkpt lat="34.74877" lon="-117.3079">
    <ele>785.6800000000001</ele>
   </trkpt>
   <trkpt lat="34.748540004322166" lon="-117.30716999582756">
    <ele>788.8900000000001</ele>
   </trkpt>
   <trkpt lat="34.74831000428846" lon="-117.30643999572065">
    <ele>791.48</ele>
   </trkpt>
   <trkpt lat="34.74808" lon="-117.30571">
    <ele>794.42</ele>
   </trkpt>
   <trkpt lat="34.74797" lon="-117.3053">
    <ele>797.09</ele>
   </trkpt>
   <trkpt lat="34.7479" lon="-117.30495">
    <ele>798.3500000000001</ele>
   </trkpt>
   <trkpt lat="34.74785" lon="-117.30423">
    <ele>799.1300000000001</ele>
   </trkpt>
   <trkpt lat="34.74788" lon="-117.30387">
    <ele>798.4300000000001</ele>
   </trkpt>
   <trkpt lat="34.74795" lon="-117.30343">
    <ele>796.27</ele>
   </trkpt>
   <trkpt lat="34.748185739726736" lon="-117.30241144601091">
    <ele>794.4000000000001</ele>
   </trkpt>
   <trkpt lat="34.74842147097349" lon="-117.30139288620782">
    <ele>793.03</ele>
   </trkpt>
   <trkpt lat="34.74865719374013" lon="-117.30037432059085">
    <ele>797.0500000000001</ele>
   </trkpt>
   <trkpt lat="34.74889290802653" lon="-117.29935574916011">
    <ele>799.5200000000001</ele>
   </trkpt>
   <trkpt lat="34.749128613832575" lon="-117.29833717191575">
    <ele>798.94</ele>
   </trkpt>
   <trkpt lat="34.749364311158125" lon="-117.29731858885788">
    <ele>799.7400000000001</ele>
   </trkpt>
   <trkpt lat="34.7496" lon="-117.29630000000002">
    <ele>798.5000000000001</ele>
   </trkpt>
   <trkpt lat="34.74973" lon="-117.29591">
    <ele>797.6500000000001</ele>
   </trkpt>
   <trkpt lat="34.749990000000004" lon="-117.29533">
    <ele>796.8700000000001</ele>
   </trkpt>
   <trkpt lat="34.75021" lon="-117.29505">
    <ele>795.9100000000001</ele>
   </trkpt>
   <trkpt lat="34.750846151889554" lon="-117.29428398921065">
    <ele>793.3800000000001</ele>
   </trkpt>
   <trkpt lat="34.7514822989827" lon="-117.29351796662071">
    <ele>791.03</ele>
   </trkpt>
   <trkpt lat="34.75211844127926" lon="-117.29275193222973">
    <ele>789.73</ele>
   </trkpt>
   <trkpt lat="34.752754578779026" lon="-117.29198588603737">
    <ele>787.93</ele>
   </trkpt>
   <trkpt lat="34.75339071148182" lon="-117.29121982804325">
    <ele>786.49</ele>
   </trkpt>
   <trkpt lat="34.75402683938746" lon="-117.290453758247">
    <ele>784.0100000000001</ele>
   </trkpt>
   <trkpt lat="34.75466296249575" lon="-117.28968767664824">
    <ele>783.24</ele>
   </trkpt>
   <trkpt lat="34.755299080806495" lon="-117.28892158324659">
    <ele>781.76</ele>
   </trkpt>
   <trkpt lat="34.75593519431953" lon="-117.28815547804172">
    <ele>779.19</ele>
   </trkpt>
   <trkpt lat="34.75657130303464" lon="-117.28738936103319">
    <ele>778.27</ele>
   </trkpt>
   <trkpt lat="34.757207406951665" lon="-117.2866232322207">
    <ele>777.0</ele>
   </trkpt>
   <trkpt lat="34.7578435060704" lon="-117.28585709160383">
    <ele>774.87</ele>
   </trkpt>
   <trkpt lat="34.75847960039066" lon="-117.2850909391822">
    <ele>773.51</ele>
   </trkpt>
   <trkpt lat="34.759115689912264" lon="-117.2843247749555">
    <ele>771.9200000000001</ele>
   </trkpt>
   <trkpt lat="34.75975177463502" lon="-117.28355859892329">
    <ele>771.1800000000001</ele>
   </trkpt>
   <trkpt lat="34.76038785455873" lon="-117.28279241108523">
    <ele>769.22</ele>
   </trkpt>
   <trkpt lat="34.76102392968322" lon="-117.28202621144091">
    <ele>768.22</ele>
   </trkpt>
   <trkpt lat="34.761660000000006" lon="-117.28126">
    <ele>767.48</ele>
   </trkpt>
   <trkpt lat="34.762240005893005" lon="-117.28056751458148">
    <ele>766.53</ele>
   </trkpt>
   <trkpt lat="34.7628200078656" lon="-117.2798750194324">
    <ele>765.6200000000001</ele>
   </trkpt>
   <trkpt lat="34.763400005917646" lon="-117.27918251455252">
    <ele>765.8100000000001</ele>
   </trkpt>
   <trkpt lat="34.763980000000004" lon="-117.27849">
    <ele>765.9800000000001</ele>
   </trkpt>
   <trkpt lat="34.764603343733" lon="-117.2777766936008">
    <ele>765.29</ele>
   </trkpt>
   <trkpt lat="34.76522668330618" lon="-117.27706337642863">
    <ele>765.32</ele>
   </trkpt>
   <trkpt lat="34.76585001871935" lon="-117.27635004848311">
    <ele>764.6500000000001</ele>
   </trkpt>
   <trkpt lat="34.766473349972365" lon="-117.2756367097639">
    <ele>763.45</ele>
   </trkpt>
   <trkpt lat="34.76709667706505" lon="-117.27492336027069">
    <ele>762.0100000000001</ele>
   </trkpt>
   <trkpt lat="34.767720000000004" lon="-117.27421000000001">
    <ele>761.1300000000001</ele>
   </trkpt>
   <trkpt lat="34.76836003468507" lon="-117.27348185506708">
    <ele>761.6</ele>
   </trkpt>
   <trkpt lat="34.76900006503521" lon="-117.27275369884099">
    <ele>760.0500000000001</ele>
   </trkpt>
   <trkpt lat="34.76964009105024" lon="-117.2720255313214">
    <ele>758.57</ele>
   </trkpt>
   <trkpt lat="34.77028011273002" lon="-117.27129735250791">
    <ele>757.3000000000001</ele>
   </trkpt>
   <trkpt lat="34.77092013007437" lon="-117.27056916240018">
    <ele>756.39</ele>
   </trkpt>
   <trkpt lat="34.77156014308311" lon="-117.26984096099784">
    <ele>756.1800000000001</ele>
   </trkpt>
   <trkpt lat="34.77220015175607" lon="-117.26911274830054">
    <ele>756.7600000000001</ele>
   </trkpt>
   <trkpt lat="34.77284015609308" lon="-117.26838452430786">
    <ele>756.8300000000002</ele>
   </trkpt>
   <trkpt lat="34.773480156093996" lon="-117.26765628901944">
    <ele>755.0400000000001</ele>
   </trkpt>
   <trkpt lat="34.774120151758595" lon="-117.26692804243498">
    <ele>751.9300000000001</ele>
   </trkpt>
   <trkpt lat="34.77476014308675" lon="-117.26619978455403">
    <ele>749.7900000000001</ele>
   </trkpt>
   <trkpt lat="34.775400130078275" lon="-117.26547151537628">
    <ele>749.1300000000001</ele>
   </trkpt>
   <trkpt lat="34.77604011273299" lon="-117.26474323490129">
    <ele>749.0500000000001</ele>
   </trkpt>
   <trkpt lat="34.77668009105076" lon="-117.26401494312879">
    <ele>749.96</ele>
   </trkpt>
   <trkpt lat="34.77732006503137" lon="-117.26328664005835">
    <ele>748.92</ele>
   </trkpt>
   <trkpt lat="34.77796003467468" lon="-117.26255832568961">
    <ele>746.0600000000001</ele>
   </trkpt>
   <trkpt lat="34.778600000000004" lon="-117.26183">
    <ele>744.89</ele>
   </trkpt>
   <trkpt lat="34.77893" lon="-117.26143">
    <ele>744.57</ele>
   </trkpt>
   <trkpt lat="34.77929" lon="-117.26089">
    <ele>743.5400000000001</ele>
   </trkpt>
   <trkpt lat="34.77977376658317" lon="-117.26012878125022">
    <ele>742.2800000000001</ele>
   </trkpt>
   <trkpt lat="34.78025752842796" lon="-117.25936755357307">
    <ele>742.1200000000001</ele>
   </trkpt>
   <trkpt lat="34.78074128553427" lon="-117.2586063169684">
    <ele>741.9300000000001</ele>
   </trkpt>
   <trkpt lat="34.78122503790195" lon="-117.25784507143604">
    <ele>742.59</ele>
   </trkpt>
   <trkpt lat="34.78170878553084" lon="-117.25708381697581">
    <ele>741.7900000000001</ele>
   </trkpt>
   <trkpt lat="34.78219252842081" lon="-117.25632255358751">
    <ele>741.1700000000001</ele>
   </trkpt>
   <trkpt lat="34.782676266571734" lon="-117.25556128127099">
    <ele>740.6700000000001</ele>
   </trkpt>
   <trkpt lat="34.78316" lon="-117.2548">
    <ele>739.82</ele>
   </trkpt>
   <trkpt lat="34.7834450013359" lon="-117.25424000182937">
    <ele>738.8100000000001</ele>
   </trkpt>
   <trkpt lat="34.783730000000006" lon="-117.25368">
    <ele>737.24</ele>
   </trkpt>
   <trkpt lat="34.784096681208005" lon="-117.25283668540777">
    <ele>735.7</ele>
   </trkpt>
   <trkpt lat="34.78446335660019" lon="-117.25199336331792">
    <ele>733.33</ele>
   </trkpt>
   <trkpt lat="34.784830026176415" lon="-117.25115003373041">
    <ele>731.5200000000001</ele>
   </trkpt>
   <trkpt lat="34.78519668993657" lon="-117.25030669664518">
    <ele>730.1700000000001</ele>
   </trkpt>
   <trkpt lat="34.785563347880505" lon="-117.24946335206222">
    <ele>729.6300000000001</ele>
   </trkpt>
   <trkpt lat="34.78593" lon="-117.24862">
    <ele>729.31</ele>
   </trkpt>
   <trkpt lat="34.786346672148866" lon="-117.24780000831758">
    <ele>728.11</ele>
   </trkpt>
   <trkpt lat="34.786763338798984" lon="-117.24698000835029">
    <ele>723.3000000000001</ele>
   </trkpt>
   <trkpt lat="34.78718" lon="-117.24616">
    <ele>717.86</ele>
   </trkpt>
   <trkpt lat="34.787642509554296" lon="-117.24527751484527">
    <ele>718.1</ele>
   </trkpt>
   <trkpt lat="34.788105012739635" lon="-117.24439501979295">
    <ele>719.8000000000001</ele>
   </trkpt>
   <trkpt lat="34.788567509555854" lon="-117.24351251484278">
    <ele>721.08</ele>
   </trkpt>
   <trkpt lat="34.789030000000004" lon="-117.24263">
    <ele>723.77</ele>
   </trkpt>
   <trkpt lat="34.78947801439612" lon="-117.24169202037164">
    <ele>722.2</ele>
   </trkpt>
   <trkpt lat="34.789926021596905" lon="-117.24075403055224">
    <ele>721.84</ele>
   </trkpt>
   <trkpt lat="34.79037402160219" lon="-117.23981603054173">
    <ele>720.37</ele>
   </trkpt>
   <trkpt lat="34.79082201441175" lon="-117.23887802033994">
    <ele>720.49</ele>
   </trkpt>
   <trkpt lat="34.791270000000004" lon="-117.23794000000001">
    <ele>721.2400000000001</ele>
   </trkpt>
   <trkpt lat="34.791595002116516" lon="-117.237220002845">
    <ele>720.4200000000001</ele>
   </trkpt>
   <trkpt lat="34.791920000000005" lon="-117.2365">
    <ele>719.7</ele>
   </trkpt>
   <trkpt lat="34.792308715403" lon="-117.23557739422196">
    <ele>718.65</ele>
   </trkpt>
   <trkpt lat="34.79269742384437" lon="-117.2346547797458">
    <ele>717.7300000000001</ele>
   </trkpt>
   <trkpt lat="34.79308612532396" lon="-117.23373215657146">
    <ele>716.9700000000001</ele>
   </trkpt>
   <trkpt lat="34.793474819841585" lon="-117.23280952469892">
    <ele>715.5600000000001</ele>
   </trkpt>
   <trkpt lat="34.79386350739708" lon="-117.2318868841281">
    <ele>714.74</ele>
   </trkpt>
   <trkpt lat="34.79425218799028" lon="-117.23096423485894">
    <ele>714.13</ele>
   </trkpt>
   <trkpt lat="34.79464086162103" lon="-117.23004157689145">
    <ele>713.2900000000001</ele>
   </trkpt>
   <trkpt lat="34.79502952828915" lon="-117.22911891022551">
    <ele>711.8800000000001</ele>
   </trkpt>
   <trkpt lat="34.795418187994485" lon="-117.22819623486106">
    <ele>711.44</ele>
   </trkpt>
   <trkpt lat="34.79580684073686" lon="-117.22727355079809">
    <ele>710.4200000000001</ele>
   </trkpt>
   <trkpt lat="34.796195486516105" lon="-117.22635085803657">
    <ele>710.8000000000001</ele>
   </trkpt>
   <trkpt lat="34.79658412533207" lon="-117.22542815657636">
    <ele>711.62</ele>
   </trkpt>
   <trkpt lat="34.79697275718457" lon="-117.2245054464175">
    <ele>712.9300000000001</ele>
   </trkpt>
   <trkpt lat="34.797361382073454" lon="-117.2235827275599">
    <ele>713.94</ele>
   </trkpt>
   <trkpt lat="34.79775" lon="-117.22266">
    <ele>713.95</ele>
   </trkpt>
   <trkpt lat="34.79807" lon="-117.22181">
    <ele>714.2400000000001</ele>
   </trkpt>
   <trkpt lat="34.7983925296385" lon="-117.22079252786006">
    <ele>714.48</ele>
   </trkpt>
   <trkpt lat="34.798715050809456" lon="-117.21977504775914">
    <ele>713.99</ele>
   </trkpt>
   <trkpt lat="34.799037563512705" lon="-117.21875755969731">
    <ele>712.73</ele>
   </trkpt>
   <trkpt lat="34.7993600677481" lon="-117.21774006367461">
    <ele>711.0000000000001</ele>
   </trkpt>
   <trkpt lat="34.79968256351543" lon="-117.21672255969108">
    <ele>709.16</ele>
   </trkpt>
   <trkpt lat="34.80000505081457" lon="-117.21570504774681">
    <ele>707.52</ele>
   </trkpt>
   <trkpt lat="34.80032752964534" lon="-117.21468752784185">
    <ele>708.04</ele>
   </trkpt>
   <trkpt lat="34.800650000000005" lon="-117.21367000000001">
    <ele>708.73</ele>
   </trkpt>
   <trkpt lat="34.800920000000005" lon="-117.21286">
    <ele>709.2600000000001</ele>
   </trkpt>
   <trkpt lat="34.80115" lon="-117.21223">
    <ele>709.04</ele>
   </trkpt>
   <trkpt lat="34.8014" lon="-117.21165">
    <ele>708.64</ele>
   </trkpt>
   <trkpt lat="34.80172000356604" lon="-117.21099000511795">
    <ele>708.2900000000001</ele>
   </trkpt>
   <trkpt lat="34.802040003569104" lon="-117.2103300051117">
    <ele>707.8700000000001</ele>
   </trkpt>
   <trkpt lat="34.80236" lon="-117.20967">
    <ele>707.37</ele>
   </trkpt>
   <trkpt lat="34.802620000000005" lon="-117.20919">
    <ele>707.07</ele>
   </trkpt>
   <trkpt lat="34.80285" lon="-117.20883">
    <ele>706.58</ele>
   </trkpt>
   <trkpt lat="34.8033" lon="-117.20828000000002">
    <ele>705.99</ele>
   </trkpt>
   <trkpt lat="34.80392000212027" lon="-117.2075450056343">
    <ele>704.6500000000001</ele>
   </trkpt>
   <trkpt lat="34.80454" lon="-117.20681">
    <ele>703.86</ele>
   </trkpt>
   <trkpt lat="34.80517141066688" lon="-117.20607011905389">
    <ele>702.84</ele>
   </trkpt>
   <trkpt lat="34.80580281685582" lon="-117.2053302267717">
    <ele>701.55</ele>
   </trkpt>
   <trkpt lat="34.80643421856666" lon="-117.20459032315303">
    <ele>700.49</ele>
   </trkpt>
   <trkpt lat="34.80706561579923" lon="-117.2038504081976">
    <ele>700.84</ele>
   </trkpt>
   <trkpt lat="34.80769700855334" lon="-117.203110481905">
    <ele>700.64</ele>
   </trkpt>
   <trkpt lat="34.808328396828834" lon="-117.20237054427491">
    <ele>700.84</ele>
   </trkpt>
   <trkpt lat="34.80895978062553" lon="-117.20163059530692">
    <ele>700.9000000000001</ele>
   </trkpt>
   <trkpt lat="34.80959115994326" lon="-117.20089063500072">
    <ele>701.34</ele>
   </trkpt>
   <trkpt lat="34.81022253478183" lon="-117.20015066335593">
    <ele>701.9000000000001</ele>
   </trkpt>
   <trkpt lat="34.81085390514109" lon="-117.19941068037217">
    <ele>701.83</ele>
   </trkpt>
   <trkpt lat="34.81148527102085" lon="-117.1986706860491">
    <ele>700.73</ele>
   </trkpt>
   <trkpt lat="34.812116632420945" lon="-117.19793068038634">
    <ele>699.2400000000001</ele>
   </trkpt>
   <trkpt lat="34.812747989341204" lon="-117.19719066338358">
    <ele>697.7500000000001</ele>
   </trkpt>
   <trkpt lat="34.81337934178145" lon="-117.1964506350404">
    <ele>696.8700000000001</ele>
   </trkpt>
   <trkpt lat="34.814010689741494" lon="-117.19571059535652">
    <ele>695.57</ele>
   </trkpt>
   <trkpt lat="34.81464203322119" lon="-117.19497054433148">
    <ele>695.03</ele>
   </trkpt>
   <trkpt lat="34.81527337222033" lon="-117.19423048196496">
    <ele>695.13</ele>
   </trkpt>
   <trkpt lat="34.81590470673878" lon="-117.19349040825664">
    <ele>694.8000000000001</ele>
   </trkpt>
   <trkpt lat="34.81653603677632" lon="-117.19275032320611">
    <ele>695.2</ele>
   </trkpt>
   <trkpt lat="34.81716736233282" lon="-117.19201022681303">
    <ele>695.32</ele>
   </trkpt>
   <trkpt lat="34.817798683408064" lon="-117.19127011907703">
    <ele>694.7700000000001</ele>
   </trkpt>
   <trkpt lat="34.81843" lon="-117.19053000000001">
    <ele>694.9200000000001</ele>
   </trkpt>
   <trkpt lat="34.818800000633765" lon="-117.19014000173946">
    <ele>694.9200000000001</ele>
   </trkpt>
   <trkpt lat="34.81917" lon="-117.18975">
    <ele>695.21</ele>
   </trkpt>
   <trkpt lat="34.81969" lon="-117.18927000000001">
    <ele>695.4300000000001</ele>
   </trkpt>
   <trkpt lat="34.820350000000005" lon="-117.18878000000001">
    <ele>695.9200000000001</ele>
   </trkpt>
   <trkpt lat="34.82107111741507" lon="-117.18834114184932">
    <ele>695.6000000000001</ele>
   </trkpt>
   <trkpt lat="34.82179223325437" lon="-117.18790227601478">
    <ele>694.84</ele>
   </trkpt>
   <trkpt lat="34.82251334751784" lon="-117.18746340249612">
    <ele>694.5600000000001</ele>
   </trkpt>
   <trkpt lat="34.8232344602054" lon="-117.18702452129295">
    <ele>694.8000000000001</ele>
   </trkpt>
   <trkpt lat="34.823955571316965" lon="-117.18658563240503">
    <ele>695.58</ele>
   </trkpt>
   <trkpt lat="34.82467668085249" lon="-117.18614673583195">
    <ele>696.3600000000001</ele>
   </trkpt>
   <trkpt lat="34.82539778881191" lon="-117.18570783157341">
    <ele>697.4300000000001</ele>
   </trkpt>
   <trkpt lat="34.82611889519513" lon="-117.18526891962912">
    <ele>698.4200000000001</ele>
   </trkpt>
   <trkpt lat="34.826840000000004" lon="-117.18483">
    <ele>699.79</ele>
   </trkpt>
   <trkpt lat="34.827040000000004" lon="-117.18469">
    <ele>700.4100000000001</ele>
   </trkpt>
   <trkpt lat="34.82734" lon="-117.18442">
    <ele>701.37</ele>
   </trkpt>
   <trkpt lat="34.82761" lon="-117.18416">
    <ele>701.71</ele>
   </trkpt>
   <trkpt lat="34.82788" lon="-117.1838">
    <ele>702.1400000000001</ele>
   </trkpt>
   <trkpt lat="34.828340000000004" lon="-117.18313">
    <ele>703.07</ele>
   </trkpt>
   <trkpt lat="34.82882333748247" lon="-117.18241667506153">
    <ele>702.64</ele>
   </trkpt>
   <trkpt lat="34.829306670801415" lon="-117.18170334174955">
    <ele>703.4200000000001</ele>
   </trkpt>
   <trkpt lat="34.82979" lon="-117.18099000000001">
    <ele>704.5</ele>
   </trkpt>
   <trkpt lat="34.83025" lon="-117.18026">
    <ele>706.9000000000001</ele>
   </trkpt>
   <trkpt lat="34.83065500163031" lon="-117.1796100033547">
    <ele>709.6800000000001</ele>
   </trkpt>
   <trkpt lat="34.83106" lon="-117.17896">
    <ele>711.3100000000001</ele>
   </trkpt>
   <trkpt lat="34.83154167996924" lon="-117.17815335694209">
    <ele>713.77</ele>
   </trkpt>
   <trkpt lat="34.83202335461417" lon="-117.17734670444676">
    <ele>716.7500000000001</ele>
   </trkpt>
   <trkpt lat="34.832505023934644" lon="-117.17654004251384">
    <ele>719.7300000000001</ele>
   </trkpt>
   <trkpt lat="34.832986687930486" lon="-117.17573337114312">
    <ele>721.7500000000001</ele>
   </trkpt>
   <trkpt lat="34.83346834660154" lon="-117.17492669033447">
    <ele>723.6600000000001</ele>
   </trkpt>
   <trkpt lat="34.83395" lon="-117.17412000000002">
    <ele>725.37</ele>
   </trkpt>
   <trkpt lat="34.8342" lon="-117.17364">
    <ele>725.5600000000001</ele>
   </trkpt>
   <trkpt lat="34.8344" lon="-117.17320000000001">
    <ele>725.49</ele>
   </trkpt>
   <trkpt lat="34.83469000263852" lon="-117.17240000276281">
    <ele>725.16</ele>
   </trkpt>
   <trkpt lat="34.83498" lon="-117.17160000000001">
    <ele>725.0500000000001</ele>
   </trkpt>
   <trkpt lat="34.83527250877463" lon="-117.17075500897674">
    <ele>725.9100000000001</ele>
   </trkpt>
   <trkpt lat="34.83556501170643" lon="-117.16991001194917">
    <ele>725.01</ele>
   </trkpt>
   <trkpt lat="34.8358575087953" lon="-117.16906500891733">
    <ele>725.23</ele>
   </trkpt>
   <trkpt lat="34.83615" lon="-117.16822">
    <ele>724.31</ele>
   </trkpt>
   <trkpt lat="34.836420000000004" lon="-117.16756000000001">
    <ele>723.4</ele>
   </trkpt>
   <trkpt lat="34.83666" lon="-117.16714">
    <ele>722.9100000000001</ele>
   </trkpt>
   <trkpt lat="34.83695" lon="-117.16669">
    <ele>722.0300000000001</ele>
   </trkpt>
   <trkpt lat="34.8375096444407" lon="-117.1658842926694">
    <ele>719.34</ele>
   </trkpt>
   <trkpt lat="34.83806928356901" lon="-117.16507857438407">
    <ele>717.57</ele>
   </trkpt>
   <trkpt lat="34.83862891738476" lon="-117.16427284514377">
    <ele>716.1200000000001</ele>
   </trkpt>
   <trkpt lat="34.839188545887765" lon="-117.16346710494824">
    <ele>715.71</ele>
   </trkpt>
   <trkpt lat="34.839748169077836" lon="-117.1626613537972">
    <ele>716.08</ele>
   </trkpt>
   <trkpt lat="34.84030778695479" lon="-117.16185559169035">
    <ele>715.2700000000001</ele>
   </trkpt>
   <trkpt lat="34.84086739951847" lon="-117.16104981862743">
    <ele>715.3100000000001</ele>
   </trkpt>
   <trkpt lat="34.84142700676864" lon="-117.16024403460821">
    <ele>713.7900000000001</ele>
   </trkpt>
   <trkpt lat="34.84198660870516" lon="-117.15943823963237">
    <ele>714.25</ele>
   </trkpt>
   <trkpt lat="34.84254620532784" lon="-117.15863243369962">
    <ele>713.16</ele>
   </trkpt>
   <trkpt lat="34.84310579663651" lon="-117.15782661680971">
    <ele>711.52</ele>
   </trkpt>
   <trkpt lat="34.84366538263094" lon="-117.15702078896241">
    <ele>710.57</ele>
   </trkpt>
   <trkpt lat="34.84422496331099" lon="-117.15621495015736">
    <ele>710.1</ele>
   </trkpt>
   <trkpt lat="34.84478453867646" lon="-117.15540910039437">
    <ele>710.52</ele>
   </trkpt>
   <trkpt lat="34.84534410872717" lon="-117.15460323967312">
    <ele>710.67</ele>
   </trkpt>
   <trkpt lat="34.845903673462935" lon="-117.15379736799335">
    <ele>710.8100000000001</ele>
   </trkpt>
   <trkpt lat="34.84646323288359" lon="-117.15299148535478">
    <ele>710.8800000000001</ele>
   </trkpt>
   <trkpt lat="34.84702278698892" lon="-117.15218559175712">
    <ele>709.5300000000001</ele>
   </trkpt>
   <trkpt lat="34.84758233577876" lon="-117.15137968720013">
    <ele>711.01</ele>
   </trkpt>
   <trkpt lat="34.84814187925294" lon="-117.15057377168355">
    <ele>713.84</ele>
   </trkpt>
   <trkpt lat="34.84870141741125" lon="-117.14976784520705">
    <ele>716.38</ele>
   </trkpt>
   <trkpt lat="34.84926095025353" lon="-117.14896190777041">
    <ele>716.1</ele>
   </trkpt>
   <trkpt lat="34.84982047777958" lon="-117.14815595937333">
    <ele>715.8100000000001</ele>
   </trkpt>
   <trkpt lat="34.85038" lon="-117.14735">
    <ele>714.8000000000001</ele>
   </trkpt>
   <trkpt lat="34.85094876627409" lon="-117.1465962864733">
    <ele>714.16</ele>
   </trkpt>
   <trkpt lat="34.85151752789849" lon="-117.14584256252652">
    <ele>713.2900000000001</ele>
   </trkpt>
   <trkpt lat="34.85208628487305" lon="-117.14508882815944">
    <ele>711.35</ele>
   </trkpt>
   <trkpt lat="34.852655037197614" lon="-117.14433508337181">
    <ele>710.22</ele>
   </trkpt>
   <trkpt lat="34.85322378487201" lon="-117.14358132816332">
    <ele>708.72</ele>
   </trkpt>
   <trkpt lat="34.85379252789608" lon="-117.14282756253368">
    <ele>707.5600000000001</ele>
   </trkpt>
   <trkpt lat="34.85436126626967" lon="-117.14207378648263">
    <ele>706.57</ele>
   </trkpt>
   <trkpt lat="34.85493" lon="-117.14132000000001">
    <ele>705.98</ele>
   </trkpt>
   <trkpt lat="34.85551788007192" lon="-117.14054577391497">
    <ele>705.0900000000001</ele>
   </trkpt>
   <trkpt lat="34.85610575523733" lon="-117.13977153676473">
    <ele>704.38</ele>
   </trkpt>
   <trkpt lat="34.856693625496064" lon="-117.138997288549">
    <ele>704.5600000000001</ele>
   </trkpt>
   <trkpt lat="34.85728149084795" lon="-117.13822302926748">
    <ele>702.96</ele>
   </trkpt>
   <trkpt lat="34.857869351292806" lon="-117.13744875891985">
    <ele>701.3100000000001</ele>
   </trkpt>
   <trkpt lat="34.858457206830465" lon="-117.13667447750575">
    <ele>700.1</ele>
   </trkpt>
   <trkpt lat="34.859045057460726" lon="-117.13590018502494">
    <ele>698.0400000000001</ele>
   </trkpt>
   <trkpt lat="34.85963290318343" lon="-117.13512588147711">
    <ele>697.3900000000001</ele>
   </trkpt>
   <trkpt lat="34.86022074399839" lon="-117.13435156686191">
    <ele>696.08</ele>
   </trkpt>
   <trkpt lat="34.860808579905445" lon="-117.13357724117908">
    <ele>695.86</ele>
   </trkpt>
   <trkpt lat="34.8613964109044" lon="-117.13280290442829">
    <ele>695.03</ele>
   </trkpt>
   <trkpt lat="34.861984236995085" lon="-117.1320285566092">
    <ele>693.2</ele>
   </trkpt>
   <trkpt lat="34.86257205817732" lon="-117.13125419772153">
    <ele>692.03</ele>
   </trkpt>
   <trkpt lat="34.86315987445093" lon="-117.130479827765">
    <ele>691.69</ele>
   </trkpt>
   <trkpt lat="34.86374768581573" lon="-117.12970544673927">
    <ele>689.98</ele>
   </trkpt>
   <trkpt lat="34.86433549227155" lon="-117.12893105464403">
    <ele>689.61</ele>
   </trkpt>
   <trkpt lat="34.864923293818215" lon="-117.12815665147896">
    <ele>689.73</ele>
   </trkpt>
   <trkpt lat="34.86551109045554" lon="-117.12738223724381">
    <ele>689.0</ele>
   </trkpt>
   <trkpt lat="34.86609888218334" lon="-117.12660781193821">
    <ele>685.07</ele>
   </trkpt>
   <trkpt lat="34.86668666900145" lon="-117.1258333755619">
    <ele>683.8100000000001</ele>
   </trkpt>
   <trkpt lat="34.86727445090971" lon="-117.12505892811453">
    <ele>683.71</ele>
   </trkpt>
   <trkpt lat="34.86786222790791" lon="-117.1242844695958">
    <ele>683.8900000000001</ele>
   </trkpt>
   <trkpt lat="34.86845" lon="-117.12351000000001">
    <ele>684.23</ele>
   </trkpt>
   <trkpt lat="34.86902001412842" lon="-117.12275146012858">
    <ele>684.4300000000001</ele>
   </trkpt>
   <trkpt lat="34.869590023546316" lon="-117.12199290974033">
    <ele>684.59</ele>
   </trkpt>
   <trkpt lat="34.87016002825353" lon="-117.12123434883495">
    <ele>684.5600000000001</ele>
   </trkpt>
   <trkpt lat="34.87073002824992" lon="-117.12047577741221">
    <ele>684.7800000000001</ele>
   </trkpt>
   <trkpt lat="34.871300023535284" lon="-117.1197171954718">
    <ele>684.76</ele>
   </trkpt>
   <trkpt lat="34.871870014109476" lon="-117.11895860301344">
    <ele>686.4300000000001</ele>
   </trkpt>
   <trkpt lat="34.872440000000005" lon="-117.11820000000002">
    <ele>686.28</ele>
   </trkpt>
   <trkpt lat="34.87256" lon="-117.11802000000002">
    <ele>686.09</ele>
   </trkpt>
   <trkpt lat="34.872933336742825" lon="-117.11737667247317">
    <ele>685.86</ele>
   </trkpt>
   <trkpt lat="34.873306670097236" lon="-117.11673333910359">
    <ele>685.5000000000001</ele>
   </trkpt>
   <trkpt lat="34.87368" lon="-117.11609000000001">
    <ele>686.44</ele>
   </trkpt>
   <trkpt lat="34.87394500107823" lon="-117.11559000150827">
    <ele>686.44</ele>
   </trkpt>
   <trkpt lat="34.874210000000005" lon="-117.11509000000001">
    <ele>686.3</ele>
   </trkpt>
   <trkpt lat="34.87465167960293" lon="-117.11429502135607">
    <ele>686.3</ele>
   </trkpt>
   <trkpt lat="34.875093354031534" lon="-117.11350003416989">
    <ele>686.13</ele>
   </trkpt>
   <trkpt lat="34.87553502328571" lon="-117.11270503844132">
    <ele>685.96</ele>
   </trkpt>
   <trkpt lat="34.87597668736529" lon="-117.1119100341702">
    <ele>685.8000000000001</ele>
   </trkpt>
   <trkpt lat="34.876418346270114" lon="-117.11111502135644">
    <ele>685.71</ele>
   </trkpt>
   <trkpt lat="34.87686" lon="-117.11032000000002">
    <ele>684.91</ele>
   </trkpt>
   <trkpt lat="34.87719500320062" lon="-117.10944000350642">
    <ele>683.7800000000001</ele>
   </trkpt>
   <trkpt lat="34.87753" lon="-117.10856000000001">
    <ele>683.44</ele>
   </trkpt>
   <trkpt lat="34.87784500781751" lon="-117.10776250915202">
    <ele>683.09</ele>
   </trkpt>
   <trkpt lat="34.87816001042776" lon="-117.10696501219171">
    <ele>682.42</ele>
   </trkpt>
   <trkpt lat="34.878475007830644" lon="-117.10616750911906">
    <ele>682.3800000000001</ele>
   </trkpt>
   <trkpt lat="34.87879" lon="-117.10537000000001">
    <ele>682.6700000000001</ele>
   </trkpt>
   <trkpt lat="34.87911401042686" lon="-117.10457201258507">
    <ele>682.8900000000001</ele>
   </trkpt>
   <trkpt lat="34.879438015639856" lon="-117.1037740188789">
    <ele>683.82</ele>
   </trkpt>
   <trkpt lat="34.879762015638924" lon="-117.10297601888145">
    <ele>684.7500000000001</ele>
   </trkpt>
   <trkpt lat="34.880086010423966" lon="-117.10217801259276">
    <ele>685.8000000000001</ele>
   </trkpt>
   <trkpt lat="34.880410000000005" lon="-117.10138">
    <ele>685.47</ele>
   </trkpt>
   <trkpt lat="34.880770000000005" lon="-117.10044">
    <ele>685.7700000000001</ele>
   </trkpt>
   <trkpt lat="34.88089" lon="-117.10008">
    <ele>686.1400000000001</ele>
   </trkpt>
   <trkpt lat="34.88109" lon="-117.09931">
    <ele>686.19</ele>
   </trkpt>
   <trkpt lat="34.881243339242346" lon="-117.09846000320904">
    <ele>685.8900000000001</ele>
   </trkpt>
   <trkpt lat="34.881396672568954" lon="-117.09761000324644">
    <ele>684.7700000000001</ele>
   </trkpt>
   <trkpt lat="34.881550000000004" lon="-117.09676">
    <ele>683.2</ele>
   </trkpt>
   <trkpt lat="34.88180000412347" lon="-117.09575500310355">
    <ele>681.9300000000001</ele>
   </trkpt>
   <trkpt lat="34.88205" lon="-117.09475">
    <ele>679.44</ele>
   </trkpt>
   <trkpt lat="34.882298352793214" lon="-117.0937750147285">
    <ele>678.8100000000001</ele>
   </trkpt>
   <trkpt lat="34.88254669780287" lon="-117.09280002356455">
    <ele>678.2</ele>
   </trkpt>
   <trkpt lat="34.88279503502885" lon="-117.09182502650825">
    <ele>678.5600000000001</ele>
   </trkpt>
   <trkpt lat="34.88304336447103" lon="-117.09085002355971">
    <ele>679.4</ele>
   </trkpt>
   <trkpt lat="34.88329168612929" lon="-117.08987501471897">
    <ele>680.0400000000001</ele>
   </trkpt>
   <trkpt lat="34.88354" lon="-117.08890000000001">
    <ele>680.46</ele>
   </trkpt>
   <trkpt lat="34.8837760133252" lon="-117.08799801035615">
    <ele>680.1600000000001</ele>
   </trkpt>
   <trkpt lat="34.884012019988575" lon="-117.0870960155316">
    <ele>680.19</ele>
   </trkpt>
   <trkpt lat="34.884248019990025" lon="-117.08619401552636">
    <ele>680.5000000000001</ele>
   </trkpt>
   <trkpt lat="34.88448401332944" lon="-117.08529201034054">
    <ele>680.98</ele>
   </trkpt>
   <trkpt lat="34.88472" lon="-117.08439000000001">
    <ele>681.25</ele>
   </trkpt>
   <trkpt lat="34.88496558609276" lon="-117.08342446752067">
    <ele>681.01</ele>
   </trkpt>
   <trkpt lat="34.88521116455192" lon="-117.08245892927047">
    <ele>680.07</ele>
   </trkpt>
   <trkpt lat="34.88545673537732" lon="-117.0814933852495">
    <ele>679.36</ele>
   </trkpt>
   <trkpt lat="34.885702298568866" lon="-117.08052783545779">
    <ele>678.0600000000001</ele>
   </trkpt>
   <trkpt lat="34.88594785412644" lon="-117.07956227989548">
    <ele>676.85</ele>
   </trkpt>
   <trkpt lat="34.88619340204993" lon="-117.07859671856271">
    <ele>677.2900000000001</ele>
   </trkpt>
   <trkpt lat="34.88643894233922" lon="-117.07763115145949">
    <ele>678.08</ele>
   </trkpt>
   <trkpt lat="34.88668447499418" lon="-117.07666557858592">
    <ele>678.8000000000001</ele>
   </trkpt>
   <trkpt lat="34.88693" lon="-117.07570000000001">
    <ele>678.79</ele>
   </trkpt>
   <trkpt lat="34.88718004421394" lon="-117.07470919983228">
    <ele>678.32</ele>
   </trkpt>
   <trkpt lat="34.88743008038925" lon="-117.07371839363465">
    <ele>679.32</ele>
   </trkpt>
   <trkpt lat="34.8876801085258" lon="-117.07272758140721">
    <ele>678.35</ele>
   </trkpt>
   <trkpt lat="34.8879301286235" lon="-117.0717367631501">
    <ele>678.0200000000001</ele>
   </trkpt>
   <trkpt lat="34.8881801406822" lon="-117.07074593886338">
    <ele>676.98</ele>
   </trkpt>
   <trkpt lat="34.888430144701786" lon="-117.06975510854717">
    <ele>675.0400000000001</ele>
   </trkpt>
   <trkpt lat="34.88868014068213" lon="-117.06876427220155">
    <ele>674.25</ele>
   </trkpt>
   <trkpt lat="34.888930128623095" lon="-117.06777342982664">
    <ele>674.39</ele>
   </trkpt>
   <trkpt lat="34.889180108524585" lon="-117.06678258142256">
    <ele>674.52</ele>
   </trkpt>
   <trkpt lat="34.88943008038646" lon="-117.06579172698939">
    <ele>674.3800000000001</ele>
   </trkpt>
   <trkpt lat="34.889680044208596" lon="-117.06480086652722">
    <ele>673.42</ele>
   </trkpt>
   <trkpt lat="34.88993" lon="-117.06381">
    <ele>672.1600000000001</ele>
   </trkpt>
   <trkpt lat="34.890187546095675" lon="-117.06279836821156">
    <ele>671.0200000000001</ele>
   </trkpt>
   <trkpt lat="34.89044508381083" lon="-117.06178673008102">
    <ele>671.0200000000001</ele>
   </trkpt>
   <trkpt lat="34.890702613145336" lon="-117.0607750856085">
    <ele>671.2600000000001</ele>
   </trkpt>
   <trkpt lat="34.89096013409903" lon="-117.05976343479408">
    <ele>671.1400000000001</ele>
   </trkpt>
   <trkpt lat="34.89121764667181" lon="-117.05875177763787">
    <ele>670.6899999999999</ele>
   </trkpt>
   <trkpt lat="34.89147515086354" lon="-117.05774011414003">
    <ele>669.64</ele>
   </trkpt>
   <trkpt lat="34.89173264667407" lon="-117.05672844430057">
    <ele>668.83</ele>
   </trkpt>
   <trkpt lat="34.89199013410328" lon="-117.05571676811967">
    <ele>668.5600000000001</ele>
   </trkpt>
   <trkpt lat="34.89224761315103" lon="-117.05470508559738">
    <ele>669.09</ele>
   </trkpt>
   <trkpt lat="34.892505083817184" lon="-117.05369339673386">
    <ele>669.09</ele>
   </trkpt>
   <trkpt lat="34.89276254610162" lon="-117.05268170152921">
    <ele>667.9000000000001</ele>
   </trkpt>
   <trkpt lat="34.89302" lon="-117.05167000000002">
    <ele>665.3800000000001</ele>
   </trkpt>
   <trkpt lat="34.89327127873556" lon="-117.05066877142878">
    <ele>663.9200000000001</ele>
   </trkpt>
   <trkpt lat="34.893522549261746" lon="-117.04966753673267">
    <ele>663.3500000000001</ele>
   </trkpt>
   <trkpt lat="34.89377381157843" lon="-117.04866629591189">
    <ele>661.84</ele>
   </trkpt>
   <trkpt lat="34.89402506568549" lon="-117.04766504896644">
    <ele>660.37</ele>
   </trkpt>
   <trkpt lat="34.89427631158279" lon="-117.04666379589649">
    <ele>658.1</ele>
   </trkpt>
   <trkpt lat="34.89452754927022" lon="-117.04566253670214">
    <ele>657.09</ele>
   </trkpt>
   <trkpt lat="34.894778778747636" lon="-117.04466127138345">
    <ele>657.5500000000001</ele>
   </trkpt>
   <trkpt lat="34.895030000000006" lon="-117.04366">
    <ele>657.95</ele>
   </trkpt>
   <trkpt lat="34.89526000630208" lon="-117.04278333821136">
    <ele>658.21</ele>
   </trkpt>
   <trkpt lat="34.89549000631028" lon="-117.04190667151354">
    <ele>658.4000000000001</ele>
   </trkpt>
   <trkpt lat="34.895720000000004" lon="-117.04103">
    <ele>658.4100000000001</ele>
   </trkpt>
   <trkpt lat="34.89592750836082" lon="-117.04020500625248">
    <ele>658.6500000000001</ele>
   </trkpt>
   <trkpt lat="34.89613501114774" lon="-117.03938000833686">
    <ele>658.9</ele>
   </trkpt>
   <trkpt lat="34.89634250836069" lon="-117.03855500625323">
    <ele>660.3800000000001</ele>
   </trkpt>
   <trkpt lat="34.896550000000005" lon="-117.03773000000001">
    <ele>661.72</ele>
   </trkpt>
   <trkpt lat="34.89681500381775" lon="-117.03676000325761">
    <ele>663.48</ele>
   </trkpt>
   <trkpt lat="34.89708" lon="-117.03579">
    <ele>665.7400000000001</ele>
   </trkpt>
   <trkpt lat="34.897333339118724" lon="-117.03495000515892">
    <ele>670.37</ele>
   </trkpt>
   <trkpt lat="34.897586672458885" lon="-117.03411000513638">
    <ele>674.44</ele>
   </trkpt>
   <trkpt lat="34.89784" lon="-117.03327000000002">
    <ele>677.1400000000001</ele>
   </trkpt>
   <trkpt lat="34.898" lon="-117.03269000000002">
    <ele>677.5300000000001</ele>
   </trkpt>
   <trkpt lat="34.89817000220587" lon="-117.03195000169033">
    <ele>676.22</ele>
   </trkpt>
   <trkpt lat="34.898340000000005" lon="-117.03121000000002">
    <ele>673.6800000000001</ele>
   </trkpt>
   <trkpt lat="34.898500002293915" lon="-117.03046000150533">
    <ele>668.3100000000001</ele>
   </trkpt>
   <trkpt lat="34.89866" lon="-117.02971000000001">
    <ele>665.5000000000001</ele>
   </trkpt>
   <trkpt lat="34.898720000000004" lon="-117.02940000000001">
    <ele>665.12</ele>
   </trkpt>
   <trkpt lat="34.89875" lon="-117.02916">
    <ele>664.66</ele>
   </trkpt>
   <trkpt lat="34.89876" lon="-117.02900000000001">
    <ele>664.66</ele>
   </trkpt>
   <trkpt lat="34.8987600018382" lon="-117.02832999989921">
    <ele>663.58</ele>
   </trkpt>
   <trkpt lat="34.89876" lon="-117.02766000000001">
    <ele>662.96</ele>
   </trkpt>
   <trkpt lat="34.89874500227386" lon="-117.02691499991779">
    <ele>662.4000000000001</ele>
   </trkpt>
   <trkpt lat="34.89873" lon="-117.02617000000001">
    <ele>661.94</ele>
   </trkpt>
   <trkpt lat="34.89869" lon="-117.02602">
    <ele>661.6899999999999</ele>
   </trkpt>
   <trkpt lat="34.89869" lon="-117.02568000000001">
    <ele>661.6899999999999</ele>
   </trkpt>
   <trkpt lat="34.898630000000004" lon="-117.02568000000001">
    <ele>661.5300000000001</ele>
   </trkpt>
   <trkpt lat="34.898625001547984" lon="-117.02506499986367">
    <ele>661.46</ele>
   </trkpt>
   <trkpt lat="34.89862" lon="-117.02445000000002">
    <ele>661.7</ele>
   </trkpt>
   <trkpt lat="34.898625001549604" lon="-117.02506500006149">
    <ele>661.5300000000001</ele>
   </trkpt>
   <trkpt lat="34.898630000000004" lon="-117.02568000000001">
    <ele>661.6899999999999</ele>
   </trkpt>
   <trkpt lat="34.89869" lon="-117.02568000000001">
    <ele>661.94</ele>
   </trkpt>
   <trkpt lat="34.89869" lon="-117.02602">
    <ele>662.25</ele>
   </trkpt>
   <trkpt lat="34.89873" lon="-117.02617000000001">
    <ele>662.2900000000001</ele>
   </trkpt>
   <trkpt lat="34.89885" lon="-117.02616">
    <ele>661.75</ele>
   </trkpt>
   <trkpt lat="34.898860000000006" lon="-117.02627000000001">
    <ele>661.7900000000001</ele>
   </trkpt>
   <trkpt lat="34.89885" lon="-117.02629">
    <ele>661.7900000000001</ele>
   </trkpt>
   <trkpt lat="34.898860000000006" lon="-117.02698000000001">
    <ele>662.1400000000001</ele>
   </trkpt>
   <trkpt lat="34.89889" lon="-117.02708000000001">
    <ele>662.1600000000001</ele>
   </trkpt>
   <trkpt lat="34.89898" lon="-117.02711000000001">
    <ele>661.5000000000001</ele>
   </trkpt>
   <trkpt lat="34.89923" lon="-117.02711000000001">
    <ele>660.1400000000001</ele>
   </trkpt>
   <trkpt lat="34.89923" lon="-117.02721000000001">
    <ele>660.33</ele>
   </trkpt>
   <trkpt lat="34.8997549997933" lon="-117.0272000000679">
    <ele>658.07</ele>
   </trkpt>
   <trkpt lat="34.90028" lon="-117.02719">
    <ele>656.5300000000001</ele>
   </trkpt>
   <trkpt lat="34.90080499959184" lon="-117.02719499996414">
    <ele>655.05</ele>
   </trkpt>
   <trkpt lat="34.90133" lon="-117.02720000000001">
    <ele>652.5600000000001</ele>
   </trkpt>
   <trkpt lat="34.90202" lon="-117.02773">
    <ele>652.5600000000001</ele>
   </trkpt>
   <trkpt lat="34.90288" lon="-117.0279">
    <ele>652.5600000000001</ele>
   </trkpt>
   <trkpt lat="34.903490000005114" lon="-117.02790666656769">
    <ele>652.5600000000001</ele>
   </trkpt>
   <trkpt lat="34.904100000009876" lon="-117.02791333323441">
    <ele>641.09</ele>
   </trkpt>
   <trkpt lat="34.90471" lon="-117.02792000000001">
    <ele>641.09</ele>
   </trkpt>
   <trkpt lat="34.90529" lon="-117.02737">
    <ele>641.09</ele>
   </trkpt>
   <trkpt lat="34.9055" lon="-117.02642000000002">
    <ele>641.09</ele>
   </trkpt>
   <trkpt lat="34.9055" lon="-117.02560000000001">
    <ele>641.09</ele>
   </trkpt>
   <trkpt lat="34.90547000188091" lon="-117.02491999946285">
    <ele>640.19</ele>
   </trkpt>
   <trkpt lat="34.905440000000006" lon="-117.02424">
    <ele>640.84</ele>
   </trkpt>
   <trkpt lat="34.90532" lon="-117.02389000000001">
    <ele>641.09</ele>
   </trkpt>
   <trkpt lat="34.905330000000006" lon="-117.02366">
    <ele>641.3100000000001</ele>
   </trkpt>
   <trkpt lat="34.90536" lon="-117.02353000000001">
    <ele>641.35</ele>
   </trkpt>
   <trkpt lat="34.905480000000004" lon="-117.02316">
    <ele>642.7900000000001</ele>
   </trkpt>
   <trkpt lat="34.90556" lon="-117.02299000000001">
    <ele>643.63</ele>
   </trkpt>
   <trkpt lat="34.905730000000005" lon="-117.02277000000001">
    <ele>644.19</ele>
   </trkpt>
   <trkpt lat="34.906265001002325" lon="-117.02229000307473">
    <ele>644.9100000000001</ele>
   </trkpt>
   <trkpt lat="34.906800000000004" lon="-117.02181000000002">
    <ele>643.6200000000001</ele>
   </trkpt>
   <trkpt lat="34.90752500170038" lon="-117.02119000536659">
    <ele>641.38</ele>
   </trkpt>
   <trkpt lat="34.90825" lon="-117.02057">
    <ele>640.8100000000001</ele>
   </trkpt>
   <trkpt lat="34.9087633351496" lon="-117.0200966726028">
    <ele>640.6</ele>
   </trkpt>
   <trkpt lat="34.9092766684641" lon="-117.0196233392869">
    <ele>640.1</ele>
   </trkpt>
   <trkpt lat="34.90979" lon="-117.01915000000001">
    <ele>639.4300000000001</ele>
   </trkpt>
   <trkpt lat="34.91050286619191" lon="-117.01854288878195">
    <ele>638.9100000000001</ele>
   </trkpt>
   <trkpt lat="34.911215729364685" lon="-117.01793576702076">
    <ele>638.23</ele>
   </trkpt>
   <trkpt lat="34.9119285895182" lon="-117.01732863471607">
    <ele>638.1500000000001</ele>
   </trkpt>
   <trkpt lat="34.91264144665233" lon="-117.01672149186741">
    <ele>638.5200000000001</ele>
   </trkpt>
   <trkpt lat="34.91335430076693" lon="-117.0161143384744">
    <ele>638.69</ele>
   </trkpt>
   <trkpt lat="34.914067151861886" lon="-117.01550717453661">
    <ele>638.6200000000001</ele>
   </trkpt>
   <trkpt lat="34.91478" lon="-117.01490000000001">
    <ele>638.29</ele>
   </trkpt>
   <trkpt lat="34.915195000404296" lon="-117.0145550018134">
    <ele>638.5200000000001</ele>
   </trkpt>
   <trkpt lat="34.91561" lon="-117.01421">
    <ele>638.4200000000001</ele>
   </trkpt>
   <trkpt lat="34.91631" lon="-117.01353">
    <ele>638.27</ele>
   </trkpt>
   <trkpt lat="34.916740000000004" lon="-117.01296">
    <ele>639.34</ele>
   </trkpt>
   <trkpt lat="34.916920000000005" lon="-117.01269">
    <ele>639.82</ele>
   </trkpt>
   <trkpt lat="34.91722" lon="-117.0121">
    <ele>640.3100000000001</ele>
   </trkpt>
   <trkpt lat="34.91747" lon="-117.01153000000001">
    <ele>640.73</ele>
   </trkpt>
   <trkpt lat="34.917570000000005" lon="-117.01126000000001">
    <ele>640.99</ele>
   </trkpt>
   <trkpt lat="34.917790000000004" lon="-117.01037000000001">
    <ele>641.4300000000001</ele>
   </trkpt>
   <trkpt lat="34.91794" lon="-117.00940000000001">
    <ele>641.85</ele>
   </trkpt>
   <trkpt lat="34.91806000463978" lon="-117.00833500160931">
    <ele>642.6200000000001</ele>
   </trkpt>
   <trkpt lat="34.91818" lon="-117.00727">
    <ele>642.8000000000001</ele>
   </trkpt>
   <trkpt lat="34.91821500126336" lon="-117.00671500020941">
    <ele>642.69</ele>
   </trkpt>
   <trkpt lat="34.91825" lon="-117.00616000000001">
    <ele>642.6500000000001</ele>
   </trkpt>
   <trkpt lat="34.91825" lon="-117.00539">
    <ele>642.21</ele>
   </trkpt>
   <trkpt lat="34.918220000000005" lon="-117.00474000000001">
    <ele>641.6800000000001</ele>
   </trkpt>
   <trkpt lat="34.91818500136447" lon="-117.00415999953074">
    <ele>641.41</ele>
   </trkpt>
   <trkpt lat="34.918150000000004" lon="-117.00358000000001">
    <ele>641.0300000000001</ele>
   </trkpt>
   <trkpt lat="34.91807" lon="-117.00295000000001">
    <ele>640.26</ele>
   </trkpt>
   <trkpt lat="34.9179700014357" lon="-117.00235499918963">
    <ele>639.39</ele>
   </trkpt>
   <trkpt lat="34.91787" lon="-117.00176">
    <ele>639.08</ele>
   </trkpt>
   <trkpt lat="34.91766334073188" lon="-117.00080999524117">
    <ele>638.61</ele>
   </trkpt>
   <trkpt lat="34.91745667407067" lon="-116.99985999526635">
    <ele>638.33</ele>
   </trkpt>
   <trkpt lat="34.91725" lon="-116.99891000000001">
    <ele>638.4399999999999</ele>
   </trkpt>
   <trkpt lat="34.91706500264028" lon="-116.99810499812496">
    <ele>638.27</ele>
   </trkpt>
   <trkpt lat="34.916880000000006" lon="-116.99730000000001">
    <ele>638.14</ele>
   </trkpt>
   <trkpt lat="34.91673500138298" lon="-116.99671499889105">
    <ele>637.9200000000001</ele>
   </trkpt>
   <trkpt lat="34.91659" lon="-116.99613000000001">
    <ele>637.66</ele>
   </trkpt>
   <trkpt lat="34.91643000125473" lon="-116.99558499906766">
    <ele>637.14</ele>
   </trkpt>
   <trkpt lat="34.916270000000004" lon="-116.99504">
    <ele>636.97</ele>
   </trkpt>
   <trkpt lat="34.91596430742664" lon="-116.99409997898857">
    <ele>637.36</ele>
   </trkpt>
   <trkpt lat="34.915658607614944" lon="-116.99315996497887">
    <ele>637.1300000000001</ele>
   </trkpt>
   <trkpt lat="34.91535290056502" lon="-116.99221995797085">
    <ele>637.7400000000001</ele>
   </trkpt>
   <trkpt lat="34.915047186277036" lon="-116.99127995796465">
    <ele>638.3700000000001</ele>
   </trkpt>
   <trkpt lat="34.91474146475111" lon="-116.99033996496024">
    <ele>639.41</ele>
   </trkpt>
   <trkpt lat="34.91443573598738" lon="-116.98939997895765">
    <ele>640.2800000000001</ele>
   </trkpt>
   <trkpt lat="34.91413" lon="-116.98846">
    <ele>640.35</ele>
   </trkpt>
   <trkpt lat="34.91391" lon="-116.98850000000002">
    <ele>640.26</ele>
   </trkpt>
   <trkpt lat="34.913070000000005" lon="-116.98853000000001">
    <ele>639.6400000000001</ele>
   </trkpt>
   <trkpt lat="34.91226400000103" lon="-116.9885340001571">
    <ele>639.17</ele>
   </trkpt>
   <trkpt lat="34.91145800000194" lon="-116.98853800023564">
    <ele>639.0400000000001</ele>
   </trkpt>
   <trkpt lat="34.9106520000027" lon="-116.98854200023563">
    <ele>638.39</ele>
   </trkpt>
   <trkpt lat="34.90984600000334" lon="-116.98854600015707">
    <ele>637.95</ele>
   </trkpt>
   <trkpt lat="34.909040000000005" lon="-116.98855">
    <ele>637.95</ele>
   </trkpt>
   <trkpt lat="34.908730000000006" lon="-116.98856">
    <ele>637.48</ele>
   </trkpt>
   <trkpt lat="34.90831" lon="-116.98865">
    <ele>637.9</ele>
   </trkpt>
   <trkpt lat="34.907700000000006" lon="-116.98895">
    <ele>635.97</ele>
   </trkpt>
   <trkpt lat="34.90746" lon="-116.98901000000001">
    <ele>633.97</ele>
   </trkpt>
   <trkpt lat="34.907030000000006" lon="-116.98906000000001">
    <ele>632.66</ele>
   </trkpt>
   <trkpt lat="34.906800000000004" lon="-116.98904">
    <ele>631.7400000000001</ele>
   </trkpt>
   <trkpt lat="34.906600000000005" lon="-116.989">
    <ele>630.8100000000001</ele>
   </trkpt>
   <trkpt lat="34.90588000035915" lon="-116.98866499701589">
    <ele>630.84</ele>
   </trkpt>
   <trkpt lat="34.90516" lon="-116.98833">
    <ele>630.3000000000001</ele>
   </trkpt>
   <trkpt lat="34.904715000281406" lon="-116.98805999852648">
    <ele>630.5400000000001</ele>
   </trkpt>
   <trkpt lat="34.904270000000004" lon="-116.98779">
    <ele>631.45</ele>
   </trkpt>
   <trkpt lat="34.90374666767307" lon="-116.98741999520294">
    <ele>631.34</ele>
   </trkpt>
   <trkpt lat="34.90322333422485" lon="-116.9870499951218">
    <ele>630.6700000000001</ele>
   </trkpt>
   <trkpt lat="34.9027" lon="-116.98668">
    <ele>630.39</ele>
   </trkpt>
   <trkpt lat="34.90234" lon="-116.98641">
    <ele>631.1000000000001</ele>
   </trkpt>
   <trkpt lat="34.90184" lon="-116.98597000000001">
    <ele>631.0600000000001</ele>
   </trkpt>
   <trkpt lat="34.90119000543908" lon="-116.98530498421725">
    <ele>630.7900000000001</ele>
   </trkpt>
   <trkpt lat="34.9005400072562" lon="-116.98463997896089">
    <ele>630.07</ele>
   </trkpt>
   <trkpt lat="34.89989000545152" lon="-116.9839749842305">
    <ele>629.8900000000001</ele>
   </trkpt>
   <trkpt lat="34.899240000000006" lon="-116.98331">
    <ele>629.0300000000001</ele>
   </trkpt>
   <trkpt lat="34.89902" lon="-116.98306000000001">
    <ele>629.12</ele>
   </trkpt>
   <trkpt lat="34.89885" lon="-116.98283">
    <ele>629.45</ele>
   </trkpt>
   <trkpt lat="34.898680000000006" lon="-116.98251">
    <ele>629.97</ele>
   </trkpt>
   <trkpt lat="34.898590000000006" lon="-116.98211">
    <ele>631.1500000000001</ele>
   </trkpt>
   <trkpt lat="34.89856" lon="-116.98179">
    <ele>631.57</ele>
   </trkpt>
   <trkpt lat="34.89855" lon="-116.98091000000001">
    <ele>635.57</ele>
   </trkpt>
   <trkpt lat="34.8986" lon="-116.98027">
    <ele>640.8000000000001</ele>
   </trkpt>
   <trkpt lat="34.89858" lon="-116.98006000000001">
    <ele>642.26</ele>
   </trkpt>
   <trkpt lat="34.89851" lon="-116.97990000000001">
    <ele>642.66</ele>
   </trkpt>
   <trkpt lat="34.89865" lon="-116.97978">
    <ele>643.6400000000001</ele>
   </trkpt>
   <trkpt lat="34.89896" lon="-116.97974">
    <ele>645.46</ele>
   </trkpt>
   <trkpt lat="34.89942500060235" lon="-116.97940500179371">
    <ele>649.69</ele>
   </trkpt>
   <trkpt lat="34.899890000000006" lon="-116.97907000000001">
    <ele>655.5000000000001</ele>
   </trkpt>
   <trkpt lat="34.90053" lon="-116.9787">
    <ele>662.75</ele>
   </trkpt>
   <trkpt lat="34.90117" lon="-116.97799">
    <ele>669.61</ele>
   </trkpt>
   <trkpt lat="34.90182" lon="-116.97764000000001">
    <ele>675.0500000000001</ele>
   </trkpt>
   <trkpt lat="34.90207" lon="-116.97713">
    <ele>681.6500000000001</ele>
   </trkpt>
   <trkpt lat="34.902370000000005" lon="-116.97678">
    <ele>684.85</ele>
   </trkpt>
   <trkpt lat="34.90245000159971" lon="-116.97615500060829">
    <ele>682.39</ele>
   </trkpt>
   <trkpt lat="34.902530000000006" lon="-116.97553">
    <ele>685.44</ele>
   </trkpt>
   <trkpt lat="34.902080000000005" lon="-116.9749">
    <ele>691.33</ele>
   </trkpt>
   <trkpt lat="34.901770000000006" lon="-116.97422">
    <ele>695.57</ele>
   </trkpt>
   <trkpt lat="34.90175" lon="-116.97373">
    <ele>696.89</ele>
   </trkpt>
   <trkpt lat="34.90150500341864" lon="-116.97281499723371">
    <ele>700.08</ele>
   </trkpt>
   <trkpt lat="34.90126" lon="-116.9719">
    <ele>703.99</ele>
   </trkpt>
   <trkpt lat="34.901210000000006" lon="-116.97141">
    <ele>708.0300000000001</ele>
   </trkpt>
   <trkpt lat="34.901030000000006" lon="-116.971">
    <ele>710.96</ele>
   </trkpt>
   <trkpt lat="34.900980000000004" lon="-116.97057000000001">
    <ele>713.62</ele>
   </trkpt>
   <trkpt lat="34.900710000000004" lon="-116.96988">
    <ele>717.86</ele>
   </trkpt>
   <trkpt lat="34.90066" lon="-116.96885">
    <ele>720.45</ele>
   </trkpt>
   <trkpt lat="34.90093" lon="-116.96814">
    <ele>721.95</ele>
   </trkpt>
   <trkpt lat="34.90106" lon="-116.96796">
    <ele>720.65</ele>
   </trkpt>
   <trkpt lat="34.90108" lon="-116.96778">
    <ele>718.9300000000001</ele>
   </trkpt>
   <trkpt lat="34.90090000104798" lon="-116.96725999868902">
    <ele>717.49</ele>
   </trkpt>
   <trkpt lat="34.90072" lon="-116.96674000000002">
    <ele>718.26</ele>
   </trkpt>
   <trkpt lat="34.900740000000006" lon="-116.96661">
    <ele>718.65</ele>
   </trkpt>
   <trkpt lat="34.90095" lon="-116.96626">
    <ele>719.99</ele>
   </trkpt>
   <trkpt lat="34.90088" lon="-116.96585">
    <ele>719.99</ele>
   </trkpt>
   <trkpt lat="34.90041" lon="-116.96519">
    <ele>720.62</ele>
   </trkpt>
   <trkpt lat="34.90041" lon="-116.96455">
    <ele>717.5300000000001</ele>
   </trkpt>
   <trkpt lat="34.90077000280141" lon="-116.9637250035836">
    <ele>713.7900000000001</ele>
   </trkpt>
   <trkpt lat="34.90113" lon="-116.9629">
    <ele>709.2600000000001</ele>
   </trkpt>
   <trkpt lat="34.90152000183075" lon="-116.96225000291902">
    <ele>705.5400000000001</ele>
   </trkpt>
   <trkpt lat="34.90191" lon="-116.9616">
    <ele>703.2900000000001</ele>
   </trkpt>
   <trkpt lat="34.90206500345883" lon="-116.96068000177922">
    <ele>702.34</ele>
   </trkpt>
   <trkpt lat="34.90222" lon="-116.95976">
    <ele>701.9000000000001</ele>
   </trkpt>
   <trkpt lat="34.90243500133546" lon="-116.95920000133258">
    <ele>701.45</ele>
   </trkpt>
   <trkpt lat="34.90265" lon="-116.95864">
    <ele>700.95</ele>
   </trkpt>
   <trkpt lat="34.90260000172064" lon="-116.95799499982634">
    <ele>700.4800000000001</ele>
   </trkpt>
   <trkpt lat="34.902550000000005" lon="-116.95735">
    <ele>699.2600000000001</ele>
   </trkpt>
   <trkpt lat="34.90229" lon="-116.95636">
    <ele>700.91</ele>
   </trkpt>
   <trkpt lat="34.902280000000005" lon="-116.95548000000001">
    <ele>700.23</ele>
   </trkpt>
   <trkpt lat="34.902080000000005" lon="-116.95479">
    <ele>699.52</ele>
   </trkpt>
   <trkpt lat="34.901680000000006" lon="-116.95431">
    <ele>699.4300000000001</ele>
   </trkpt>
   <trkpt lat="34.90156" lon="-116.95404">
    <ele>697.89</ele>
   </trkpt>
   <trkpt lat="34.90156" lon="-116.95332">
    <ele>690.44</ele>
   </trkpt>
   <trkpt lat="34.90162000183644" lon="-116.95265000050979">
    <ele>681.83</ele>
   </trkpt>
   <trkpt lat="34.901680000000006" lon="-116.95198">
    <ele>676.74</ele>
   </trkpt>
   <trkpt lat="34.901630000000004" lon="-116.95170000000002">
    <ele>673.5600000000001</ele>
   </trkpt>
   <trkpt lat="34.90151" lon="-116.95154000000001">
    <ele>672.63</ele>
   </trkpt>
   <trkpt lat="34.90142" lon="-116.95145000000001">
    <ele>671.0600000000001</ele>
   </trkpt>
   <trkpt lat="34.900870000000005" lon="-116.95113">
    <ele>668.08</ele>
   </trkpt>
   <trkpt lat="34.90052" lon="-116.95064">
    <ele>665.9300000000001</ele>
   </trkpt>
   <trkpt lat="34.900090000000006" lon="-116.95014">
    <ele>664.1600000000001</ele>
   </trkpt>
   <trkpt lat="34.899730000000005" lon="-116.9496">
    <ele>663.9200000000001</ele>
   </trkpt>
   <trkpt lat="34.899680000000004" lon="-116.94929">
    <ele>663.7</ele>
   </trkpt>
   <trkpt lat="34.899680000000004" lon="-116.94907">
    <ele>663.9200000000001</ele>
   </trkpt>
   <trkpt lat="34.8999400013261" lon="-116.94850500174755">
    <ele>664.88</ele>
   </trkpt>
   <trkpt lat="34.900200000000005" lon="-116.94794">
    <ele>665.9200000000001</ele>
   </trkpt>
   <trkpt lat="34.900270000000006" lon="-116.94732">
    <ele>667.07</ele>
   </trkpt>
   <trkpt lat="34.90064" lon="-116.9466">
    <ele>667.9900000000001</ele>
   </trkpt>
   <trkpt lat="34.90077" lon="-116.9462">
    <ele>668.8900000000001</ele>
   </trkpt>
   <trkpt lat="34.90081" lon="-116.94597">
    <ele>669.82</ele>
   </trkpt>
   <trkpt lat="34.90077" lon="-116.94548">
    <ele>670.6500000000001</ele>
   </trkpt>
   <trkpt lat="34.900830000000006" lon="-116.94513">
    <ele>671.2600000000001</ele>
   </trkpt>
   <trkpt lat="34.90091" lon="-116.94419">
    <ele>672.27</ele>
   </trkpt>
   <trkpt lat="34.90088000161936" lon="-116.94355999964519">
    <ele>673.73</ele>
   </trkpt>
   <trkpt lat="34.900850000000005" lon="-116.94293">
    <ele>674.2900000000001</ele>
   </trkpt>
   <trkpt lat="34.90064500119776" lon="-116.94239499873163">
    <ele>675.7700000000001</ele>
   </trkpt>
   <trkpt lat="34.90044" lon="-116.94186">
    <ele>677.6</ele>
   </trkpt>
   <trkpt lat="34.900490000000005" lon="-116.94087">
    <ele>683.27</ele>
   </trkpt>
   <trkpt lat="34.90043" lon="-116.93983000000001">
    <ele>682.2600000000001</ele>
   </trkpt>
   <trkpt lat="34.90023" lon="-116.93909000000001">
    <ele>678.6800000000001</ele>
   </trkpt>
   <trkpt lat="34.899890000000006" lon="-116.93833000000001">
    <ele>678.7500000000001</ele>
   </trkpt>
   <trkpt lat="34.8994" lon="-116.93779">
    <ele>677.39</ele>
   </trkpt>
   <trkpt lat="34.89911" lon="-116.93702">
    <ele>678.3800000000001</ele>
   </trkpt>
   <trkpt lat="34.8988" lon="-116.93649">
    <ele>677.5300000000001</ele>
   </trkpt>
   <trkpt lat="34.898365000315465" lon="-116.93626499886433">
    <ele>675.27</ele>
   </trkpt>
   <trkpt lat="34.89793" lon="-116.93604">
    <ele>671.0100000000001</ele>
   </trkpt>
   <trkpt lat="34.897760000000005" lon="-116.93559">
    <ele>668.97</ele>
   </trkpt>
   <trkpt lat="34.897580000000005" lon="-116.93529000000001">
    <ele>668.2800000000001</ele>
   </trkpt>
   <trkpt lat="34.89724000097577" lon="-116.93483499828798">
    <ele>667.2</ele>
   </trkpt>
   <trkpt lat="34.8969" lon="-116.93438">
    <ele>664.72</ele>
   </trkpt>
   <trkpt lat="34.896820000000005" lon="-116.93422000000001">
    <ele>664.5500000000001</ele>
   </trkpt>
   <trkpt lat="34.896460000000005" lon="-116.93354000000001">
    <ele>663.9200000000001</ele>
   </trkpt>
   <trkpt lat="34.896460000000005" lon="-116.93326">
    <ele>663.44</ele>
   </trkpt>
   <trkpt lat="34.89678" lon="-116.9325">
    <ele>662.24</ele>
   </trkpt>
   <trkpt lat="34.896820000000005" lon="-116.93236">
    <ele>661.9100000000001</ele>
   </trkpt>
   <trkpt lat="34.896840000000005" lon="-116.93200000000002">
    <ele>660.8900000000001</ele>
   </trkpt>
   <trkpt lat="34.89681" lon="-116.93164000000002">
    <ele>659.7700000000001</ele>
   </trkpt>
   <trkpt lat="34.896730000000005" lon="-116.93134">
    <ele>658.72</ele>
   </trkpt>
   <trkpt lat="34.896550000000005" lon="-116.93089">
    <ele>657.81</ele>
   </trkpt>
   <trkpt lat="34.89652" lon="-116.93071">
    <ele>656.94</ele>
   </trkpt>
   <trkpt lat="34.89652" lon="-116.93053">
    <ele>655.93</ele>
   </trkpt>
   <trkpt lat="34.896660000000004" lon="-116.92981">
    <ele>654.84</ele>
   </trkpt>
   <trkpt lat="34.89672" lon="-116.92960000000001">
    <ele>654.46</ele>
   </trkpt>
   <trkpt lat="34.89681" lon="-116.92942000000001">
    <ele>654.0</ele>
   </trkpt>
   <trkpt lat="34.896930000000005" lon="-116.92927">
    <ele>653.66</ele>
   </trkpt>
   <trkpt lat="34.89705" lon="-116.92918000000002">
    <ele>653.09</ele>
   </trkpt>
   <trkpt lat="34.897270000000006" lon="-116.92899000000001">
    <ele>652.82</ele>
   </trkpt>
   <trkpt lat="34.89781" lon="-116.92865">
    <ele>652.3500000000001</ele>
   </trkpt>
   <trkpt lat="34.897960000000005" lon="-116.9286">
    <ele>652.3100000000001</ele>
   </trkpt>
   <trkpt lat="34.898230000000005" lon="-116.92856">
    <ele>651.9200000000001</ele>
   </trkpt>
   <trkpt lat="34.89869" lon="-116.9286">
    <ele>652.02</ele>
   </trkpt>
   <trkpt lat="34.89882" lon="-116.92856">
    <ele>652.44</ele>
   </trkpt>
   <trkpt lat="34.89893" lon="-116.92851">
    <ele>652.84</ele>
   </trkpt>
   <trkpt lat="34.89904" lon="-116.92843">
    <ele>653.0400000000001</ele>
   </trkpt>
   <trkpt lat="34.899170000000005" lon="-116.92830000000001">
    <ele>652.96</ele>
   </trkpt>
   <trkpt lat="34.89949" lon="-116.92788000000002">
    <ele>653.36</ele>
   </trkpt>
   <trkpt lat="34.89976" lon="-116.92762">
    <ele>654.37</ele>
   </trkpt>
   <trkpt lat="34.90003" lon="-116.92745000000001">
    <ele>656.4100000000001</ele>
   </trkpt>
   <trkpt lat="34.900650000000006" lon="-116.92713">
    <ele>658.4300000000001</ele>
   </trkpt>
   <trkpt lat="34.90081" lon="-116.927">
    <ele>659.3000000000001</ele>
   </trkpt>
   <trkpt lat="34.90099" lon="-116.92681">
    <ele>659.1300000000001</ele>
   </trkpt>
   <trkpt lat="34.90099" lon="-116.92668">
    <ele>658.5000000000001</ele>
   </trkpt>
   <trkpt lat="34.90093" lon="-116.92645">
    <ele>658.0400000000001</ele>
   </trkpt>
   <trkpt lat="34.900920000000006" lon="-116.92636">
    <ele>657.66</ele>
   </trkpt>
   <trkpt lat="34.9009850018303" lon="-116.92569000061218">
    <ele>653.0</ele>
   </trkpt>
   <trkpt lat="34.901050000000005" lon="-116.92502">
    <ele>650.2800000000001</ele>
   </trkpt>
   <trkpt lat="34.901070000000004" lon="-116.92457">
    <ele>647.26</ele>
   </trkpt>
   <trkpt lat="34.9011" lon="-116.9235">
    <ele>640.9100000000001</ele>
   </trkpt>
   <trkpt lat="34.90111000791976" lon="-116.92251666685887">
    <ele>636.82</ele>
   </trkpt>
   <trkpt lat="34.901120007920255" lon="-116.92153333347814">
    <ele>633.41</ele>
   </trkpt>
   <trkpt lat="34.90113" lon="-116.92055">
    <ele>630.4000000000001</ele>
   </trkpt>
   <trkpt lat="34.901113592186114" lon="-116.91946149585138">
    <ele>628.0</ele>
   </trkpt>
   <trkpt lat="34.901097174668365" lon="-116.91837299213786">
    <ele>625.1000000000001</ele>
   </trkpt>
   <trkpt lat="34.90108074744678" lon="-116.91728448885962">
    <ele>622.0300000000001</ele>
   </trkpt>
   <trkpt lat="34.90106431052134" lon="-116.91619598601699">
    <ele>618.14</ele>
   </trkpt>
   <trkpt lat="34.901047863892074" lon="-116.91510748361016">
    <ele>615.33</ele>
   </trkpt>
   <trkpt lat="34.901031407558975" lon="-116.91401898163942">
    <ele>612.84</ele>
   </trkpt>
   <trkpt lat="34.90101494152207" lon="-116.91293048010502">
    <ele>611.01</ele>
   </trkpt>
   <trkpt lat="34.900998465781356" lon="-116.91184197900719">
    <ele>607.89</ele>
   </trkpt>
   <trkpt lat="34.900981980336844" lon="-116.91075347834628">
    <ele>606.2700000000001</ele>
   </trkpt>
   <trkpt lat="34.900965485188564" lon="-116.90966497812245">
    <ele>606.3100000000001</ele>
   </trkpt>
   <trkpt lat="34.9009489803365" lon="-116.90857647833597">
    <ele>603.8100000000001</ele>
   </trkpt>
   <trkpt lat="34.90093246578067" lon="-116.90748797898715">
    <ele>601.7300000000001</ele>
   </trkpt>
   <trkpt lat="34.900915941521085" lon="-116.90639948007617">
    <ele>599.57</ele>
   </trkpt>
   <trkpt lat="34.90089940755776" lon="-116.90531098160335">
    <ele>598.99</ele>
   </trkpt>
   <trkpt lat="34.90088286389071" lon="-116.90422248356894">
    <ele>597.3000000000001</ele>
   </trkpt>
   <trkpt lat="34.90086631051992" lon="-116.90313398597317">
    <ele>598.09</ele>
   </trkpt>
   <trkpt lat="34.90084974744542" lon="-116.90204548881631">
    <ele>598.71</ele>
   </trkpt>
   <trkpt lat="34.90083317466722" lon="-116.90095699209863">
    <ele>599.01</ele>
   </trkpt>
   <trkpt lat="34.90081659218531" lon="-116.89986849582036">
    <ele>599.08</ele>
   </trkpt>
   <trkpt lat="34.900800000000004" lon="-116.89878000000002">
    <ele>599.7800000000001</ele>
   </trkpt>
   <trkpt lat="34.90084" lon="-116.89785">
    <ele>599.95</ele>
   </trkpt>
   <trkpt lat="34.90092000708385" lon="-116.896920001808">
    <ele>600.1700000000001</ele>
   </trkpt>
   <trkpt lat="34.90100000708419" lon="-116.89599000180415">
    <ele>600.65</ele>
   </trkpt>
   <trkpt lat="34.90108" lon="-116.89506000000002">
    <ele>600.46</ele>
   </trkpt>
   <trkpt lat="34.90114000259218" lon="-116.89426500052735">
    <ele>600.0600000000001</ele>
   </trkpt>
   <trkpt lat="34.9012" lon="-116.89347000000001">
    <ele>599.7900000000001</ele>
   </trkpt>
   <trkpt lat="34.901230000000005" lon="-116.89275">
    <ele>599.7800000000001</ele>
   </trkpt>
   <trkpt lat="34.90122" lon="-116.89195000000001">
    <ele>600.21</ele>
   </trkpt>
   <trkpt lat="34.901250000000005" lon="-116.89117">
    <ele>599.83</ele>
   </trkpt>
   <trkpt lat="34.90123500285654" lon="-116.89033499992502">
    <ele>599.75</ele>
   </trkpt>
   <trkpt lat="34.90122" lon="-116.88950000000001">
    <ele>599.37</ele>
   </trkpt>
   <trkpt lat="34.901210000000006" lon="-116.88898">
    <ele>599.1700000000001</ele>
   </trkpt>
   <trkpt lat="34.90115" lon="-116.88871">
    <ele>599.1700000000001</ele>
   </trkpt>
   <trkpt lat="34.90115334174336" lon="-116.88769666670294">
    <ele>599.32</ele>
   </trkpt>
   <trkpt lat="34.901156675076834" lon="-116.88668333332353">
    <ele>599.1200000000001</ele>
   </trkpt>
   <trkpt lat="34.901160000000004" lon="-116.88567">
    <ele>599.26</ele>
   </trkpt>
   <trkpt lat="34.90111" lon="-116.88464">
    <ele>599.46</ele>
   </trkpt>
   <trkpt lat="34.901095495943416" lon="-116.88363454367101">
    <ele>599.1700000000001</ele>
   </trkpt>
   <trkpt lat="34.901080983607216" lon="-116.88262908769728">
    <ele>599.0500000000001</ele>
   </trkpt>
   <trkpt lat="34.90106646299138" lon="-116.88162363207896">
    <ele>598.86</ele>
   </trkpt>
   <trkpt lat="34.901051934095946" lon="-116.88061817681627">
    <ele>598.98</ele>
   </trkpt>
   <trkpt lat="34.901037396920906" lon="-116.87961272190944">
    <ele>599.04</ele>
   </trkpt>
   <trkpt lat="34.90102285146626" lon="-116.87860726735865">
    <ele>598.99</ele>
   </trkpt>
   <trkpt lat="34.901008297732005" lon="-116.8776018131641">
    <ele>598.9100000000001</ele>
   </trkpt>
   <trkpt lat="34.900993735718195" lon="-116.876596359326">
    <ele>598.96</ele>
   </trkpt>
   <trkpt lat="34.9009791654248" lon="-116.87559090584453">
    <ele>598.8500000000001</ele>
   </trkpt>
   <trkpt lat="34.90096458685184" lon="-116.87458545271997">
    <ele>598.87</ele>
   </trkpt>
   <trkpt lat="34.90095" lon="-116.87358">
    <ele>598.65</ele>
   </trkpt>
   <trkpt lat="34.90095908783448" lon="-116.87251750221863">
    <ele>598.69</ele>
   </trkpt>
   <trkpt lat="34.900968166423255" lon="-116.87145500420226">
    <ele>598.6400000000001</ele>
   </trkpt>
   <trkpt lat="34.90097723576631" lon="-116.87039250595112">
    <ele>598.59</ele>
   </trkpt>
   <trkpt lat="34.90098629586365" lon="-116.86933000746542">
    <ele>598.5100000000001</ele>
   </trkpt>
   <trkpt lat="34.90099534671529" lon="-116.86826750874542">
    <ele>598.23</ele>
   </trkpt>
   <trkpt lat="34.9010043883212" lon="-116.86720500979138">
    <ele>597.74</ele>
   </trkpt>
   <trkpt lat="34.90101342068137" lon="-116.8661425106035">
    <ele>597.04</ele>
   </trkpt>
   <trkpt lat="34.90102244379582" lon="-116.86508001118203">
    <ele>596.31</ele>
   </trkpt>
   <trkpt lat="34.90103145766452" lon="-116.86401751152722">
    <ele>595.8500000000001</ele>
   </trkpt>
   <trkpt lat="34.9010404622875" lon="-116.86295501163931">
    <ele>595.41</ele>
   </trkpt>
   <trkpt lat="34.9010494576647" lon="-116.86189251151852">
    <ele>595.47</ele>
   </trkpt>
   <trkpt lat="34.90105844379617" lon="-116.86083001116509">
    <ele>595.6600000000001</ele>
   </trkpt>
   <trkpt lat="34.90106742068186" lon="-116.85976751057932">
    <ele>595.57</ele>
   </trkpt>
   <trkpt lat="34.9010763883218" lon="-116.85870500976135">
    <ele>595.5</ele>
   </trkpt>
   <trkpt lat="34.901085346715966" lon="-116.8576425087115">
    <ele>595.34</ele>
   </trkpt>
   <trkpt lat="34.90109429586435" lon="-116.85658000742998">
    <ele>595.04</ele>
   </trkpt>
   <trkpt lat="34.90110323576697" lon="-116.855517505917">
    <ele>594.84</ele>
   </trkpt>
   <trkpt lat="34.90111216642379" lon="-116.85445500417286">
    <ele>594.3900000000001</ele>
   </trkpt>
   <trkpt lat="34.901121087834824" lon="-116.85339250219774">
    <ele>594.1899999999999</ele>
   </trkpt>
   <trkpt lat="34.90113" lon="-116.85233000000001">
    <ele>594.26</ele>
   </trkpt>
   <trkpt lat="34.901150001651345" lon="-116.85169500015031">
    <ele>594.2400000000001</ele>
   </trkpt>
   <trkpt lat="34.90117" lon="-116.85106">
    <ele>594.37</ele>
   </trkpt>
   <trkpt lat="34.9012350039262" lon="-116.85008000087609">
    <ele>594.6600000000001</ele>
   </trkpt>
   <trkpt lat="34.901300000000006" lon="-116.8491">
    <ele>594.3000000000001</ele>
   </trkpt>
   <trkpt lat="34.901410000000006" lon="-116.84804000000001">
    <ele>593.53</ele>
   </trkpt>
   <trkpt lat="34.901542531377714" lon="-116.8469937618187">
    <ele>593.08</ele>
   </trkpt>
   <trkpt lat="34.90167505379044" lon="-116.84594752026074">
    <ele>592.9100000000001</ele>
   </trkpt>
   <trkpt lat="34.9018075672381" lon="-116.8449012753264">
    <ele>592.5100000000001</ele>
   </trkpt>
   <trkpt lat="34.901940071720645" lon="-116.84385502701588">
    <ele>591.9100000000001</ele>
   </trkpt>
   <trkpt lat="34.902072567237965" lon="-116.84280877532933">
    <ele>591.71</ele>
   </trkpt>
   <trkpt lat="34.90220505379003" lon="-116.84176252026697">
    <ele>591.97</ele>
   </trkpt>
   <trkpt lat="34.90233753137672" lon="-116.84071626182903">
    <ele>592.36</ele>
   </trkpt>
   <trkpt lat="34.90247" lon="-116.83967000000001">
    <ele>592.1899999999999</ele>
   </trkpt>
   <trkpt lat="34.902565001976434" lon="-116.8389800006038">
    <ele>592.0200000000001</ele>
   </trkpt>
   <trkpt lat="34.902660000000004" lon="-116.83829000000001">
    <ele>591.9100000000001</ele>
   </trkpt>
   <trkpt lat="34.90272000136634" lon="-116.83771500030142">
    <ele>591.82</ele>
   </trkpt>
   <trkpt lat="34.90278" lon="-116.83714">
    <ele>591.71</ele>
   </trkpt>
   <trkpt lat="34.902840000000005" lon="-116.83637000000002">
    <ele>591.45</ele>
   </trkpt>
   <trkpt lat="34.90286500278069" lon="-116.83554500046684">
    <ele>591.07</ele>
   </trkpt>
   <trkpt lat="34.90289" lon="-116.83472">
    <ele>590.62</ele>
   </trkpt>
   <trkpt lat="34.90287000268643" lon="-116.83390999978754">
    <ele>590.38</ele>
   </trkpt>
   <trkpt lat="34.90285" lon="-116.83310000000002">
    <ele>590.33</ele>
   </trkpt>
   <trkpt lat="34.902813340988644" lon="-116.83213333252372">
    <ele>589.95</ele>
   </trkpt>
   <trkpt lat="34.902776674324" lon="-116.83116666591056">
    <ele>589.77</ele>
   </trkpt>
   <trkpt lat="34.90274" lon="-116.8302">
    <ele>590.01</ele>
   </trkpt>
   <trkpt lat="34.90274" lon="-116.82966">
    <ele>589.98</ele>
   </trkpt>
   <trkpt lat="34.902800000000006" lon="-116.82911000000001">
    <ele>589.92</ele>
   </trkpt>
   <trkpt lat="34.902900001387835" lon="-116.82853500050537">
    <ele>589.55</ele>
   </trkpt>
   <trkpt lat="34.903000000000006" lon="-116.82796">
    <ele>589.55</ele>
   </trkpt>
   <trkpt lat="34.90314500195924" lon="-116.82726500131731">
    <ele>589.19</ele>
   </trkpt>
   <trkpt lat="34.903290000000005" lon="-116.82657">
    <ele>589.2</ele>
   </trkpt>
   <trkpt lat="34.90349333734017" lon="-116.82587333667456">
    <ele>588.96</ele>
   </trkpt>
   <trkpt lat="34.90369667070525" lon="-116.82517666989916">
    <ele>588.67</ele>
   </trkpt>
   <trkpt lat="34.9039" lon="-116.82448000000001">
    <ele>588.65</ele>
   </trkpt>
   <trkpt lat="34.904171683315916" lon="-116.82357834824026">
    <ele>588.53</ele>
   </trkpt>
   <trkpt lat="34.90444335997324" lon="-116.82267669051447">
    <ele>588.43</ele>
   </trkpt>
   <trkpt lat="34.90471502997187" lon="-116.82177502682273">
    <ele>588.31</ele>
   </trkpt>
   <trkpt lat="34.904986693311685" lon="-116.82087335716504">
    <ele>587.99</ele>
   </trkpt>
   <trkpt lat="34.90525834999259" lon="-116.81997168154146">
    <ele>587.7900000000001</ele>
   </trkpt>
   <trkpt lat="34.905530000000006" lon="-116.81907000000001">
    <ele>587.4100000000001</ele>
   </trkpt>
   <trkpt lat="34.90574000172667" lon="-116.81842500157913">
    <ele>587.25</ele>
   </trkpt>
   <trkpt lat="34.905950000000004" lon="-116.81778000000001">
    <ele>587.1800000000001</ele>
   </trkpt>
   <trkpt lat="34.906150001884775" lon="-116.81710500158039">
    <ele>586.9700000000001</ele>
   </trkpt>
   <trkpt lat="34.90635" lon="-116.81643000000001">
    <ele>586.89</ele>
   </trkpt>
   <trkpt lat="34.90655500178592" lon="-116.81578000144636">
    <ele>586.7800000000001</ele>
   </trkpt>
   <trkpt lat="34.906760000000006" lon="-116.81513000000001">
    <ele>586.7800000000001</ele>
   </trkpt>
   <trkpt lat="34.90694500173214" lon="-116.81447500156376">
    <ele>586.71</ele>
   </trkpt>
   <trkpt lat="34.90713" lon="-116.81382">
    <ele>586.6</ele>
   </trkpt>
   <trkpt lat="34.90737500372611" lon="-116.8128650028844">
    <ele>586.38</ele>
   </trkpt>
   <trkpt lat="34.90762" lon="-116.81191000000001">
    <ele>585.55</ele>
   </trkpt>
   <trkpt lat="34.907810000000005" lon="-116.81103000000002">
    <ele>585.38</ele>
   </trkpt>
   <trkpt lat="34.90794" lon="-116.81059">
    <ele>585.5</ele>
   </trkpt>
   <trkpt lat="34.90809" lon="-116.81024000000001">
    <ele>585.8000000000001</ele>
   </trkpt>
   <trkpt lat="34.908300000000004" lon="-116.80991000000002">
    <ele>586.2700000000001</ele>
   </trkpt>
   <trkpt lat="34.90842" lon="-116.80974">
    <ele>586.23</ele>
   </trkpt>
   <trkpt lat="34.908280000000005" lon="-116.80926000000001">
    <ele>585.5</ele>
   </trkpt>
   <trkpt lat="34.908260000000006" lon="-116.80902">
    <ele>584.61</ele>
   </trkpt>
   <trkpt lat="34.90827" lon="-116.80881000000001">
    <ele>584.2400000000001</ele>
   </trkpt>
   <trkpt lat="34.90831" lon="-116.80857">
    <ele>583.7800000000001</ele>
   </trkpt>
   <trkpt lat="34.90852512889229" lon="-116.80751739273374">
    <ele>583.99</ele>
   </trkpt>
   <trkpt lat="34.9087402487093" lon="-116.8064647799516">
    <ele>585.0200000000001</ele>
   </trkpt>
   <trkpt lat="34.90895535945087" lon="-116.80541216165375">
    <ele>583.9300000000001</ele>
   </trkpt>
   <trkpt lat="34.90917046111691" lon="-116.80435953784033">
    <ele>583.6</ele>
   </trkpt>
   <trkpt lat="34.909385553707295" lon="-116.8033069085115">
    <ele>583.9000000000001</ele>
   </trkpt>
   <trkpt lat="34.90960063722189" lon="-116.80225427366743">
    <ele>583.73</ele>
   </trkpt>
   <trkpt lat="34.90981571166059" lon="-116.80120163330831">
    <ele>583.3600000000001</ele>
   </trkpt>
   <trkpt lat="34.910030777023266" lon="-116.80014898743426">
    <ele>583.11</ele>
   </trkpt>
   <trkpt lat="34.910245833309816" lon="-116.79909633604545">
    <ele>582.83</ele>
   </trkpt>
   <trkpt lat="34.91046088052009" lon="-116.79804367914201">
    <ele>583.5100000000001</ele>
   </trkpt>
   <trkpt lat="34.91067591865399" lon="-116.79699101672416">
    <ele>583.8000000000001</ele>
   </trkpt>
   <trkpt lat="34.91089094771139" lon="-116.79593834879203">
    <ele>584.7500000000001</ele>
   </trkpt>
   <trkpt lat="34.91110596769217" lon="-116.79488567534577">
    <ele>585.2700000000001</ele>
   </trkpt>
   <trkpt lat="34.91132097859621" lon="-116.79383299638555">
    <ele>585.5600000000001</ele>
   </trkpt>
   <trkpt lat="34.91153598042337" lon="-116.79278031191154">
    <ele>585.82</ele>
   </trkpt>
   <trkpt lat="34.911750973173575" lon="-116.79172762192387">
    <ele>586.2700000000001</ele>
   </trkpt>
   <trkpt lat="34.911965956846664" lon="-116.79067492642274">
    <ele>586.1500000000001</ele>
   </trkpt>
   <trkpt lat="34.912180931442535" lon="-116.78962222540827">
    <ele>586.21</ele>
   </trkpt>
   <trkpt lat="34.91239589696106" lon="-116.78856951888064">
    <ele>586.07</ele>
   </trkpt>
   <trkpt lat="34.91261085340213" lon="-116.78751680684003">
    <ele>585.16</ele>
   </trkpt>
   <trkpt lat="34.91282580076562" lon="-116.78646408928654">
    <ele>584.3900000000001</ele>
   </trkpt>
   <trkpt lat="34.913040739051404" lon="-116.7854113662204">
    <ele>583.95</ele>
   </trkpt>
   <trkpt lat="34.91325566825936" lon="-116.78435863764172">
    <ele>583.43</ele>
   </trkpt>
   <trkpt lat="34.913470588389394" lon="-116.78330590355068">
    <ele>582.69</ele>
   </trkpt>
   <trkpt lat="34.91368549944135" lon="-116.78225316394743">
    <ele>582.73</ele>
   </trkpt>
   <trkpt lat="34.91390040141512" lon="-116.78120041883216">
    <ele>582.72</ele>
   </trkpt>
   <trkpt lat="34.9141152943106" lon="-116.78014766820498">
    <ele>582.47</ele>
   </trkpt>
   <trkpt lat="34.91433017812765" lon="-116.7790949120661">
    <ele>582.2900000000001</ele>
   </trkpt>
   <trkpt lat="34.91454505286616" lon="-116.77804215041564">
    <ele>582.2900000000001</ele>
   </trkpt>
   <trkpt lat="34.91475991852601" lon="-116.7769893832538">
    <ele>582.19</ele>
   </trkpt>
   <trkpt lat="34.91497477510707" lon="-116.7759366105807">
    <ele>582.2400000000001</ele>
   </trkpt>
   <trkpt lat="34.91518962260922" lon="-116.77488383239651">
    <ele>582.0300000000001</ele>
   </trkpt>
   <trkpt lat="34.915404461032374" lon="-116.77383104870141">
    <ele>581.6600000000001</ele>
   </trkpt>
   <trkpt lat="34.91561929037637" lon="-116.77277825949555">
    <ele>581.61</ele>
   </trkpt>
   <trkpt lat="34.91583411064109" lon="-116.77172546477907">
    <ele>580.72</ele>
   </trkpt>
   <trkpt lat="34.91604892182645" lon="-116.77067266455217">
    <ele>578.13</ele>
   </trkpt>
   <trkpt lat="34.916263723932296" lon="-116.76961985881496">
    <ele>577.0300000000001</ele>
   </trkpt>
   <trkpt lat="34.91647851695852" lon="-116.76856704756766">
    <ele>576.85</ele>
   </trkpt>
   <trkpt lat="34.91669330090501" lon="-116.76751423081038">
    <ele>576.7500000000001</ele>
   </trkpt>
   <trkpt lat="34.91690807577162" lon="-116.76646140854328">
    <ele>576.34</ele>
   </trkpt>
   <trkpt lat="34.91712284155826" lon="-116.76540858076658">
    <ele>575.85</ele>
   </trkpt>
   <trkpt lat="34.917337598264794" lon="-116.76435574748035">
    <ele>575.1700000000001</ele>
   </trkpt>
   <trkpt lat="34.9175523458911" lon="-116.76330290868482">
    <ele>575.0200000000001</ele>
   </trkpt>
   <trkpt lat="34.917767084437074" lon="-116.76225006438013">
    <ele>574.87</ele>
   </trkpt>
   <trkpt lat="34.91798181390257" lon="-116.76119721456645">
    <ele>574.89</ele>
   </trkpt>
   <trkpt lat="34.91819653428749" lon="-116.76014435924391">
    <ele>574.85</ele>
   </trkpt>
   <trkpt lat="34.91841124559171" lon="-116.7590914984127">
    <ele>574.46</ele>
   </trkpt>
   <trkpt lat="34.9186259478151" lon="-116.75803863207294">
    <ele>574.1700000000001</ele>
   </trkpt>
   <trkpt lat="34.918840640957555" lon="-116.75698576022486">
    <ele>573.7500000000001</ele>
   </trkpt>
   <trkpt lat="34.91905532501894" lon="-116.75593288286855">
    <ele>573.8000000000001</ele>
   </trkpt>
   <trkpt lat="34.919270000000004" lon="-116.75488000000001">
    <ele>573.96</ele>
   </trkpt>
   <trkpt lat="34.91948176864109" lon="-116.75383964506086">
    <ele>573.2700000000001</ele>
   </trkpt>
   <trkpt lat="34.919693528415664" lon="-116.75279928475304">
    <ele>573.25</ele>
   </trkpt>
   <trkpt lat="34.91990527932363" lon="-116.75175891907664">
    <ele>573.28</ele>
   </trkpt>
   <trkpt lat="34.92011702136487" lon="-116.75071854803181">
    <ele>573.28</ele>
   </trkpt>
   <trkpt lat="34.920328754539256" lon="-116.74967817161877">
    <ele>573.04</ele>
   </trkpt>
   <trkpt lat="34.920540478846675" lon="-116.74863778983764">
    <ele>572.74</ele>
   </trkpt>
   <trkpt lat="34.92075219428702" lon="-116.74759740268858">
    <ele>572.25</ele>
   </trkpt>
   <trkpt lat="34.92096390086017" lon="-116.74655701017173">
    <ele>572.3000000000001</ele>
   </trkpt>
   <trkpt lat="34.92117559856601" lon="-116.74551661228728">
    <ele>572.35</ele>
   </trkpt>
   <trkpt lat="34.921387287404414" lon="-116.74447620903535">
    <ele>572.19</ele>
   </trkpt>
   <trkpt lat="34.92159896737528" lon="-116.7434358004161">
    <ele>572.21</ele>
   </trkpt>
   <trkpt lat="34.921810638478505" lon="-116.74239538642968">
    <ele>572.4800000000001</ele>
   </trkpt>
   <trkpt lat="34.92202230071395" lon="-116.74135496707628">
    <ele>572.59</ele>
   </trkpt>
   <trkpt lat="34.922233954081506" lon="-116.74031454235602">
    <ele>572.34</ele>
   </trkpt>
   <trkpt lat="34.92244559858106" lon="-116.73927411226907">
    <ele>572.2</ele>
   </trkpt>
   <trkpt lat="34.92265723421249" lon="-116.73823367681558">
    <ele>571.65</ele>
   </trkpt>
   <trkpt lat="34.92286886097569" lon="-116.73719323599569">
    <ele>571.03</ele>
   </trkpt>
   <trkpt lat="34.92308047887053" lon="-116.7361527898096">
    <ele>570.8000000000001</ele>
   </trkpt>
   <trkpt lat="34.92329208789691" lon="-116.73511233825741">
    <ele>570.61</ele>
   </trkpt>
   <trkpt lat="34.92350368805472" lon="-116.73407188133932">
    <ele>570.4800000000001</ele>
   </trkpt>
   <trkpt lat="34.923715279343824" lon="-116.73303141905544">
    <ele>570.37</ele>
   </trkpt>
   <trkpt lat="34.923926861764116" lon="-116.73199095140599">
    <ele>570.1400000000001</ele>
   </trkpt>
   <trkpt lat="34.92413843531548" lon="-116.73095047839105">
    <ele>570.16</ele>
   </trkpt>
   <trkpt lat="34.924350000000004" lon="-116.72991">
    <ele>569.86</ele>
   </trkpt>
   <trkpt lat="34.92456500392198" lon="-116.72893000262269">
    <ele>569.6500000000001</ele>
   </trkpt>
   <trkpt lat="34.924780000000005" lon="-116.72795">
    <ele>569.5</ele>
   </trkpt>
   <trkpt lat="34.92491500123533" lon="-116.727410000725">
    <ele>569.3000000000001</ele>
   </trkpt>
   <trkpt lat="34.925050000000006" lon="-116.72687">
    <ele>569.08</ele>
   </trkpt>
   <trkpt lat="34.925200001232255" lon="-116.7263350007647">
    <ele>569.0500000000001</ele>
   </trkpt>
   <trkpt lat="34.92535" lon="-116.7258">
    <ele>569.08</ele>
   </trkpt>
   <trkpt lat="34.9255866710215" lon="-116.725070004245">
    <ele>568.8000000000001</ele>
   </trkpt>
   <trkpt lat="34.925823337677194" lon="-116.72434000427889">
    <ele>568.2900000000001</ele>
   </trkpt>
   <trkpt lat="34.92606" lon="-116.72361000000001">
    <ele>568.03</ele>
   </trkpt>
   <trkpt lat="34.926280001429525" lon="-116.72302000157228">
    <ele>567.9000000000001</ele>
   </trkpt>
   <trkpt lat="34.926500000000004" lon="-116.72243">
    <ele>567.83</ele>
   </trkpt>
   <trkpt lat="34.926840000000006" lon="-116.72158">
    <ele>567.46</ele>
   </trkpt>
   <trkpt lat="34.92722001860394" lon="-116.72071002417486">
    <ele>567.4800000000001</ele>
   </trkpt>
   <trkpt lat="34.92760003100708" lon="-116.71984004029093">
    <ele>566.85</ele>
   </trkpt>
   <trkpt lat="34.92798003720925" lon="-116.71897004834815">
    <ele>566.3900000000001</ele>
   </trkpt>
   <trkpt lat="34.928360037210325" lon="-116.71810004834647">
    <ele>566.07</ele>
   </trkpt>
   <trkpt lat="34.92874003101016" lon="-116.71723004028584">
    <ele>565.9300000000001</ele>
   </trkpt>
   <trkpt lat="34.9291200186086" lon="-116.71636002416615">
    <ele>565.7500000000001</ele>
   </trkpt>
   <trkpt lat="34.929500000000004" lon="-116.71549">
    <ele>564.61</ele>
   </trkpt>
   <trkpt lat="34.92978" lon="-116.71563">
    <ele>564.49</ele>
   </trkpt>
   <trkpt lat="34.930060000000005" lon="-116.71572">
    <ele>564.73</ele>
   </trkpt>
   <trkpt lat="34.930350000000004" lon="-116.71576">
    <ele>566.08</ele>
   </trkpt>
   <trkpt lat="34.931226666697384" lon="-116.7157500002134">
    <ele>570.71</ele>
   </trkpt>
   <trkpt lat="34.93210333339395" lon="-116.71574000021307">
    <ele>570.9000000000001</ele>
   </trkpt>
   <trkpt lat="34.93298" lon="-116.71573000000001">
    <ele>569.4</ele>
   </trkpt>
   <trkpt lat="34.93318" lon="-116.71567">
    <ele>569.4</ele>
   </trkpt>
   <trkpt lat="34.9335" lon="-116.71549">
    <ele>569.4</ele>
   </trkpt>
   <trkpt lat="34.93376" lon="-116.71514">
    <ele>569.4</ele>
   </trkpt>
   <trkpt lat="34.93388" lon="-116.71483">
    <ele>569.4</ele>
   </trkpt>
   <trkpt lat="34.93394" lon="-116.71446">
    <ele>569.4</ele>
   </trkpt>
   <trkpt lat="34.933975001844274" lon="-116.71379000018526">
    <ele>569.4</ele>
   </trkpt>
   <trkpt lat="34.93401" lon="-116.71312">
    <ele>569.4</ele>
   </trkpt>
   <trkpt lat="34.93408" lon="-116.71254">
    <ele>569.4</ele>
   </trkpt>
   <trkpt lat="34.93424" lon="-116.71179000000001">
    <ele>569.4</ele>
   </trkpt>
   <trkpt lat="34.934450000000005" lon="-116.71112000000001">
    <ele>564.6300000000001</ele>
   </trkpt>
   <trkpt lat="34.934670000000004" lon="-116.71061">
    <ele>564.6300000000001</ele>
   </trkpt>
   <trkpt lat="34.93510564775129" lon="-116.70967975809856">
    <ele>564.6300000000001</ele>
   </trkpt>
   <trkpt lat="34.93554128841219" lon="-116.7087495063158">
    <ele>564.6300000000001</ele>
   </trkpt>
   <trkpt lat="34.93597692198251" lon="-116.70781924465155">
    <ele>564.6300000000001</ele>
   </trkpt>
   <trkpt lat="34.93641254846206" lon="-116.70688897310569">
    <ele>564.6300000000001</ele>
   </trkpt>
   <trkpt lat="34.93684816785063" lon="-116.7059586916782">
    <ele>564.72</ele>
   </trkpt>
   <trkpt lat="34.937283780148064" lon="-116.70502840036892">
    <ele>564.33</ele>
   </trkpt>
   <trkpt lat="34.93771938535415" lon="-116.70409809917776">
    <ele>563.9300000000001</ele>
   </trkpt>
   <trkpt lat="34.93815498346869" lon="-116.70316778810457">
    <ele>563.84</ele>
   </trkpt>
   <trkpt lat="34.938590574491535" lon="-116.70223746714932">
    <ele>563.44</ele>
   </trkpt>
   <trkpt lat="34.93902615842244" lon="-116.70130713631188">
    <ele>563.24</ele>
   </trkpt>
   <trkpt lat="34.93946173526126" lon="-116.7003767955921">
    <ele>563.19</ele>
   </trkpt>
   <trkpt lat="34.93989730500777" lon="-116.69944644498997">
    <ele>562.7500000000001</ele>
   </trkpt>
   <trkpt lat="34.94033286766181" lon="-116.69851608450529">
    <ele>562.27</ele>
   </trkpt>
   <trkpt lat="34.94076842322316" lon="-116.69758571413799">
    <ele>562.5400000000001</ele>
   </trkpt>
   <trkpt lat="34.94120397169166" lon="-116.69665533388802">
    <ele>562.5600000000001</ele>
   </trkpt>
   <trkpt lat="34.941639513067095" lon="-116.6957249437552">
    <ele>562.5600000000001</ele>
   </trkpt>
   <trkpt lat="34.94207504734929" lon="-116.69479454373943">
    <ele>562.5600000000001</ele>
   </trkpt>
   <trkpt lat="34.942510574538055" lon="-116.69386413384065">
    <ele>561.5600000000001</ele>
   </trkpt>
   <trkpt lat="34.94294609463319" lon="-116.69293371405871">
    <ele>561.5600000000001</ele>
   </trkpt>
   <trkpt lat="34.94338160763451" lon="-116.69200328439355">
    <ele>561.5600000000001</ele>
   </trkpt>
   <trkpt lat="34.94381711354181" lon="-116.69107284484504">
    <ele>561.5600000000001</ele>
   </trkpt>
   <trkpt lat="34.94425261235493" lon="-116.69014239541312">
    <ele>561.5600000000001</ele>
   </trkpt>
   <trkpt lat="34.94468810407366" lon="-116.68921193609759">
    <ele>561.5600000000001</ele>
   </trkpt>
   <trkpt lat="34.945123588697825" lon="-116.68828146689847">
    <ele>561.5600000000001</ele>
   </trkpt>
   <trkpt lat="34.945559066227204" lon="-116.68735098781556">
    <ele>561.5600000000001</ele>
   </trkpt>
   <trkpt lat="34.94599453666163" lon="-116.68642049884876">
    <ele>561.45</ele>
   </trkpt>
   <trkpt lat="34.94643" lon="-116.68549000000002">
    <ele>561.45</ele>
   </trkpt>
   <trkpt lat="34.94684500337171" lon="-116.68457500476094">
    <ele>561.45</ele>
   </trkpt>
   <trkpt lat="34.94726" lon="-116.68366">
    <ele>561.45</ele>
   </trkpt>
   <trkpt lat="34.94766721344251" lon="-116.68273199695163">
    <ele>561.45</ele>
   </trkpt>
   <trkpt lat="34.94807441982757" lon="-116.68180398468482">
    <ele>561.45</ele>
   </trkpt>
   <trkpt lat="34.94848161915503" lon="-116.68087596319943">
    <ele>561.45</ele>
   </trkpt>
   <trkpt lat="34.9488888114247" lon="-116.67994793249542">
    <ele>560.98</ele>
   </trkpt>
   <trkpt lat="34.94929599663641" lon="-116.67901989257271">
    <ele>560.98</ele>
   </trkpt>
   <trkpt lat="34.94970317478998" lon="-116.67809184343123">
    <ele>560.98</ele>
   </trkpt>
   <trkpt lat="34.950110345885236" lon="-116.67716378507092">
    <ele>560.98</ele>
   </trkpt>
   <trkpt lat="34.95051750992199" lon="-116.67623571749169">
    <ele>560.98</ele>
   </trkpt>
   <trkpt lat="34.950924666900086" lon="-116.67530764069348">
    <ele>557.35</ele>
   </trkpt>
   <trkpt lat="34.95133181681932" lon="-116.67437955467621">
    <ele>557.35</ele>
   </trkpt>
   <trkpt lat="34.951738959679524" lon="-116.67345145943979">
    <ele>557.35</ele>
   </trkpt>
   <trkpt lat="34.95214609548054" lon="-116.6725233549842">
    <ele>557.35</ele>
   </trkpt>
   <trkpt lat="34.95255322422217" lon="-116.67159524130933">
    <ele>557.35</ele>
   </trkpt>
   <trkpt lat="34.95296034590425" lon="-116.67066711841514">
    <ele>557.35</ele>
   </trkpt>
   <trkpt lat="34.95336746052659" lon="-116.66973898630154">
    <ele>557.35</ele>
   </trkpt>
   <trkpt lat="34.95377456808903" lon="-116.66881084496843">
    <ele>557.35</ele>
   </trkpt>
   <trkpt lat="34.954181668591374" lon="-116.66788269441581">
    <ele>557.35</ele>
   </trkpt>
   <trkpt lat="34.95458876203346" lon="-116.66695453464354">
    <ele>555.24</ele>
   </trkpt>
   <trkpt lat="34.9549958484151" lon="-116.66602636565159">
    <ele>555.24</ele>
   </trkpt>
   <trkpt lat="34.95540292773613" lon="-116.66509818743985">
    <ele>555.24</ele>
   </trkpt>
   <trkpt lat="34.95581" lon="-116.66417000000001">
    <ele>555.24</ele>
   </trkpt>
   <trkpt lat="34.956110003999754" lon="-116.66347333838236">
    <ele>553.88</ele>
   </trkpt>
   <trkpt lat="34.95641000402175" lon="-116.66277667166466">
    <ele>553.88</ele>
   </trkpt>
   <trkpt lat="34.95671" lon="-116.66208">
    <ele>553.88</ele>
   </trkpt>
   <trkpt lat="34.95710000936537" lon="-116.66120751244087">
    <ele>553.88</ele>
   </trkpt>
   <trkpt lat="34.95749001249168" lon="-116.66033501657795">
    <ele>553.88</ele>
   </trkpt>
   <trkpt lat="34.95788000937881" lon="-116.65946251241118">
    <ele>552.52</ele>
   </trkpt>
   <trkpt lat="34.958270000000006" lon="-116.65859">
    <ele>552.52</ele>
   </trkpt>
   <trkpt lat="34.95852000148884" lon="-116.6579850018725">
    <ele>552.52</ele>
   </trkpt>
   <trkpt lat="34.95877" lon="-116.65738">
    <ele>552.52</ele>
   </trkpt>
   <trkpt lat="34.95915102804383" lon="-116.65650803648948">
    <ele>552.52</ele>
   </trkpt>
   <trkpt lat="34.95953204985593" lon="-116.6556360648707">
    <ele>551.25</ele>
   </trkpt>
   <trkpt lat="34.95991306543616" lon="-116.65476408514358">
    <ele>551.25</ele>
   </trkpt>
   <trkpt lat="34.96029407478437" lon="-116.65389209730807">
    <ele>551.25</ele>
   </trkpt>
   <trkpt lat="34.96067507790044" lon="-116.6530201013641">
    <ele>550.82</ele>
   </trkpt>
   <trkpt lat="34.961056074784196" lon="-116.65214809731161">
    <ele>550.82</ele>
   </trkpt>
   <trkpt lat="34.9614370654355" lon="-116.65127608515058">
    <ele>550.82</ele>
   </trkpt>
   <trkpt lat="34.96181804985421" lon="-116.65040406488089">
    <ele>550.82</ele>
   </trkpt>
   <trkpt lat="34.96219902804018" lon="-116.64953203650255">
    <ele>550.82</ele>
   </trkpt>
   <trkpt lat="34.96258" lon="-116.64866">
    <ele>550.82</ele>
   </trkpt>
   <trkpt lat="34.96304" lon="-116.64802">
    <ele>550.2600000000001</ele>
   </trkpt>
   <trkpt lat="34.963620000000006" lon="-116.64757000000002">
    <ele>550.2600000000001</ele>
   </trkpt>
   <trkpt lat="34.96429750104144" lon="-116.64728000719067">
    <ele>550.2600000000001</ele>
   </trkpt>
   <trkpt lat="34.96497500139357" lon="-116.64699000958555">
    <ele>550.2600000000001</ele>
   </trkpt>
   <trkpt lat="34.965652501056354" lon="-116.6467000071845">
    <ele>550.2600000000001</ele>
   </trkpt>
   <trkpt lat="34.966330000000006" lon="-116.64641">
    <ele>550.2600000000001</ele>
   </trkpt>
   <trkpt lat="34.966620000000006" lon="-116.64601">
    <ele>550.2600000000001</ele>
   </trkpt>
   <trkpt lat="34.96676" lon="-116.64565">
    <ele>550.12</ele>
   </trkpt>
   <trkpt lat="34.966800000000006" lon="-116.6452">
    <ele>550.12</ele>
   </trkpt>
   <trkpt lat="34.96680000668876" lon="-116.64429666669324">
    <ele>549.44</ele>
   </trkpt>
   <trkpt lat="34.96680000668876" lon="-116.64339333338638">
    <ele>549.44</ele>
   </trkpt>
   <trkpt lat="34.966800000000006" lon="-116.64249000000001">
    <ele>548.69</ele>
   </trkpt>
   <trkpt lat="34.96681750852154" lon="-116.64165750052571">
    <ele>548.58</ele>
   </trkpt>
   <trkpt lat="34.96683501136216" lon="-116.6408250006956">
    <ele>547.7200000000001</ele>
   </trkpt>
   <trkpt lat="34.96685250852186" lon="-116.63999250050985">
    <ele>547.36</ele>
   </trkpt>
   <trkpt lat="34.96687" lon="-116.63916">
    <ele>547.0400000000001</ele>
   </trkpt>
   <trkpt lat="34.96694" lon="-116.63871">
    <ele>547.0400000000001</ele>
   </trkpt>
   <trkpt lat="34.96728333879722" lon="-116.63789334018544">
    <ele>546.32</ele>
   </trkpt>
   <trkpt lat="34.96762667212759" lon="-116.63707667352595">
    <ele>546.32</ele>
   </trkpt>
   <trkpt lat="34.96797" lon="-116.63626000000001">
    <ele>546.32</ele>
   </trkpt>
   <trkpt lat="34.968160000000005" lon="-116.63592000000001">
    <ele>546.32</ele>
   </trkpt>
   <trkpt lat="34.96842" lon="-116.63585">
    <ele>546.32</ele>
   </trkpt>
   <trkpt lat="34.96855" lon="-116.63571">
    <ele>546.32</ele>
   </trkpt>
   <trkpt lat="34.96880000111344" lon="-116.63517500176035">
    <ele>546.32</ele>
   </trkpt>
   <trkpt lat="34.96905" lon="-116.63464">
    <ele>546.32</ele>
   </trkpt>
   <trkpt lat="34.96918" lon="-116.63442">
    <ele>546.32</ele>
   </trkpt>
   <trkpt lat="34.96942" lon="-116.63388">
    <ele>548.07</ele>
   </trkpt>
   <trkpt lat="34.96947" lon="-116.63347">
    <ele>548.07</ele>
   </trkpt>
   <trkpt lat="34.96974" lon="-116.63272">
    <ele>548.07</ele>
   </trkpt>
   <trkpt lat="34.969820000000006" lon="-116.63235000000002">
    <ele>548.07</ele>
   </trkpt>
   <trkpt lat="34.97008" lon="-116.6316">
    <ele>548.07</ele>
   </trkpt>
   <trkpt lat="34.970380000000006" lon="-116.63100000000001">
    <ele>548.07</ele>
   </trkpt>
   <trkpt lat="34.97041" lon="-116.63080000000001">
    <ele>548.07</ele>
   </trkpt>
   <trkpt lat="34.97059" lon="-116.63025">
    <ele>548.07</ele>
   </trkpt>
   <trkpt lat="34.97091750669601" lon="-116.62951250882733">
    <ele>548.07</ele>
   </trkpt>
   <trkpt lat="34.971245008933536" lon="-116.62877501175755">
    <ele>548.07</ele>
   </trkpt>
   <trkpt lat="34.97157250671244" lon="-116.6280375087906">
    <ele>548.07</ele>
   </trkpt>
   <trkpt lat="34.971900000000005" lon="-116.6273">
    <ele>548.07</ele>
   </trkpt>
   <trkpt lat="34.97238" lon="-116.62663">
    <ele>545.86</ele>
   </trkpt>
   <trkpt lat="34.972640000000006" lon="-116.626">
    <ele>545.86</ele>
   </trkpt>
   <trkpt lat="34.97294" lon="-116.62555">
    <ele>545.86</ele>
   </trkpt>
   <trkpt lat="34.97305" lon="-116.62511">
    <ele>545.86</ele>
   </trkpt>
   <trkpt lat="34.973040000000005" lon="-116.62466">
    <ele>545.86</ele>
   </trkpt>
   <trkpt lat="34.97327500140844" lon="-116.62407500166412">
    <ele>545.86</ele>
   </trkpt>
   <trkpt lat="34.973510000000005" lon="-116.62349">
    <ele>545.86</ele>
   </trkpt>
   <trkpt lat="34.973840002348666" lon="-116.62273000310536">
    <ele>545.86</ele>
   </trkpt>
   <trkpt lat="34.97417" lon="-116.62197">
    <ele>545.86</ele>
   </trkpt>
   <trkpt lat="34.974380000000004" lon="-116.62162000000001">
    <ele>545.86</ele>
   </trkpt>
   <trkpt lat="34.97480157267028" lon="-116.62065409446708">
    <ele>545.86</ele>
   </trkpt>
   <trkpt lat="34.97522313769223" lon="-116.61968817899086">
    <ele>545.86</ele>
   </trkpt>
   <trkpt lat="34.97564469506561" lon="-116.61872225357118">
    <ele>545.86</ele>
   </trkpt>
   <trkpt lat="34.97606624479027" lon="-116.61775631820801">
    <ele>545.86</ele>
   </trkpt>
   <trkpt lat="34.97648778686595" lon="-116.61679037290124">
    <ele>540.39</ele>
   </trkpt>
   <trkpt lat="34.9769093212925" lon="-116.6158244176508">
    <ele>540.39</ele>
   </trkpt>
   <trkpt lat="34.97733084806972" lon="-116.6148584524566">
    <ele>540.39</ele>
   </trkpt>
   <trkpt lat="34.97775236719739" lon="-116.61389247731861">
    <ele>540.39</ele>
   </trkpt>
   <trkpt lat="34.978173878675314" lon="-116.61292649223668">
    <ele>540.39</ele>
   </trkpt>
   <trkpt lat="34.97859538250331" lon="-116.61196049721082">
    <ele>540.39</ele>
   </trkpt>
   <trkpt lat="34.97901687868116" lon="-116.61099449224086">
    <ele>540.39</ele>
   </trkpt>
   <trkpt lat="34.97943836720867" lon="-116.61002847732682">
    <ele>540.39</ele>
   </trkpt>
   <trkpt lat="34.97985984808567" lon="-116.60906245246855">
    <ele>540.39</ele>
   </trkpt>
   <trkpt lat="34.980281321311914" lon="-116.60809641766596">
    <ele>540.39</ele>
   </trkpt>
   <trkpt lat="34.980702786887235" lon="-116.60713037291902">
    <ele>537.6500000000001</ele>
   </trkpt>
   <trkpt lat="34.98112424481143" lon="-116.60616431822764">
    <ele>537.6500000000001</ele>
   </trkpt>
   <trkpt lat="34.98154569508429" lon="-116.60519825359177">
    <ele>537.6500000000001</ele>
   </trkpt>
   <trkpt lat="34.981967137705624" lon="-116.60423217901128">
    <ele>537.6500000000001</ele>
   </trkpt>
   <trkpt lat="34.98238857267525" lon="-116.6032660944861">
    <ele>537.6500000000001</ele>
   </trkpt>
   <trkpt lat="34.98281" lon="-116.60230000000001">
    <ele>537.6500000000001</ele>
   </trkpt>
   <trkpt lat="34.9831500046797" lon="-116.60154333964948">
    <ele>537.6500000000001</ele>
   </trkpt>
   <trkpt lat="34.983490004665384" lon="-116.60078667301477">
    <ele>537.6500000000001</ele>
   </trkpt>
   <trkpt lat="34.983830000000005" lon="-116.60003">
    <ele>537.6500000000001</ele>
   </trkpt>
   <trkpt lat="34.98393" lon="-116.59985">
    <ele>536.78</ele>
   </trkpt>
   <trkpt lat="34.984170000000006" lon="-116.59958">
    <ele>536.78</ele>
   </trkpt>
   <trkpt lat="34.98445" lon="-116.59931">
    <ele>536.78</ele>
   </trkpt>
   <trkpt lat="34.984770000000005" lon="-116.59913000000002">
    <ele>536.78</ele>
   </trkpt>
   <trkpt lat="34.9851" lon="-116.59896">
    <ele>536.78</ele>
   </trkpt>
   <trkpt lat="34.98584" lon="-116.59873">
    <ele>536.78</ele>
   </trkpt>
   <trkpt lat="34.986050000000006" lon="-116.59864">
    <ele>536.78</ele>
   </trkpt>
   <trkpt lat="34.98622" lon="-116.59848000000001">
    <ele>536.78</ele>
   </trkpt>
   <trkpt lat="34.986290000000004" lon="-116.59838">
    <ele>536.8000000000001</ele>
   </trkpt>
   <trkpt lat="34.98646" lon="-116.59802">
    <ele>536.91</ele>
   </trkpt>
   <trkpt lat="34.9868" lon="-116.59829">
    <ele>536.91</ele>
   </trkpt>
   <trkpt lat="34.98691" lon="-116.59802">
    <ele>536.91</ele>
   </trkpt>
   <trkpt lat="34.98735834849865" lon="-116.59716002353908">
    <ele>536.91</ele>
   </trkpt>
   <trkpt lat="34.98780669093356" lon="-116.59630003765855">
    <ele>536.91</ele>
   </trkpt>
   <trkpt lat="34.988255027304554" lon="-116.59544004235832">
    <ele>534.6</ele>
   </trkpt>
   <trkpt lat="34.98870335761146" lon="-116.59458003763821">
    <ele>534.6</ele>
   </trkpt>
   <trkpt lat="34.98915168185412" lon="-116.59372002349814">
    <ele>534.6</ele>
   </trkpt>
   <trkpt lat="34.9896" lon="-116.59286000000002">
    <ele>534.6</ele>
   </trkpt>
   <trkpt lat="34.99009" lon="-116.59202">
    <ele>534.6</ele>
   </trkpt>
   <trkpt lat="34.99022" lon="-116.5917">
    <ele>534.6</ele>
   </trkpt>
   <trkpt lat="34.99045500822382" lon="-116.59088250702605">
    <ele>534.6</ele>
   </trkpt>
   <trkpt lat="34.990690010967995" lon="-116.59006500935809">
    <ele>531.24</ele>
   </trkpt>
   <trkpt lat="34.990925008232466" lon="-116.58924750699617">
    <ele>531.24</ele>
   </trkpt>
   <trkpt lat="34.99116" lon="-116.58843">
    <ele>531.24</ele>
   </trkpt>
   <trkpt lat="34.991360001331394" lon="-116.58785000155564">
    <ele>531.24</ele>
   </trkpt>
   <trkpt lat="34.99156" lon="-116.58727">
    <ele>531.24</ele>
   </trkpt>
   <trkpt lat="34.991760000000006" lon="-116.58705">
    <ele>531.24</ele>
   </trkpt>
   <trkpt lat="34.99239" lon="-116.58646000000002">
    <ele>531.24</ele>
   </trkpt>
   <trkpt lat="34.99294000081911" lon="-116.58599000323225">
    <ele>531.24</ele>
   </trkpt>
   <trkpt lat="34.99349" lon="-116.58552">
    <ele>531.24</ele>
   </trkpt>
   <trkpt lat="34.993680000000005" lon="-116.58526">
    <ele>531.24</ele>
   </trkpt>
   <trkpt lat="34.99409400998556" lon="-116.58448001576699">
    <ele>536.0500000000001</ele>
   </trkpt>
   <trkpt lat="34.99450801498254" lon="-116.58370002364289">
    <ele>536.0500000000001</ele>
   </trkpt>
   <trkpt lat="34.99492201499082" lon="-116.58292002362762">
    <ele>536.0500000000001</ele>
   </trkpt>
   <trkpt lat="34.99533601001027" lon="-116.58214001572112">
    <ele>536.0500000000001</ele>
   </trkpt>
   <trkpt lat="34.99575" lon="-116.58136">
    <ele>536.0500000000001</ele>
   </trkpt>
   <trkpt lat="34.99619000310158" lon="-116.58049000468087">
    <ele>536.0500000000001</ele>
   </trkpt>
   <trkpt lat="34.99663" lon="-116.57962">
    <ele>536.0500000000001</ele>
   </trkpt>
   <trkpt lat="34.99709122605573" lon="-116.57875066663298">
    <ele>536.0500000000001</ele>
   </trkpt>
   <trkpt lat="34.99755244591426" lon="-116.57788132346688">
    <ele>536.0500000000001</ele>
   </trkpt>
   <trkpt lat="34.998013659575435" lon="-116.57701197050149">
    <ele>536.0500000000001</ele>
   </trkpt>
   <trkpt lat="34.998474867039064" lon="-116.5761426077367">
    <ele>536.0500000000001</ele>
   </trkpt>
   <trkpt lat="34.99893606830498" lon="-116.57527323517233">
    <ele>543.6700000000001</ele>
   </trkpt>
   <trkpt lat="34.99939726337299" lon="-116.57440385280829">
    <ele>543.6700000000001</ele>
   </trkpt>
   <trkpt lat="34.99985845224295" lon="-116.57353446064437">
    <ele>543.6700000000001</ele>
   </trkpt>
   <trkpt lat="35.000319634914646" lon="-116.57266505868047">
    <ele>543.6700000000001</ele>
   </trkpt>
   <trkpt lat="35.00078081138793" lon="-116.57179564691641">
    <ele>543.6700000000001</ele>
   </trkpt>
   <trkpt lat="35.00124198166262" lon="-116.5709262253521">
    <ele>543.6700000000001</ele>
   </trkpt>
   <trkpt lat="35.00170314573854" lon="-116.57005679398733">
    <ele>543.6700000000001</ele>
   </trkpt>
   <trkpt lat="35.0021643036155" lon="-116.56918735282198">
    <ele>543.6700000000001</ele>
   </trkpt>
   <trkpt lat="35.00262545529334" lon="-116.56831790185589">
    <ele>543.6700000000001</ele>
   </trkpt>
   <trkpt lat="35.00308660077189" lon="-116.56744844108893">
    <ele>543.6700000000001</ele>
   </trkpt>
   <trkpt lat="35.00354774005094" lon="-116.56657897052095">
    <ele>559.86</ele>
   </trkpt>
   <trkpt lat="35.004008873130346" lon="-116.56570949015178">
    <ele>559.86</ele>
   </trkpt>
   <trkpt lat="35.004470000000005" lon="-116.56484">
    <ele>559.86</ele>
   </trkpt>
   <trkpt lat="35.004940002852635" lon="-116.56401000471908">
    <ele>559.86</ele>
   </trkpt>
   <trkpt lat="35.005410000000005" lon="-116.56318">
    <ele>559.86</ele>
   </trkpt>
   <trkpt lat="35.005835002520826" lon="-116.56239000417527">
    <ele>559.86</ele>
   </trkpt>
   <trkpt lat="35.006260000000005" lon="-116.56160000000001">
    <ele>559.86</ele>
   </trkpt>
   <trkpt lat="35.00670252013558" lon="-116.56076253170667">
    <ele>559.86</ele>
   </trkpt>
   <trkpt lat="35.00714503451926" lon="-116.55992505435302">
    <ele>559.86</ele>
   </trkpt>
   <trkpt lat="35.00758754315089" lon="-116.5590875679389">
    <ele>559.86</ele>
   </trkpt>
   <trkpt lat="35.008030046030285" lon="-116.55825007246423">
    <ele>559.86</ele>
   </trkpt>
   <trkpt lat="35.00847254315732" lon="-116.55741256792886">
    <ele>575.47</ele>
   </trkpt>
   <trkpt lat="35.00891503453181" lon="-116.55657505433267">
    <ele>575.47</ele>
   </trkpt>
   <trkpt lat="35.009357520153614" lon="-116.5557375316755">
    <ele>575.47</ele>
   </trkpt>
   <trkpt lat="35.009800000000006" lon="-116.5549">
    <ele>575.47</ele>
   </trkpt>
   <trkpt lat="35.01027836966862" lon="-116.5540025577347">
    <ele>575.47</ele>
   </trkpt>
   <trkpt lat="35.010756732731714" lon="-116.55310510497232">
    <ele>575.47</ele>
   </trkpt>
   <trkpt lat="35.011235089189064" lon="-116.55220764171266">
    <ele>575.47</ele>
   </trkpt>
   <trkpt lat="35.0117134390405" lon="-116.55131016795553">
    <ele>575.47</ele>
   </trkpt>
   <trkpt lat="35.01219178228582" lon="-116.55041268370086">
    <ele>575.47</ele>
   </trkpt>
   <trkpt lat="35.01267011892482" lon="-116.54951518894835">
    <ele>575.47</ele>
   </trkpt>
   <trkpt lat="35.0131484489573" lon="-116.54861768369796">
    <ele>594.6400000000001</ele>
   </trkpt>
   <trkpt lat="35.0136267723831" lon="-116.54772016794946">
    <ele>594.6400000000001</ele>
   </trkpt>
   <trkpt lat="35.01410508920199" lon="-116.5468226417027">
    <ele>594.6400000000001</ele>
   </trkpt>
   <trkpt lat="35.01458339941379" lon="-116.54592510495753">
    <ele>594.6400000000001</ele>
   </trkpt>
   <trkpt lat="35.0150617030183" lon="-116.54502755771375">
    <ele>594.6400000000001</ele>
   </trkpt>
   <trkpt lat="35.01554" lon="-116.54413000000001">
    <ele>595.6700000000001</ele>
   </trkpt>
   <trkpt lat="35.01587" lon="-116.54339000000002">
    <ele>596.92</ele>
   </trkpt>
   <trkpt lat="35.01618667320448" lon="-116.54249667360718">
    <ele>597.14</ele>
   </trkpt>
   <trkpt lat="35.0165033398634" lon="-116.5416033402958">
    <ele>597.62</ele>
   </trkpt>
   <trkpt lat="35.01682" lon="-116.54071">
    <ele>598.58</ele>
   </trkpt>
   <trkpt lat="35.017137510343964" lon="-116.53979251072447">
    <ele>599.44</ele>
   </trkpt>
   <trkpt lat="35.017455013783405" lon="-116.53887501432419">
    <ele>601.38</ele>
   </trkpt>
   <trkpt lat="35.0177725103182" lon="-116.53795751079927">
    <ele>602.4200000000001</ele>
   </trkpt>
   <trkpt lat="35.01809" lon="-116.53704">
    <ele>604.08</ele>
   </trkpt>
   <trkpt lat="35.01838667206847" lon="-116.53622667263433">
    <ele>604.83</ele>
   </trkpt>
   <trkpt lat="35.01868333871108" lon="-116.53541333936704">
    <ele>605.84</ele>
   </trkpt>
   <trkpt lat="35.018980000000006" lon="-116.53460000000001">
    <ele>606.68</ele>
   </trkpt>
   <trkpt lat="35.01931573662762" lon="-116.53364716632979">
    <ele>606.68</ele>
   </trkpt>
   <trkpt lat="35.019651465808295" lon="-116.53269432483498">
    <ele>606.68</ele>
   </trkpt>
   <trkpt lat="35.01998718754189" lon="-116.53174147551566">
    <ele>596.1899999999999</ele>
   </trkpt>
   <trkpt lat="35.02032290182826" lon="-116.53078861837183">
    <ele>596.1899999999999</ele>
   </trkpt>
   <trkpt lat="35.02065860866721" lon="-116.5298357534035">
    <ele>596.1899999999999</ele>
   </trkpt>
   <trkpt lat="35.020994308058626" lon="-116.5288828806107">
    <ele>596.1899999999999</ele>
   </trkpt>
   <trkpt lat="35.021330000000006" lon="-116.52793000000001">
    <ele>596.1899999999999</ele>
   </trkpt>
   <trkpt lat="35.021695011459265" lon="-116.52696501291999">
    <ele>596.1899999999999</ele>
   </trkpt>
   <trkpt lat="35.022060015280175" lon="-116.5260000172239">
    <ele>596.1899999999999</ele>
   </trkpt>
   <trkpt lat="35.02242501146257" lon="-116.52503501291172">
    <ele>596.1899999999999</ele>
   </trkpt>
   <trkpt lat="35.02279" lon="-116.52407000000001">
    <ele>596.1899999999999</ele>
   </trkpt>
   <trkpt lat="35.02304" lon="-116.52326000000001">
    <ele>586.64</ele>
   </trkpt>
   <trkpt lat="35.02329000405131" lon="-116.52255667098616">
    <ele>586.64</ele>
   </trkpt>
   <trkpt lat="35.023540004044925" lon="-116.52185333767086">
    <ele>586.64</ele>
   </trkpt>
   <trkpt lat="35.023790000000005" lon="-116.52115">
    <ele>586.64</ele>
   </trkpt>
   <trkpt lat="35.02406000432831" lon="-116.52042000493807">
    <ele>586.64</ele>
   </trkpt>
   <trkpt lat="35.024330004285346" lon="-116.51969000505429">
    <ele>586.64</ele>
   </trkpt>
   <trkpt lat="35.0246" lon="-116.51896">
    <ele>586.64</ele>
   </trkpt>
   <trkpt lat="35.0249050151025" lon="-116.51810168269533">
    <ele>586.64</ele>
   </trkpt>
   <trkpt lat="35.02521002416176" lon="-116.51724335898591">
    <ele>586.64</ele>
   </trkpt>
   <trkpt lat="35.02551502717767" lon="-116.51638502887174">
    <ele>586.64</ele>
   </trkpt>
   <trkpt lat="35.02582002415011" lon="-116.51552669235284">
    <ele>586.64</ele>
   </trkpt>
   <trkpt lat="35.02612501507899" lon="-116.51466834942921">
    <ele>573.88</ele>
   </trkpt>
   <trkpt lat="35.026430000000005" lon="-116.51381">
    <ele>573.88</ele>
   </trkpt>
   <trkpt lat="35.02675500324072" lon="-116.51293000332414">
    <ele>573.88</ele>
   </trkpt>
   <trkpt lat="35.027080000000005" lon="-116.51205000000002">
    <ele>573.88</ele>
   </trkpt>
   <trkpt lat="35.027265001203965" lon="-116.51151500112412">
    <ele>573.88</ele>
   </trkpt>
   <trkpt lat="35.02745" lon="-116.51098">
    <ele>573.88</ele>
   </trkpt>
   <trkpt lat="35.02764500116651" lon="-116.51046500102085">
    <ele>573.88</ele>
   </trkpt>
   <trkpt lat="35.027840000000005" lon="-116.50995">
    <ele>573.88</ele>
   </trkpt>
   <trkpt lat="35.02806" lon="-116.50927000000001">
    <ele>573.88</ele>
   </trkpt>
   <trkpt lat="35.02840002530124" lon="-116.50833127733614">
    <ele>573.88</ele>
   </trkpt>
   <trkpt lat="35.02874004337366" lon="-116.50739254686252">
    <ele>573.88</ele>
   </trkpt>
   <trkpt lat="35.02908005421709" lon="-116.50645380857914">
    <ele>573.88</ele>
   </trkpt>
   <trkpt lat="35.029420057831395" lon="-116.50551506248597">
    <ele>573.88</ele>
   </trkpt>
   <trkpt lat="35.029760054216425" lon="-116.50457630858304">
    <ele>570.3900000000001</ele>
   </trkpt>
   <trkpt lat="35.03010004337201" lon="-116.50363754687038">
    <ele>570.3900000000001</ele>
   </trkpt>
   <trkpt lat="35.03044002529801" lon="-116.50269877734794">
    <ele>570.3900000000001</ele>
   </trkpt>
   <trkpt lat="35.03078" lon="-116.50176">
    <ele>570.3900000000001</ele>
   </trkpt>
   <trkpt lat="35.031020002121465" lon="-116.50104500202647">
    <ele>570.3900000000001</ele>
   </trkpt>
   <trkpt lat="35.03126" lon="-116.50033">
    <ele>570.3900000000001</ele>
   </trkpt>
   <trkpt lat="35.03145" lon="-116.49984">
    <ele>570.3900000000001</ele>
   </trkpt>
   <trkpt lat="35.031530000000004" lon="-116.49953000000001">
    <ele>570.3900000000001</ele>
   </trkpt>
   <trkpt lat="35.03180500244697" lon="-116.49876500244476">
    <ele>570.3900000000001</ele>
   </trkpt>
   <trkpt lat="35.03208" lon="-116.498">
    <ele>570.3900000000001</ele>
   </trkpt>
   <trkpt lat="35.03237667263239" lon="-116.4971466728849">
    <ele>570.3900000000001</ele>
   </trkpt>
   <trkpt lat="35.03267333929104" lon="-116.49629333957475">
    <ele>570.3900000000001</ele>
   </trkpt>
   <trkpt lat="35.032970000000006" lon="-116.49544000000002">
    <ele>570.58</ele>
   </trkpt>
   <trkpt lat="35.03330501799745" lon="-116.49450335252118">
    <ele>570.58</ele>
   </trkpt>
   <trkpt lat="35.03364002879755" lon="-116.49356669736318">
    <ele>570.58</ele>
   </trkpt>
   <trkpt lat="35.03397503240015" lon="-116.49263003452607">
    <ele>570.58</ele>
   </trkpt>
   <trkpt lat="35.034310028805095" lon="-116.4916933640098">
    <ele>570.58</ele>
   </trkpt>
   <trkpt lat="35.03464501801226" lon="-116.49075668581446">
    <ele>570.58</ele>
   </trkpt>
   <trkpt lat="35.034980000000004" lon="-116.48982000000001">
    <ele>570.58</ele>
   </trkpt>
   <trkpt lat="35.03522500195334" lon="-116.48912500216316">
    <ele>570.58</ele>
   </trkpt>
   <trkpt lat="35.035470000000004" lon="-116.48843000000001">
    <ele>570.58</ele>
   </trkpt>
   <trkpt lat="35.03580000665749" lon="-116.48753000723573">
    <ele>570.58</ele>
   </trkpt>
   <trkpt lat="35.03613000666971" lon="-116.48663000720249">
    <ele>570.58</ele>
   </trkpt>
   <trkpt lat="35.036460000000005" lon="-116.48573">
    <ele>570.58</ele>
   </trkpt>
   <trkpt lat="35.03675000296661" lon="-116.48488500288924">
    <ele>566.69</ele>
   </trkpt>
   <trkpt lat="35.037040000000005" lon="-116.48404000000001">
    <ele>566.69</ele>
   </trkpt>
   <trkpt lat="35.037400011706076" lon="-116.48306501286675">
    <ele>566.69</ele>
   </trkpt>
   <trkpt lat="35.03776001561313" lon="-116.48209001714241">
    <ele>566.69</ele>
   </trkpt>
   <trkpt lat="35.03812001172096" lon="-116.48111501282692">
    <ele>566.69</ele>
   </trkpt>
   <trkpt lat="35.03848" lon="-116.48014">
    <ele>566.69</ele>
   </trkpt>
   <trkpt lat="35.03877333797705" lon="-116.4793900053115">
    <ele>566.69</ele>
   </trkpt>
   <trkpt lat="35.03906667133914" lon="-116.47864000523802">
    <ele>566.69</ele>
   </trkpt>
   <trkpt lat="35.03936" lon="-116.47789000000002">
    <ele>563.46</ele>
   </trkpt>
   <trkpt lat="35.03968667386888" lon="-116.47695334081149">
    <ele>563.46</ele>
   </trkpt>
   <trkpt lat="35.04001334053963" lon="-116.47601667413323">
    <ele>563.46</ele>
   </trkpt>
   <trkpt lat="35.04034" lon="-116.47508">
    <ele>563.46</ele>
   </trkpt>
   <trkpt lat="35.04069669875901" lon="-116.47409114564917">
    <ele>563.46</ele>
   </trkpt>
   <trkpt lat="35.041053389495225" lon="-116.47310228266416">
    <ele>563.46</ele>
   </trkpt>
   <trkpt lat="35.041410072208464" lon="-116.47211341104496">
    <ele>563.46</ele>
   </trkpt>
   <trkpt lat="35.04176674689855" lon="-116.47112453079157">
    <ele>563.46</ele>
   </trkpt>
   <trkpt lat="35.04212341356532" lon="-116.47013564190401">
    <ele>567.1400000000001</ele>
   </trkpt>
   <trkpt lat="35.04248007220859" lon="-116.46914674438229">
    <ele>567.1400000000001</ele>
   </trkpt>
   <trkpt lat="35.042836722828184" lon="-116.46815783822638">
    <ele>567.1400000000001</ele>
   </trkpt>
   <trkpt lat="35.043193365423924" lon="-116.46716892343632">
    <ele>567.1400000000001</ele>
   </trkpt>
   <trkpt lat="35.04355" lon="-116.46618000000001">
    <ele>567.1400000000001</ele>
   </trkpt>
   <trkpt lat="35.043885003045276" lon="-116.46532000349812">
    <ele>567.1400000000001</ele>
   </trkpt>
   <trkpt lat="35.04422" lon="-116.46446">
    <ele>567.1400000000001</ele>
   </trkpt>
   <trkpt lat="35.04431" lon="-116.46407">
    <ele>567.1400000000001</ele>
   </trkpt>
   <trkpt lat="35.044520000000006" lon="-116.46367000000001">
    <ele>567.1400000000001</ele>
   </trkpt>
   <trkpt lat="35.04488333645775" lon="-116.46305333881166">
    <ele>567.1400000000001</ele>
   </trkpt>
   <trkpt lat="35.04524666979533" lon="-116.46243667213783">
    <ele>567.1400000000001</ele>
   </trkpt>
   <trkpt lat="35.04561" lon="-116.46182">
    <ele>567.1400000000001</ele>
   </trkpt>
   <trkpt lat="35.046030006831" lon="-116.46107501149169">
    <ele>562.0</ele>
   </trkpt>
   <trkpt lat="35.04645000910802" lon="-116.4603300153224">
    <ele>562.0</ele>
   </trkpt>
   <trkpt lat="35.046870006830964" lon="-116.45958501149207">
    <ele>562.0</ele>
   </trkpt>
   <trkpt lat="35.047290000000004" lon="-116.45884000000001">
    <ele>562.0</ele>
   </trkpt>
   <trkpt lat="35.047690001687705" lon="-116.45818500332618">
    <ele>562.0</ele>
   </trkpt>
   <trkpt lat="35.04809" lon="-116.45753">
    <ele>562.0</ele>
   </trkpt>
   <trkpt lat="35.04847750603614" lon="-116.45682751006723">
    <ele>562.0</ele>
   </trkpt>
   <trkpt lat="35.04886500802293" lon="-116.45612501346893">
    <ele>562.0</ele>
   </trkpt>
   <trkpt lat="35.0492525059603" lon="-116.45542251020503">
    <ele>562.0</ele>
   </trkpt>
   <trkpt lat="35.049640000000004" lon="-116.45472000000001">
    <ele>562.0</ele>
   </trkpt>
   <trkpt lat="35.050100007632054" lon="-116.45393251330775">
    <ele>562.0</ele>
   </trkpt>
   <trkpt lat="35.050560010175474" lon="-116.45314501774493">
    <ele>562.0</ele>
   </trkpt>
   <trkpt lat="35.051020007630136" lon="-116.45235751331141">
    <ele>538.79</ele>
   </trkpt>
   <trkpt lat="35.051480000000005" lon="-116.45157">
    <ele>538.79</ele>
   </trkpt>
   <trkpt lat="35.051640000000006" lon="-116.45139">
    <ele>538.79</ele>
   </trkpt>
   <trkpt lat="35.051730000000006" lon="-116.45112">
    <ele>538.79</ele>
   </trkpt>
   <trkpt lat="35.05194" lon="-116.45073000000001">
    <ele>538.79</ele>
   </trkpt>
   <trkpt lat="35.05235000387494" lon="-116.45004000698167">
    <ele>538.79</ele>
   </trkpt>
   <trkpt lat="35.05276000384313" lon="-116.44935000703529">
    <ele>538.79</ele>
   </trkpt>
   <trkpt lat="35.05317" lon="-116.44866">
    <ele>538.79</ele>
   </trkpt>
   <trkpt lat="35.0534" lon="-116.44821">
    <ele>538.79</ele>
   </trkpt>
   <trkpt lat="35.05369500106762" lon="-116.44774000144089">
    <ele>538.79</ele>
   </trkpt>
   <trkpt lat="35.053990000000006" lon="-116.44727">
    <ele>538.79</ele>
   </trkpt>
   <trkpt lat="35.0544940131238" lon="-116.44637602205886">
    <ele>538.79</ele>
   </trkpt>
   <trkpt lat="35.054998019689286" lon="-116.44548203308248">
    <ele>538.79</ele>
   </trkpt>
   <trkpt lat="35.05550201969625" lon="-116.4445880330707">
    <ele>538.79</ele>
   </trkpt>
   <trkpt lat="35.0560060131445" lon="-116.44369402202327">
    <ele>536.9200000000001</ele>
   </trkpt>
   <trkpt lat="35.05651" lon="-116.4428">
    <ele>536.9200000000001</ele>
   </trkpt>
   <trkpt lat="35.05699333867474" lon="-116.44199334288072">
    <ele>536.9200000000001</ele>
   </trkpt>
   <trkpt lat="35.057476672009614" lon="-116.44118667621161">
    <ele>536.9200000000001</ele>
   </trkpt>
   <trkpt lat="35.05796" lon="-116.44038">
    <ele>536.9200000000001</ele>
   </trkpt>
   <trkpt lat="35.05833500162554" lon="-116.43977000264101">
    <ele>536.9200000000001</ele>
   </trkpt>
   <trkpt lat="35.058710000000005" lon="-116.43916000000002">
    <ele>536.9200000000001</ele>
   </trkpt>
   <trkpt lat="35.059400000000004" lon="-116.43886">
    <ele>536.9200000000001</ele>
   </trkpt>
   <trkpt lat="35.05971" lon="-116.43867000000002">
    <ele>536.9200000000001</ele>
   </trkpt>
   <trkpt lat="35.059870000000004" lon="-116.43846">
    <ele>536.9200000000001</ele>
   </trkpt>
   <trkpt lat="35.05984" lon="-116.43765">
    <ele>536.9200000000001</ele>
   </trkpt>
   <trkpt lat="35.0598" lon="-116.43724">
    <ele>536.9200000000001</ele>
   </trkpt>
   <trkpt lat="35.06024250735005" lon="-116.43646751255368">
    <ele>536.9200000000001</ele>
   </trkpt>
   <trkpt lat="35.060685009802825" lon="-116.43569501673362">
    <ele>526.2900000000001</ele>
   </trkpt>
   <trkpt lat="35.061127507358236" lon="-116.43492251253973">
    <ele>526.2900000000001</ele>
   </trkpt>
   <trkpt lat="35.06157" lon="-116.43415">
    <ele>526.2900000000001</ele>
   </trkpt>
   <trkpt lat="35.061780000000006" lon="-116.43393">
    <ele>526.2900000000001</ele>
   </trkpt>
   <trkpt lat="35.0621" lon="-116.43398">
    <ele>526.2900000000001</ele>
   </trkpt>
   <trkpt lat="35.06264" lon="-116.43415">
    <ele>526.2900000000001</ele>
   </trkpt>
   <trkpt lat="35.06293" lon="-116.43415">
    <ele>526.2900000000001</ele>
   </trkpt>
   <trkpt lat="35.06293" lon="-116.43402">
    <ele>526.2900000000001</ele>
   </trkpt>
   <trkpt lat="35.06266" lon="-116.43327000000001">
    <ele>526.2900000000001</ele>
   </trkpt>
   <trkpt lat="35.062560000000005" lon="-116.43281">
    <ele>526.2900000000001</ele>
   </trkpt>
   <trkpt lat="35.062580000000004" lon="-116.43241">
    <ele>526.2900000000001</ele>
   </trkpt>
   <trkpt lat="35.0629166697601" lon="-116.43180000495947">
    <ele>526.2900000000001</ele>
   </trkpt>
   <trkpt lat="35.063253336466445" lon="-116.43119000488767">
    <ele>525.6</ele>
   </trkpt>
   <trkpt lat="35.063590000000005" lon="-116.43058">
    <ele>525.6</ele>
   </trkpt>
   <trkpt lat="35.06396" lon="-116.43016000000001">
    <ele>525.6</ele>
   </trkpt>
   <trkpt lat="35.06428500134463" lon="-116.42958500231066">
    <ele>525.6</ele>
   </trkpt>
   <trkpt lat="35.06461" lon="-116.42901">
    <ele>513.94</ele>
   </trkpt>
   <trkpt lat="35.06466" lon="-116.42901">
    <ele>513.94</ele>
   </trkpt>
   <trkpt lat="35.0647" lon="-116.42893000000001">
    <ele>513.94</ele>
   </trkpt>
   <trkpt lat="35.064710000000005" lon="-116.42884000000001">
    <ele>513.94</ele>
   </trkpt>
   <trkpt lat="35.0651200021327" lon="-116.42810500384253">
    <ele>513.94</ele>
   </trkpt>
   <trkpt lat="35.06553" lon="-116.42737000000001">
    <ele>513.94</ele>
   </trkpt>
   <trkpt lat="35.06588" lon="-116.42678000000001">
    <ele>513.94</ele>
   </trkpt>
   <trkpt lat="35.066050000000004" lon="-116.42645">
    <ele>513.94</ele>
   </trkpt>
   <trkpt lat="35.06649" lon="-116.42578">
    <ele>513.94</ele>
   </trkpt>
   <trkpt lat="35.066930000000006" lon="-116.42498">
    <ele>513.94</ele>
   </trkpt>
   <trkpt lat="35.067040000000006" lon="-116.42472000000001">
    <ele>513.94</ele>
   </trkpt>
   <trkpt lat="35.067370000000004" lon="-116.42422">
    <ele>513.94</ele>
   </trkpt>
   <trkpt lat="35.06775000373622" lon="-116.42354667290942">
    <ele>524.94</ele>
   </trkpt>
   <trkpt lat="35.06813000375142" lon="-116.42287333954926">
    <ele>524.94</ele>
   </trkpt>
   <trkpt lat="35.06851" lon="-116.4222">
    <ele>524.94</ele>
   </trkpt>
   <trkpt lat="35.06857" lon="-116.42216">
    <ele>524.94</ele>
   </trkpt>
   <trkpt lat="35.068580000000004" lon="-116.42207">
    <ele>524.94</ele>
   </trkpt>
   <trkpt lat="35.06899" lon="-116.4214">
    <ele>524.94</ele>
   </trkpt>
   <trkpt lat="35.06944333829275" lon="-116.4206233419467">
    <ele>524.94</ele>
   </trkpt>
   <trkpt lat="35.069896671634645" lon="-116.4198466752655">
    <ele>524.94</ele>
   </trkpt>
   <trkpt lat="35.070350000000005" lon="-116.41907">
    <ele>524.94</ele>
   </trkpt>
   <trkpt lat="35.070676669878054" lon="-116.41844667161409">
    <ele>524.94</ele>
   </trkpt>
   <trkpt lat="35.07100333656708" lon="-116.41782333823815">
    <ele>524.94</ele>
   </trkpt>
   <trkpt lat="35.07133" lon="-116.41720000000001">
    <ele>546.0400000000001</ele>
   </trkpt>
   <trkpt lat="35.07172750548826" lon="-116.41653250974927">
    <ele>546.0400000000001</ele>
   </trkpt>
   <trkpt lat="35.072125007319556" lon="-116.41586501299605">
    <ele>546.0400000000001</ele>
   </trkpt>
   <trkpt lat="35.07252250549379" lon="-116.41519750974025">
    <ele>546.0400000000001</ele>
   </trkpt>
   <trkpt lat="35.07292" lon="-116.41453000000001">
    <ele>542.7700000000001</ele>
   </trkpt>
   <trkpt lat="35.07269" lon="-116.41425000000001">
    <ele>541.96</ele>
   </trkpt>
   <trkpt lat="35.072120000000005" lon="-116.41362000000001">
    <ele>541.21</ele>
   </trkpt>
   <trkpt lat="35.07186" lon="-116.41340000000001">
    <ele>541.21</ele>
   </trkpt>
   <trkpt lat="35.07217" lon="-116.41289">
    <ele>541.21</ele>
   </trkpt>
   <trkpt lat="35.072300000000006" lon="-116.41253">
    <ele>541.21</ele>
   </trkpt>
   <trkpt lat="35.07237" lon="-116.41209">
    <ele>541.21</ele>
   </trkpt>
   <trkpt lat="35.07258000193808" lon="-116.41140000182756">
    <ele>541.21</ele>
   </trkpt>
   <trkpt lat="35.072790000000005" lon="-116.41071000000001">
    <ele>541.21</ele>
   </trkpt>
   <trkpt lat="35.073326696100665" lon="-116.40990255842144">
    <ele>541.21</ele>
   </trkpt>
   <trkpt lat="35.07386338684997" lon="-116.40909510622211">
    <ele>558.57</ele>
   </trkpt>
   <trkpt lat="35.07440007224774" lon="-116.40828764340172">
    <ele>558.57</ele>
   </trkpt>
   <trkpt lat="35.074936752293794" lon="-116.40748016996004">
    <ele>558.57</ele>
   </trkpt>
   <trkpt lat="35.07547342698797" lon="-116.40667268589682">
    <ele>558.57</ele>
   </trkpt>
   <trkpt lat="35.07601009633006" lon="-116.40586519121186">
    <ele>558.57</ele>
   </trkpt>
   <trkpt lat="35.07654676031991" lon="-116.4050576859049">
    <ele>558.57</ele>
   </trkpt>
   <trkpt lat="35.077083418957336" lon="-116.40425016997563">
    <ele>558.57</ele>
   </trkpt>
   <trkpt lat="35.07762007224218" lon="-116.40344264342387">
    <ele>558.57</ele>
   </trkpt>
   <trkpt lat="35.078156720174235" lon="-116.40263510624938">
    <ele>558.57</ele>
   </trkpt>
   <trkpt lat="35.07869336275334" lon="-116.40182755845188">
    <ele>558.57</ele>
   </trkpt>
   <trkpt lat="35.07923" lon="-116.40102">
    <ele>557.62</ele>
   </trkpt>
   <trkpt lat="35.079480000000004" lon="-116.40050000000001">
    <ele>557.62</ele>
   </trkpt>
   <trkpt lat="35.079640000000005" lon="-116.39977">
    <ele>557.62</ele>
   </trkpt>
   <trkpt lat="35.07967403820538" lon="-116.39875300381667">
    <ele>557.62</ele>
   </trkpt>
   <trkpt lat="35.07970806792073" lon="-116.39773600678483">
    <ele>557.62</ele>
   </trkpt>
   <trkpt lat="35.079742089145995" lon="-116.3967190089047">
    <ele>557.62</ele>
   </trkpt>
   <trkpt lat="35.07977610188118" lon="-116.39570201017648">
    <ele>556.5500000000001</ele>
   </trkpt>
   <trkpt lat="35.07981010612628" lon="-116.39468501060044">
    <ele>552.8700000000001</ele>
   </trkpt>
   <trkpt lat="35.079844101881264" lon="-116.39366801017673">
    <ele>551.1</ele>
   </trkpt>
   <trkpt lat="35.07987808914611" lon="-116.39265100890555">
    <ele>548.03</ele>
   </trkpt>
   <trkpt lat="35.079912067920816" lon="-116.39163400678711">
    <ele>544.72</ele>
   </trkpt>
   <trkpt lat="35.07994603820534" lon="-116.39061700382166">
    <ele>546.22</ele>
   </trkpt>
   <trkpt lat="35.079980000000006" lon="-116.38960000000002">
    <ele>544.1600000000001</ele>
   </trkpt>
   <trkpt lat="35.080195001297845" lon="-116.38902500167356">
    <ele>542.91</ele>
   </trkpt>
   <trkpt lat="35.08041" lon="-116.38845">
    <ele>542.91</ele>
   </trkpt>
   <trkpt lat="35.080585001455674" lon="-116.38786500108421">
    <ele>542.91</ele>
   </trkpt>
   <trkpt lat="35.080760000000005" lon="-116.38728">
    <ele>542.91</ele>
   </trkpt>
   <trkpt lat="35.08122000350889" lon="-116.3863600051177">
    <ele>542.91</ele>
   </trkpt>
   <trkpt lat="35.081680000000006" lon="-116.38544">
    <ele>522.0799999999999</ele>
   </trkpt>
   <trkpt lat="35.08192000142499" lon="-116.38484000189669">
    <ele>522.0799999999999</ele>
   </trkpt>
   <trkpt lat="35.08216" lon="-116.38424">
    <ele>522.0799999999999</ele>
   </trkpt>
   <trkpt lat="35.082518777314334" lon="-116.38326503001034">
    <ele>522.0799999999999</ele>
   </trkpt>
   <trkpt lat="35.082877546825465" lon="-116.38229005144481">
    <ele>522.0799999999999</ele>
   </trkpt>
   <trkpt lat="35.08323630853322" lon="-116.38131506430341">
    <ele>522.0799999999999</ele>
   </trkpt>
   <trkpt lat="35.08359506243744" lon="-116.38034006858614">
    <ele>522.0799999999999</ele>
   </trkpt>
   <trkpt lat="35.083953808537935" lon="-116.37936506429297">
    <ele>522.0799999999999</ele>
   </trkpt>
   <trkpt lat="35.08431254683454" lon="-116.37839005142393">
    <ele>522.0799999999999</ele>
   </trkpt>
   <trkpt lat="35.084671277327075" lon="-116.377415029979">
    <ele>499.15000000000003</ele>
   </trkpt>
   <trkpt lat="35.08503" lon="-116.37644000000002">
    <ele>499.15000000000003</ele>
   </trkpt>
   <trkpt lat="35.085260002103844" lon="-116.3757250019991">
    <ele>499.15000000000003</ele>
   </trkpt>
   <trkpt lat="35.08549" lon="-116.37501">
    <ele>499.15000000000003</ele>
   </trkpt>
   <trkpt lat="35.0857" lon="-116.37398">
    <ele>499.15000000000003</ele>
   </trkpt>
   <trkpt lat="35.08576000163354" lon="-116.3733450006952">
    <ele>499.15000000000003</ele>
   </trkpt>
   <trkpt lat="35.085820000000005" lon="-116.37271000000001">
    <ele>499.15000000000003</ele>
   </trkpt>
   <trkpt lat="35.085910000000005" lon="-116.37211">
    <ele>499.15000000000003</ele>
   </trkpt>
   <trkpt lat="35.085950000000004" lon="-116.37112">
    <ele>494.84000000000003</ele>
   </trkpt>
   <trkpt lat="35.0859400272438" lon="-116.37014624916193">
    <ele>494.84000000000003</ele>
   </trkpt>
   <trkpt lat="35.085930046703645" lon="-116.36917249856207">
    <ele>494.84000000000003</ele>
   </trkpt>
   <trkpt lat="35.08592005837952" lon="-116.36819874820063">
    <ele>494.84000000000003</ele>
   </trkpt>
   <trkpt lat="35.08591006227146" lon="-116.36722499807773">
    <ele>494.84000000000003</ele>
   </trkpt>
   <trkpt lat="35.08590005837944" lon="-116.36625124819359">
    <ele>494.84000000000003</ele>
   </trkpt>
   <trkpt lat="35.085890046703476" lon="-116.36527749854842">
    <ele>494.84000000000003</ele>
   </trkpt>
   <trkpt lat="35.08588002724358" lon="-116.3643037491424">
    <ele>482.35</ele>
   </trkpt>
   <trkpt lat="35.08587" lon="-116.36333">
    <ele>482.35</ele>
   </trkpt>
   <trkpt lat="35.08594" lon="-116.36261">
    <ele>482.35</ele>
   </trkpt>
   <trkpt lat="35.08602000182272" lon="-116.36194000082354">
    <ele>482.35</ele>
   </trkpt>
   <trkpt lat="35.0861" lon="-116.36127">
    <ele>482.35</ele>
   </trkpt>
   <trkpt lat="35.08624131707436" lon="-116.36022627711831">
    <ele>482.35</ele>
   </trkpt>
   <trkpt lat="35.086382625205815" lon="-116.35918255062008">
    <ele>482.35</ele>
   </trkpt>
   <trkpt lat="35.086523924394285" lon="-116.3581388205055">
    <ele>482.35</ele>
   </trkpt>
   <trkpt lat="35.08666521463969" lon="-116.3570950867748">
    <ele>482.35</ele>
   </trkpt>
   <trkpt lat="35.08680649594196" lon="-116.35605134942818">
    <ele>482.35</ele>
   </trkpt>
   <trkpt lat="35.086947768301" lon="-116.3550076084658">
    <ele>482.35</ele>
   </trkpt>
   <trkpt lat="35.08708903171675" lon="-116.35396386388788">
    <ele>470.78000000000003</ele>
   </trkpt>
   <trkpt lat="35.08723028618912" lon="-116.35292011569464">
    <ele>470.78000000000003</ele>
   </trkpt>
   <trkpt lat="35.08737153171805" lon="-116.35187636388628">
    <ele>470.78000000000003</ele>
   </trkpt>
   <trkpt lat="35.08751276830344" lon="-116.35083260846292">
    <ele>470.78000000000003</ele>
   </trkpt>
   <trkpt lat="35.08765399594523" lon="-116.34978884942485">
    <ele>470.78000000000003</ele>
   </trkpt>
   <trkpt lat="35.087795214643315" lon="-116.34874508677221">
    <ele>470.78000000000003</ele>
   </trkpt>
   <trkpt lat="35.08793642439765" lon="-116.34770132050522">
    <ele>470.78000000000003</ele>
   </trkpt>
   <trkpt lat="35.08807762520815" lon="-116.34665755062406">
    <ele>470.78000000000003</ele>
   </trkpt>
   <trkpt lat="35.088218817074726" lon="-116.34561377712897">
    <ele>470.78000000000003</ele>
   </trkpt>
   <trkpt lat="35.08836" lon="-116.34457">
    <ele>470.78000000000003</ele>
   </trkpt>
   <trkpt lat="35.088435002117734" lon="-116.34385000075987">
    <ele>469.84000000000003</ele>
   </trkpt>
   <trkpt lat="35.08851" lon="-116.34313000000002">
    <ele>469.84000000000003</ele>
   </trkpt>
   <trkpt lat="35.08854401796436" lon="-116.3420840017458">
    <ele>469.84000000000003</ele>
   </trkpt>
   <trkpt lat="35.08857802694653" lon="-116.34103800261914">
    <ele>469.84000000000003</ele>
   </trkpt>
   <trkpt lat="35.0886120269465" lon="-116.33999200262022">
    <ele>469.84000000000003</ele>
   </trkpt>
   <trkpt lat="35.088646017964265" lon="-116.33894600174933">
    <ele>469.84000000000003</ele>
   </trkpt>
   <trkpt lat="35.088680000000004" lon="-116.3379">
    <ele>469.84000000000003</ele>
   </trkpt>
   <trkpt lat="35.08861500435872" lon="-116.33686999924174">
    <ele>469.84000000000003</ele>
   </trkpt>
   <trkpt lat="35.088550000000005" lon="-116.33584">
    <ele>469.84000000000003</ele>
   </trkpt>
   <trkpt lat="35.08843667137322" lon="-116.33508333127196">
    <ele>469.84000000000003</ele>
   </trkpt>
   <trkpt lat="35.088323338046095" lon="-116.3343266646468">
    <ele>469.84000000000003</ele>
   </trkpt>
   <trkpt lat="35.088210000000004" lon="-116.33357000000001">
    <ele>469.84000000000003</ele>
   </trkpt>
   <trkpt lat="35.08813601602745" lon="-116.33258199641587">
    <ele>479.69000000000005</ele>
   </trkpt>
   <trkpt lat="35.08806202404117" lon="-116.3315939946243">
    <ele>479.69000000000005</ele>
   </trkpt>
   <trkpt lat="35.087988024041245" lon="-116.33060599462544">
    <ele>479.69000000000005</ele>
   </trkpt>
   <trkpt lat="35.087914016027675" lon="-116.32961799641956">
    <ele>479.69000000000005</ele>
   </trkpt>
   <trkpt lat="35.08784" lon="-116.32863">
    <ele>479.69000000000005</ele>
   </trkpt>
   <trkpt lat="35.08823000120175" lon="-116.32809000257552">
    <ele>474.19000000000005</ele>
   </trkpt>
   <trkpt lat="35.088620000000006" lon="-116.32755000000002">
    <ele>457.24</ele>
   </trkpt>
   <trkpt lat="35.088840001190235" lon="-116.3270000016123">
    <ele>442.83000000000004</ele>
   </trkpt>
   <trkpt lat="35.08906" lon="-116.32645000000001">
    <ele>434.22</ele>
   </trkpt>
   <trkpt lat="35.089130000000004" lon="-116.32581">
    <ele>431.01000000000005</ele>
   </trkpt>
   <trkpt lat="35.08927500283718" lon="-116.3249800014221">
    <ele>427.89000000000004</ele>
   </trkpt>
   <trkpt lat="35.089420000000004" lon="-116.32415">
    <ele>417.90000000000003</ele>
   </trkpt>
   <trkpt lat="35.08981283870895" lon="-116.32321563207098">
    <ele>415.54</ele>
   </trkpt>
   <trkpt lat="35.090205670250405" lon="-116.32228125514051">
    <ele>409.25000000000006</ele>
   </trkpt>
   <trkpt lat="35.09059849462421" lon="-116.32134686920851">
    <ele>404.24</ele>
   </trkpt>
   <trkpt lat="35.090991311830194" lon="-116.32041247427497">
    <ele>402.41</ele>
   </trkpt>
   <trkpt lat="35.09138412186818" lon="-116.31947807033981">
    <ele>399.65</ele>
   </trkpt>
   <trkpt lat="35.091776924738" lon="-116.31854365740297">
    <ele>396.56</ele>
   </trkpt>
   <trkpt lat="35.09216972043947" lon="-116.31760923546442">
    <ele>394.37000000000006</ele>
   </trkpt>
   <trkpt lat="35.092562508972414" lon="-116.31667480452411">
    <ele>390.18</ele>
   </trkpt>
   <trkpt lat="35.092955290336675" lon="-116.31574036458196">
    <ele>386.32000000000005</ele>
   </trkpt>
   <trkpt lat="35.09334806453206" lon="-116.31480591563795">
    <ele>383.64000000000004</ele>
   </trkpt>
   <trkpt lat="35.09374083155841" lon="-116.31387145769195">
    <ele>380.0</ele>
   </trkpt>
   <trkpt lat="35.09413359141555" lon="-116.312936990744">
    <ele>376.62</ele>
   </trkpt>
   <trkpt lat="35.09452634410329" lon="-116.31200251479402">
    <ele>373.00000000000006</ele>
   </trkpt>
   <trkpt lat="35.094919089621484" lon="-116.31106802984192">
    <ele>369.75</ele>
   </trkpt>
   <trkpt lat="35.095311827969944" lon="-116.31013353588767">
    <ele>366.57</ele>
   </trkpt>
   <trkpt lat="35.09570455914849" lon="-116.30919903293125">
    <ele>363.42</ele>
   </trkpt>
   <trkpt lat="35.09609728315696" lon="-116.30826452097253">
    <ele>361.02</ele>
   </trkpt>
   <trkpt lat="35.09649" lon="-116.30733000000001">
    <ele>358.88000000000005</ele>
   </trkpt>
   <trkpt lat="35.09679201407732" lon="-116.30640401372933">
    <ele>355.55</ele>
   </trkpt>
   <trkpt lat="35.09709402111458" lon="-116.30547802059867">
    <ele>353.43</ele>
   </trkpt>
   <trkpt lat="35.097396021111635" lon="-116.30455202060809">
    <ele>351.93</ele>
   </trkpt>
   <trkpt lat="35.09769801406836" lon="-116.3036260137576">
    <ele>350.06</ele>
   </trkpt>
   <trkpt lat="35.098000000000006" lon="-116.30270000000002">
    <ele>348.02000000000004</ele>
   </trkpt>
   <trkpt lat="35.09833252773837" lon="-116.30171752805389">
    <ele>346.15000000000003</ele>
   </trkpt>
   <trkpt lat="35.098665047551414" lon="-116.30073504809347">
    <ele>344.15</ele>
   </trkpt>
   <trkpt lat="35.09899755943898" lon="-116.29975256011883">
    <ele>342.96000000000004</ele>
   </trkpt>
   <trkpt lat="35.09933006340089" lon="-116.29877006412997">
    <ele>341.44</ele>
   </trkpt>
   <trkpt lat="35.099662559437" lon="-116.2977875601269">
    <ele>339.39000000000004</ele>
   </trkpt>
   <trkpt lat="35.09999504754715" lon="-116.29680504810969">
    <ele>338.29</ele>
   </trkpt>
   <trkpt lat="35.10032752773117" lon="-116.29582252807832">
    <ele>336.83</ele>
   </trkpt>
   <trkpt lat="35.100660000000005" lon="-116.29484000000001">
    <ele>335.41</ele>
   </trkpt>
   <trkpt lat="35.10097501134999" lon="-116.29388001113058">
    <ele>334.58000000000004</ele>
   </trkpt>
   <trkpt lat="35.10129001513299" lon="-116.29292001484207">
    <ele>334.42</ele>
   </trkpt>
   <trkpt lat="35.10160501134885" lon="-116.29196001113446">
    <ele>334.87</ele>
   </trkpt>
   <trkpt lat="35.10192" lon="-116.29100000000001">
    <ele>335.02000000000004</ele>
   </trkpt>
   <trkpt lat="35.10223501800794" lon="-116.29006335143598">
    <ele>334.97</ele>
   </trkpt>
   <trkpt lat="35.10255002881227" lon="-116.28912669563273">
    <ele>335.0</ele>
   </trkpt>
   <trkpt lat="35.10286503241282" lon="-116.2881900325903">
    <ele>335.29</ele>
   </trkpt>
   <trkpt lat="35.10318002880948" lon="-116.2872533623087">
    <ele>335.48</ele>
   </trkpt>
   <trkpt lat="35.10349501800211" lon="-116.28631668478798">
    <ele>335.93</ele>
   </trkpt>
   <trkpt lat="35.10381" lon="-116.28538">
    <ele>335.64000000000004</ele>
   </trkpt>
   <trkpt lat="35.10414251269338" lon="-116.28436501240796">
    <ele>335.59000000000003</ele>
   </trkpt>
   <trkpt lat="35.10447501692754" lon="-116.28335001653498">
    <ele>335.81000000000006</ele>
   </trkpt>
   <trkpt lat="35.10480751270231" lon="-116.28233501238113">
    <ele>335.88</ele>
   </trkpt>
   <trkpt lat="35.105140000000006" lon="-116.28132000000001">
    <ele>335.87</ele>
   </trkpt>
   <trkpt lat="35.10552500393673" lon="-116.28033500477213">
    <ele>335.93</ele>
   </trkpt>
   <trkpt lat="35.10591" lon="-116.27935000000001">
    <ele>335.83</ele>
   </trkpt>
   <trkpt lat="35.10630950358996" lon="-116.27842952114894">
    <ele>335.39</ele>
   </trkpt>
   <trkpt lat="35.106709000222494" lon="-116.27750903327427">
    <ele>335.39</ele>
   </trkpt>
   <trkpt lat="35.10710848989744" lon="-116.27658853637588">
    <ele>335.39</ele>
   </trkpt>
   <trkpt lat="35.10750797261462" lon="-116.27566803045377">
    <ele>335.39</ele>
   </trkpt>
   <trkpt lat="35.107907448373865" lon="-116.27474751550783">
    <ele>335.39</ele>
   </trkpt>
   <trkpt lat="35.108306917175014" lon="-116.27382699153802">
    <ele>335.39</ele>
   </trkpt>
   <trkpt lat="35.10870637901787" lon="-116.27290645854426">
    <ele>335.27</ele>
   </trkpt>
   <trkpt lat="35.10910583390228" lon="-116.27198591652649">
    <ele>335.27</ele>
   </trkpt>
   <trkpt lat="35.10950528182808" lon="-116.27106536548463">
    <ele>335.27</ele>
   </trkpt>
   <trkpt lat="35.10990472279508" lon="-116.27014480541864">
    <ele>335.27</ele>
   </trkpt>
   <trkpt lat="35.11030415680312" lon="-116.26922423632843">
    <ele>335.27</ele>
   </trkpt>
   <trkpt lat="35.11070358385202" lon="-116.26830365821395">
    <ele>335.27</ele>
   </trkpt>
   <trkpt lat="35.11110300394162" lon="-116.26738307107516">
    <ele>335.27</ele>
   </trkpt>
   <trkpt lat="35.11150241707174" lon="-116.26646247491193">
    <ele>335.27</ele>
   </trkpt>
   <trkpt lat="35.11190182324222" lon="-116.26554186972426">
    <ele>335.83</ele>
   </trkpt>
   <trkpt lat="35.11230122245288" lon="-116.26462125551201">
    <ele>335.83</ele>
   </trkpt>
   <trkpt lat="35.11270061470355" lon="-116.26370063227523">
    <ele>335.83</ele>
   </trkpt>
   <trkpt lat="35.1131" lon="-116.26278">
    <ele>335.83</ele>
   </trkpt>
   <trkpt lat="35.1135243887198" lon="-116.26181620697065">
    <ele>335.83</ele>
   </trkpt>
   <trkpt lat="35.11394876981129" lon="-116.26085240390185">
    <ele>335.83</ele>
   </trkpt>
   <trkpt lat="35.11437314327427" lon="-116.25988859079348">
    <ele>335.83</ele>
   </trkpt>
   <trkpt lat="35.11479750910857" lon="-116.25892476764551">
    <ele>341.45000000000005</ele>
   </trkpt>
   <trkpt lat="35.11522186731394" lon="-116.25796093445783">
    <ele>341.45000000000005</ele>
   </trkpt>
   <trkpt lat="35.11564621789024" lon="-116.25699709123036">
    <ele>341.45000000000005</ele>
   </trkpt>
   <trkpt lat="35.11607056083722" lon="-116.256033237963">
    <ele>341.45000000000005</ele>
   </trkpt>
   <trkpt lat="35.11649489615473" lon="-116.2550693746557">
    <ele>341.45000000000005</ele>
   </trkpt>
   <trkpt lat="35.116919223842515" lon="-116.25410550130842">
    <ele>341.45000000000005</ele>
   </trkpt>
   <trkpt lat="35.11734354390042" lon="-116.25314161792096">
    <ele>341.45000000000005</ele>
   </trkpt>
   <trkpt lat="35.117767856328214" lon="-116.25217772449334">
    <ele>341.45000000000005</ele>
   </trkpt>
   <trkpt lat="35.11819216112571" lon="-116.25121382102542">
    <ele>341.45000000000005</ele>
   </trkpt>
   <trkpt lat="35.11861645829273" lon="-116.25024990751714">
    <ele>341.45000000000005</ele>
   </trkpt>
   <trkpt lat="35.11904074782904" lon="-116.24928598396845">
    <ele>362.61</ele>
   </trkpt>
   <trkpt lat="35.119465029734464" lon="-116.24832205037919">
    <ele>362.61</ele>
   </trkpt>
   <trkpt lat="35.11988930400878" lon="-116.24735810674933">
    <ele>362.61</ele>
   </trkpt>
   <trkpt lat="35.12031357065181" lon="-116.24639415307881">
    <ele>362.61</ele>
   </trkpt>
   <trkpt lat="35.12073782966335" lon="-116.24543018936753">
    <ele>362.61</ele>
   </trkpt>
   <trkpt lat="35.12116208104319" lon="-116.24446621561538">
    <ele>362.61</ele>
   </trkpt>
   <trkpt lat="35.12158632479113" lon="-116.24350223182226">
    <ele>362.61</ele>
   </trkpt>
   <trkpt lat="35.12201056090699" lon="-116.24253823798817">
    <ele>362.61</ele>
   </trkpt>
   <trkpt lat="35.12243478939056" lon="-116.24157423411296">
    <ele>362.61</ele>
   </trkpt>
   <trkpt lat="35.12285901024163" lon="-116.24061022019657">
    <ele>362.61</ele>
   </trkpt>
   <trkpt lat="35.123283223460014" lon="-116.23964619623892">
    <ele>401.1</ele>
   </trkpt>
   <trkpt lat="35.1237074290455" lon="-116.23868216223993">
    <ele>401.1</ele>
   </trkpt>
   <trkpt lat="35.12413162699791" lon="-116.2377181181995">
    <ele>401.1</ele>
   </trkpt>
   <trkpt lat="35.12455581731702" lon="-116.23675406411758">
    <ele>401.1</ele>
   </trkpt>
   <trkpt lat="35.12498" lon="-116.23579000000001">
    <ele>401.1</ele>
   </trkpt>
   <trkpt lat="35.125300001201225" lon="-116.23528500174122">
    <ele>401.1</ele>
   </trkpt>
   <trkpt lat="35.125620000000005" lon="-116.23478000000001">
    <ele>401.1</ele>
   </trkpt>
   <trkpt lat="35.126143027271596" lon="-116.233921049648">
    <ele>401.1</ele>
   </trkpt>
   <trkpt lat="35.12666604848325" lon="-116.23306208826386">
    <ele>425.32000000000005</ele>
   </trkpt>
   <trkpt lat="35.12718906363483" lon="-116.23220311584734">
    <ele>425.32000000000005</ele>
   </trkpt>
   <trkpt lat="35.127712072726105" lon="-116.23134413239819">
    <ele>425.32000000000005</ele>
   </trkpt>
   <trkpt lat="35.12823507575687" lon="-116.23048513791622">
    <ele>425.32000000000005</ele>
   </trkpt>
   <trkpt lat="35.12875807272696" lon="-116.22962613240117">
    <ele>425.32000000000005</ele>
   </trkpt>
   <trkpt lat="35.12928106363616" lon="-116.22876711585282">
    <ele>425.32000000000005</ele>
   </trkpt>
   <trkpt lat="35.129804048484274" lon="-116.227908088271">
    <ele>465.49</ele>
   </trkpt>
   <trkpt lat="35.13032702727111" lon="-116.22704904965538">
    <ele>465.49</ele>
   </trkpt>
   <trkpt lat="35.13085" lon="-116.22619">
    <ele>465.49</ele>
   </trkpt>
   <trkpt lat="35.131205010031856" lon="-116.2252875118129">
    <ele>465.49</ele>
   </trkpt>
   <trkpt lat="35.13156001337352" lon="-116.22438501575661">
    <ele>465.49</ele>
   </trkpt>
   <trkpt lat="35.13191501002485" lon="-116.22348251183112">
    <ele>465.49</ele>
   </trkpt>
   <trkpt lat="35.132270000000005" lon="-116.22258000000001">
    <ele>458.87000000000006</ele>
   </trkpt>
   <trkpt lat="35.13244500168265" lon="-116.22194000137404">
    <ele>458.87000000000006</ele>
   </trkpt>
   <trkpt lat="35.13262" lon="-116.22130000000001">
    <ele>458.87000000000006</ele>
   </trkpt>
   <trkpt lat="35.132976670512306" lon="-116.22061667263385">
    <ele>458.87000000000006</ele>
   </trkpt>
   <trkpt lat="35.13333333718911" lon="-116.21993333928118">
    <ele>466.72</ele>
   </trkpt>
   <trkpt lat="35.13369" lon="-116.21925000000002">
    <ele>466.72</ele>
   </trkpt>
   <trkpt lat="35.134200000692" lon="-116.21884000256692">
    <ele>466.72</ele>
   </trkpt>
   <trkpt lat="35.134710000000005" lon="-116.21843000000001">
    <ele>466.72</ele>
   </trkpt>
   <trkpt lat="35.13538250262215" lon="-116.21796751147015">
    <ele>466.72</ele>
   </trkpt>
   <trkpt lat="35.136055003487236" lon="-116.21750501529989">
    <ele>466.72</ele>
   </trkpt>
   <trkpt lat="35.13672750259522" lon="-116.217042511489">
    <ele>466.72</ele>
   </trkpt>
   <trkpt lat="35.1374" lon="-116.21658000000001">
    <ele>466.72</ele>
   </trkpt>
   <trkpt lat="35.137906027083744" lon="-116.2157240478902">
    <ele>484.54</ele>
   </trkpt>
   <trkpt lat="35.138412048148915" lon="-116.21486808513944">
    <ele>484.54</ele>
   </trkpt>
   <trkpt lat="35.13891806319534" lon="-116.21401211174752">
    <ele>484.54</ele>
   </trkpt>
   <trkpt lat="35.139424072222845" lon="-116.21315612771423">
    <ele>484.54</ele>
   </trkpt>
   <trkpt lat="35.13993007523121" lon="-116.2123001330394">
    <ele>484.54</ele>
   </trkpt>
   <trkpt lat="35.140436072220275" lon="-116.21144412772279">
    <ele>484.54</ele>
   </trkpt>
   <trkpt lat="35.14094206318982" lon="-116.21058811176418">
    <ele>484.54</ele>
   </trkpt>
   <trkpt lat="35.14144804813968" lon="-116.20973208516342">
    <ele>484.54</ele>
   </trkpt>
   <trkpt lat="35.14195402706967" lon="-116.20887604792028">
    <ele>484.54</ele>
   </trkpt>
   <trkpt lat="35.14246" lon="-116.20802">
    <ele>484.54</ele>
   </trkpt>
   <trkpt lat="35.14311572116914" lon="-116.2074914541233">
    <ele>464.12</ele>
   </trkpt>
   <trkpt lat="35.14377144004323" lon="-116.20696289973044">
    <ele>464.12</ele>
   </trkpt>
   <trkpt lat="35.144427156622214" lon="-116.20643433682103">
    <ele>464.12</ele>
   </trkpt>
   <trkpt lat="35.14508287090596" lon="-116.20590576539483">
    <ele>464.12</ele>
   </trkpt>
   <trkpt lat="35.1457385828944" lon="-116.2053771854515">
    <ele>464.12</ele>
   </trkpt>
   <trkpt lat="35.14639429258745" lon="-116.20484859699067">
    <ele>464.12</ele>
   </trkpt>
   <trkpt lat="35.14705" lon="-116.20432000000001">
    <ele>464.12</ele>
   </trkpt>
   <trkpt lat="35.147623335431675" lon="-116.20382000700644">
    <ele>464.12</ele>
   </trkpt>
   <trkpt lat="35.14819666880947" lon="-116.20332000696777">
    <ele>464.12</ele>
   </trkpt>
   <trkpt lat="35.148770000000006" lon="-116.20282">
    <ele>464.12</ele>
   </trkpt>
   <trkpt lat="35.149486825308585" lon="-116.20222264212748">
    <ele>464.12</ele>
   </trkpt>
   <trkpt lat="35.150203647685416" lon="-116.20162527373063">
    <ele>463.79</ele>
   </trkpt>
   <trkpt lat="35.15092046713036" lon="-116.20102789480904">
    <ele>463.79</ele>
   </trkpt>
   <trkpt lat="35.15163728364326" lon="-116.20043050536229">
    <ele>463.79</ele>
   </trkpt>
   <trkpt lat="35.15235409722405" lon="-116.19983310538993">
    <ele>463.79</ele>
   </trkpt>
   <trkpt lat="35.153070907872554" lon="-116.19923569489156">
    <ele>463.79</ele>
   </trkpt>
   <trkpt lat="35.153787715588635" lon="-116.19863827386673">
    <ele>463.79</ele>
   </trkpt>
   <trkpt lat="35.154504520372186" lon="-116.19804084231507">
    <ele>463.79</ele>
   </trkpt>
   <trkpt lat="35.155221322223085" lon="-116.19744340023611">
    <ele>463.79</ele>
   </trkpt>
   <trkpt lat="35.155938121141176" lon="-116.19684594762947">
    <ele>463.79</ele>
   </trkpt>
   <trkpt lat="35.15665491712635" lon="-116.19624848449466">
    <ele>463.79</ele>
   </trkpt>
   <trkpt lat="35.15737171017847" lon="-116.19565101083136">
    <ele>449.32000000000005</ele>
   </trkpt>
   <trkpt lat="35.158088500297396" lon="-116.19505352663903">
    <ele>449.32000000000005</ele>
   </trkpt>
   <trkpt lat="35.15880528748302" lon="-116.19445603191733">
    <ele>449.32000000000005</ele>
   </trkpt>
   <trkpt lat="35.159522071735196" lon="-116.19385852666579">
    <ele>449.32000000000005</ele>
   </trkpt>
   <trkpt lat="35.1602388530538" lon="-116.19326101088406">
    <ele>449.32000000000005</ele>
   </trkpt>
   <trkpt lat="35.16095563143869" lon="-116.19266348457165">
    <ele>449.32000000000005</ele>
   </trkpt>
   <trkpt lat="35.161672406889764" lon="-116.19206594772814">
    <ele>449.32000000000005</ele>
   </trkpt>
   <trkpt lat="35.162389179406865" lon="-116.19146840035314">
    <ele>449.32000000000005</ele>
   </trkpt>
   <trkpt lat="35.16310594898989" lon="-116.19087084244622">
    <ele>449.32000000000005</ele>
   </trkpt>
   <trkpt lat="35.16382271563869" lon="-116.19027327400694">
    <ele>449.32000000000005</ele>
   </trkpt>
   <trkpt lat="35.164539479353124" lon="-116.18967569503491">
    <ele>434.12000000000006</ele>
   </trkpt>
   <trkpt lat="35.16525624013309" lon="-116.18907810552966">
    <ele>434.12000000000006</ele>
   </trkpt>
   <trkpt lat="35.165972997978436" lon="-116.18848050549077">
    <ele>434.12000000000006</ele>
   </trkpt>
   <trkpt lat="35.16668975288905" lon="-116.18788289491788">
    <ele>434.12000000000006</ele>
   </trkpt>
   <trkpt lat="35.1674065048648" lon="-116.18728527381053">
    <ele>434.12000000000006</ele>
   </trkpt>
   <trkpt lat="35.168123253905534" lon="-116.18668764216827">
    <ele>434.12000000000006</ele>
   </trkpt>
   <trkpt lat="35.16884" lon="-116.18609000000001">
    <ele>434.12000000000006</ele>
   </trkpt>
   <trkpt lat="35.169551527683154" lon="-116.18549459901483">
    <ele>434.12000000000006</ele>
   </trkpt>
   <trkpt lat="35.170263052453" lon="-116.18489918760957">
    <ele>434.12000000000006</ele>
   </trkpt>
   <trkpt lat="35.1709745743094" lon="-116.18430376578385">
    <ele>434.12000000000006</ele>
   </trkpt>
   <trkpt lat="35.17168609325224" lon="-116.18370833353721">
    <ele>425.53000000000003</ele>
   </trkpt>
   <trkpt lat="35.172397609281376" lon="-116.18311289086925">
    <ele>425.53000000000003</ele>
   </trkpt>
   <trkpt lat="35.173109122396696" lon="-116.18251743777957">
    <ele>425.53000000000003</ele>
   </trkpt>
   <trkpt lat="35.173820632598066" lon="-116.18192197426772">
    <ele>425.53000000000003</ele>
   </trkpt>
   <trkpt lat="35.174532139885365" lon="-116.18132650033334">
    <ele>425.53000000000003</ele>
   </trkpt>
   <trkpt lat="35.17524364425844" lon="-116.18073101597597">
    <ele>425.53000000000003</ele>
   </trkpt>
   <trkpt lat="35.1759551457172" lon="-116.18013552119521">
    <ele>425.53000000000003</ele>
   </trkpt>
   <trkpt lat="35.17666664426149" lon="-116.17954001599063">
    <ele>425.53000000000003</ele>
   </trkpt>
   <trkpt lat="35.17737813989119" lon="-116.17894450036182">
    <ele>425.53000000000003</ele>
   </trkpt>
   <trkpt lat="35.178089632606174" lon="-116.1783489743084">
    <ele>425.53000000000003</ele>
   </trkpt>
   <trkpt lat="35.178801122406306" lon="-116.17775343782995">
    <ele>412.06</ele>
   </trkpt>
   <trkpt lat="35.17951260929148" lon="-116.17715789092601">
    <ele>412.06</ele>
   </trkpt>
   <trkpt lat="35.18022409326155" lon="-116.17656233359618">
    <ele>412.06</ele>
   </trkpt>
   <trkpt lat="35.18093557431637" lon="-116.1759667658401">
    <ele>412.06</ele>
   </trkpt>
   <trkpt lat="35.181647052455865" lon="-116.17537118765728">
    <ele>412.06</ele>
   </trkpt>
   <trkpt lat="35.18235852767986" lon="-116.17477559904732">
    <ele>412.06</ele>
   </trkpt>
   <trkpt lat="35.18307" lon="-116.17418">
    <ele>412.06</ele>
   </trkpt>
   <trkpt lat="35.183470000407056" lon="-116.17382500184564">
    <ele>412.06</ele>
   </trkpt>
   <trkpt lat="35.183870000000006" lon="-116.17347000000001">
    <ele>412.06</ele>
   </trkpt>
   <trkpt lat="35.18449069677006" lon="-116.1727467440115">
    <ele>412.06</ele>
   </trkpt>
   <trkpt lat="35.18511138924048" lon="-116.17202347697504">
    <ele>412.06</ele>
   </trkpt>
   <trkpt lat="35.1857320774111" lon="-116.17130019889036">
    <ele>399.41</ele>
   </trkpt>
   <trkpt lat="35.186352761281746" lon="-116.17057690975707">
    <ele>399.41</ele>
   </trkpt>
   <trkpt lat="35.18697344085227" lon="-116.1698536095748">
    <ele>399.41</ele>
   </trkpt>
   <trkpt lat="35.1875941161225" lon="-116.16913029834325">
    <ele>399.41</ele>
   </trkpt>
   <trkpt lat="35.188214787092264" lon="-116.16840697606203">
    <ele>399.41</ele>
   </trkpt>
   <trkpt lat="35.188835453761406" lon="-116.16768364273085">
    <ele>399.41</ele>
   </trkpt>
   <trkpt lat="35.18945611612977" lon="-116.16696029834931">
    <ele>399.41</ele>
   </trkpt>
   <trkpt lat="35.19007677419717" lon="-116.1662369429171">
    <ele>399.41</ele>
   </trkpt>
   <trkpt lat="35.19069742796345" lon="-116.16551357643382">
    <ele>399.41</ele>
   </trkpt>
   <trkpt lat="35.191318077428456" lon="-116.16479019889918">
    <ele>391.58000000000004</ele>
   </trkpt>
   <trkpt lat="35.19193872259202" lon="-116.1640668103128">
    <ele>391.58000000000004</ele>
   </trkpt>
   <trkpt lat="35.19255936345397" lon="-116.16334341067439">
    <ele>391.58000000000004</ele>
   </trkpt>
   <trkpt lat="35.193180000000005" lon="-116.16262">
    <ele>391.58000000000004</ele>
   </trkpt>
   <trkpt lat="35.193145002667286" lon="-116.16181499974047">
    <ele>391.41</ele>
   </trkpt>
   <trkpt lat="35.193110000000004" lon="-116.16101">
    <ele>391.43000000000006</ele>
   </trkpt>
   <trkpt lat="35.193630000000006" lon="-116.16060000000002">
    <ele>391.28000000000003</ele>
   </trkpt>
   <trkpt lat="35.19426800518735" lon="-116.1600380176594">
    <ele>391.58000000000004</ele>
   </trkpt>
   <trkpt lat="35.19490600777844" lon="-116.15947602649175">
    <ele>391.26000000000005</ele>
   </trkpt>
   <trkpt lat="35.19554400777319" lon="-116.15891402649677">
    <ele>390.8</ele>
   </trkpt>
   <trkpt lat="35.19618200517149" lon="-116.15835201767416">
    <ele>390.3</ele>
   </trkpt>
   <trkpt lat="35.19682" lon="-116.15779">
    <ele>389.72</ele>
   </trkpt>
   <trkpt lat="35.19743000095158" lon="-116.15729500376236">
    <ele>389.16</ele>
   </trkpt>
   <trkpt lat="35.198040000000006" lon="-116.1568">
    <ele>388.11</ele>
   </trkpt>
   <trkpt lat="35.19811" lon="-116.15671">
    <ele>387.79</ele>
   </trkpt>
   <trkpt lat="35.19851201509756" lon="-116.15575201894626">
    <ele>386.09000000000003</ele>
   </trkpt>
   <trkpt lat="35.198914022650555" lon="-116.15479402840987">
    <ele>384.53000000000003</ele>
   </trkpt>
   <trkpt lat="35.19931602265879" lon="-116.15383602839078">
    <ele>382.87000000000006</ele>
   </trkpt>
   <trkpt lat="35.19971801512206" lon="-116.15287801888888">
    <ele>381.79</ele>
   </trkpt>
   <trkpt lat="35.200120000000005" lon="-116.15192">
    <ele>379.94000000000005</ele>
   </trkpt>
   <trkpt lat="35.200230000000005" lon="-116.15161">
    <ele>379.20000000000005</ele>
   </trkpt>
   <trkpt lat="35.200230000000005" lon="-116.15144000000001">
    <ele>378.27000000000004</ele>
   </trkpt>
   <trkpt lat="35.20011" lon="-116.15079000000001">
    <ele>376.84</ele>
   </trkpt>
   <trkpt lat="35.19989" lon="-116.14977">
    <ele>372.69</ele>
   </trkpt>
   <trkpt lat="35.199760000000005" lon="-116.14896">
    <ele>370.14000000000004</ele>
   </trkpt>
   <trkpt lat="35.19975" lon="-116.14875">
    <ele>368.49</ele>
   </trkpt>
   <trkpt lat="35.199690000000004" lon="-116.14835000000001">
    <ele>367.46</ele>
   </trkpt>
   <trkpt lat="35.19981" lon="-116.14771">
    <ele>368.74</ele>
   </trkpt>
   <trkpt lat="35.19982" lon="-116.14753">
    <ele>369.27000000000004</ele>
   </trkpt>
   <trkpt lat="35.199780000000004" lon="-116.14744">
    <ele>369.45000000000005</ele>
   </trkpt>
   <trkpt lat="35.19971" lon="-116.14735">
    <ele>369.45000000000005</ele>
   </trkpt>
   <trkpt lat="35.19934" lon="-116.14726">
    <ele>369.92</ele>
   </trkpt>
   <trkpt lat="35.198980000000006" lon="-116.14726">
    <ele>369.6</ele>
   </trkpt>
   <trkpt lat="35.19887" lon="-116.14722">
    <ele>369.45000000000005</ele>
   </trkpt>
   <trkpt lat="35.198780000000006" lon="-116.14717">
    <ele>369.45000000000005</ele>
   </trkpt>
   <trkpt lat="35.19836333859231" lon="-116.14636665833577">
    <ele>368.81</ele>
   </trkpt>
   <trkpt lat="35.197946671879286" lon="-116.1455633249132">
    <ele>368.93</ele>
   </trkpt>
   <trkpt lat="35.19753" lon="-116.14476">
    <ele>367.59000000000003</ele>
   </trkpt>
   <trkpt lat="35.19741000204939" lon="-116.14404999881712">
    <ele>365.91</ele>
   </trkpt>
   <trkpt lat="35.19729" lon="-116.14334000000001">
    <ele>365.54</ele>
   </trkpt>
   <trkpt lat="35.197280000000006" lon="-116.14314">
    <ele>365.72</ele>
   </trkpt>
   <trkpt lat="35.197300000000006" lon="-116.14284">
    <ele>365.85</ele>
   </trkpt>
   <trkpt lat="35.197390000000006" lon="-116.14211">
    <ele>368.14000000000004</ele>
   </trkpt>
   <trkpt lat="35.19738" lon="-116.14194">
    <ele>368.14000000000004</ele>
   </trkpt>
   <trkpt lat="35.19733" lon="-116.14171">
    <ele>367.63</ele>
   </trkpt>
   <trkpt lat="35.197210000000005" lon="-116.14153">
    <ele>366.63</ele>
   </trkpt>
   <trkpt lat="35.197070000000004" lon="-116.1414">
    <ele>365.96</ele>
   </trkpt>
   <trkpt lat="35.196720000000006" lon="-116.14129000000001">
    <ele>364.74</ele>
   </trkpt>
   <trkpt lat="35.19590333350053" lon="-116.14114666378447">
    <ele>361.54</ele>
   </trkpt>
   <trkpt lat="35.19508666683217" lon="-116.14100333045087">
    <ele>358.85</ele>
   </trkpt>
   <trkpt lat="35.19427" lon="-116.14086">
    <ele>355.89000000000004</ele>
   </trkpt>
   <trkpt lat="35.19407" lon="-116.14073">
    <ele>355.16</ele>
   </trkpt>
   <trkpt lat="35.193900000000006" lon="-116.14059">
    <ele>355.16</ele>
   </trkpt>
   <trkpt lat="35.1937" lon="-116.14028">
    <ele>354.36</ele>
   </trkpt>
   <trkpt lat="35.19357" lon="-116.13997">
    <ele>353.98</ele>
   </trkpt>
   <trkpt lat="35.19353" lon="-116.13952">
    <ele>353.54</ele>
   </trkpt>
   <trkpt lat="35.193600001452644" lon="-116.13892500053356">
    <ele>351.89000000000004</ele>
   </trkpt>
   <trkpt lat="35.193670000000004" lon="-116.13833000000001">
    <ele>350.86</ele>
   </trkpt>
   <trkpt lat="35.19376801255938" lon="-116.13745600421105">
    <ele>349.02000000000004</ele>
   </trkpt>
   <trkpt lat="35.193866018839465" lon="-116.13658200631326">
    <ele>347.68000000000006</ele>
   </trkpt>
   <trkpt lat="35.1939640188402" lon="-116.13570800630683">
    <ele>346.73</ele>
   </trkpt>
   <trkpt lat="35.19406201256159" lon="-116.13483400419186">
    <ele>345.66</ele>
   </trkpt>
   <trkpt lat="35.194160000000004" lon="-116.13396000000002">
    <ele>345.80000000000007</ele>
   </trkpt>
   <trkpt lat="35.19417" lon="-116.13372000000001">
    <ele>345.62</ele>
   </trkpt>
   <trkpt lat="35.19436" lon="-116.13361">
    <ele>345.22</ele>
   </trkpt>
   <trkpt lat="35.19474" lon="-116.13344000000001">
    <ele>344.54</ele>
   </trkpt>
   <trkpt lat="35.19487" lon="-116.13331000000001">
    <ele>344.47</ele>
   </trkpt>
   <trkpt lat="35.194900000000004" lon="-116.13316">
    <ele>344.23</ele>
   </trkpt>
   <trkpt lat="35.19489500222137" lon="-116.13242500008946">
    <ele>343.41</ele>
   </trkpt>
   <trkpt lat="35.19489" lon="-116.13169">
    <ele>342.47</ele>
   </trkpt>
   <trkpt lat="35.19489667567233" lon="-116.13064333349813">
    <ele>340.94</ele>
   </trkpt>
   <trkpt lat="35.194903342339046" lon="-116.12959666682437">
    <ele>339.85</ele>
   </trkpt>
   <trkpt lat="35.19491" lon="-116.12855">
    <ele>338.39000000000004</ele>
   </trkpt>
   <trkpt lat="35.19496" lon="-116.12849000000001">
    <ele>338.39000000000004</ele>
   </trkpt>
   <trkpt lat="35.194961145620276" lon="-116.12746555565953">
    <ele>336.52000000000004</ele>
   </trkpt>
   <trkpt lat="35.19496228261326" lon="-116.12644111129026">
    <ele>334.3</ele>
   </trkpt>
   <trkpt lat="35.19496341097897" lon="-116.12541666689243">
    <ele>331.27</ele>
   </trkpt>
   <trkpt lat="35.194964530717385" lon="-116.12439222246626">
    <ele>329.38</ele>
   </trkpt>
   <trkpt lat="35.1949656418285" lon="-116.12336777801195">
    <ele>326.99</ele>
   </trkpt>
   <trkpt lat="35.19496674431234" lon="-116.12234333352973">
    <ele>325.74</ele>
   </trkpt>
   <trkpt lat="35.19496783816888" lon="-116.12131888901979">
    <ele>324.28000000000003</ele>
   </trkpt>
   <trkpt lat="35.194968923398136" lon="-116.1202944444824">
    <ele>323.02000000000004</ele>
   </trkpt>
   <trkpt lat="35.194970000000005" lon="-116.11927000000001">
    <ele>322.87000000000006</ele>
   </trkpt>
   <trkpt lat="35.195060000000005" lon="-116.11893">
    <ele>322.86</ele>
   </trkpt>
   <trkpt lat="35.1955820082383" lon="-116.11822201820219">
    <ele>322.6</ele>
   </trkpt>
   <trkpt lat="35.19610401235609" lon="-116.1175140273055">
    <ele>322.19</ele>
   </trkpt>
   <trkpt lat="35.196626012353235" lon="-116.11680602730979">
    <ele>321.67</ele>
   </trkpt>
   <trkpt lat="35.19714800822961" lon="-116.11609801821477">
    <ele>321.17</ele>
   </trkpt>
   <trkpt lat="35.19767" lon="-116.11539">
    <ele>320.53000000000003</ele>
   </trkpt>
   <trkpt lat="35.1982480097948" lon="-116.11461802197958">
    <ele>320.37000000000006</ele>
   </trkpt>
   <trkpt lat="35.19882601469031" lon="-116.11384603297243">
    <ele>319.78000000000003</ele>
   </trkpt>
   <trkpt lat="35.199404014686394" lon="-116.1130740329782">
    <ele>319.20000000000005</ele>
   </trkpt>
   <trkpt lat="35.19998200978286" lon="-116.11230202199661">
    <ele>318.75</ele>
   </trkpt>
   <trkpt lat="35.20056" lon="-116.11153000000002">
    <ele>317.52000000000004</ele>
   </trkpt>
   <trkpt lat="35.201015001596815" lon="-116.11090000357738">
    <ele>317.6</ele>
   </trkpt>
   <trkpt lat="35.20147" lon="-116.11027000000001">
    <ele>317.75</ele>
   </trkpt>
   <trkpt lat="35.202119742204516" lon="-116.10954533527185">
    <ele>317.75</ele>
   </trkpt>
   <trkpt lat="35.20276948009168" lon="-116.10882065894869">
    <ele>317.75</ele>
   </trkpt>
   <trkpt lat="35.203419213661334" lon="-116.10809597103015">
    <ele>317.75</ele>
   </trkpt>
   <trkpt lat="35.204068942913274" lon="-116.1073712715158">
    <ele>317.75</ele>
   </trkpt>
   <trkpt lat="35.204718667847345" lon="-116.10664656040528">
    <ele>298.28000000000003</ele>
   </trkpt>
   <trkpt lat="35.205368388463384" lon="-116.10592183769823">
    <ele>298.28000000000003</ele>
   </trkpt>
   <trkpt lat="35.2060181047612" lon="-116.10519710339423">
    <ele>298.28000000000003</ele>
   </trkpt>
   <trkpt lat="35.20666781674062" lon="-116.1044723574929">
    <ele>298.28000000000003</ele>
   </trkpt>
   <trkpt lat="35.207317524401475" lon="-116.10374759999384">
    <ele>298.28000000000003</ele>
   </trkpt>
   <trkpt lat="35.2079672277436" lon="-116.10302283089668">
    <ele>298.28000000000003</ele>
   </trkpt>
   <trkpt lat="35.20861692676683" lon="-116.10229805020103">
    <ele>298.28000000000003</ele>
   </trkpt>
   <trkpt lat="35.20926662147095" lon="-116.1015732579065">
    <ele>298.28000000000003</ele>
   </trkpt>
   <trkpt lat="35.209916311855835" lon="-116.10084845401268">
    <ele>298.28000000000003</ele>
   </trkpt>
   <trkpt lat="35.21056599792129" lon="-116.10012363851922">
    <ele>298.28000000000003</ele>
   </trkpt>
   <trkpt lat="35.21121567966714" lon="-116.09939881142571">
    <ele>288.82</ele>
   </trkpt>
   <trkpt lat="35.21186535709323" lon="-116.09867397273179">
    <ele>288.82</ele>
   </trkpt>
   <trkpt lat="35.21251503019935" lon="-116.09794912243702">
    <ele>288.82</ele>
   </trkpt>
   <trkpt lat="35.21316469898536" lon="-116.09722426054104">
    <ele>288.82</ele>
   </trkpt>
   <trkpt lat="35.21381436345108" lon="-116.09649938704348">
    <ele>288.82</ele>
   </trkpt>
   <trkpt lat="35.214464023596314" lon="-116.09577450194394">
    <ele>288.82</ele>
   </trkpt>
   <trkpt lat="35.21511367942093" lon="-116.095049605242">
    <ele>288.82</ele>
   </trkpt>
   <trkpt lat="35.21576333092472" lon="-116.0943246969373">
    <ele>288.82</ele>
   </trkpt>
   <trkpt lat="35.216412978107535" lon="-116.0935997770295">
    <ele>288.82</ele>
   </trkpt>
   <trkpt lat="35.21706262096918" lon="-116.09287484551814">
    <ele>288.82</ele>
   </trkpt>
   <trkpt lat="35.217712259509504" lon="-116.09214990240285">
    <ele>288.25</ele>
   </trkpt>
   <trkpt lat="35.21836189372832" lon="-116.09142494768327">
    <ele>288.25</ele>
   </trkpt>
   <trkpt lat="35.21901152362544" lon="-116.09069998135895">
    <ele>288.25</ele>
   </trkpt>
   <trkpt lat="35.21966114920073" lon="-116.08997500342956">
    <ele>288.25</ele>
   </trkpt>
   <trkpt lat="35.22031077045398" lon="-116.08925001389471">
    <ele>288.25</ele>
   </trkpt>
   <trkpt lat="35.22096038738504" lon="-116.088525012754">
    <ele>288.25</ele>
   </trkpt>
   <trkpt lat="35.221610000000005" lon="-116.08780000000002">
    <ele>288.25</ele>
   </trkpt>
   <trkpt lat="35.22225288529117" lon="-116.08707436045408">
    <ele>288.25</ele>
   </trkpt>
   <trkpt lat="35.22289576625227" lon="-116.08634870941147">
    <ele>288.25</ele>
   </trkpt>
   <trkpt lat="35.22353864288314" lon="-116.08562304687183">
    <ele>288.25</ele>
   </trkpt>
   <trkpt lat="35.22418151518362" lon="-116.0848973728348">
    <ele>285.95000000000005</ele>
   </trkpt>
   <trkpt lat="35.22482438315352" lon="-116.08417168729999">
    <ele>285.95000000000005</ele>
   </trkpt>
   <trkpt lat="35.22546724679268" lon="-116.08344599026705">
    <ele>285.95000000000005</ele>
   </trkpt>
   <trkpt lat="35.22611010610092" lon="-116.08272028173553">
    <ele>285.95000000000005</ele>
   </trkpt>
   <trkpt lat="35.226752961078084" lon="-116.08199456170512">
    <ele>285.95000000000005</ele>
   </trkpt>
   <trkpt lat="35.22739581172399" lon="-116.08126883017542">
    <ele>285.95000000000005</ele>
   </trkpt>
   <trkpt lat="35.22803865803846" lon="-116.08054308714601">
    <ele>285.95000000000005</ele>
   </trkpt>
   <trkpt lat="35.228681500021324" lon="-116.07981733261657">
    <ele>285.95000000000005</ele>
   </trkpt>
   <trkpt lat="35.229324337672416" lon="-116.07909156658674">
    <ele>285.95000000000005</ele>
   </trkpt>
   <trkpt lat="35.22996717099157" lon="-116.07836578905606">
    <ele>284.78000000000003</ele>
   </trkpt>
   <trkpt lat="35.230610000000006" lon="-116.07764000000002">
    <ele>284.78000000000003</ele>
   </trkpt>
   <trkpt lat="35.23127750618362" lon="-116.07693251745448">
    <ele>284.78000000000003</ele>
   </trkpt>
   <trkpt lat="35.23194500825071" lon="-116.07622502326679">
    <ele>284.78000000000003</ele>
   </trkpt>
   <trkpt lat="35.232612506201086" lon="-116.07551751743654">
    <ele>284.78000000000003</ele>
   </trkpt>
   <trkpt lat="35.23328" lon="-116.07481000000001">
    <ele>284.78000000000003</ele>
   </trkpt>
   <trkpt lat="35.23392000000873" lon="-116.07481999992126">
    <ele>284.78000000000003</ele>
   </trkpt>
   <trkpt lat="35.23456" lon="-116.07483">
    <ele>284.78000000000003</ele>
   </trkpt>
   <trkpt lat="35.235213333354544" lon="-116.07481333360131">
    <ele>284.56</ele>
   </trkpt>
   <trkpt lat="35.23586666670679" lon="-116.07479666693419">
    <ele>284.56</ele>
   </trkpt>
   <trkpt lat="35.236520000000006" lon="-116.07478">
    <ele>284.56</ele>
   </trkpt>
   <trkpt lat="35.237309999942234" lon="-116.07469000088697">
    <ele>284.56</ele>
   </trkpt>
   <trkpt lat="35.2381" lon="-116.0746">
    <ele>284.56</ele>
   </trkpt>
   <trkpt lat="35.2385" lon="-116.07457000000001">
    <ele>284.56</ele>
   </trkpt>
   <trkpt lat="35.239360000088666" lon="-116.07471999840877">
    <ele>284.56</ele>
   </trkpt>
   <trkpt lat="35.24022" lon="-116.07487">
    <ele>284.56</ele>
   </trkpt>
   <trkpt lat="35.240845000304176" lon="-116.07511499813434">
    <ele>284.56</ele>
   </trkpt>
   <trkpt lat="35.24147" lon="-116.07536">
    <ele>284.56</ele>
   </trkpt>
   <trkpt lat="35.241910000439155" lon="-116.07564999848806">
    <ele>287.36</ele>
   </trkpt>
   <trkpt lat="35.24235" lon="-116.07594">
    <ele>287.36</ele>
   </trkpt>
   <trkpt lat="35.24277499997383" lon="-116.07614499882963">
    <ele>287.36</ele>
   </trkpt>
   <trkpt lat="35.2432" lon="-116.07635">
    <ele>287.36</ele>
   </trkpt>
   <trkpt lat="35.24360000037519" lon="-116.07665999845533">
    <ele>287.36</ele>
   </trkpt>
   <trkpt lat="35.244" lon="-116.07697">
    <ele>287.36</ele>
   </trkpt>
   <trkpt lat="35.244690000000006" lon="-116.07711">
    <ele>287.36</ele>
   </trkpt>
   <trkpt lat="35.2455" lon="-116.07690000000001">
    <ele>287.36</ele>
   </trkpt>
   <trkpt lat="35.24637500000779" lon="-116.07682500081069">
    <ele>287.36</ele>
   </trkpt>
   <trkpt lat="35.24725" lon="-116.07675">
    <ele>287.36</ele>
   </trkpt>
   <trkpt lat="35.247940000089606" lon="-116.07666000229918">
    <ele>287.36</ele>
   </trkpt>
   <trkpt lat="35.24863000011259" lon="-116.07657000306651">
    <ele>287.36</ele>
   </trkpt>
   <trkpt lat="35.24932000006894" lon="-116.07648000230193">
    <ele>287.36</ele>
   </trkpt>
   <trkpt lat="35.25001" lon="-116.07639">
    <ele>290.66</ele>
   </trkpt>
   <trkpt lat="35.25061499981093" lon="-116.0763650001945">
    <ele>290.66</ele>
   </trkpt>
   <trkpt lat="35.25122" lon="-116.07634000000002">
    <ele>290.66</ele>
   </trkpt>
   <trkpt lat="35.252009999997476" lon="-116.07634666653671">
    <ele>290.66</ele>
   </trkpt>
   <trkpt lat="35.25279999999459" lon="-116.07635333320334">
    <ele>290.66</ele>
   </trkpt>
   <trkpt lat="35.25359" lon="-116.07636000000001">
    <ele>290.66</ele>
   </trkpt>
   <trkpt lat="35.25428500006676" lon="-116.07636000000001">
    <ele>290.66</ele>
   </trkpt>
   <trkpt lat="35.25498" lon="-116.07636000000001">
    <ele>290.66</ele>
   </trkpt>
   <trkpt lat="35.25563500001173" lon="-116.07628500060738">
    <ele>290.66</ele>
   </trkpt>
   <trkpt lat="35.25629" lon="-116.07621">
    <ele>290.66</ele>
   </trkpt>
   <trkpt lat="35.25701" lon="-116.07617">
    <ele>290.56000000000006</ele>
   </trkpt>
   <trkpt lat="35.25752000034148" lon="-116.07594500135703">
    <ele>290.56000000000006</ele>
   </trkpt>
   <trkpt lat="35.258030000000005" lon="-116.07572">
    <ele>290.56000000000006</ele>
   </trkpt>
   <trkpt lat="35.25858" lon="-116.07546">
    <ele>290.56000000000006</ele>
   </trkpt>
   <trkpt lat="35.25893000136225" lon="-116.07492500202788">
    <ele>290.52</ele>
   </trkpt>
   <trkpt lat="35.259280000000004" lon="-116.07439000000001">
    <ele>290.52</ele>
   </trkpt>
   <trkpt lat="35.25945" lon="-116.07416">
    <ele>290.52</ele>
   </trkpt>
   <trkpt lat="35.259570000000004" lon="-116.07406">
    <ele>290.52</ele>
   </trkpt>
   <trkpt lat="35.26021000011933" lon="-116.07414999930134">
    <ele>290.52</ele>
   </trkpt>
   <trkpt lat="35.260850000000005" lon="-116.07424">
    <ele>283.90999999999997</ele>
   </trkpt>
   <trkpt lat="35.26095" lon="-116.07424">
    <ele>283.90999999999997</ele>
   </trkpt>
   <trkpt lat="35.26104" lon="-116.0742">
    <ele>283.90999999999997</ele>
   </trkpt>
   <trkpt lat="35.261120000000005" lon="-116.07408000000001">
    <ele>283.90999999999997</ele>
   </trkpt>
   <trkpt lat="35.26117" lon="-116.07393">
    <ele>283.90999999999997</ele>
   </trkpt>
   <trkpt lat="35.26125000398835" lon="-116.07294500100684">
    <ele>283.90999999999997</ele>
   </trkpt>
   <trkpt lat="35.26133" lon="-116.07196">
    <ele>284.42</ele>
   </trkpt>
   <trkpt lat="35.26136" lon="-116.07178">
    <ele>284.52000000000004</ele>
   </trkpt>
   <trkpt lat="35.261570000000006" lon="-116.07142">
    <ele>284.27000000000004</ele>
   </trkpt>
   <trkpt lat="35.26165" lon="-116.07152">
    <ele>284.40999999999997</ele>
   </trkpt>
   <trkpt lat="35.26189" lon="-116.07176000000001">
    <ele>284.99</ele>
   </trkpt>
   <trkpt lat="35.26249500133323" lon="-116.07232999574127">
    <ele>285.54</ele>
   </trkpt>
   <trkpt lat="35.2631" lon="-116.0729">
    <ele>285.77000000000004</ele>
   </trkpt>
   <trkpt lat="35.26360333517719" lon="-116.07337332745345">
    <ele>286.24000000000007</ele>
   </trkpt>
   <trkpt lat="35.26410666851108" lon="-116.07384666078725">
    <ele>284.24000000000007</ele>
   </trkpt>
   <trkpt lat="35.264610000000005" lon="-116.07432000000001">
    <ele>283.62</ele>
   </trkpt>
   <trkpt lat="35.26500000060921" lon="-116.07466499844523">
    <ele>283.62</ele>
   </trkpt>
   <trkpt lat="35.265390000000004" lon="-116.07501">
    <ele>283.62</ele>
   </trkpt>
   <trkpt lat="35.265530000000005" lon="-116.07505">
    <ele>283.62</ele>
   </trkpt>
   <trkpt lat="35.266402500019886" lon="-116.07504500016142">
    <ele>281.51000000000005</ele>
   </trkpt>
   <trkpt lat="35.26727500003957" lon="-116.07504000021517">
    <ele>281.0</ele>
   </trkpt>
   <trkpt lat="35.26814750005904" lon="-116.07503500016121">
    <ele>280.65</ele>
   </trkpt>
   <trkpt lat="35.269020000000005" lon="-116.07503000000001">
    <ele>280.96000000000004</ele>
   </trkpt>
   <trkpt lat="35.269870000002676" lon="-116.07503333305353">
    <ele>281.34000000000003</ele>
   </trkpt>
   <trkpt lat="35.27072000000525" lon="-116.07503666617703">
    <ele>281.48</ele>
   </trkpt>
   <trkpt lat="35.27157000000771" lon="-116.07503999937043">
    <ele>281.71000000000004</ele>
   </trkpt>
   <trkpt lat="35.27242000001011" lon="-116.07504333263381">
    <ele>282.27000000000004</ele>
   </trkpt>
   <trkpt lat="35.27327000001241" lon="-116.07504666596714">
    <ele>283.3</ele>
   </trkpt>
   <trkpt lat="35.27412000001461" lon="-116.07504999937044">
    <ele>283.64</ele>
   </trkpt>
   <trkpt lat="35.274970000016715" lon="-116.0750533328437">
    <ele>283.98</ele>
   </trkpt>
   <trkpt lat="35.27582000001874" lon="-116.07505666638689">
    <ele>284.25</ele>
   </trkpt>
   <trkpt lat="35.27667" lon="-116.07506000000001">
    <ele>284.62000000000006</ele>
   </trkpt>
   <trkpt lat="35.277370000000005" lon="-116.07515000000001">
    <ele>284.7</ele>
   </trkpt>
   <trkpt lat="35.2777" lon="-116.07527">
    <ele>284.52000000000004</ele>
   </trkpt>
   <trkpt lat="35.278360000000006" lon="-116.07554">
    <ele>284.19</ele>
   </trkpt>
   <trkpt lat="35.27855" lon="-116.07527">
    <ele>284.19</ele>
   </trkpt>
   <trkpt lat="35.279030000000006" lon="-116.07478">
    <ele>284.19</ele>
   </trkpt>
   <trkpt lat="35.27929" lon="-116.07424">
    <ele>284.19</ele>
   </trkpt>
   <trkpt lat="35.27980224399614" lon="-116.07342670782444">
    <ele>284.19</ele>
   </trkpt>
   <trkpt lat="35.280314482549095" lon="-116.07261340536013">
    <ele>284.19</ele>
   </trkpt>
   <trkpt lat="35.28082671565871" lon="-116.07180009260678">
    <ele>284.19</ele>
   </trkpt>
   <trkpt lat="35.28133894332481" lon="-116.07098676956421">
    <ele>296.91</ele>
   </trkpt>
   <trkpt lat="35.2818511655472" lon="-116.07017343623225">
    <ele>296.91</ele>
   </trkpt>
   <trkpt lat="35.282363382325734" lon="-116.06936009261061">
    <ele>296.91</ele>
   </trkpt>
   <trkpt lat="35.28287559366025" lon="-116.0685467386991">
    <ele>296.91</ele>
   </trkpt>
   <trkpt lat="35.283387799550546" lon="-116.06773337449752">
    <ele>296.91</ele>
   </trkpt>
   <trkpt lat="35.2839" lon="-116.06692000000001">
    <ele>296.91</ele>
   </trkpt>
   <trkpt lat="35.28426333693182" lon="-116.06625667266114">
    <ele>298.05</ele>
   </trkpt>
   <trkpt lat="35.284626670242574" lon="-116.06559333936909">
    <ele>298.91</ele>
   </trkpt>
   <trkpt lat="35.28499" lon="-116.06493">
    <ele>299.87</ele>
   </trkpt>
   <trkpt lat="35.28548500305973" lon="-116.06406000541524">
    <ele>301.45000000000005</ele>
   </trkpt>
   <trkpt lat="35.28598" lon="-116.06319">
    <ele>302.98</ele>
   </trkpt>
   <trkpt lat="35.28627" lon="-116.06264000000002">
    <ele>304.25</ele>
   </trkpt>
   <trkpt lat="35.28632" lon="-116.06257000000001">
    <ele>304.25</ele>
   </trkpt>
   <trkpt lat="35.28678000244196" lon="-116.06180500429032">
    <ele>305.67</ele>
   </trkpt>
   <trkpt lat="35.287240000000004" lon="-116.06104">
    <ele>307.05</ele>
   </trkpt>
   <trkpt lat="35.28766000714163" lon="-116.06028001180802">
    <ele>308.76000000000005</ele>
   </trkpt>
   <trkpt lat="35.28808000952975" lon="-116.05952001573056">
    <ele>310.19</ele>
   </trkpt>
   <trkpt lat="35.28850000716424" lon="-116.05876001176746">
    <ele>311.45</ele>
   </trkpt>
   <trkpt lat="35.288920000000005" lon="-116.058">
    <ele>313.47</ele>
   </trkpt>
   <trkpt lat="35.28938000481306" lon="-116.05723334208689">
    <ele>315.09000000000003</ele>
   </trkpt>
   <trkpt lat="35.2898400047887" lon="-116.05646667546094">
    <ele>317.85</ele>
   </trkpt>
   <trkpt lat="35.2903" lon="-116.05570000000002">
    <ele>319.54</ele>
   </trkpt>
   <trkpt lat="35.2907340099626" lon="-116.05492201668594">
    <ele>321.15000000000003</ele>
   </trkpt>
   <trkpt lat="35.29116801494374" lon="-116.05414402502954">
    <ele>322.56</ele>
   </trkpt>
   <trkpt lat="35.291602014943265" lon="-116.05336602503075">
    <ele>324.56</ele>
   </trkpt>
   <trkpt lat="35.292036009961066" lon="-116.0525880166894">
    <ele>326.54</ele>
   </trkpt>
   <trkpt lat="35.29247" lon="-116.05181">
    <ele>328.41</ele>
   </trkpt>
   <trkpt lat="35.292900006922544" lon="-116.05106001199113">
    <ele>329.71</ele>
   </trkpt>
   <trkpt lat="35.29333000921555" lon="-116.0503100160137">
    <ele>330.89</ele>
   </trkpt>
   <trkpt lat="35.29376000687892" lon="-116.04956001206756">
    <ele>332.37000000000006</ele>
   </trkpt>
   <trkpt lat="35.29419" lon="-116.04881">
    <ele>334.51000000000005</ele>
   </trkpt>
   <trkpt lat="35.29460000179362" lon="-116.0481250036995">
    <ele>335.57000000000005</ele>
   </trkpt>
   <trkpt lat="35.295010000000005" lon="-116.04744000000001">
    <ele>337.23</ele>
   </trkpt>
   <trkpt lat="35.29544000720746" lon="-116.04667501222478">
    <ele>339.06</ele>
   </trkpt>
   <trkpt lat="35.295870009598204" lon="-116.0459100163208">
    <ele>340.6</ele>
   </trkpt>
   <trkpt lat="35.296300007172114" lon="-116.045145012288">
    <ele>342.55</ele>
   </trkpt>
   <trkpt lat="35.296730000000004" lon="-116.04438">
    <ele>344.97</ele>
   </trkpt>
   <trkpt lat="35.296985001028716" lon="-116.0438900014659">
    <ele>345.82</ele>
   </trkpt>
   <trkpt lat="35.29724" lon="-116.0434">
    <ele>347.34000000000003</ele>
   </trkpt>
   <trkpt lat="35.29735" lon="-116.04323000000001">
    <ele>347.90000000000003</ele>
   </trkpt>
   <trkpt lat="35.297560000000004" lon="-116.04283000000001">
    <ele>348.12000000000006</ele>
   </trkpt>
   <trkpt lat="35.29800000464324" lon="-116.04208000813277">
    <ele>349.56</ele>
   </trkpt>
   <trkpt lat="35.298440004656605" lon="-116.0413300081101">
    <ele>351.57000000000005</ele>
   </trkpt>
   <trkpt lat="35.298880000000004" lon="-116.04058">
    <ele>353.87</ele>
   </trkpt>
   <trkpt lat="35.29922500125127" lon="-116.04001500251113">
    <ele>356.22</ele>
   </trkpt>
   <trkpt lat="35.29957" lon="-116.03945000000002">
    <ele>358.55</ele>
   </trkpt>
   <trkpt lat="35.299800000000005" lon="-116.03901">
    <ele>358.76</ele>
   </trkpt>
   <trkpt lat="35.30026000272234" lon="-116.03821000439402">
    <ele>358.83000000000004</ele>
   </trkpt>
   <trkpt lat="35.300720000000005" lon="-116.03741000000001">
    <ele>362.00000000000006</ele>
   </trkpt>
   <trkpt lat="35.301140000000004" lon="-116.03664">
    <ele>363.34000000000003</ele>
   </trkpt>
   <trkpt lat="35.30154500186449" lon="-116.03596500339631">
    <ele>364.47</ele>
   </trkpt>
   <trkpt lat="35.301950000000005" lon="-116.03529">
    <ele>366.09000000000003</ele>
   </trkpt>
   <trkpt lat="35.302110000000006" lon="-116.03493">
    <ele>368.25</ele>
   </trkpt>
   <trkpt lat="35.302200000000006" lon="-116.03466000000002">
    <ele>369.07</ele>
   </trkpt>
   <trkpt lat="35.302170000000004" lon="-116.03474000000001">
    <ele>368.86</ele>
   </trkpt>
   <trkpt lat="35.302530000000004" lon="-116.03377">
    <ele>370.24</ele>
   </trkpt>
   <trkpt lat="35.302690000000005" lon="-116.03337">
    <ele>370.47</ele>
   </trkpt>
   <trkpt lat="35.302890000000005" lon="-116.03296">
    <ele>371.42</ele>
   </trkpt>
   <trkpt lat="35.303000000000004" lon="-116.03279">
    <ele>371.73</ele>
   </trkpt>
   <trkpt lat="35.30328" lon="-116.03251000000002">
    <ele>373.31</ele>
   </trkpt>
   <trkpt lat="35.303380000000004" lon="-116.03238">
    <ele>373.41</ele>
   </trkpt>
   <trkpt lat="35.30344" lon="-116.03234">
    <ele>373.49</ele>
   </trkpt>
   <trkpt lat="35.303610000000006" lon="-116.03216">
    <ele>374.23</ele>
   </trkpt>
   <trkpt lat="35.303940000000004" lon="-116.03171">
    <ele>376.73</ele>
   </trkpt>
   <trkpt lat="35.30418" lon="-116.03126">
    <ele>377.35</ele>
   </trkpt>
   <trkpt lat="35.3044" lon="-116.03068">
    <ele>379.34</ele>
   </trkpt>
   <trkpt lat="35.304520000000004" lon="-116.03041">
    <ele>380.01</ele>
   </trkpt>
   <trkpt lat="35.304750000000006" lon="-116.03005">
    <ele>380.77000000000004</ele>
   </trkpt>
   <trkpt lat="35.305080000000004" lon="-116.02962000000001">
    <ele>381.62</ele>
   </trkpt>
   <trkpt lat="35.30556" lon="-116.02890000000001">
    <ele>383.28000000000003</ele>
   </trkpt>
   <trkpt lat="35.30599" lon="-116.02817">
    <ele>384.82000000000005</ele>
   </trkpt>
   <trkpt lat="35.30642000514485" lon="-116.02738000838426">
    <ele>387.09000000000003</ele>
   </trkpt>
   <trkpt lat="35.30685000515229" lon="-116.02659000837073">
    <ele>390.26000000000005</ele>
   </trkpt>
   <trkpt lat="35.307280000000006" lon="-116.0258">
    <ele>392.1000000000001</ele>
   </trkpt>
   <trkpt lat="35.307500000000005" lon="-116.02544">
    <ele>392.58000000000004</ele>
   </trkpt>
   <trkpt lat="35.30774" lon="-116.02510000000001">
    <ele>394.04</ele>
   </trkpt>
   <trkpt lat="35.30812" lon="-116.02428">
    <ele>396.11</ele>
   </trkpt>
   <trkpt lat="35.308530000000005" lon="-116.02371000000001">
    <ele>397.62</ele>
   </trkpt>
   <trkpt lat="35.30865" lon="-116.02339">
    <ele>398.97</ele>
   </trkpt>
   <trkpt lat="35.30872" lon="-116.02289">
    <ele>401.44</ele>
   </trkpt>
   <trkpt lat="35.30879" lon="-116.02266000000002">
    <ele>403.0</ele>
   </trkpt>
   <trkpt lat="35.309110000000004" lon="-116.02232000000001">
    <ele>403.91</ele>
   </trkpt>
   <trkpt lat="35.30951" lon="-116.02199">
    <ele>405.96000000000004</ele>
   </trkpt>
   <trkpt lat="35.309650000000005" lon="-116.02178">
    <ele>406.51000000000005</ele>
   </trkpt>
   <trkpt lat="35.30997" lon="-116.02120000000001">
    <ele>407.82</ele>
   </trkpt>
   <trkpt lat="35.31036" lon="-116.02056">
    <ele>409.88</ele>
   </trkpt>
   <trkpt lat="35.31042" lon="-116.02040000000001">
    <ele>410.11</ele>
   </trkpt>
   <trkpt lat="35.31083333817777" lon="-116.0196333411579">
    <ele>412.6</ele>
   </trkpt>
   <trkpt lat="35.311246671516855" lon="-116.01886667448072">
    <ele>415.2</ele>
   </trkpt>
   <trkpt lat="35.31166" lon="-116.0181">
    <ele>418.19000000000005</ele>
   </trkpt>
   <trkpt lat="35.311910000000005" lon="-116.01774">
    <ele>419.46000000000004</ele>
   </trkpt>
   <trkpt lat="35.31232667069052" lon="-116.0170400072288">
    <ele>421.50000000000006</ele>
   </trkpt>
   <trkpt lat="35.312743337347186" lon="-116.01634000724567">
    <ele>424.15000000000003</ele>
   </trkpt>
   <trkpt lat="35.31316" lon="-116.01564">
    <ele>426.51000000000005</ele>
   </trkpt>
   <trkpt lat="35.31359750717812" lon="-116.0148775123763">
    <ele>428.28000000000003</ele>
   </trkpt>
   <trkpt lat="35.3140350095699" lon="-116.0141150165036">
    <ele>430.42</ele>
   </trkpt>
   <trkpt lat="35.3144725071752" lon="-116.01335251238174">
    <ele>432.38000000000005</ele>
   </trkpt>
   <trkpt lat="35.314910000000005" lon="-116.01259">
    <ele>434.74</ele>
   </trkpt>
   <trkpt lat="35.31525500144813" lon="-116.0120100023676">
    <ele>436.81</ele>
   </trkpt>
   <trkpt lat="35.3156" lon="-116.01143">
    <ele>437.42</ele>
   </trkpt>
   <trkpt lat="35.316037507618724" lon="-116.01064501272403">
    <ele>439.70000000000005</ele>
   </trkpt>
   <trkpt lat="35.316475010164304" lon="-116.00986001695485">
    <ele>441.78000000000003</ele>
   </trkpt>
   <trkpt lat="35.31691250763659" lon="-116.00907501269235">
    <ele>444.49000000000007</ele>
   </trkpt>
   <trkpt lat="35.317350000000005" lon="-116.00829000000002">
    <ele>446.20000000000005</ele>
   </trkpt>
   <trkpt lat="35.31773500225733" lon="-116.00755500343524">
    <ele>448.18</ele>
   </trkpt>
   <trkpt lat="35.31812" lon="-116.00682">
    <ele>450.63</ele>
   </trkpt>
   <trkpt lat="35.318690000000004" lon="-116.00597">
    <ele>452.13</ele>
   </trkpt>
   <trkpt lat="35.318925001085475" lon="-116.00547500127671">
    <ele>455.90000000000003</ele>
   </trkpt>
   <trkpt lat="35.319160000000004" lon="-116.00498">
    <ele>457.28000000000003</ele>
   </trkpt>
   <trkpt lat="35.319410000000005" lon="-116.00455000000001">
    <ele>458.69000000000005</ele>
   </trkpt>
   <trkpt lat="35.31982" lon="-116.00370000000001">
    <ele>461.37000000000006</ele>
   </trkpt>
   <trkpt lat="35.32018500132997" lon="-116.00313000258467">
    <ele>463.62</ele>
   </trkpt>
   <trkpt lat="35.320550000000004" lon="-116.00256">
    <ele>465.53000000000003</ele>
   </trkpt>
   <trkpt lat="35.32085500126117" lon="-116.00202500187264">
    <ele>467.21</ele>
   </trkpt>
   <trkpt lat="35.321160000000006" lon="-116.00149">
    <ele>468.87000000000006</ele>
   </trkpt>
   <trkpt lat="35.32133" lon="-116.00113">
    <ele>469.73</ele>
   </trkpt>
   <trkpt lat="35.3216200010676" lon="-116.00064000162364">
    <ele>471.53000000000003</ele>
   </trkpt>
   <trkpt lat="35.32191" lon="-116.00015">
    <ele>473.79</ele>
   </trkpt>
   <trkpt lat="35.32213" lon="-115.99971000000001">
    <ele>475.06</ele>
   </trkpt>
   <trkpt lat="35.322583338661154" lon="-115.99890334243203">
    <ele>477.31</ele>
   </trkpt>
   <trkpt lat="35.32303667196474" lon="-115.9980966758184">
    <ele>480.45000000000005</ele>
   </trkpt>
   <trkpt lat="35.32349" lon="-115.99729">
    <ele>482.49</ele>
   </trkpt>
   <trkpt lat="35.323600000000006" lon="-115.99719">
    <ele>482.84000000000003</ele>
   </trkpt>
   <trkpt lat="35.32367" lon="-115.99697">
    <ele>483.15000000000003</ele>
   </trkpt>
   <trkpt lat="35.32417000299156" lon="-115.99611500531832">
    <ele>486.16</ele>
   </trkpt>
   <trkpt lat="35.324670000000005" lon="-115.99526000000002">
    <ele>489.75</ele>
   </trkpt>
   <trkpt lat="35.32502667022821" lon="-115.99460667234507">
    <ele>492.17</ele>
   </trkpt>
   <trkpt lat="35.325383336941954" lon="-115.9939533389256">
    <ele>494.75</ele>
   </trkpt>
   <trkpt lat="35.32574" lon="-115.9933">
    <ele>497.25</ele>
   </trkpt>
   <trkpt lat="35.32621224491013" lon="-115.99247003878878">
    <ele>500.26000000000005</ele>
   </trkpt>
   <trkpt lat="35.32668448414844" lon="-115.99164006788115">
    <ele>503.33000000000004</ele>
   </trkpt>
   <trkpt lat="35.327156717714765" lon="-115.99081008727694">
    <ele>507.13000000000005</ele>
   </trkpt>
   <trkpt lat="35.32762894560896" lon="-115.98998009697598">
    <ele>509.3500000000001</ele>
   </trkpt>
   <trkpt lat="35.32810116783083" lon="-115.98915009697812">
    <ele>513.51</ele>
   </trkpt>
   <trkpt lat="35.32857338438023" lon="-115.98832008728318">
    <ele>517.29</ele>
   </trkpt>
   <trkpt lat="35.329045595256986" lon="-115.98749006789099">
    <ele>520.51</ele>
   </trkpt>
   <trkpt lat="35.32951780046093" lon="-115.98666003880139">
    <ele>524.5300000000001</ele>
   </trkpt>
   <trkpt lat="35.32999" lon="-115.98583">
    <ele>528.25</ele>
   </trkpt>
   <trkpt lat="35.33008" lon="-115.98570000000001">
    <ele>528.64</ele>
   </trkpt>
   <trkpt lat="35.330425001354705" lon="-115.98511000265243">
    <ele>530.86</ele>
   </trkpt>
   <trkpt lat="35.33077" lon="-115.98452">
    <ele>534.27</ele>
   </trkpt>
   <trkpt lat="35.3310650012856" lon="-115.98396000205432">
    <ele>538.4300000000001</ele>
   </trkpt>
   <trkpt lat="35.331360000000004" lon="-115.9834">
    <ele>540.78</ele>
   </trkpt>
   <trkpt lat="35.33169" lon="-115.98264">
    <ele>542.61</ele>
   </trkpt>
   <trkpt lat="35.3318" lon="-115.98246">
    <ele>543.44</ele>
   </trkpt>
   <trkpt lat="35.33223" lon="-115.98189">
    <ele>545.36</ele>
   </trkpt>
   <trkpt lat="35.3324" lon="-115.98162">
    <ele>546.54</ele>
   </trkpt>
   <trkpt lat="35.332740001415246" lon="-115.9810350024502">
    <ele>548.61</ele>
   </trkpt>
   <trkpt lat="35.33308" lon="-115.98045">
    <ele>551.1</ele>
   </trkpt>
   <trkpt lat="35.33312" lon="-115.98033000000001">
    <ele>551.37</ele>
   </trkpt>
   <trkpt lat="35.333200000000005" lon="-115.98024000000001">
    <ele>552.84</ele>
   </trkpt>
   <trkpt lat="35.33344" lon="-115.97978">
    <ele>554.7800000000001</ele>
   </trkpt>
   <trkpt lat="35.33373" lon="-115.97911">
    <ele>558.8700000000001</ele>
   </trkpt>
   <trkpt lat="35.334030000000006" lon="-115.97857">
    <ele>560.7500000000001</ele>
   </trkpt>
   <trkpt lat="35.334230000000005" lon="-115.97800000000001">
    <ele>562.11</ele>
   </trkpt>
   <trkpt lat="35.33428" lon="-115.97791000000001">
    <ele>562.97</ele>
   </trkpt>
   <trkpt lat="35.33456" lon="-115.97771000000002">
    <ele>564.69</ele>
   </trkpt>
   <trkpt lat="35.334740000000004" lon="-115.97749">
    <ele>565.6800000000001</ele>
   </trkpt>
   <trkpt lat="35.33484" lon="-115.97727">
    <ele>567.58</ele>
   </trkpt>
   <trkpt lat="35.33522" lon="-115.97664">
    <ele>569.8199999999999</ele>
   </trkpt>
   <trkpt lat="35.335370000000005" lon="-115.97646">
    <ele>570.8199999999999</ele>
   </trkpt>
   <trkpt lat="35.33558" lon="-115.97624">
    <ele>572.11</ele>
   </trkpt>
   <trkpt lat="35.33567" lon="-115.9761">
    <ele>573.22</ele>
   </trkpt>
   <trkpt lat="35.335750000000004" lon="-115.97593">
    <ele>573.6</ele>
   </trkpt>
   <trkpt lat="35.335930000000005" lon="-115.97543">
    <ele>574.8100000000001</ele>
   </trkpt>
   <trkpt lat="35.3361" lon="-115.97504">
    <ele>576.48</ele>
   </trkpt>
   <trkpt lat="35.336395001029715" lon="-115.97455000172042">
    <ele>577.6300000000001</ele>
   </trkpt>
   <trkpt lat="35.336690000000004" lon="-115.97406000000001">
    <ele>579.5100000000001</ele>
   </trkpt>
   <trkpt lat="35.33694500090138" lon="-115.97358000160365">
    <ele>581.4100000000001</ele>
   </trkpt>
   <trkpt lat="35.3372" lon="-115.97310000000002">
    <ele>583.5</ele>
   </trkpt>
   <trkpt lat="35.337470000858204" lon="-115.97263500160894">
    <ele>585.4100000000001</ele>
   </trkpt>
   <trkpt lat="35.337740000000004" lon="-115.97217">
    <ele>587.59</ele>
   </trkpt>
   <trkpt lat="35.337860000000006" lon="-115.97194">
    <ele>588.01</ele>
   </trkpt>
   <trkpt lat="35.33796" lon="-115.97131">
    <ele>590.1500000000001</ele>
   </trkpt>
   <trkpt lat="35.33807" lon="-115.97108000000001">
    <ele>590.8100000000001</ele>
   </trkpt>
   <trkpt lat="35.33869" lon="-115.97039000000001">
    <ele>594.13</ele>
   </trkpt>
   <trkpt lat="35.33899" lon="-115.97001000000002">
    <ele>596.5500000000001</ele>
   </trkpt>
   <trkpt lat="35.339510000000004" lon="-115.96917">
    <ele>600.01</ele>
   </trkpt>
   <trkpt lat="35.34013" lon="-115.96858">
    <ele>603.9300000000001</ele>
   </trkpt>
   <trkpt lat="35.340310001068815" lon="-115.96806500121387">
    <ele>604.5</ele>
   </trkpt>
   <trkpt lat="35.34049" lon="-115.96755">
    <ele>605.28</ele>
   </trkpt>
   <trkpt lat="35.34091000595724" lon="-115.96670000882212">
    <ele>607.35</ele>
   </trkpt>
   <trkpt lat="35.341330005964544" lon="-115.96585000880748">
    <ele>611.02</ele>
   </trkpt>
   <trkpt lat="35.341750000000005" lon="-115.965">
    <ele>613.77</ele>
   </trkpt>
   <trkpt lat="35.342110000000005" lon="-115.9642">
    <ele>615.36</ele>
   </trkpt>
   <trkpt lat="35.34255500785398" lon="-115.96340251318244">
    <ele>617.89</ele>
   </trkpt>
   <trkpt lat="35.34300001047025" lon="-115.96260501757992">
    <ele>618.7900000000001</ele>
   </trkpt>
   <trkpt lat="35.34344500784869" lon="-115.9618075131923">
    <ele>621.53</ele>
   </trkpt>
   <trkpt lat="35.34389" lon="-115.96101000000002">
    <ele>624.9100000000001</ele>
   </trkpt>
   <trkpt lat="35.344120000000004" lon="-115.96075">
    <ele>626.19</ele>
   </trkpt>
   <trkpt lat="35.34433" lon="-115.96057">
    <ele>626.8800000000001</ele>
   </trkpt>
   <trkpt lat="35.344550000000005" lon="-115.96021">
    <ele>627.72</ele>
   </trkpt>
   <trkpt lat="35.34490667035911" lon="-115.95954000592457">
    <ele>629.87</ele>
   </trkpt>
   <trkpt lat="35.34526333702123" lon="-115.95887000593316">
    <ele>632.48</ele>
   </trkpt>
   <trkpt lat="35.345620000000004" lon="-115.9582">
    <ele>635.2500000000001</ele>
   </trkpt>
   <trkpt lat="35.34600800996843" lon="-115.95742201495005">
    <ele>638.8000000000001</ele>
   </trkpt>
   <trkpt lat="35.34639601495198" lon="-115.95664402242673">
    <ele>642.4200000000001</ele>
   </trkpt>
   <trkpt lat="35.34678401495054" lon="-115.95586602242992">
    <ele>645.66</ele>
   </trkpt>
   <trkpt lat="35.347172009964034" lon="-115.95508801495953">
    <ele>649.4000000000001</ele>
   </trkpt>
   <trkpt lat="35.34756" lon="-115.95431">
    <ele>653.75</ele>
   </trkpt>
   <trkpt lat="35.348080002735735" lon="-115.95350000516149">
    <ele>657.69</ele>
   </trkpt>
   <trkpt lat="35.348600000000005" lon="-115.95269">
    <ele>662.37</ele>
   </trkpt>
   <trkpt lat="35.34898500080001" lon="-115.95226500196367">
    <ele>666.33</ele>
   </trkpt>
   <trkpt lat="35.34937" lon="-115.95184">
    <ele>669.1800000000001</ele>
   </trkpt>
   <trkpt lat="35.349856295618416" lon="-115.95098070260822">
    <ele>674.69</ele>
   </trkpt>
   <trkpt lat="35.35034258515521" lon="-115.95012139486954">
    <ele>679.18</ele>
   </trkpt>
   <trkpt lat="35.35082886861019" lon="-115.9492620767838">
    <ele>684.95</ele>
   </trkpt>
   <trkpt lat="35.3513151459832" lon="-115.9484027483508">
    <ele>690.34</ele>
   </trkpt>
   <trkpt lat="35.35180141727403" lon="-115.94754340957039">
    <ele>694.74</ele>
   </trkpt>
   <trkpt lat="35.352287682482526" lon="-115.94668406044235">
    <ele>699.9200000000001</ele>
   </trkpt>
   <trkpt lat="35.35277394160848" lon="-115.94582470096653">
    <ele>704.3000000000001</ele>
   </trkpt>
   <trkpt lat="35.35326019465172" lon="-115.94496533114274">
    <ele>709.58</ele>
   </trkpt>
   <trkpt lat="35.353746441612074" lon="-115.94410595097078">
    <ele>714.8100000000001</ele>
   </trkpt>
   <trkpt lat="35.354232682489325" lon="-115.9432465604505">
    <ele>720.3600000000001</ele>
   </trkpt>
   <trkpt lat="35.35471891728332" lon="-115.9423871595817">
    <ele>724.84</ele>
   </trkpt>
   <trkpt lat="35.355205145993885" lon="-115.94152774836422">
    <ele>728.59</ele>
   </trkpt>
   <trkpt lat="35.3556913686208" lon="-115.9406683267978">
    <ele>732.9100000000001</ele>
   </trkpt>
   <trkpt lat="35.35617758516392" lon="-115.93980889488239">
    <ele>737.97</ele>
   </trkpt>
   <trkpt lat="35.356663795623035" lon="-115.93894945261769">
    <ele>741.0500000000001</ele>
   </trkpt>
   <trkpt lat="35.357150000000004" lon="-115.93809">
    <ele>744.48</ele>
   </trkpt>
   <trkpt lat="35.357850000000006" lon="-115.93747">
    <ele>750.82</ele>
   </trkpt>
   <trkpt lat="35.358290000000004" lon="-115.93724">
    <ele>752.2800000000001</ele>
   </trkpt>
   <trkpt lat="35.35835" lon="-115.93695000000001">
    <ele>754.3100000000001</ele>
   </trkpt>
   <trkpt lat="35.35833" lon="-115.93663000000001">
    <ele>753.74</ele>
   </trkpt>
   <trkpt lat="35.35793500257287" lon="-115.9358399961406">
    <ele>751.29</ele>
   </trkpt>
   <trkpt lat="35.35754" lon="-115.93505">
    <ele>747.57</ele>
   </trkpt>
   <trkpt lat="35.35763" lon="-115.9346">
    <ele>746.63</ele>
   </trkpt>
   <trkpt lat="35.358410001064925" lon="-115.93410500474621">
    <ele>751.62</ele>
   </trkpt>
   <trkpt lat="35.359190000000005" lon="-115.93361000000002">
    <ele>756.44</ele>
   </trkpt>
   <trkpt lat="35.35975000008151" lon="-115.93336500177173">
    <ele>759.33</ele>
   </trkpt>
   <trkpt lat="35.360310000000005" lon="-115.93312">
    <ele>763.4399999999999</ele>
   </trkpt>
   <trkpt lat="35.36081" lon="-115.93306000000001">
    <ele>766.6200000000001</ele>
   </trkpt>
   <trkpt lat="35.36093" lon="-115.93286">
    <ele>768.0</ele>
   </trkpt>
   <trkpt lat="35.36139" lon="-115.93268">
    <ele>769.7100000000002</ele>
   </trkpt>
   <trkpt lat="35.36164" lon="-115.93236">
    <ele>770.1000000000001</ele>
   </trkpt>
   <trkpt lat="35.361560000000004" lon="-115.93166000000001">
    <ele>771.12</ele>
   </trkpt>
   <trkpt lat="35.361810000000006" lon="-115.93133">
    <ele>771.2</ele>
   </trkpt>
   <trkpt lat="35.36175" lon="-115.93098">
    <ele>769.95</ele>
   </trkpt>
   <trkpt lat="35.36122" lon="-115.93057">
    <ele>766.38</ele>
   </trkpt>
   <trkpt lat="35.36106" lon="-115.93045000000001">
    <ele>765.73</ele>
   </trkpt>
   <trkpt lat="35.36106" lon="-115.93013">
    <ele>765.6800000000001</ele>
   </trkpt>
   <trkpt lat="35.36155" lon="-115.92929000000001">
    <ele>766.2500000000001</ele>
   </trkpt>
   <trkpt lat="35.361540000000005" lon="-115.92915">
    <ele>765.6500000000001</ele>
   </trkpt>
   <trkpt lat="35.36102" lon="-115.92865">
    <ele>760.61</ele>
   </trkpt>
   <trkpt lat="35.361110000000004" lon="-115.92833">
    <ele>761.5500000000001</ele>
   </trkpt>
   <trkpt lat="35.361340000000006" lon="-115.92798">
    <ele>762.72</ele>
   </trkpt>
   <trkpt lat="35.36195999996537" lon="-115.92780000143107">
    <ele>767.97</ele>
   </trkpt>
   <trkpt lat="35.36258" lon="-115.92762">
    <ele>772.82</ele>
   </trkpt>
   <trkpt lat="35.36267" lon="-115.92750000000001">
    <ele>773.4200000000001</ele>
   </trkpt>
   <trkpt lat="35.36299" lon="-115.9273">
    <ele>775.4000000000001</ele>
   </trkpt>
   <trkpt lat="35.36330000086935" lon="-115.92683000186611">
    <ele>775.5400000000001</ele>
   </trkpt>
   <trkpt lat="35.36361" lon="-115.92636">
    <ele>776.3800000000001</ele>
   </trkpt>
   <trkpt lat="35.36389500164313" lon="-115.92571000251604">
    <ele>776.7600000000001</ele>
   </trkpt>
   <trkpt lat="35.364180000000005" lon="-115.92506000000002">
    <ele>776.75</ele>
   </trkpt>
   <trkpt lat="35.36463000258" lon="-115.92426500447256">
    <ele>781.32</ele>
   </trkpt>
   <trkpt lat="35.365080000000006" lon="-115.92347000000001">
    <ele>781.6700000000001</ele>
   </trkpt>
   <trkpt lat="35.365490001364805" lon="-115.92291000274432">
    <ele>784.1300000000001</ele>
   </trkpt>
   <trkpt lat="35.3659" lon="-115.92235000000001">
    <ele>785.1300000000001</ele>
   </trkpt>
   <trkpt lat="35.366460003042576" lon="-115.92149000597193">
    <ele>787.2500000000001</ele>
   </trkpt>
   <trkpt lat="35.367020000000004" lon="-115.92063">
    <ele>789.71</ele>
   </trkpt>
   <trkpt lat="35.3674800025273" lon="-115.9198500044089">
    <ele>792.4000000000001</ele>
   </trkpt>
   <trkpt lat="35.367940000000004" lon="-115.91907">
    <ele>795.76</ele>
   </trkpt>
   <trkpt lat="35.36768" lon="-115.91847000000001">
    <ele>793.9600000000002</ele>
   </trkpt>
   <trkpt lat="35.368050000000004" lon="-115.91826">
    <ele>793.9600000000002</ele>
   </trkpt>
   <trkpt lat="35.36838" lon="-115.91813">
    <ele>793.9600000000002</ele>
   </trkpt>
   <trkpt lat="35.368995000232914" lon="-115.9179500013424">
    <ele>793.9600000000002</ele>
   </trkpt>
   <trkpt lat="35.36961" lon="-115.91777">
    <ele>793.9600000000002</ele>
   </trkpt>
   <trkpt lat="35.37036500004575" lon="-115.91772500041873">
    <ele>793.9600000000002</ele>
   </trkpt>
   <trkpt lat="35.371120000000005" lon="-115.91768">
    <ele>793.9600000000002</ele>
   </trkpt>
   <trkpt lat="35.371600000270604" lon="-115.91741000162249">
    <ele>793.9600000000002</ele>
   </trkpt>
   <trkpt lat="35.372080000000004" lon="-115.91714">
    <ele>829.34</ele>
   </trkpt>
   <trkpt lat="35.37265333472917" lon="-115.9167233392785">
    <ele>829.34</ele>
   </trkpt>
   <trkpt lat="35.37322666802807" lon="-115.91630667263695">
    <ele>829.34</ele>
   </trkpt>
   <trkpt lat="35.3738" lon="-115.91589">
    <ele>829.34</ele>
   </trkpt>
   <trkpt lat="35.37425" lon="-115.91562">
    <ele>829.34</ele>
   </trkpt>
   <trkpt lat="35.37494000191392" lon="-115.91513000842505">
    <ele>829.34</ele>
   </trkpt>
   <trkpt lat="35.37563000184975" lon="-115.91464000847076">
    <ele>829.34</ele>
   </trkpt>
   <trkpt lat="35.37632" lon="-115.91415">
    <ele>829.34</ele>
   </trkpt>
   <trkpt lat="35.3769666679135" lon="-115.9137600062548">
    <ele>829.34</ele>
   </trkpt>
   <trkpt lat="35.3776133345739" lon="-115.91337000625867">
    <ele>829.34</ele>
   </trkpt>
   <trkpt lat="35.378260000000004" lon="-115.91298">
    <ele>846.8800000000001</ele>
   </trkpt>
   <trkpt lat="35.378826667141084" lon="-115.91272667024934">
    <ele>846.8800000000001</ele>
   </trkpt>
   <trkpt lat="35.379393333753406" lon="-115.91247333694035">
    <ele>846.8800000000001</ele>
   </trkpt>
   <trkpt lat="35.379960000000004" lon="-115.91222">
    <ele>846.8800000000001</ele>
   </trkpt>
   <trkpt lat="35.38017" lon="-115.91221000000002">
    <ele>846.8800000000001</ele>
   </trkpt>
   <trkpt lat="35.38035" lon="-115.91204">
    <ele>846.8800000000001</ele>
   </trkpt>
   <trkpt lat="35.38116333437838" lon="-115.91181501134088">
    <ele>846.8800000000001</ele>
   </trkpt>
   <trkpt lat="35.38197666833968" lon="-115.91159001814546">
    <ele>846.8800000000001</ele>
   </trkpt>
   <trkpt lat="35.38279000188388" lon="-115.91136502041354">
    <ele>846.8800000000001</ele>
   </trkpt>
   <trkpt lat="35.38360333501095" lon="-115.91114001814479">
    <ele>870.4200000000001</ele>
   </trkpt>
   <trkpt lat="35.38441666772088" lon="-115.91091501133914">
    <ele>870.4200000000001</ele>
   </trkpt>
   <trkpt lat="35.38523" lon="-115.91069">
    <ele>870.4200000000001</ele>
   </trkpt>
   <trkpt lat="35.38557" lon="-115.91066000000001">
    <ele>870.4200000000001</ele>
   </trkpt>
   <trkpt lat="35.385760000000005" lon="-115.91054000000001">
    <ele>870.4200000000001</ele>
   </trkpt>
   <trkpt lat="35.386030000000005" lon="-115.90998">
    <ele>870.4200000000001</ele>
   </trkpt>
   <trkpt lat="35.38672000110747" lon="-115.909485004164">
    <ele>870.4200000000001</ele>
   </trkpt>
   <trkpt lat="35.38741" lon="-115.90899">
    <ele>870.4200000000001</ele>
   </trkpt>
   <trkpt lat="35.38775000150678" lon="-115.90839000248754">
    <ele>870.4200000000001</ele>
   </trkpt>
   <trkpt lat="35.388090000000005" lon="-115.90779">
    <ele>899.4000000000001</ele>
   </trkpt>
   <trkpt lat="35.38817000251308" lon="-115.9070050010316">
    <ele>899.4000000000001</ele>
   </trkpt>
   <trkpt lat="35.388250000000006" lon="-115.90622">
    <ele>899.4000000000001</ele>
   </trkpt>
   <trkpt lat="35.388155002386824" lon="-115.9054649994151">
    <ele>899.4000000000001</ele>
   </trkpt>
   <trkpt lat="35.38806" lon="-115.90471000000001">
    <ele>899.4000000000001</ele>
   </trkpt>
   <trkpt lat="35.387980000000006" lon="-115.90376">
    <ele>900.0500000000001</ele>
   </trkpt>
   <trkpt lat="35.38761000154333" lon="-115.90315499728248">
    <ele>902.9800000000001</ele>
   </trkpt>
   <trkpt lat="35.387240000000006" lon="-115.90255">
    <ele>904.6800000000001</ele>
   </trkpt>
   <trkpt lat="35.386976672054566" lon="-115.90174332814625">
    <ele>907.4700000000001</ele>
   </trkpt>
   <trkpt lat="35.386713338747285" lon="-115.90093666155944">
    <ele>909.34</ele>
   </trkpt>
   <trkpt lat="35.38645" lon="-115.90013">
    <ele>910.7</ele>
   </trkpt>
   <trkpt lat="35.38622" lon="-115.89907000000001">
    <ele>912.69</ele>
   </trkpt>
   <trkpt lat="35.38609" lon="-115.89862000000001">
    <ele>913.6800000000001</ele>
   </trkpt>
   <trkpt lat="35.385720000000006" lon="-115.89776">
    <ele>916.54</ele>
   </trkpt>
   <trkpt lat="35.38555" lon="-115.89753">
    <ele>915.7</ele>
   </trkpt>
   <trkpt lat="35.38515" lon="-115.89668">
    <ele>915.7</ele>
   </trkpt>
   <trkpt lat="35.38481" lon="-115.89574">
    <ele>915.7</ele>
   </trkpt>
   <trkpt lat="35.3844" lon="-115.89513000000001">
    <ele>913.8100000000001</ele>
   </trkpt>
   <trkpt lat="35.38423" lon="-115.89476">
    <ele>913.8100000000001</ele>
   </trkpt>
   <trkpt lat="35.384080000000004" lon="-115.89449">
    <ele>913.8100000000001</ele>
   </trkpt>
   <trkpt lat="35.38377000086072" lon="-115.8940499983988">
    <ele>913.8100000000001</ele>
   </trkpt>
   <trkpt lat="35.38346" lon="-115.89361000000001">
    <ele>913.8100000000001</ele>
   </trkpt>
   <trkpt lat="35.38299" lon="-115.8931">
    <ele>913.8100000000001</ele>
   </trkpt>
   <trkpt lat="35.38271" lon="-115.89293">
    <ele>913.8100000000001</ele>
   </trkpt>
   <trkpt lat="35.382450000000006" lon="-115.89283">
    <ele>913.8100000000001</ele>
   </trkpt>
   <trkpt lat="35.382070000000006" lon="-115.89278000000002">
    <ele>897.4000000000001</ele>
   </trkpt>
   <trkpt lat="35.381800000000005" lon="-115.89279">
    <ele>897.4000000000001</ele>
   </trkpt>
   <trkpt lat="35.38154" lon="-115.89283">
    <ele>897.4000000000001</ele>
   </trkpt>
   <trkpt lat="35.38116" lon="-115.89301">
    <ele>897.4000000000001</ele>
   </trkpt>
   <trkpt lat="35.380520000000004" lon="-115.89303000000001">
    <ele>897.36</ele>
   </trkpt>
   <trkpt lat="35.380250000000004" lon="-115.89307000000001">
    <ele>896.5400000000001</ele>
   </trkpt>
   <trkpt lat="35.37988" lon="-115.89316000000001">
    <ele>896.9800000000001</ele>
   </trkpt>
   <trkpt lat="35.379825003191286" lon="-115.89227999941704">
    <ele>900.7100000000002</ele>
   </trkpt>
   <trkpt lat="35.37977" lon="-115.8914">
    <ele>904.2500000000001</ele>
   </trkpt>
   <trkpt lat="35.3796900085168" lon="-115.89056999756038">
    <ele>907.99</ele>
   </trkpt>
   <trkpt lat="35.3796100113576" lon="-115.8897399967666">
    <ele>911.7600000000001</ele>
   </trkpt>
   <trkpt lat="35.37953000852241" lon="-115.88890999761873">
    <ele>914.48</ele>
   </trkpt>
   <trkpt lat="35.379450000000006" lon="-115.88808000000002">
    <ele>917.69</ele>
   </trkpt>
   <trkpt lat="35.379375008929706" lon="-115.88722999763537">
    <ele>921.3000000000001</ele>
   </trkpt>
   <trkpt lat="35.379300011906594" lon="-115.88637999685086">
    <ele>925.1600000000001</ele>
   </trkpt>
   <trkpt lat="35.37922500893069" lon="-115.88552999764657">
    <ele>927.71</ele>
   </trkpt>
   <trkpt lat="35.37915" lon="-115.88468">
    <ele>930.64</ele>
   </trkpt>
   <trkpt lat="35.379286671558" lon="-115.88391000257288">
    <ele>934.33</ele>
   </trkpt>
   <trkpt lat="35.37942333823101" lon="-115.88314000253722">
    <ele>937.22</ele>
   </trkpt>
   <trkpt lat="35.379560000000005" lon="-115.88237000000001">
    <ele>940.1700000000001</ele>
   </trkpt>
   <trkpt lat="35.379813341422626" lon="-115.88138000616209">
    <ele>943.1100000000001</ele>
   </trkpt>
   <trkpt lat="35.380066674770035" lon="-115.88039000610718">
    <ele>946.7</ele>
   </trkpt>
   <trkpt lat="35.380320000000005" lon="-115.8794">
    <ele>951.3000000000001</ele>
   </trkpt>
   <trkpt lat="35.38025000662481" lon="-115.87850333178199">
    <ele>953.5100000000001</ele>
   </trkpt>
   <trkpt lat="35.38018000662515" lon="-115.8776066651198">
    <ele>956.7500000000001</ele>
   </trkpt>
   <trkpt lat="35.38011" lon="-115.87671">
    <ele>960.13</ele>
   </trkpt>
   <trkpt lat="35.380340000000004" lon="-115.87586">
    <ele>963.5500000000001</ele>
   </trkpt>
   <trkpt lat="35.38063114502629" lon="-115.87484558484188">
    <ele>967.69</ele>
   </trkpt>
   <trkpt lat="35.38092228157398" lon="-115.87383116236258">
    <ele>972.45</ele>
   </trkpt>
   <trkpt lat="35.38121340964289" lon="-115.87281673256219">
    <ele>977.1200000000001</ele>
   </trkpt>
   <trkpt lat="35.38150452923289" lon="-115.8718022954408">
    <ele>982.1500000000001</ele>
   </trkpt>
   <trkpt lat="35.38179564034383" lon="-115.87078785099848">
    <ele>986.8800000000001</ele>
   </trkpt>
   <trkpt lat="35.38208674297554" lon="-115.86977339923533">
    <ele>991.9300000000001</ele>
   </trkpt>
   <trkpt lat="35.38237783712787" lon="-115.8687589401514">
    <ele>996.1800000000001</ele>
   </trkpt>
   <trkpt lat="35.38266892280068" lon="-115.86774447374681">
    <ele>1000.99</ele>
   </trkpt>
   <trkpt lat="35.382960000000004" lon="-115.86673">
    <ele>1006.4399999999999</ele>
   </trkpt>
   <trkpt lat="35.38322" lon="-115.86592">
    <ele>1009.77</ele>
   </trkpt>
   <trkpt lat="35.383660002386826" lon="-115.86516000413269">
    <ele>1013.3800000000001</ele>
   </trkpt>
   <trkpt lat="35.384100000000004" lon="-115.8644">
    <ele>1016.2300000000001</ele>
   </trkpt>
   <trkpt lat="35.384330000000006" lon="-115.86391">
    <ele>1018.5500000000001</ele>
   </trkpt>
   <trkpt lat="35.38464005675807" lon="-115.86291805337369">
    <ele>1023.05</ele>
   </trkpt>
   <trkpt lat="35.38495010540857" lon="-115.8619260991222">
    <ele>1028.18</ele>
   </trkpt>
   <trkpt lat="35.38526014595133" lon="-115.86093413724556">
    <ele>1031.8500000000001</ele>
   </trkpt>
   <trkpt lat="35.38557017838618" lon="-115.85994216774384">
    <ele>1035.8899999999999</ele>
   </trkpt>
   <trkpt lat="35.385880202713004" lon="-115.85895019061715">
    <ele>1041.25</ele>
   </trkpt>
   <trkpt lat="35.38619021893162" lon="-115.85795820586544">
    <ele>1045.14</ele>
   </trkpt>
   <trkpt lat="35.38650022704187" lon="-115.85696621348887">
    <ele>1049.3300000000002</ele>
   </trkpt>
   <trkpt lat="35.38681022704362" lon="-115.85597421348741">
    <ele>1053.8899999999999</ele>
   </trkpt>
   <trkpt lat="35.3871202189367" lon="-115.85498220586116">
    <ele>1057.79</ele>
   </trkpt>
   <trkpt lat="35.387430202720964" lon="-115.85399019061015">
    <ele>1061.8899999999999</ele>
   </trkpt>
   <trkpt lat="35.38774017839624" lon="-115.85299816773446">
    <ele>1065.8899999999999</ele>
   </trkpt>
   <trkpt lat="35.38805014596238" lon="-115.8520061372341">
    <ele>1070.68</ele>
   </trkpt>
   <trkpt lat="35.38836010541924" lon="-115.85101409910918">
    <ele>1073.67</ele>
   </trkpt>
   <trkpt lat="35.38867005676665" lon="-115.85002205335971">
    <ele>1075.7800000000002</ele>
   </trkpt>
   <trkpt lat="35.388980000000004" lon="-115.84903000000001">
    <ele>1079.5100000000002</ele>
   </trkpt>
   <trkpt lat="35.389281707712286" lon="-115.84807837248856">
    <ele>1081.59</ele>
   </trkpt>
   <trkpt lat="35.38958340796225" lon="-115.8471267378576">
    <ele>1084.95</ele>
   </trkpt>
   <trkpt lat="35.38988510074977" lon="-115.84617509610722">
    <ele>1087.66</ele>
   </trkpt>
   <trkpt lat="35.3901867860747" lon="-115.84522344723743">
    <ele>1091.76</ele>
   </trkpt>
   <trkpt lat="35.39048846393692" lon="-115.84427179124826">
    <ele>1096.51</ele>
   </trkpt>
   <trkpt lat="35.39079013433628" lon="-115.84332012813981">
    <ele>1101.13</ele>
   </trkpt>
   <trkpt lat="35.39109179727263" lon="-115.84236845791207">
    <ele>1105.5700000000002</ele>
   </trkpt>
   <trkpt lat="35.39139345274583" lon="-115.84141678056511">
    <ele>1109.73</ele>
   </trkpt>
   <trkpt lat="35.39169510075576" lon="-115.84046509609895">
    <ele>1114.3</ele>
   </trkpt>
   <trkpt lat="35.39199674130227" lon="-115.83951340451368">
    <ele>1119.0800000000002</ele>
   </trkpt>
   <trkpt lat="35.39229837438522" lon="-115.83856170580931">
    <ele>1124.36</ele>
   </trkpt>
   <trkpt lat="35.3926" lon="-115.83761000000001">
    <ele>1128.71</ele>
   </trkpt>
   <trkpt lat="35.39288001762144" lon="-115.83657601435819">
    <ele>1132.0800000000002</ele>
   </trkpt>
   <trkpt lat="35.39316002643264" lon="-115.83554202153589">
    <ele>1135.78</ele>
   </trkpt>
   <trkpt lat="35.39344002643348" lon="-115.83450802153327">
    <ele>1137.95</ele>
   </trkpt>
   <trkpt lat="35.39372001762379" lon="-115.83347401435043">
    <ele>1140.3100000000002</ele>
   </trkpt>
   <trkpt lat="35.394000000000005" lon="-115.83244">
    <ele>1143.52</ele>
   </trkpt>
   <trkpt lat="35.39429334868287" lon="-115.83157668238601">
    <ele>1146.65</ele>
   </trkpt>
   <trkpt lat="35.3945866912238" lon="-115.83071335849101">
    <ele>1149.67</ele>
   </trkpt>
   <trkpt lat="35.39488002762266" lon="-115.829850028315">
    <ele>1152.4800000000002</ele>
   </trkpt>
   <trkpt lat="35.39517335787934" lon="-115.82898669185795">
    <ele>1155.54</ele>
   </trkpt>
   <trkpt lat="35.39546668199371" lon="-115.82812334911995">
    <ele>1159.1100000000001</ele>
   </trkpt>
   <trkpt lat="35.39576" lon="-115.82726000000001">
    <ele>1161.3</ele>
   </trkpt>
   <trkpt lat="35.395860000000006" lon="-115.8268">
    <ele>1162.5800000000002</ele>
   </trkpt>
   <trkpt lat="35.396116013701416" lon="-115.82588801160726">
    <ele>1165.47</ele>
   </trkpt>
   <trkpt lat="35.396372020548675" lon="-115.82497601742347">
    <ele>1168.59</ele>
   </trkpt>
   <trkpt lat="35.396628020541684" lon="-115.8240640174487">
    <ele>1171.48</ele>
   </trkpt>
   <trkpt lat="35.396884013680335" lon="-115.823152011683">
    <ele>1173.44</ele>
   </trkpt>
   <trkpt lat="35.39714" lon="-115.82224000000001">
    <ele>1176.46</ele>
   </trkpt>
   <trkpt lat="35.39738333817309" lon="-115.82147333797369">
    <ele>1179.27</ele>
   </trkpt>
   <trkpt lat="35.39762667150236" lon="-115.82070667131993">
    <ele>1181.2</ele>
   </trkpt>
   <trkpt lat="35.397870000000005" lon="-115.81994">
    <ele>1183.6200000000001</ele>
   </trkpt>
   <trkpt lat="35.3981725242825" lon="-115.81902252409098">
    <ele>1188.32</ele>
   </trkpt>
   <trkpt lat="35.39847504162793" lon="-115.81810504129717">
    <ele>1191.51</ele>
   </trkpt>
   <trkpt lat="35.39877755203619" lon="-115.81718755161855">
    <ele>1196.8</ele>
   </trkpt>
   <trkpt lat="35.39908005550711" lon="-115.81627005505516">
    <ele>1201.06</ele>
   </trkpt>
   <trkpt lat="35.399382552040585" lon="-115.81535255160699">
    <ele>1205.03</ele>
   </trkpt>
   <trkpt lat="35.39968504163649" lon="-115.81443504127412">
    <ele>1208.59</ele>
   </trkpt>
   <trkpt lat="35.39998752429468" lon="-115.8135175240566">
    <ele>1213.72</ele>
   </trkpt>
   <trkpt lat="35.400290000000005" lon="-115.8126">
    <ele>1215.68</ele>
   </trkpt>
   <trkpt lat="35.40059668605001" lon="-115.81163001845576">
    <ele>1218.45</ele>
   </trkpt>
   <trkpt lat="35.40090336434601" lon="-115.81066002953185">
    <ele>1222.28</ele>
   </trkpt>
   <trkpt lat="35.401210034887846" lon="-115.80969003322838">
    <ele>1224.9800000000002</ele>
   </trkpt>
   <trkpt lat="35.40151669767541" lon="-115.8087200295454">
    <ele>1227.3700000000001</ele>
   </trkpt>
   <trkpt lat="35.40182335270851" lon="-115.80775001848292">
    <ele>1232.52</ele>
   </trkpt>
   <trkpt lat="35.40213" lon="-115.80678">
    <ele>1235.64</ele>
   </trkpt>
   <trkpt lat="35.402480000000004" lon="-115.80611">
    <ele>1238.5300000000002</ele>
   </trkpt>
   <trkpt lat="35.40274667392984" lon="-115.80517333941594">
    <ele>1246.89</ele>
   </trkpt>
   <trkpt lat="35.40301334062908" lon="-115.80423667263496">
    <ele>1259.42</ele>
   </trkpt>
   <trkpt lat="35.40328" lon="-115.80330000000001">
    <ele>1261.5</ele>
   </trkpt>
   <trkpt lat="35.40354250757542" lon="-115.80251750762682">
    <ele>1255.53</ele>
   </trkpt>
   <trkpt lat="35.40380501010452" lon="-115.8017350101574">
    <ele>1251.0400000000002</ele>
   </trkpt>
   <trkpt lat="35.404067507587236" lon="-115.80095250759182">
    <ele>1249.43</ele>
   </trkpt>
   <trkpt lat="35.40433" lon="-115.80017000000001">
    <ele>1249.29</ele>
   </trkpt>
   <trkpt lat="35.40482000309693" lon="-115.79931000514149">
    <ele>1249.71</ele>
   </trkpt>
   <trkpt lat="35.40531" lon="-115.79845">
    <ele>1248.89</ele>
   </trkpt>
   <trkpt lat="35.40570750653749" lon="-115.79772251077301">
    <ele>1250.5900000000001</ele>
   </trkpt>
   <trkpt lat="35.40610500871303" lon="-115.79699501437084">
    <ele>1251.51</ele>
   </trkpt>
   <trkpt lat="35.40650250652651" lon="-115.79626751079338">
    <ele>1252.5300000000002</ele>
   </trkpt>
   <trkpt lat="35.4069" lon="-115.79554">
    <ele>1253.73</ele>
   </trkpt>
   <trkpt lat="35.40697" lon="-115.79534000000001">
    <ele>1253.49</ele>
   </trkpt>
   <trkpt lat="35.407120000000006" lon="-115.79505">
    <ele>1252.85</ele>
   </trkpt>
   <trkpt lat="35.4074" lon="-115.79442000000002">
    <ele>1251.45</ele>
   </trkpt>
   <trkpt lat="35.40772501595156" lon="-115.79354001775563">
    <ele>1250.04</ele>
   </trkpt>
   <trkpt lat="35.408050025520694" lon="-115.79266002841432">
    <ele>1248.21</ele>
   </trkpt>
   <trkpt lat="35.40837502870732" lon="-115.79178003197603">
    <ele>1246.3500000000001</ele>
   </trkpt>
   <trkpt lat="35.40870002551125" lon="-115.79090002844084">
    <ele>1244.25</ele>
   </trkpt>
   <trkpt lat="35.40902501593239" lon="-115.79002001780867">
    <ele>1242.8000000000002</ele>
   </trkpt>
   <trkpt lat="35.40935" lon="-115.78914">
    <ele>1240.3500000000001</ele>
   </trkpt>
   <trkpt lat="35.40965000253408" lon="-115.78836000283374">
    <ele>1238.78</ele>
   </trkpt>
   <trkpt lat="35.40995" lon="-115.78758">
    <ele>1236.58</ele>
   </trkpt>
   <trkpt lat="35.41026333931436" lon="-115.78672667335869">
    <ele>1234.82</ele>
   </trkpt>
   <trkpt lat="35.41057667262693" lon="-115.78587334008198">
    <ele>1232.88</ele>
   </trkpt>
   <trkpt lat="35.41089" lon="-115.78502">
    <ele>1231.4900000000002</ele>
   </trkpt>
   <trkpt lat="35.411145001891406" lon="-115.7843500020112">
    <ele>1230.65</ele>
   </trkpt>
   <trkpt lat="35.4114" lon="-115.78368">
    <ele>1228.6200000000001</ele>
   </trkpt>
   <trkpt lat="35.411761534500805" lon="-115.78270440388587">
    <ele>1225.71</ele>
   </trkpt>
   <trkpt lat="35.41212306115649" lon="-115.78172879901831">
    <ele>1223.39</ele>
   </trkpt>
   <trkpt lat="35.41248457996692" lon="-115.78075318539736">
    <ele>1220.92</ele>
   </trkpt>
   <trkpt lat="35.412846090931886" lon="-115.779777563023">
    <ele>1219.41</ele>
   </trkpt>
   <trkpt lat="35.41320759405123" lon="-115.7788019318952">
    <ele>1217.84</ele>
   </trkpt>
   <trkpt lat="35.413569089324774" lon="-115.77782629201398">
    <ele>1215.26</ele>
   </trkpt>
   <trkpt lat="35.413930576752335" lon="-115.77685064337935">
    <ele>1212.76</ele>
   </trkpt>
   <trkpt lat="35.41429205633374" lon="-115.77587498599125">
    <ele>1210.02</ele>
   </trkpt>
   <trkpt lat="35.41465352806883" lon="-115.77489931984974">
    <ele>1206.66</ele>
   </trkpt>
   <trkpt lat="35.415014991957406" lon="-115.77392364495478">
    <ele>1203.8200000000002</ele>
   </trkpt>
   <trkpt lat="35.41537644799931" lon="-115.77294796130634">
    <ele>1202.28</ele>
   </trkpt>
   <trkpt lat="35.41573789619436" lon="-115.77197226890445">
    <ele>1200.68</ele>
   </trkpt>
   <trkpt lat="35.41609933654238" lon="-115.77099656774914">
    <ele>1199.4</ele>
   </trkpt>
   <trkpt lat="35.41646076904319" lon="-115.7700208578403">
    <ele>1197.3400000000001</ele>
   </trkpt>
   <trkpt lat="35.416822193696625" lon="-115.76904513917803">
    <ele>1195.54</ele>
   </trkpt>
   <trkpt lat="35.41718361050251" lon="-115.76806941176227">
    <ele>1193.3500000000001</ele>
   </trkpt>
   <trkpt lat="35.41754501946067" lon="-115.76709367559303">
    <ele>1191.54</ele>
   </trkpt>
   <trkpt lat="35.417906420570915" lon="-115.76611793067029">
    <ele>1191.7900000000002</ele>
   </trkpt>
   <trkpt lat="35.41826781383308" lon="-115.76514217699406">
    <ele>1191.2200000000003</ele>
   </trkpt>
   <trkpt lat="35.418629199247" lon="-115.76416641456431">
    <ele>1187.96</ele>
   </trkpt>
   <trkpt lat="35.418990576812476" lon="-115.76319064338108">
    <ele>1188.0700000000002</ele>
   </trkpt>
   <trkpt lat="35.41935194652935" lon="-115.76221486344431">
    <ele>1187.3700000000001</ele>
   </trkpt>
   <trkpt lat="35.41971330839745" lon="-115.76123907475403">
    <ele>1185.99</ele>
   </trkpt>
   <trkpt lat="35.42007466241659" lon="-115.76026327731027">
    <ele>1184.17</ele>
   </trkpt>
   <trkpt lat="35.4204360085866" lon="-115.75928747111296">
    <ele>1182.72</ele>
   </trkpt>
   <trkpt lat="35.4207973469073" lon="-115.7583116561621">
    <ele>1180.74</ele>
   </trkpt>
   <trkpt lat="35.421158677378536" lon="-115.75733583245771">
    <ele>1179.74</ele>
   </trkpt>
   <trkpt lat="35.42152" lon="-115.75636000000002">
    <ele>1177.95</ele>
   </trkpt>
   <trkpt lat="35.421902508877224" lon="-115.75551251208138">
    <ele>1175.94</ele>
   </trkpt>
   <trkpt lat="35.422285011833665" lon="-115.75466501611457">
    <ele>1175.74</ele>
   </trkpt>
   <trkpt lat="35.422667508869196" lon="-115.75381751209957">
    <ele>1173.95</ele>
   </trkpt>
   <trkpt lat="35.42305" lon="-115.75297">
    <ele>1173.1200000000001</ele>
   </trkpt>
   <trkpt lat="35.423316670734096" lon="-115.75226667135101">
    <ele>1171.9</ele>
   </trkpt>
   <trkpt lat="35.423583337390305" lon="-115.7515633380453">
    <ele>1170.02</ele>
   </trkpt>
   <trkpt lat="35.42385" lon="-115.75086">
    <ele>1169.38</ele>
   </trkpt>
   <trkpt lat="35.424212509845965" lon="-115.74996751205896">
    <ele>1167.9700000000003</ele>
   </trkpt>
   <trkpt lat="35.42457501312552" lon="-115.74907501608486">
    <ele>1166.6000000000001</ele>
   </trkpt>
   <trkpt lat="35.424937509838514" lon="-115.74818251207772">
    <ele>1164.05</ele>
   </trkpt>
   <trkpt lat="35.4253" lon="-115.74729">
    <ele>1162.88</ele>
   </trkpt>
   <trkpt lat="35.42555000228175" lon="-115.74654500233018">
    <ele>1161.57</ele>
   </trkpt>
   <trkpt lat="35.4258" lon="-115.7458">
    <ele>1160.3000000000002</ele>
   </trkpt>
   <trkpt lat="35.426175004064774" lon="-115.74480500467507">
    <ele>1158.88</ele>
   </trkpt>
   <trkpt lat="35.426550000000006" lon="-115.74381000000001">
    <ele>1157.0600000000002</ele>
   </trkpt>
   <trkpt lat="35.426925750153046" lon="-115.74282045561152">
    <ele>1156.05</ele>
   </trkpt>
   <trkpt lat="35.42730149223356" lon="-115.74183090199017">
    <ele>1154.5</ele>
   </trkpt>
   <trkpt lat="35.42767722624138" lon="-115.740841339136">
    <ele>1153.21</ele>
   </trkpt>
   <trkpt lat="35.4280529521763" lon="-115.73985176704895">
    <ele>1152.0400000000002</ele>
   </trkpt>
   <trkpt lat="35.42842867003813" lon="-115.73886218572903">
    <ele>1150.22</ele>
   </trkpt>
   <trkpt lat="35.4288043798267" lon="-115.73787259517619">
    <ele>1148.71</ele>
   </trkpt>
   <trkpt lat="35.42918008154182" lon="-115.73688299539046">
    <ele>1147.47</ele>
   </trkpt>
   <trkpt lat="35.42955577518329" lon="-115.7358933863718">
    <ele>1146.77</ele>
   </trkpt>
   <trkpt lat="35.429931460750936" lon="-115.73490376812018">
    <ele>1145.69</ele>
   </trkpt>
   <trkpt lat="35.43030713824456" lon="-115.73391414063559">
    <ele>1144.4800000000002</ele>
   </trkpt>
   <trkpt lat="35.43068280766398" lon="-115.73292450391804">
    <ele>1143.8600000000001</ele>
   </trkpt>
   <trkpt lat="35.43105846900902" lon="-115.7319348579675">
    <ele>1142.69</ele>
   </trkpt>
   <trkpt lat="35.43143412227946" lon="-115.73094520278396">
    <ele>1141.91</ele>
   </trkpt>
   <trkpt lat="35.43180976747514" lon="-115.72995553836735">
    <ele>1141.76</ele>
   </trkpt>
   <trkpt lat="35.43218540459587" lon="-115.72896586471774">
    <ele>1141.0600000000002</ele>
   </trkpt>
   <trkpt lat="35.43256103364146" lon="-115.72797618183505">
    <ele>1140.23</ele>
   </trkpt>
   <trkpt lat="35.432936654611716" lon="-115.72698648971928">
    <ele>1139.39</ele>
   </trkpt>
   <trkpt lat="35.43331226750646" lon="-115.72599678837045">
    <ele>1138.3500000000001</ele>
   </trkpt>
   <trkpt lat="35.4336878723255" lon="-115.7250070777885">
    <ele>1137.3600000000001</ele>
   </trkpt>
   <trkpt lat="35.43406346906864" lon="-115.72401735797345">
    <ele>1136.5</ele>
   </trkpt>
   <trkpt lat="35.43443905773571" lon="-115.72302762892524">
    <ele>1135.18</ele>
   </trkpt>
   <trkpt lat="35.43481463832651" lon="-115.72203789064389">
    <ele>1134.19</ele>
   </trkpt>
   <trkpt lat="35.43519021084085" lon="-115.72104814312937">
    <ele>1133.3200000000002</ele>
   </trkpt>
   <trkpt lat="35.43556577527856" lon="-115.72005838638167">
    <ele>1132.46</ele>
   </trkpt>
   <trkpt lat="35.43594133163944" lon="-115.71906862040079">
    <ele>1131.64</ele>
   </trkpt>
   <trkpt lat="35.4363168799233" lon="-115.71807884518668">
    <ele>1130.56</ele>
   </trkpt>
   <trkpt lat="35.43669242012996" lon="-115.71708906073933">
    <ele>1129.8100000000002</ele>
   </trkpt>
   <trkpt lat="35.43706795225923" lon="-115.71609926705874">
    <ele>1129.49</ele>
   </trkpt>
   <trkpt lat="35.43744347631092" lon="-115.71510946414489">
    <ele>1129.15</ele>
   </trkpt>
   <trkpt lat="35.43781899228484" lon="-115.71411965199776">
    <ele>1128.27</ele>
   </trkpt>
   <trkpt lat="35.43819450018081" lon="-115.71312983061733">
    <ele>1127.5600000000002</ele>
   </trkpt>
   <trkpt lat="35.438570000000006" lon="-115.71214">
    <ele>1126.56</ele>
   </trkpt>
   <trkpt lat="35.438915029988976" lon="-115.71124103466761">
    <ele>1126.41</ele>
   </trkpt>
   <trkpt lat="35.43926005331469" lon="-115.71034206162987">
    <ele>1125.91</ele>
   </trkpt>
   <trkpt lat="35.439605069976984" lon="-115.70944308088674">
    <ele>1126.3400000000001</ele>
   </trkpt>
   <trkpt lat="35.43995007997574" lon="-115.7085440924382">
    <ele>1125.43</ele>
   </trkpt>
   <trkpt lat="35.440295083310794" lon="-115.70764509628428">
    <ele>1124.5900000000001</ele>
   </trkpt>
   <trkpt lat="35.44064007998201" lon="-115.7067460924249">
    <ele>1122.2500000000002</ele>
   </trkpt>
   <trkpt lat="35.44098506998927" lon="-115.70584708086011">
    <ele>1122.77</ele>
   </trkpt>
   <trkpt lat="35.4413300533324" lon="-115.70494806158983">
    <ele>1121.63</ele>
   </trkpt>
   <trkpt lat="35.441675030011275" lon="-115.70404903461414">
    <ele>1120.8700000000001</ele>
   </trkpt>
   <trkpt lat="35.44202" lon="-115.70315000000001">
    <ele>1119.6200000000001</ele>
   </trkpt>
   <trkpt lat="35.44212" lon="-115.70278">
    <ele>1119.5400000000002</ele>
   </trkpt>
   <trkpt lat="35.44238" lon="-115.70210000000002">
    <ele>1119.96</ele>
   </trkpt>
   <trkpt lat="35.44263" lon="-115.70150000000001">
    <ele>1119.61</ele>
   </trkpt>
   <trkpt lat="35.442780000000006" lon="-115.70108">
    <ele>1119.43</ele>
   </trkpt>
   <trkpt lat="35.443090000000005" lon="-115.70007000000001">
    <ele>1119.0</ele>
   </trkpt>
   <trkpt lat="35.443265001662866" lon="-115.6994350013789">
    <ele>1118.9</ele>
   </trkpt>
   <trkpt lat="35.44344" lon="-115.6988">
    <ele>1118.83</ele>
   </trkpt>
   <trkpt lat="35.44391" lon="-115.69906">
    <ele>1118.83</ele>
   </trkpt>
   <trkpt lat="35.44418" lon="-115.69912000000001">
    <ele>1118.83</ele>
   </trkpt>
   <trkpt lat="35.44424" lon="-115.69908000000001">
    <ele>1118.83</ele>
   </trkpt>
   <trkpt lat="35.444340000000004" lon="-115.69893">
    <ele>1118.83</ele>
   </trkpt>
   <trkpt lat="35.44458" lon="-115.69839">
    <ele>1117.14</ele>
   </trkpt>
   <trkpt lat="35.44484000090447" lon="-115.697875002038">
    <ele>1117.14</ele>
   </trkpt>
   <trkpt lat="35.445100000000004" lon="-115.69736">
    <ele>1117.14</ele>
   </trkpt>
   <trkpt lat="35.44535000147454" lon="-115.69676500181262">
    <ele>1117.14</ele>
   </trkpt>
   <trkpt lat="35.445600000000006" lon="-115.69617000000001">
    <ele>1117.14</ele>
   </trkpt>
   <trkpt lat="35.446070000000006" lon="-115.6954">
    <ele>1117.14</ele>
   </trkpt>
   <trkpt lat="35.44641500659547" lon="-115.69467000937883">
    <ele>1117.14</ele>
   </trkpt>
   <trkpt lat="35.44676000879679" lon="-115.69394001249925">
    <ele>1117.14</ele>
   </trkpt>
   <trkpt lat="35.44710500660384" lon="-115.69321000936135">
    <ele>1117.14</ele>
   </trkpt>
   <trkpt lat="35.44745" lon="-115.69248">
    <ele>1117.14</ele>
   </trkpt>
   <trkpt lat="35.44786333888063" lon="-115.69166000841746">
    <ele>1117.9</ele>
   </trkpt>
   <trkpt lat="35.44827667221669" lon="-115.69084000841218">
    <ele>1117.9</ele>
   </trkpt>
   <trkpt lat="35.448690000000006" lon="-115.69002">
    <ele>1117.9</ele>
   </trkpt>
   <trkpt lat="35.44888" lon="-115.68896000000001">
    <ele>1117.9</ele>
   </trkpt>
   <trkpt lat="35.448930000000004" lon="-115.68877">
    <ele>1117.9</ele>
   </trkpt>
   <trkpt lat="35.44908" lon="-115.68858000000002">
    <ele>1117.9</ele>
   </trkpt>
   <trkpt lat="35.44946" lon="-115.68819">
    <ele>1117.9</ele>
   </trkpt>
   <trkpt lat="35.4499" lon="-115.68738">
    <ele>1117.9</ele>
   </trkpt>
   <trkpt lat="35.4507200002387" lon="-115.68713500249916">
    <ele>1117.9</ele>
   </trkpt>
   <trkpt lat="35.45154" lon="-115.68689">
    <ele>1117.9</ele>
   </trkpt>
   <trkpt lat="35.45234666696865" lon="-115.68671000360118">
    <ele>1120.3100000000002</ele>
   </trkpt>
   <trkpt lat="35.45315333367012" lon="-115.68653000359348">
    <ele>1120.3100000000002</ele>
   </trkpt>
   <trkpt lat="35.45396" lon="-115.68635">
    <ele>1120.3100000000002</ele>
   </trkpt>
   <trkpt lat="35.454500000121946" lon="-115.68616500124818">
    <ele>1120.3100000000002</ele>
   </trkpt>
   <trkpt lat="35.455040000000004" lon="-115.68598000000001">
    <ele>1120.72</ele>
   </trkpt>
   <trkpt lat="35.455640000262356" lon="-115.68582000237271">
    <ele>1120.69</ele>
   </trkpt>
   <trkpt lat="35.4562400003136" lon="-115.68566000235907">
    <ele>1120.8100000000002</ele>
   </trkpt>
   <trkpt lat="35.45684" lon="-115.6855">
    <ele>1120.3</ele>
   </trkpt>
   <trkpt lat="35.457080000000005" lon="-115.68546">
    <ele>1120.17</ele>
   </trkpt>
   <trkpt lat="35.45762000026857" lon="-115.68543500015551">
    <ele>1120.3899999999999</ele>
   </trkpt>
   <trkpt lat="35.45816" lon="-115.68541">
    <ele>1119.75</ele>
   </trkpt>
   <trkpt lat="35.458760000059506" lon="-115.68537000059358">
    <ele>1120.2800000000002</ele>
   </trkpt>
   <trkpt lat="35.45936000010583" lon="-115.68533000059054">
    <ele>1120.8700000000001</ele>
   </trkpt>
   <trkpt lat="35.45996" lon="-115.68529000000001">
    <ele>1120.33</ele>
   </trkpt>
   <trkpt lat="35.46061500005012" lon="-115.68530499987901">
    <ele>1120.3899999999999</ele>
   </trkpt>
   <trkpt lat="35.461270000000006" lon="-115.68532">
    <ele>1120.12</ele>
   </trkpt>
   <trkpt lat="35.461800000000004" lon="-115.68537">
    <ele>1119.55</ele>
   </trkpt>
   <trkpt lat="35.46206" lon="-115.68545">
    <ele>1119.48</ele>
   </trkpt>
   <trkpt lat="35.462300000000006" lon="-115.68559">
    <ele>1119.46</ele>
   </trkpt>
   <trkpt lat="35.46303000340605" lon="-115.68611498570303">
    <ele>1118.7900000000002</ele>
   </trkpt>
   <trkpt lat="35.463760004538955" lon="-115.6866399809353">
    <ele>1117.8400000000001</ele>
   </trkpt>
   <trkpt lat="35.46449000339862" lon="-115.68716498569721">
    <ele>1116.8</ele>
   </trkpt>
   <trkpt lat="35.46522" lon="-115.68769">
    <ele>1115.61</ele>
   </trkpt>
   <trkpt lat="35.46571" lon="-115.6881">
    <ele>1115.0300000000002</ele>
   </trkpt>
   <trkpt lat="35.46638" lon="-115.68864">
    <ele>1114.26</ele>
   </trkpt>
   <trkpt lat="35.467005000911634" lon="-115.6890999964539">
    <ele>1114.69</ele>
   </trkpt>
   <trkpt lat="35.46763" lon="-115.68956000000001">
    <ele>1113.97</ele>
   </trkpt>
   <trkpt lat="35.4682" lon="-115.69002">
    <ele>1114.0100000000002</ele>
   </trkpt>
   <trkpt lat="35.468610000000005" lon="-115.69038">
    <ele>1113.5000000000002</ele>
   </trkpt>
   <trkpt lat="35.468790000000006" lon="-115.69061">
    <ele>1113.5700000000002</ele>
   </trkpt>
   <trkpt lat="35.469080000000005" lon="-115.69105">
    <ele>1113.41</ele>
   </trkpt>
   <trkpt lat="35.469390000000004" lon="-115.69163">
    <ele>1112.36</ele>
   </trkpt>
   <trkpt lat="35.46952" lon="-115.69196000000001">
    <ele>1111.94</ele>
   </trkpt>
   <trkpt lat="35.46978333806292" lon="-115.69271666173148">
    <ele>1110.6299999999999</ele>
   </trkpt>
   <trkpt lat="35.470046671403416" lon="-115.69347332841863">
    <ele>1109.5400000000002</ele>
   </trkpt>
   <trkpt lat="35.470310000000005" lon="-115.69423">
    <ele>1108.23</ele>
   </trkpt>
   <trkpt lat="35.47063250757241" lon="-115.69501249057716">
    <ele>1106.7900000000002</ele>
   </trkpt>
   <trkpt lat="35.470955010094414" lon="-115.69579498743084">
    <ele>1105.5700000000002</ele>
   </trkpt>
   <trkpt lat="35.47127750756593" lon="-115.69657749056115">
    <ele>1104.44</ele>
   </trkpt>
   <trkpt lat="35.4716" lon="-115.69736">
    <ele>1103.5000000000002</ele>
   </trkpt>
   <trkpt lat="35.471740000000004" lon="-115.69776">
    <ele>1102.64</ele>
   </trkpt>
   <trkpt lat="35.47188000128699" lon="-115.69829999938524">
    <ele>1101.4700000000003</ele>
   </trkpt>
   <trkpt lat="35.47202" lon="-115.69884">
    <ele>1100.3500000000001</ele>
   </trkpt>
   <trkpt lat="35.47217500281784" lon="-115.6996649984671">
    <ele>1098.41</ele>
   </trkpt>
   <trkpt lat="35.47233" lon="-115.70049000000002">
    <ele>1096.5200000000002</ele>
   </trkpt>
   <trkpt lat="35.4724" lon="-115.70076">
    <ele>1095.5700000000002</ele>
   </trkpt>
   <trkpt lat="35.47263" lon="-115.7014">
    <ele>1094.1000000000001</ele>
   </trkpt>
   <trkpt lat="35.4729" lon="-115.70194000000001">
    <ele>1092.6299999999999</ele>
   </trkpt>
   <trkpt lat="35.473220000000005" lon="-115.70242">
    <ele>1091.43</ele>
   </trkpt>
   <trkpt lat="35.473510000000005" lon="-115.70275000000001">
    <ele>1090.99</ele>
   </trkpt>
   <trkpt lat="35.47399" lon="-115.70321000000001">
    <ele>1090.02</ele>
   </trkpt>
   <trkpt lat="35.47424" lon="-115.70341">
    <ele>1089.85</ele>
   </trkpt>
   <trkpt lat="35.47449" lon="-115.70354">
    <ele>1089.21</ele>
   </trkpt>
   <trkpt lat="35.474630000000005" lon="-115.70359">
    <ele>1089.2</ele>
   </trkpt>
   <trkpt lat="35.47486" lon="-115.70363">
    <ele>1089.47</ele>
   </trkpt>
   <trkpt lat="35.475410000141466" lon="-115.7036050001647">
    <ele>1089.32</ele>
   </trkpt>
   <trkpt lat="35.47596" lon="-115.70358000000002">
    <ele>1088.47</ele>
   </trkpt>
   <trkpt lat="35.47677000009276" lon="-115.7034500013061">
    <ele>1090.8600000000001</ele>
   </trkpt>
   <trkpt lat="35.47758" lon="-115.70332">
    <ele>1093.48</ele>
   </trkpt>
   <trkpt lat="35.47806000021417" lon="-115.70327500024938">
    <ele>1093.8700000000001</ele>
   </trkpt>
   <trkpt lat="35.47854" lon="-115.70323">
    <ele>1094.48</ele>
   </trkpt>
   <trkpt lat="35.479040000000005" lon="-115.70314">
    <ele>1093.08</ele>
   </trkpt>
   <trkpt lat="35.47967000007312" lon="-115.70302000188964">
    <ele>1087.28</ele>
   </trkpt>
   <trkpt lat="35.48030000002744" lon="-115.70290000189836">
    <ele>1082.74</ele>
   </trkpt>
   <trkpt lat="35.48093" lon="-115.70278">
    <ele>1080.45</ele>
   </trkpt>
   <trkpt lat="35.48131" lon="-115.70278">
    <ele>1078.87</ele>
   </trkpt>
   <trkpt lat="35.48219000015366" lon="-115.7029033306367">
    <ele>1076.38</ele>
   </trkpt>
   <trkpt lat="35.48307000018185" lon="-115.70302666397394">
    <ele>1075.89</ele>
   </trkpt>
   <trkpt lat="35.48395" lon="-115.70315000000001">
    <ele>1075.13</ele>
   </trkpt>
   <trkpt lat="35.48470999999528" lon="-115.70323499919236">
    <ele>1074.6200000000001</ele>
   </trkpt>
   <trkpt lat="35.48547" lon="-115.70332">
    <ele>1074.06</ele>
   </trkpt>
   <trkpt lat="35.48616250005912" lon="-115.70337499857993">
    <ele>1072.95</ele>
   </trkpt>
   <trkpt lat="35.48685500009329" lon="-115.70342999810771">
    <ele>1072.5</ele>
   </trkpt>
   <trkpt lat="35.48754750010249" lon="-115.70348499858335">
    <ele>1072.2900000000002</ele>
   </trkpt>
   <trkpt lat="35.488240000000005" lon="-115.70354">
    <ele>1072.23</ele>
   </trkpt>
   <trkpt lat="35.489060000107884" lon="-115.70365499883398">
    <ele>1071.45</ele>
   </trkpt>
   <trkpt lat="35.48988" lon="-115.70377">
    <ele>1071.23</ele>
   </trkpt>
   <trkpt lat="35.490190000000005" lon="-115.70378000000001">
    <ele>1071.0000000000002</ele>
   </trkpt>
   <trkpt lat="35.49092999996476" lon="-115.70375333382599">
    <ele>1070.6</ele>
   </trkpt>
   <trkpt lat="35.49166999992365" lon="-115.70372666716082">
    <ele>1070.3100000000002</ele>
   </trkpt>
   <trkpt lat="35.49241" lon="-115.70370000000001">
    <ele>1068.71</ele>
   </trkpt>
   <trkpt lat="35.49304499988722" lon="-115.70369000008083">
    <ele>1067.9</ele>
   </trkpt>
   <trkpt lat="35.493680000000005" lon="-115.70368">
    <ele>1066.43</ele>
   </trkpt>
   <trkpt lat="35.49456499991061" lon="-115.70368">
    <ele>1065.62</ele>
   </trkpt>
   <trkpt lat="35.495450000000005" lon="-115.70368">
    <ele>1064.42</ele>
   </trkpt>
   <trkpt lat="35.49628250003312" lon="-115.70366750038814">
    <ele>1063.28</ele>
   </trkpt>
   <trkpt lat="35.49711500006494" lon="-115.70365500051722">
    <ele>1062.13</ele>
   </trkpt>
   <trkpt lat="35.497947500095485" lon="-115.7036425003872">
    <ele>1061.59</ele>
   </trkpt>
   <trkpt lat="35.498780000000004" lon="-115.70363">
    <ele>1059.3600000000001</ele>
   </trkpt>
   <trkpt lat="35.49958833342497" lon="-115.7035633366878">
    <ele>1057.7</ele>
   </trkpt>
   <trkpt lat="35.50039666681327" lon="-115.70349667203386">
    <ele>1056.5200000000002</ele>
   </trkpt>
   <trkpt lat="35.5012050001649" lon="-115.7034300060382">
    <ele>1055.35</ele>
   </trkpt>
   <trkpt lat="35.502013333479866" lon="-115.70336333870071">
    <ele>1053.9</ele>
   </trkpt>
   <trkpt lat="35.50282166675814" lon="-115.70329667002134">
    <ele>1052.51</ele>
   </trkpt>
   <trkpt lat="35.50363" lon="-115.70323">
    <ele>1051.83</ele>
   </trkpt>
   <trkpt lat="35.50417499987831" lon="-115.7031850003161">
    <ele>1050.1200000000001</ele>
   </trkpt>
   <trkpt lat="35.504720000000006" lon="-115.70314">
    <ele>1048.9700000000003</ele>
   </trkpt>
   <trkpt lat="35.50517" lon="-115.70313000000002">
    <ele>1048.39</ele>
   </trkpt>
   <trkpt lat="35.5052" lon="-115.70313000000002">
    <ele>1048.3200000000002</ele>
   </trkpt>
   <trkpt lat="35.50603714290852" lon="-115.70309928987685">
    <ele>1047.3600000000001</ele>
   </trkpt>
   <trkpt lat="35.50687428580924" lon="-115.70306857911339">
    <ele>1047.0300000000002</ele>
   </trkpt>
   <trkpt lat="35.50771142870219" lon="-115.70303786770967">
    <ele>1046.33</ele>
   </trkpt>
   <trkpt lat="35.508548571587355" lon="-115.7030071556656">
    <ele>1044.5900000000001</ele>
   </trkpt>
   <trkpt lat="35.50938571446472" lon="-115.7029764429812">
    <ele>1043.95</ele>
   </trkpt>
   <trkpt lat="35.51022285733432" lon="-115.70294572965635">
    <ele>1043.11</ele>
   </trkpt>
   <trkpt lat="35.51106000019613" lon="-115.7029150156911">
    <ele>1042.2600000000002</ele>
   </trkpt>
   <trkpt lat="35.51189714305015" lon="-115.70288430108539">
    <ele>1041.63</ele>
   </trkpt>
   <trkpt lat="35.5127342858964" lon="-115.70285358583921">
    <ele>1040.91</ele>
   </trkpt>
   <trkpt lat="35.513571428734856" lon="-115.70282286995247">
    <ele>1039.5700000000002</ele>
   </trkpt>
   <trkpt lat="35.51440857156552" lon="-115.70279215342516">
    <ele>1038.41</ele>
   </trkpt>
   <trkpt lat="35.515245714388406" lon="-115.70276143625729">
    <ele>1037.62</ele>
   </trkpt>
   <trkpt lat="35.51608285720349" lon="-115.70273071844879">
    <ele>1036.7700000000002</ele>
   </trkpt>
   <trkpt lat="35.516920000000006" lon="-115.70270000000001">
    <ele>1035.8500000000001</ele>
   </trkpt>
   <trkpt lat="35.51770000004243" lon="-115.7026950000483">
    <ele>1035.52</ele>
   </trkpt>
   <trkpt lat="35.518480000000004" lon="-115.70269">
    <ele>1034.52</ele>
   </trkpt>
   <trkpt lat="35.51874" lon="-115.70273">
    <ele>1034.24</ele>
   </trkpt>
   <trkpt lat="35.51914" lon="-115.70282">
    <ele>1033.3100000000002</ele>
   </trkpt>
   <trkpt lat="35.51968499997492" lon="-115.70297999887524">
    <ele>1032.8300000000002</ele>
   </trkpt>
   <trkpt lat="35.520230000000005" lon="-115.70314">
    <ele>1031.7200000000003</ele>
   </trkpt>
   <trkpt lat="35.52103800119061" lon="-115.70340998912332">
    <ele>1030.81</ele>
   </trkpt>
   <trkpt lat="35.52184600177958" lon="-115.70367998368262">
    <ele>1029.9900000000002</ele>
   </trkpt>
   <trkpt lat="35.522654001766895" lon="-115.70394998367809">
    <ele>1028.48</ele>
   </trkpt>
   <trkpt lat="35.52346200115254" lon="-115.70421998911007">
    <ele>1026.96</ele>
   </trkpt>
   <trkpt lat="35.52427" lon="-115.70449">
    <ele>1025.2700000000002</ele>
   </trkpt>
   <trkpt lat="35.52495500054704" lon="-115.70469999462281">
    <ele>1024.01</ele>
   </trkpt>
   <trkpt lat="35.525640000730114" lon="-115.70490999283054">
    <ele>1022.82</ele>
   </trkpt>
   <trkpt lat="35.52632500054919" lon="-115.7051199946233">
    <ele>1021.87</ele>
   </trkpt>
   <trkpt lat="35.527010000000004" lon="-115.70533">
    <ele>1020.98</ele>
   </trkpt>
   <trkpt lat="35.527885000333534" lon="-115.70557999729553">
    <ele>1019.9800000000001</ele>
   </trkpt>
   <trkpt lat="35.528760000000005" lon="-115.70583">
    <ele>1018.7300000000001</ele>
   </trkpt>
   <trkpt lat="35.529310000223596" lon="-115.70596499911105">
    <ele>1018.0400000000001</ele>
   </trkpt>
   <trkpt lat="35.529860000000006" lon="-115.7061">
    <ele>1017.57</ele>
   </trkpt>
   <trkpt lat="35.53040000008645" lon="-115.7062049993013">
    <ele>1017.33</ele>
   </trkpt>
   <trkpt lat="35.53094" lon="-115.70631000000002">
    <ele>1016.64</ele>
   </trkpt>
   <trkpt lat="35.53180500017283" lon="-115.70643499595398">
    <ele>1015.49</ele>
   </trkpt>
   <trkpt lat="35.532670000216704" lon="-115.70655999460323">
    <ele>1014.54</ele>
   </trkpt>
   <trkpt lat="35.5335350001316" lon="-115.70668499594787">
    <ele>1013.8800000000001</ele>
   </trkpt>
   <trkpt lat="35.534400000000005" lon="-115.70681">
    <ele>1013.19</ele>
   </trkpt>
   <trkpt lat="35.53506000025595" lon="-115.70692499908897">
    <ele>1012.4600000000002</ele>
   </trkpt>
   <trkpt lat="35.535720000000005" lon="-115.70704">
    <ele>1011.5100000000001</ele>
   </trkpt>
   <trkpt lat="35.536505000033415" lon="-115.70716999872181">
    <ele>1010.7300000000001</ele>
   </trkpt>
   <trkpt lat="35.537290000000006" lon="-115.7073">
    <ele>1009.8500000000001</ele>
   </trkpt>
   <trkpt lat="35.53781" lon="-115.70735">
    <ele>1009.1400000000001</ele>
   </trkpt>
   <trkpt lat="35.5386" lon="-115.70749">
    <ele>1008.8900000000001</ele>
   </trkpt>
   <trkpt lat="35.5392749999975" lon="-115.70764999862789">
    <ele>1008.6300000000001</ele>
   </trkpt>
   <trkpt lat="35.539950000000005" lon="-115.70781000000001">
    <ele>1007.8500000000001</ele>
   </trkpt>
   <trkpt lat="35.54047500009289" lon="-115.70791999928899">
    <ele>1007.3700000000001</ele>
   </trkpt>
   <trkpt lat="35.541000000000004" lon="-115.70803000000001">
    <ele>1006.8400000000001</ele>
   </trkpt>
   <trkpt lat="35.541680000398834" lon="-115.70823332990258">
    <ele>1006.1900000000002</ele>
   </trkpt>
   <trkpt lat="35.54236000045636" lon="-115.70843666325308">
    <ele>1005.5400000000001</ele>
   </trkpt>
   <trkpt lat="35.543040000000005" lon="-115.70864">
    <ele>1004.86</ele>
   </trkpt>
   <trkpt lat="35.543860001699436" lon="-115.70892665201167">
    <ele>1004.0100000000001</ele>
   </trkpt>
   <trkpt lat="35.5446800027205" lon="-115.70921330988544">
    <ele>1002.9700000000001</ele>
   </trkpt>
   <trkpt lat="35.545500003063154" lon="-115.70949997362155">
    <ele>1001.9200000000001</ele>
   </trkpt>
   <trkpt lat="35.546320002727384" lon="-115.70978664322037">
    <ele>1001.0000000000001</ele>
   </trkpt>
   <trkpt lat="35.54714000171315" lon="-115.71007331868212">
    <ele>999.9700000000001</ele>
   </trkpt>
   <trkpt lat="35.54796" lon="-115.71036000000001">
    <ele>999.3000000000001</ele>
   </trkpt>
   <trkpt lat="35.54855500042727" lon="-115.71057499849003">
    <ele>998.35</ele>
   </trkpt>
   <trkpt lat="35.549150000000004" lon="-115.71079">
    <ele>997.72</ele>
   </trkpt>
   <trkpt lat="35.54987666722002" lon="-115.71101999586782">
    <ele>996.74</ele>
   </trkpt>
   <trkpt lat="35.5506033340033" lon="-115.71124999590467">
    <ele>995.8800000000001</ele>
   </trkpt>
   <trkpt lat="35.55133" lon="-115.71148000000001">
    <ele>994.96</ele>
   </trkpt>
   <trkpt lat="35.55216200126632" lon="-115.7117559885455">
    <ele>994.3700000000001</ele>
   </trkpt>
   <trkpt lat="35.552994001903734" lon="-115.71203198281935">
    <ele>994.16</ele>
   </trkpt>
   <trkpt lat="35.55382600191222" lon="-115.71230798282188">
    <ele>993.45</ele>
   </trkpt>
   <trkpt lat="35.554658001291756" lon="-115.71258398855333">
    <ele>993.22</ele>
   </trkpt>
   <trkpt lat="35.555490000000006" lon="-115.71286">
    <ele>992.19</ele>
   </trkpt>
   <trkpt lat="35.555580000000006" lon="-115.71258">
    <ele>992.19</ele>
   </trkpt>
   <trkpt lat="35.55586" lon="-115.71178">
    <ele>992.89</ele>
   </trkpt>
   <trkpt lat="35.556190008737765" lon="-115.71094001037743">
    <ele>993.95</ele>
   </trkpt>
   <trkpt lat="35.55652001164965" lon="-115.71010001383853">
    <ele>994.7800000000001</ele>
   </trkpt>
   <trkpt lat="35.55685000873555" lon="-115.70926001038335">
    <ele>995.83</ele>
   </trkpt>
   <trkpt lat="35.55718" lon="-115.70842">
    <ele>996.95</ele>
   </trkpt>
   <trkpt lat="35.55756262031722" lon="-115.70743620663684">
    <ele>997.87</ele>
   </trkpt>
   <trkpt lat="35.55794523264293" lon="-115.70645240388147">
    <ele>999.6400000000001</ele>
   </trkpt>
   <trkpt lat="35.55832783697694" lon="-115.70546859173386">
    <ele>1001.1400000000001</ele>
   </trkpt>
   <trkpt lat="35.55871043331906" lon="-115.70448477019397">
    <ele>1002.85</ele>
   </trkpt>
   <trkpt lat="35.559093021669106" lon="-115.70350093926186">
    <ele>1004.6700000000002</ele>
   </trkpt>
   <trkpt lat="35.559475602026886" lon="-115.70251709893742">
    <ele>1006.9000000000001</ele>
   </trkpt>
   <trkpt lat="35.55985817439221" lon="-115.70153324922065">
    <ele>1008.7700000000001</ele>
   </trkpt>
   <trkpt lat="35.56024073876489" lon="-115.7005493901115">
    <ele>1010.5600000000001</ele>
   </trkpt>
   <trkpt lat="35.56062329514473" lon="-115.69956552160995">
    <ele>1012.7000000000002</ele>
   </trkpt>
   <trkpt lat="35.561005843531554" lon="-115.69858164371604">
    <ele>1015.1300000000001</ele>
   </trkpt>
   <trkpt lat="35.56138838392516" lon="-115.69759775642969">
    <ele>1017.5500000000002</ele>
   </trkpt>
   <trkpt lat="35.56177091632538" lon="-115.69661385975084">
    <ele>1019.5400000000001</ele>
   </trkpt>
   <trkpt lat="35.56215344073199" lon="-115.69562995367951">
    <ele>1021.6899999999999</ele>
   </trkpt>
   <trkpt lat="35.562535957144824" lon="-115.69464603821572">
    <ele>1023.4800000000001</ele>
   </trkpt>
   <trkpt lat="35.5629184655637" lon="-115.69366211335932">
    <ele>1025.39</ele>
   </trkpt>
   <trkpt lat="35.56330096598842" lon="-115.6926781791104">
    <ele>1028.2900000000002</ele>
   </trkpt>
   <trkpt lat="35.56368345841879" lon="-115.69169423546887">
    <ele>1031.2100000000003</ele>
   </trkpt>
   <trkpt lat="35.564065942854604" lon="-115.69071028243472">
    <ele>1034.52</ele>
   </trkpt>
   <trkpt lat="35.56444841929571" lon="-115.68972632000794">
    <ele>1038.06</ele>
   </trkpt>
   <trkpt lat="35.564830887741905" lon="-115.6887423481885">
    <ele>1042.0</ele>
   </trkpt>
   <trkpt lat="35.565213348193" lon="-115.68775836697634">
    <ele>1045.5100000000002</ele>
   </trkpt>
   <trkpt lat="35.565595800648794" lon="-115.68677437637146">
    <ele>1049.45</ele>
   </trkpt>
   <trkpt lat="35.5659782451091" lon="-115.68579037637384">
    <ele>1053.2400000000002</ele>
   </trkpt>
   <trkpt lat="35.566360681573755" lon="-115.68480636698344">
    <ele>1057.19</ele>
   </trkpt>
   <trkpt lat="35.56674311004253" lon="-115.68382234820025">
    <ele>1060.22</ele>
   </trkpt>
   <trkpt lat="35.56712553051527" lon="-115.68283832002425">
    <ele>1065.15</ele>
   </trkpt>
   <trkpt lat="35.56750794299177" lon="-115.68185428245538">
    <ele>1069.53</ele>
   </trkpt>
   <trkpt lat="35.56789034747184" lon="-115.68087023549366">
    <ele>1072.68</ele>
   </trkpt>
   <trkpt lat="35.56827274395529" lon="-115.67988617913902">
    <ele>1077.69</ele>
   </trkpt>
   <trkpt lat="35.56865513244194" lon="-115.67890211339144">
    <ele>1081.45</ele>
   </trkpt>
   <trkpt lat="35.569037512931594" lon="-115.67791803825091">
    <ele>1086.3500000000001</ele>
   </trkpt>
   <trkpt lat="35.56941988542406" lon="-115.67693395371742">
    <ele>1090.5</ele>
   </trkpt>
   <trkpt lat="35.56980224991916" lon="-115.67594985979092">
    <ele>1094.44</ele>
   </trkpt>
   <trkpt lat="35.5701846064167" lon="-115.6749657564714">
    <ele>1097.8100000000002</ele>
   </trkpt>
   <trkpt lat="35.57056695491648" lon="-115.6739816437588">
    <ele>1104.77</ele>
   </trkpt>
   <trkpt lat="35.57094929541833" lon="-115.67299752165312">
    <ele>1109.2700000000002</ele>
   </trkpt>
   <trkpt lat="35.57133162792204" lon="-115.67201339015436">
    <ele>1112.26</ele>
   </trkpt>
   <trkpt lat="35.571713952427444" lon="-115.67102924926243">
    <ele>1116.91</ele>
   </trkpt>
   <trkpt lat="35.57209626893433" lon="-115.67004509897738">
    <ele>1120.69</ele>
   </trkpt>
   <trkpt lat="35.572478577442524" lon="-115.66906093929914">
    <ele>1124.7</ele>
   </trkpt>
   <trkpt lat="35.57286087795184" lon="-115.66807677022769">
    <ele>1127.5700000000002</ele>
   </trkpt>
   <trkpt lat="35.57324317046208" lon="-115.66709259176301">
    <ele>1132.0700000000002</ele>
   </trkpt>
   <trkpt lat="35.57362545497304" lon="-115.66610840390503">
    <ele>1135.17</ele>
   </trkpt>
   <trkpt lat="35.57400773148455" lon="-115.66512420665381">
    <ele>1137.6000000000001</ele>
   </trkpt>
   <trkpt lat="35.57439" lon="-115.66414">
    <ele>1145.04</ele>
   </trkpt>
   <trkpt lat="35.57477569632377" lon="-115.66315322185453">
    <ele>1148.8100000000002</ele>
   </trkpt>
   <trkpt lat="35.57516138460579" lon="-115.66216643420663">
    <ele>1152.5400000000002</ele>
   </trkpt>
   <trkpt lat="35.575547064845885" lon="-115.66117963705621">
    <ele>1156.8700000000001</ele>
   </trkpt>
   <trkpt lat="35.575932737043885" lon="-115.66019283040328">
    <ele>1163.3</ele>
   </trkpt>
   <trkpt lat="35.576318401199586" lon="-115.65920601424779">
    <ele>1167.14</ele>
   </trkpt>
   <trkpt lat="35.57670405731279" lon="-115.65821918858973">
    <ele>1166.3000000000002</ele>
   </trkpt>
   <trkpt lat="35.577089705383294" lon="-115.65723235342907">
    <ele>1161.45</ele>
   </trkpt>
   <trkpt lat="35.577475345410924" lon="-115.65624550876574">
    <ele>1170.5700000000002</ele>
   </trkpt>
   <trkpt lat="35.57786097739549" lon="-115.65525865459979">
    <ele>1169.34</ele>
   </trkpt>
   <trkpt lat="35.578246601336794" lon="-115.65427179093109">
    <ele>1169.7600000000002</ele>
   </trkpt>
   <trkpt lat="35.57863221723464" lon="-115.65328491775972">
    <ele>1173.74</ele>
   </trkpt>
   <trkpt lat="35.579017825088854" lon="-115.65229803508556">
    <ele>1175.1</ele>
   </trkpt>
   <trkpt lat="35.579403424899205" lon="-115.65131114290867">
    <ele>1179.5300000000002</ele>
   </trkpt>
   <trkpt lat="35.57978901666555" lon="-115.65032424122894">
    <ele>1177.25</ele>
   </trkpt>
   <trkpt lat="35.58017460038766" lon="-115.64933733004638">
    <ele>1174.98</ele>
   </trkpt>
   <trkpt lat="35.58056017606537" lon="-115.64835040936096">
    <ele>1181.3</ele>
   </trkpt>
   <trkpt lat="35.580945743698464" lon="-115.64736347917263">
    <ele>1190.3400000000001</ele>
   </trkpt>
   <trkpt lat="35.58133130328676" lon="-115.64637653948135">
    <ele>1188.46</ele>
   </trkpt>
   <trkpt lat="35.58171685483007" lon="-115.64538959028718">
    <ele>1188.0900000000001</ele>
   </trkpt>
   <trkpt lat="35.582102398328196" lon="-115.64440263159">
    <ele>1192.77</ele>
   </trkpt>
   <trkpt lat="35.58248793378096" lon="-115.64341566338985">
    <ele>1197.7900000000002</ele>
   </trkpt>
   <trkpt lat="35.58287346118815" lon="-115.64242868568661">
    <ele>1195.16</ele>
   </trkpt>
   <trkpt lat="35.5832589805496" lon="-115.64144169848035">
    <ele>1198.26</ele>
   </trkpt>
   <trkpt lat="35.58364449186509" lon="-115.64045470177098">
    <ele>1202.02</ele>
   </trkpt>
   <trkpt lat="35.58402999513443" lon="-115.6394676955585">
    <ele>1204.8100000000002</ele>
   </trkpt>
   <trkpt lat="35.58441549035746" lon="-115.63848067984289">
    <ele>1208.0700000000002</ele>
   </trkpt>
   <trkpt lat="35.584800977533945" lon="-115.63749365462408">
    <ele>1212.3000000000002</ele>
   </trkpt>
   <trkpt lat="35.58518645666372" lon="-115.63650661990205">
    <ele>1216.3400000000001</ele>
   </trkpt>
   <trkpt lat="35.58557192774659" lon="-115.63551957567681">
    <ele>1221.0100000000002</ele>
   </trkpt>
   <trkpt lat="35.58595739078237" lon="-115.6345325219483">
    <ele>1225.2800000000002</ele>
   </trkpt>
   <trkpt lat="35.58634284577085" lon="-115.63354545871653">
    <ele>1230.1000000000001</ele>
   </trkpt>
   <trkpt lat="35.586728292711854" lon="-115.6325583859814">
    <ele>1233.0500000000002</ele>
   </trkpt>
   <trkpt lat="35.58711373160517" lon="-115.63157130374296">
    <ele>1234.88</ele>
   </trkpt>
   <trkpt lat="35.58749916245064" lon="-115.63058421200111">
    <ele>1234.14</ele>
   </trkpt>
   <trkpt lat="35.58788458524803" lon="-115.62959711075588">
    <ele>1241.0400000000002</ele>
   </trkpt>
   <trkpt lat="35.58827" lon="-115.62861000000001">
    <ele>1245.75</ele>
   </trkpt>
   <trkpt lat="35.58864158464886" lon="-115.62764466914729">
    <ele>1251.68</ele>
   </trkpt>
   <trkpt lat="35.58901316160049" lon="-115.62667932933415">
    <ele>1254.69</ele>
   </trkpt>
   <trkpt lat="35.589384730854704" lon="-115.6257139805606">
    <ele>1257.68</ele>
   </trkpt>
   <trkpt lat="35.58975629241135" lon="-115.62474862282662">
    <ele>1259.8600000000001</ele>
   </trkpt>
   <trkpt lat="35.59012784627025" lon="-115.62378325613219">
    <ele>1262.64</ele>
   </trkpt>
   <trkpt lat="35.5904993924312" lon="-115.62281788047726">
    <ele>1263.89</ele>
   </trkpt>
   <trkpt lat="35.59087093089404" lon="-115.62185249586183">
    <ele>1265.2500000000002</ele>
   </trkpt>
   <trkpt lat="35.591242461658595" lon="-115.6208871022859">
    <ele>1267.19</ele>
   </trkpt>
   <trkpt lat="35.59161398472469" lon="-115.61992169974943">
    <ele>1268.13</ele>
   </trkpt>
   <trkpt lat="35.59198550009215" lon="-115.61895628825239">
    <ele>1266.94</ele>
   </trkpt>
   <trkpt lat="35.592357007760775" lon="-115.61799086779477">
    <ele>1268.13</ele>
   </trkpt>
   <trkpt lat="35.59272850773042" lon="-115.61702543837654">
    <ele>1272.39</ele>
   </trkpt>
   <trkpt lat="35.5931" lon="-115.61606">
    <ele>1272.97</ele>
   </trkpt>
   <trkpt lat="35.593150001722115" lon="-115.61541500035322">
    <ele>1273.0100000000002</ele>
   </trkpt>
   <trkpt lat="35.5932" lon="-115.61477000000001">
    <ele>1274.01</ele>
   </trkpt>
   <trkpt lat="35.593237509757536" lon="-115.61388250129482">
    <ele>1278.4</ele>
   </trkpt>
   <trkpt lat="35.59327501300872" lon="-115.61299500175798">
    <ele>1286.7700000000002</ele>
   </trkpt>
   <trkpt lat="35.59331250975354" lon="-115.61210750138963">
    <ele>1297.49</ele>
   </trkpt>
   <trkpt lat="35.59335" lon="-115.61122">
    <ele>1302.48</ele>
   </trkpt>
   <trkpt lat="35.593438014845425" lon="-115.61027200418948">
    <ele>1295.69</ele>
   </trkpt>
   <trkpt lat="35.59352602226722" lon="-115.60932400629439">
    <ele>1304.7000000000003</ele>
   </trkpt>
   <trkpt lat="35.59361402226535" lon="-115.60837600631488">
    <ele>1318.45</ele>
   </trkpt>
   <trkpt lat="35.59370201483976" lon="-115.60742800425113">
    <ele>1326.1000000000001</ele>
   </trkpt>
   <trkpt lat="35.593790000000006" lon="-115.60648">
    <ele>1324.3600000000001</ele>
   </trkpt>
   <trkpt lat="35.59382" lon="-115.60554">
    <ele>1326.65</ele>
   </trkpt>
   <trkpt lat="35.59389751359791" lon="-115.60449250301384">
    <ele>1324.38</ele>
   </trkpt>
   <trkpt lat="35.593975018131985" lon="-115.60344500399911">
    <ele>1333.82</ele>
   </trkpt>
   <trkpt lat="35.59405251360221" lon="-115.60239750295607">
    <ele>1339.7100000000003</ele>
   </trkpt>
   <trkpt lat="35.59413" lon="-115.60135000000001">
    <ele>1344.3500000000001</ele>
   </trkpt>
   <trkpt lat="35.594190003916495" lon="-115.60037500089054">
    <ele>1345.9500000000003</ele>
   </trkpt>
   <trkpt lat="35.59425" lon="-115.5994">
    <ele>1349.97</ele>
   </trkpt>
   <trkpt lat="35.59426500174456" lon="-115.59875000014262">
    <ele>1347.25</ele>
   </trkpt>
   <trkpt lat="35.594280000000005" lon="-115.59810000000002">
    <ele>1349.3400000000001</ele>
   </trkpt>
   <trkpt lat="35.59435288461306" lon="-115.59704714861225">
    <ele>1358.18</ele>
   </trkpt>
   <trkpt lat="35.594425760069335" lon="-115.59599429530729">
    <ele>1366.0100000000002</ele>
   </trkpt>
   <trkpt lat="35.59449862636879" lon="-115.59494144008542">
    <ele>1364.44</ele>
   </trkpt>
   <trkpt lat="35.5945714835114" lon="-115.5938885829468">
    <ele>1374.5200000000002</ele>
   </trkpt>
   <trkpt lat="35.59464433149712" lon="-115.5928357238917">
    <ele>1373.7800000000002</ele>
   </trkpt>
   <trkpt lat="35.594717170325914" lon="-115.59178286292037">
    <ele>1379.69</ele>
   </trkpt>
   <trkpt lat="35.59479" lon="-115.59073000000001">
    <ele>1383.0300000000002</ele>
   </trkpt>
   <trkpt lat="35.594820001914364" lon="-115.59005000015242">
    <ele>1384.3400000000001</ele>
   </trkpt>
   <trkpt lat="35.59485" lon="-115.58937">
    <ele>1386.13</ele>
   </trkpt>
   <trkpt lat="35.59489" lon="-115.58915">
    <ele>1388.3700000000001</ele>
   </trkpt>
   <trkpt lat="35.59493000167511" lon="-115.58851000058615">
    <ele>1388.03</ele>
   </trkpt>
   <trkpt lat="35.59497" lon="-115.58787000000001">
    <ele>1391.78</ele>
   </trkpt>
   <trkpt lat="35.59487" lon="-115.58697000000001">
    <ele>1391.78</ele>
   </trkpt>
   <trkpt lat="35.594840001728464" lon="-115.58632499997665">
    <ele>1391.8700000000001</ele>
   </trkpt>
   <trkpt lat="35.59481" lon="-115.58568000000001">
    <ele>1391.8700000000001</ele>
   </trkpt>
   <trkpt lat="35.59476" lon="-115.58535">
    <ele>1391.8700000000001</ele>
   </trkpt>
   <trkpt lat="35.59478" lon="-115.58494">
    <ele>1397.8799999999999</ele>
   </trkpt>
   <trkpt lat="35.59498500183675" lon="-115.5842700017726">
    <ele>1397.8799999999999</ele>
   </trkpt>
   <trkpt lat="35.59519" lon="-115.5836">
    <ele>1397.8799999999999</ele>
   </trkpt>
   <trkpt lat="35.595490000000005" lon="-115.58302">
    <ele>1397.8799999999999</ele>
   </trkpt>
   <trkpt lat="35.595580001835934" lon="-115.5823500008887">
    <ele>1397.8799999999999</ele>
   </trkpt>
   <trkpt lat="35.595670000000005" lon="-115.58168">
    <ele>1397.8799999999999</ele>
   </trkpt>
   <trkpt lat="35.59566" lon="-115.58119">
    <ele>1397.8799999999999</ele>
   </trkpt>
   <trkpt lat="35.59554" lon="-115.5806">
    <ele>1397.8799999999999</ele>
   </trkpt>
   <trkpt lat="35.59547500439272" lon="-115.57956999933573">
    <ele>1397.8799999999999</ele>
   </trkpt>
   <trkpt lat="35.59541" lon="-115.57854">
    <ele>1448.2700000000002</ele>
   </trkpt>
   <trkpt lat="35.59566" lon="-115.57782">
    <ele>1448.2700000000002</ele>
   </trkpt>
   <trkpt lat="35.595560000000006" lon="-115.57684">
    <ele>1448.2700000000002</ele>
   </trkpt>
   <trkpt lat="35.595740000000006" lon="-115.57594">
    <ele>1448.2700000000002</ele>
   </trkpt>
   <trkpt lat="35.59602" lon="-115.57533000000001">
    <ele>1448.2700000000002</ele>
   </trkpt>
   <trkpt lat="35.59631" lon="-115.57496">
    <ele>1448.2700000000002</ele>
   </trkpt>
   <trkpt lat="35.59647667159492" lon="-115.57418666994313">
    <ele>1448.2700000000002</ele>
   </trkpt>
   <trkpt lat="35.59664333824957" lon="-115.5734133366656">
    <ele>1448.2700000000002</ele>
   </trkpt>
   <trkpt lat="35.596810000000005" lon="-115.57264">
    <ele>1448.2700000000002</ele>
   </trkpt>
   <trkpt lat="35.59713" lon="-115.57165">
    <ele>1448.2700000000002</ele>
   </trkpt>
   <trkpt lat="35.59714" lon="-115.57079">
    <ele>1448.2700000000002</ele>
   </trkpt>
   <trkpt lat="35.59685000251969" lon="-115.57000999719206">
    <ele>1448.2700000000002</ele>
   </trkpt>
   <trkpt lat="35.596560000000004" lon="-115.56923">
    <ele>1448.2700000000002</ele>
   </trkpt>
   <trkpt lat="35.59613" lon="-115.56856">
    <ele>1439.07</ele>
   </trkpt>
   <trkpt lat="35.59597" lon="-115.56806">
    <ele>1439.07</ele>
   </trkpt>
   <trkpt lat="35.5961" lon="-115.56775">
    <ele>1439.07</ele>
   </trkpt>
   <trkpt lat="35.59606" lon="-115.56739">
    <ele>1439.07</ele>
   </trkpt>
   <trkpt lat="35.595800000000004" lon="-115.56681">
    <ele>1439.07</ele>
   </trkpt>
   <trkpt lat="35.59563" lon="-115.56596">
    <ele>1439.07</ele>
   </trkpt>
   <trkpt lat="35.59566000138998" lon="-115.56538000020696">
    <ele>1439.07</ele>
   </trkpt>
   <trkpt lat="35.595690000000005" lon="-115.5648">
    <ele>1439.07</ele>
   </trkpt>
   <trkpt lat="35.59581" lon="-115.56423000000001">
    <ele>1439.07</ele>
   </trkpt>
   <trkpt lat="35.59622" lon="-115.5639">
    <ele>1439.07</ele>
   </trkpt>
   <trkpt lat="35.596680000000006" lon="-115.56359">
    <ele>1439.07</ele>
   </trkpt>
   <trkpt lat="35.596680000000006" lon="-115.56314">
    <ele>1439.07</ele>
   </trkpt>
   <trkpt lat="35.596320000000006" lon="-115.56242">
    <ele>1439.07</ele>
   </trkpt>
   <trkpt lat="35.59633" lon="-115.56207">
    <ele>1439.07</ele>
   </trkpt>
   <trkpt lat="35.59649" lon="-115.56193">
    <ele>1439.07</ele>
   </trkpt>
   <trkpt lat="35.596540000000005" lon="-115.56149">
    <ele>1439.07</ele>
   </trkpt>
   <trkpt lat="35.59648000185534" lon="-115.56081499919519">
    <ele>1439.07</ele>
   </trkpt>
   <trkpt lat="35.59642" lon="-115.56014">
    <ele>1439.07</ele>
   </trkpt>
   <trkpt lat="35.596160000000005" lon="-115.55933">
    <ele>1368.8200000000002</ele>
   </trkpt>
   <trkpt lat="35.596180001378436" lon="-115.55875000046436">
    <ele>1368.8200000000002</ele>
   </trkpt>
   <trkpt lat="35.5962" lon="-115.55817">
    <ele>1368.8200000000002</ele>
   </trkpt>
   <trkpt lat="35.5964" lon="-115.55723">
    <ele>1368.8200000000002</ele>
   </trkpt>
   <trkpt lat="35.59631" lon="-115.5562">
    <ele>1368.8200000000002</ele>
   </trkpt>
   <trkpt lat="35.596005002148075" lon="-115.55547999727274">
    <ele>1368.8200000000002</ele>
   </trkpt>
   <trkpt lat="35.5957" lon="-115.55476000000002">
    <ele>1368.8200000000002</ele>
   </trkpt>
   <trkpt lat="35.595740000000006" lon="-115.55398000000001">
    <ele>1368.8200000000002</ele>
   </trkpt>
   <trkpt lat="35.59566" lon="-115.55348000000001">
    <ele>1368.8200000000002</ele>
   </trkpt>
   <trkpt lat="35.595600000000005" lon="-115.55289">
    <ele>1362.42</ele>
   </trkpt>
   <trkpt lat="35.595470000000006" lon="-115.55257">
    <ele>1362.42</ele>
   </trkpt>
   <trkpt lat="35.59532" lon="-115.55186">
    <ele>1362.42</ele>
   </trkpt>
   <trkpt lat="35.59521" lon="-115.55157000000001">
    <ele>1362.3200000000002</ele>
   </trkpt>
   <trkpt lat="35.5955" lon="-115.55083">
    <ele>1360.45</ele>
   </trkpt>
   <trkpt lat="35.595600000000005" lon="-115.55074">
    <ele>1360.6100000000001</ele>
   </trkpt>
   <trkpt lat="35.595710000000004" lon="-115.55021">
    <ele>1358.47</ele>
   </trkpt>
   <trkpt lat="35.595650000000006" lon="-115.54948">
    <ele>1352.6100000000001</ele>
   </trkpt>
   <trkpt lat="35.595710000000004" lon="-115.54886">
    <ele>1352.81</ele>
   </trkpt>
   <trkpt lat="35.595960000000005" lon="-115.54854">
    <ele>1351.21</ele>
   </trkpt>
   <trkpt lat="35.595850000000006" lon="-115.54814">
    <ele>1347.0700000000002</ele>
   </trkpt>
   <trkpt lat="35.595580000000005" lon="-115.54751">
    <ele>1337.3400000000001</ele>
   </trkpt>
   <trkpt lat="35.59531500108971" lon="-115.54699999834124">
    <ele>1335.25</ele>
   </trkpt>
   <trkpt lat="35.59505" lon="-115.54649">
    <ele>1334.63</ele>
   </trkpt>
   <trkpt lat="35.59472" lon="-115.54568">
    <ele>1327.13</ele>
   </trkpt>
   <trkpt lat="35.594590000000004" lon="-115.54523">
    <ele>1326.5</ele>
   </trkpt>
   <trkpt lat="35.594460000000005" lon="-115.54451">
    <ele>1327.45</ele>
   </trkpt>
   <trkpt lat="35.59414" lon="-115.54350000000001">
    <ele>1319.0000000000002</ele>
   </trkpt>
   <trkpt lat="35.593970000000006" lon="-115.54265000000001">
    <ele>1318.4900000000002</ele>
   </trkpt>
   <trkpt lat="35.59395" lon="-115.54155000000002">
    <ele>1315.79</ele>
   </trkpt>
   <trkpt lat="35.59385" lon="-115.5408">
    <ele>1309.9</ele>
   </trkpt>
   <trkpt lat="35.59369500188588" lon="-115.54013499896716">
    <ele>1307.26</ele>
   </trkpt>
   <trkpt lat="35.593540000000004" lon="-115.53947000000001">
    <ele>1302.68</ele>
   </trkpt>
   <trkpt lat="35.59348000287845" lon="-115.53863499935687">
    <ele>1295.2700000000002</ele>
   </trkpt>
   <trkpt lat="35.59342" lon="-115.5378">
    <ele>1287.64</ele>
   </trkpt>
   <trkpt lat="35.593160000000005" lon="-115.53718">
    <ele>1282.46</ele>
   </trkpt>
   <trkpt lat="35.59313000284388" lon="-115.53634999964997">
    <ele>1268.76</ele>
   </trkpt>
   <trkpt lat="35.5931" lon="-115.53552">
    <ele>1255.49</ele>
   </trkpt>
   <trkpt lat="35.59315000188451" lon="-115.5348450003854">
    <ele>1245.1100000000001</ele>
   </trkpt>
   <trkpt lat="35.5932" lon="-115.53417">
    <ele>1235.09</ele>
   </trkpt>
   <trkpt lat="35.593326672226674" lon="-115.53335000255824">
    <ele>1229.5</ele>
   </trkpt>
   <trkpt lat="35.593453338899046" lon="-115.53253000252134">
    <ele>1225.46</ele>
   </trkpt>
   <trkpt lat="35.59358" lon="-115.53171">
    <ele>1221.5900000000001</ele>
   </trkpt>
   <trkpt lat="35.5936250087442" lon="-115.53087000139152">
    <ele>1216.0900000000001</ele>
   </trkpt>
   <trkpt lat="35.59367001165985" lon="-115.53003000183848">
    <ele>1212.41</ele>
   </trkpt>
   <trkpt lat="35.59371500874692" lon="-115.52919000134106">
    <ele>1207.68</ele>
   </trkpt>
   <trkpt lat="35.59376" lon="-115.52835">
    <ele>1203.75</ele>
   </trkpt>
   <trkpt lat="35.593917513144355" lon="-115.52732000608606">
    <ele>1198.53</ele>
   </trkpt>
   <trkpt lat="35.59407501752524" lon="-115.52629000811869">
    <ele>1192.17</ele>
   </trkpt>
   <trkpt lat="35.59423251314258" lon="-115.5252600060981">
    <ele>1187.0800000000002</ele>
   </trkpt>
   <trkpt lat="35.594390000000004" lon="-115.52423">
    <ele>1180.16</ele>
   </trkpt>
   <trkpt lat="35.59478" lon="-115.52374">
    <ele>1177.46</ele>
   </trkpt>
   <trkpt lat="35.59507" lon="-115.52289">
    <ele>1173.1299999999999</ele>
   </trkpt>
   <trkpt lat="35.595218224102645" lon="-115.5218782005536">
    <ele>1168.98</ele>
   </trkpt>
   <trkpt lat="35.59536643974855" lon="-115.52086639736">
    <ele>1164.3600000000001</ele>
   </trkpt>
   <trkpt lat="35.59551464693769" lon="-115.51985459041941">
    <ele>1159.37</ele>
   </trkpt>
   <trkpt lat="35.595662845669914" lon="-115.51884277973203">
    <ele>1153.5900000000001</ele>
   </trkpt>
   <trkpt lat="35.5958110359452" lon="-115.51783096529803">
    <ele>1147.21</ele>
   </trkpt>
   <trkpt lat="35.595959217763436" lon="-115.51681914711756">
    <ele>1143.2900000000002</ele>
   </trkpt>
   <trkpt lat="35.59610739112456" lon="-115.51580732519082">
    <ele>1138.76</ele>
   </trkpt>
   <trkpt lat="35.5962555560285" lon="-115.51479549951802">
    <ele>1134.1100000000001</ele>
   </trkpt>
   <trkpt lat="35.596403712475166" lon="-115.5137836700993">
    <ele>1129.0500000000002</ele>
   </trkpt>
   <trkpt lat="35.59655186046449" lon="-115.51277183693483">
    <ele>1123.52</ele>
   </trkpt>
   <trkpt lat="35.596700000000006" lon="-115.51176000000001">
    <ele>1118.0800000000002</ele>
   </trkpt>
   <trkpt lat="35.596835011054544" lon="-115.51081500485917">
    <ele>1113.7100000000003</ele>
   </trkpt>
   <trkpt lat="35.59697001473206" lon="-115.5098700065304">
    <ele>1108.0800000000002</ele>
   </trkpt>
   <trkpt lat="35.59710501103249" lon="-115.5089250050138">
    <ele>1103.3200000000002</ele>
   </trkpt>
   <trkpt lat="35.597240000000006" lon="-115.50798">
    <ele>1097.9</ele>
   </trkpt>
   <trkpt lat="35.59733" lon="-115.50744">
    <ele>1095.01</ele>
   </trkpt>
   <trkpt lat="35.597350000000006" lon="-115.50668">
    <ele>1090.5900000000001</ele>
   </trkpt>
   <trkpt lat="35.597390000000004" lon="-115.50646">
    <ele>1089.05</ele>
   </trkpt>
   <trkpt lat="35.597440000000006" lon="-115.50598000000001">
    <ele>1089.69</ele>
   </trkpt>
   <trkpt lat="35.59742" lon="-115.50561">
    <ele>1089.23</ele>
   </trkpt>
   <trkpt lat="35.59753500116519" lon="-115.50506500107528">
    <ele>1084.21</ele>
   </trkpt>
   <trkpt lat="35.59765" lon="-115.50452000000001">
    <ele>1080.99</ele>
   </trkpt>
   <trkpt lat="35.59780751036724" lon="-115.5036050054428">
    <ele>1076.3400000000001</ele>
   </trkpt>
   <trkpt lat="35.59796501381833" lon="-115.50269000728422">
    <ele>1073.94</ele>
   </trkpt>
   <trkpt lat="35.598122510353235" lon="-115.50177500552445">
    <ele>1070.4900000000002</ele>
   </trkpt>
   <trkpt lat="35.59828" lon="-115.50086">
    <ele>1067.0900000000001</ele>
   </trkpt>
   <trkpt lat="35.59843271256384" lon="-115.49981635162334">
    <ele>1062.09</ele>
   </trkpt>
   <trkpt lat="35.598585416129836" lon="-115.49877269926405">
    <ele>1057.28</ele>
   </trkpt>
   <trkpt lat="35.59873811069791" lon="-115.49772904292232">
    <ele>1053.4</ele>
   </trkpt>
   <trkpt lat="35.59889079626795" lon="-115.49668538259834">
    <ele>1048.7300000000002</ele>
   </trkpt>
   <trkpt lat="35.5990434728399" lon="-115.49564171829236">
    <ele>1045.2700000000002</ele>
   </trkpt>
   <trkpt lat="35.59919614041367" lon="-115.49459805000454">
    <ele>1039.63</ele>
   </trkpt>
   <trkpt lat="35.59934879898917" lon="-115.49355437773504">
    <ele>1035.15</ele>
   </trkpt>
   <trkpt lat="35.59950144856631" lon="-115.49251070148414">
    <ele>1030.1299999999999</ele>
   </trkpt>
   <trkpt lat="35.59965408914502" lon="-115.49146702125195">
    <ele>1025.2100000000003</ele>
   </trkpt>
   <trkpt lat="35.599806720725205" lon="-115.49042333703873">
    <ele>1020.41</ele>
   </trkpt>
   <trkpt lat="35.59995934330678" lon="-115.48937964884465">
    <ele>1015.29</ele>
   </trkpt>
   <trkpt lat="35.600111956889656" lon="-115.48833595666993">
    <ele>1010.6000000000001</ele>
   </trkpt>
   <trkpt lat="35.600264561473765" lon="-115.48729226051476">
    <ele>1004.7700000000001</ele>
   </trkpt>
   <trkpt lat="35.600417157059" lon="-115.4862485603793">
    <ele>999.75</ele>
   </trkpt>
   <trkpt lat="35.60056974364529" lon="-115.48520485626376">
    <ele>994.65</ele>
   </trkpt>
   <trkpt lat="35.600722321232546" lon="-115.48416114816838">
    <ele>989.0500000000001</ele>
   </trkpt>
   <trkpt lat="35.600874889820695" lon="-115.48311743609332">
    <ele>984.65</ele>
   </trkpt>
   <trkpt lat="35.60102744940963" lon="-115.48207372003883">
    <ele>978.69</ele>
   </trkpt>
   <trkpt lat="35.60118" lon="-115.48103">
    <ele>973.64</ele>
   </trkpt>
   <trkpt lat="35.60133480227494" lon="-115.47996605965506">
    <ele>969.61</ele>
   </trkpt>
   <trkpt lat="35.6014895951984" lon="-115.47890211519402">
    <ele>965.1200000000001</ele>
   </trkpt>
   <trkpt lat="35.60164437877033" lon="-115.4778381666171">
    <ele>961.5000000000001</ele>
   </trkpt>
   <trkpt lat="35.601799152990594" lon="-115.4767742139246">
    <ele>957.88</ele>
   </trkpt>
   <trkpt lat="35.601953917859134" lon="-115.47571025711665">
    <ele>954.13</ele>
   </trkpt>
   <trkpt lat="35.60210867337586" lon="-115.47464629619347">
    <ele>950.3800000000001</ele>
   </trkpt>
   <trkpt lat="35.60226341954066" lon="-115.47358233115528">
    <ele>945.5000000000001</ele>
   </trkpt>
   <trkpt lat="35.60241815635347" lon="-115.47251836200232">
    <ele>940.46</ele>
   </trkpt>
   <trkpt lat="35.60257288381418" lon="-115.47145438873471">
    <ele>936.44</ele>
   </trkpt>
   <trkpt lat="35.602727601922716" lon="-115.47039041135278">
    <ele>931.7700000000001</ele>
   </trkpt>
   <trkpt lat="35.60288231067899" lon="-115.46932642985662">
    <ele>927.9200000000001</ele>
   </trkpt>
   <trkpt lat="35.60303701008288" lon="-115.4682624442465">
    <ele>924.0</ele>
   </trkpt>
   <trkpt lat="35.60319170013434" lon="-115.46719845452267">
    <ele>919.7700000000001</ele>
   </trkpt>
   <trkpt lat="35.60334638083326" lon="-115.46613446068525">
    <ele>914.72</ele>
   </trkpt>
   <trkpt lat="35.60350105217955" lon="-115.46507046273452">
    <ele>910.49</ele>
   </trkpt>
   <trkpt lat="35.60365571417313" lon="-115.46400646067066">
    <ele>905.83</ele>
   </trkpt>
   <trkpt lat="35.603810366813896" lon="-115.46294245449386">
    <ele>902.3100000000001</ele>
   </trkpt>
   <trkpt lat="35.60396501010177" lon="-115.46187844420437">
    <ele>899.7</ele>
   </trkpt>
   <trkpt lat="35.60411964403666" lon="-115.46081442980238">
    <ele>895.8900000000001</ele>
   </trkpt>
   <trkpt lat="35.60427426861847" lon="-115.45975041128811">
    <ele>892.14</ele>
   </trkpt>
   <trkpt lat="35.60442888384711" lon="-115.45868638866173">
    <ele>890.1700000000001</ele>
   </trkpt>
   <trkpt lat="35.60458348972251" lon="-115.45762236192348">
    <ele>887.1300000000001</ele>
   </trkpt>
   <trkpt lat="35.60473808624455" lon="-115.45655833107361">
    <ele>882.77</ele>
   </trkpt>
   <trkpt lat="35.604892673413175" lon="-115.45549429611225">
    <ele>879.84</ele>
   </trkpt>
   <trkpt lat="35.60504725122827" lon="-115.45443025703968">
    <ele>877.0500000000001</ele>
   </trkpt>
   <trkpt lat="35.60520181968975" lon="-115.45336621385604">
    <ele>873.1700000000001</ele>
   </trkpt>
   <trkpt lat="35.60535637879753" lon="-115.4523021665616">
    <ele>870.65</ele>
   </trkpt>
   <trkpt lat="35.60551092855153" lon="-115.45123811515651">
    <ele>868.4300000000001</ele>
   </trkpt>
   <trkpt lat="35.605665468951635" lon="-115.45017405964106">
    <ele>865.7800000000001</ele>
   </trkpt>
   <trkpt lat="35.60582" lon="-115.44911">
    <ele>863.57</ele>
   </trkpt>
   <trkpt lat="35.60597448180986" lon="-115.4480466830847">
    <ele>859.7</ele>
   </trkpt>
   <trkpt lat="35.60612895427869" lon="-115.44698336206359">
    <ele>857.6400000000001</ele>
   </trkpt>
   <trkpt lat="35.6062834174064" lon="-115.44592003693683">
    <ele>854.6700000000001</ele>
   </trkpt>
   <trkpt lat="35.606437871192924" lon="-115.44485670770464">
    <ele>851.9100000000001</ele>
   </trkpt>
   <trkpt lat="35.606592315638146" lon="-115.44379337436727">
    <ele>849.26</ele>
   </trkpt>
   <trkpt lat="35.606746750742005" lon="-115.44273003692493">
    <ele>847.89</ele>
   </trkpt>
   <trkpt lat="35.60690117650437" lon="-115.44166669537775">
    <ele>846.98</ele>
   </trkpt>
   <trkpt lat="35.60705559292519" lon="-115.44060334972602">
    <ele>846.4200000000001</ele>
   </trkpt>
   <trkpt lat="35.60721" lon="-115.43954000000001">
    <ele>843.23</ele>
   </trkpt>
   <trkpt lat="35.60732667316455" lon="-115.438653335899">
    <ele>841.0500000000001</ele>
   </trkpt>
   <trkpt lat="35.60744333983389" lon="-115.43776666921207">
    <ele>836.72</ele>
   </trkpt>
   <trkpt lat="35.60756" lon="-115.43688000000002">
    <ele>833.84</ele>
   </trkpt>
   <trkpt lat="35.60778500200438" lon="-115.43619000182503">
    <ele>831.03</ele>
   </trkpt>
   <trkpt lat="35.60801" lon="-115.4355">
    <ele>828.88</ele>
   </trkpt>
   <trkpt lat="35.60829000740697" lon="-115.4347275080791">
    <ele>828.9300000000001</ele>
   </trkpt>
   <trkpt lat="35.60857000988368" lon="-115.433955010751">
    <ele>829.4100000000001</ele>
   </trkpt>
   <trkpt lat="35.608850007430036" lon="-115.4331825080157">
    <ele>829.61</ele>
   </trkpt>
   <trkpt lat="35.60913" lon="-115.43241">
    <ele>829.8700000000001</ele>
   </trkpt>
   <trkpt lat="35.609491985268726" lon="-115.43142294646478">
    <ele>829.6800000000001</ele>
   </trkpt>
   <trkpt lat="35.60985396248793" lon="-115.43043588399735">
    <ele>830.3000000000001</ele>
   </trkpt>
   <trkpt lat="35.61021593165742" lon="-115.42944881259771">
    <ele>829.91</ele>
   </trkpt>
   <trkpt lat="35.61057789277701" lon="-115.42846173226586">
    <ele>829.7</ele>
   </trkpt>
   <trkpt lat="35.61093984584653" lon="-115.4274746430018">
    <ele>829.3900000000001</ele>
   </trkpt>
   <trkpt lat="35.61130179086578" lon="-115.42648754480555">
    <ele>829.01</ele>
   </trkpt>
   <trkpt lat="35.61166372783461" lon="-115.4255004376771">
    <ele>828.2700000000001</ele>
   </trkpt>
   <trkpt lat="35.61202565675282" lon="-115.42451332161642">
    <ele>828.64</ele>
   </trkpt>
   <trkpt lat="35.61238757762023" lon="-115.42352619662357">
    <ele>828.3600000000001</ele>
   </trkpt>
   <trkpt lat="35.61274949043667" lon="-115.42253906269845">
    <ele>827.5500000000001</ele>
   </trkpt>
   <trkpt lat="35.61311139520194" lon="-115.42155191984116">
    <ele>827.12</ele>
   </trkpt>
   <trkpt lat="35.61347329191589" lon="-115.42056476805165">
    <ele>826.1600000000001</ele>
   </trkpt>
   <trkpt lat="35.613835180578306" lon="-115.41957760732993">
    <ele>825.1600000000001</ele>
   </trkpt>
   <trkpt lat="35.61419706118903" lon="-115.41859043767597">
    <ele>824.6800000000001</ele>
   </trkpt>
   <trkpt lat="35.61455893374787" lon="-115.4176032590898">
    <ele>824.07</ele>
   </trkpt>
   <trkpt lat="35.614920798254666" lon="-115.41661607157141">
    <ele>822.7500000000001</ele>
   </trkpt>
   <trkpt lat="35.61528265470921" lon="-115.4156288751208">
    <ele>821.71</ele>
   </trkpt>
   <trkpt lat="35.61564450311134" lon="-115.41464166973797">
    <ele>821.13</ele>
   </trkpt>
   <trkpt lat="35.616006343460874" lon="-115.41365445542293">
    <ele>821.0400000000001</ele>
   </trkpt>
   <trkpt lat="35.61636817575763" lon="-115.41266723217564">
    <ele>820.34</ele>
   </trkpt>
   <trkpt lat="35.616730000000004" lon="-115.41168">
    <ele>819.45</ele>
   </trkpt>
   <trkpt lat="35.61700000205565" lon="-115.41097000246779">
    <ele>818.91</ele>
   </trkpt>
   <trkpt lat="35.617270000000005" lon="-115.41026000000001">
    <ele>817.8700000000001</ele>
   </trkpt>
   <trkpt lat="35.61760251026313" lon="-115.40935001135114">
    <ele>817.13</ele>
   </trkpt>
   <trkpt lat="35.61793501368394" lon="-115.40844001513574">
    <ele>816.12</ele>
   </trkpt>
   <trkpt lat="35.61826751026231" lon="-115.4075300113538">
    <ele>815.7500000000001</ele>
   </trkpt>
   <trkpt lat="35.6186" lon="-115.40662">
    <ele>815.76</ele>
   </trkpt>
   <trkpt lat="35.618730000000006" lon="-115.40631">
    <ele>815.73</ele>
   </trkpt>
   <trkpt lat="35.61876" lon="-115.40616000000001">
    <ele>815.73</ele>
   </trkpt>
   <trkpt lat="35.618770000000005" lon="-115.40599">
    <ele>815.73</ele>
   </trkpt>
   <trkpt lat="35.61901" lon="-115.40573">
    <ele>815.73</ele>
   </trkpt>
   <trkpt lat="35.61918" lon="-115.40559">
    <ele>815.73</ele>
   </trkpt>
   <trkpt lat="35.619460000000004" lon="-115.40555">
    <ele>815.73</ele>
   </trkpt>
   <trkpt lat="35.620160000000006" lon="-115.40568">
    <ele>815.73</ele>
   </trkpt>
   <trkpt lat="35.620270000000005" lon="-115.40568">
    <ele>815.73</ele>
   </trkpt>
   <trkpt lat="35.62039" lon="-115.40564">
    <ele>815.73</ele>
   </trkpt>
   <trkpt lat="35.620450000000005" lon="-115.40555">
    <ele>815.73</ele>
   </trkpt>
   <trkpt lat="35.62048" lon="-115.40542">
    <ele>815.73</ele>
   </trkpt>
   <trkpt lat="35.620450000000005" lon="-115.40532">
    <ele>815.73</ele>
   </trkpt>
   <trkpt lat="35.62024" lon="-115.40507000000001">
    <ele>847.89</ele>
   </trkpt>
   <trkpt lat="35.62015" lon="-115.40489000000001">
    <ele>847.89</ele>
   </trkpt>
   <trkpt lat="35.620160000000006" lon="-115.40474">
    <ele>847.89</ele>
   </trkpt>
   <trkpt lat="35.62031" lon="-115.40438">
    <ele>847.89</ele>
   </trkpt>
   <trkpt lat="35.62031" lon="-115.40429">
    <ele>847.89</ele>
   </trkpt>
   <trkpt lat="35.620290000000004" lon="-115.40424000000002">
    <ele>847.89</ele>
   </trkpt>
   <trkpt lat="35.62017" lon="-115.40403">
    <ele>847.89</ele>
   </trkpt>
   <trkpt lat="35.62015" lon="-115.40393">
    <ele>847.89</ele>
   </trkpt>
   <trkpt lat="35.620160000000006" lon="-115.40389">
    <ele>847.89</ele>
   </trkpt>
   <trkpt lat="35.620200000000004" lon="-115.40384">
    <ele>847.89</ele>
   </trkpt>
   <trkpt lat="35.62073" lon="-115.40345">
    <ele>847.89</ele>
   </trkpt>
   <trkpt lat="35.6208" lon="-115.40339000000002">
    <ele>847.89</ele>
   </trkpt>
   <trkpt lat="35.62082" lon="-115.40327">
    <ele>847.89</ele>
   </trkpt>
   <trkpt lat="35.62082" lon="-115.40313">
    <ele>847.89</ele>
   </trkpt>
   <trkpt lat="35.62077" lon="-115.40299">
    <ele>847.89</ele>
   </trkpt>
   <trkpt lat="35.620720000000006" lon="-115.40295">
    <ele>847.89</ele>
   </trkpt>
   <trkpt lat="35.6205" lon="-115.40292000000001">
    <ele>847.89</ele>
   </trkpt>
   <trkpt lat="35.62035" lon="-115.40282">
    <ele>847.89</ele>
   </trkpt>
   <trkpt lat="35.620290000000004" lon="-115.40264">
    <ele>847.89</ele>
   </trkpt>
   <trkpt lat="35.6203" lon="-115.40246">
    <ele>847.89</ele>
   </trkpt>
   <trkpt lat="35.62033" lon="-115.40241">
    <ele>847.89</ele>
   </trkpt>
   <trkpt lat="35.62041" lon="-115.40237">
    <ele>847.89</ele>
   </trkpt>
   <trkpt lat="35.62062" lon="-115.40242">
    <ele>847.89</ele>
   </trkpt>
   <trkpt lat="35.6207" lon="-115.40237">
    <ele>847.89</ele>
   </trkpt>
   <trkpt lat="35.620760000000004" lon="-115.40228">
    <ele>847.89</ele>
   </trkpt>
   <trkpt lat="35.621" lon="-115.40201">
    <ele>847.89</ele>
   </trkpt>
   <trkpt lat="35.621050000000004" lon="-115.40188">
    <ele>847.89</ele>
   </trkpt>
   <trkpt lat="35.62109" lon="-115.40152">
    <ele>847.89</ele>
   </trkpt>
   <trkpt lat="35.62109" lon="-115.40107">
    <ele>847.89</ele>
   </trkpt>
   <trkpt lat="35.620960000000004" lon="-115.4004">
    <ele>847.89</ele>
   </trkpt>
   <trkpt lat="35.62086" lon="-115.40017">
    <ele>847.89</ele>
   </trkpt>
   <trkpt lat="35.62064" lon="-115.3999">
    <ele>847.89</ele>
   </trkpt>
   <trkpt lat="35.62062" lon="-115.39982">
    <ele>847.89</ele>
   </trkpt>
   <trkpt lat="35.62064" lon="-115.39968">
    <ele>847.89</ele>
   </trkpt>
   <trkpt lat="35.62082" lon="-115.39919">
    <ele>836.61</ele>
   </trkpt>
   <trkpt lat="35.621120000000005" lon="-115.3987">
    <ele>836.61</ele>
   </trkpt>
   <trkpt lat="35.6212" lon="-115.39853000000001">
    <ele>836.61</ele>
   </trkpt>
   <trkpt lat="35.621460000000006" lon="-115.39767">
    <ele>836.61</ele>
   </trkpt>
   <trkpt lat="35.62174" lon="-115.39699">
    <ele>836.61</ele>
   </trkpt>
   <trkpt lat="35.62176" lon="-115.39690000000002">
    <ele>836.61</ele>
   </trkpt>
   <trkpt lat="35.62185" lon="-115.39674000000001">
    <ele>836.61</ele>
   </trkpt>
   <trkpt lat="35.621880000000004" lon="-115.39659">
    <ele>836.61</ele>
   </trkpt>
   <trkpt lat="35.621900000000004" lon="-115.39629000000001">
    <ele>836.61</ele>
   </trkpt>
   <trkpt lat="35.622130000000006" lon="-115.39574">
    <ele>836.61</ele>
   </trkpt>
   <trkpt lat="35.622110000000006" lon="-115.39543">
    <ele>832.88</ele>
   </trkpt>
   <trkpt lat="35.62216" lon="-115.3952">
    <ele>831.3900000000001</ele>
   </trkpt>
   <trkpt lat="35.62234" lon="-115.39486000000001">
    <ele>831.3900000000001</ele>
   </trkpt>
   <trkpt lat="35.62261" lon="-115.39458">
    <ele>824.95</ele>
   </trkpt>
   <trkpt lat="35.622800000000005" lon="-115.39428000000001">
    <ele>824.95</ele>
   </trkpt>
   <trkpt lat="35.62277" lon="-115.39359">
    <ele>824.95</ele>
   </trkpt>
   <trkpt lat="35.62280500274068" lon="-115.39277500044203">
    <ele>816.1600000000001</ele>
   </trkpt>
   <trkpt lat="35.622840000000004" lon="-115.39196000000001">
    <ele>816.1600000000001</ele>
   </trkpt>
   <trkpt lat="35.622980000000005" lon="-115.39189">
    <ele>815.0600000000001</ele>
   </trkpt>
   <trkpt lat="35.623270000000005" lon="-115.39156000000001">
    <ele>815.0600000000001</ele>
   </trkpt>
   <trkpt lat="35.6233" lon="-115.39150000000001">
    <ele>813.21</ele>
   </trkpt>
   <trkpt lat="35.62353" lon="-115.39122">
    <ele>813.21</ele>
   </trkpt>
   <trkpt lat="35.623610000000006" lon="-115.39106000000001">
    <ele>813.21</ele>
   </trkpt>
   <trkpt lat="35.6236433409992" lon="-115.39009666754629">
    <ele>813.21</ele>
   </trkpt>
   <trkpt lat="35.6236766743299" lon="-115.38913333428933">
    <ele>806.7200000000001</ele>
   </trkpt>
   <trkpt lat="35.62371" lon="-115.38817">
    <ele>807.1700000000001</ele>
   </trkpt>
   <trkpt lat="35.62418" lon="-115.38831">
    <ele>807.96</ele>
   </trkpt>
   <trkpt lat="35.62478000001351" lon="-115.38833499981287">
    <ele>807.6500000000001</ele>
   </trkpt>
   <trkpt lat="35.62538" lon="-115.38836">
    <ele>808.32</ele>
   </trkpt>
   <trkpt lat="35.62590999993229" lon="-115.38837499989864">
    <ele>809.0500000000001</ele>
   </trkpt>
   <trkpt lat="35.62644" lon="-115.38839000000002">
    <ele>809.2600000000001</ele>
   </trkpt>
   <trkpt lat="35.62716" lon="-115.38837000000001">
    <ele>809.2600000000001</ele>
   </trkpt>
   <trkpt lat="35.627500000000005" lon="-115.38831">
    <ele>809.2600000000001</ele>
   </trkpt>
   <trkpt lat="35.628040000000006" lon="-115.38813">
    <ele>809.2600000000001</ele>
   </trkpt>
   <trkpt lat="35.62847" lon="-115.38804">
    <ele>809.2600000000001</ele>
   </trkpt>
   <trkpt lat="35.62894999983516" lon="-115.38797500041498">
    <ele>809.2600000000001</ele>
   </trkpt>
   <trkpt lat="35.629430000000006" lon="-115.38791">
    <ele>809.2600000000001</ele>
   </trkpt>
   <trkpt lat="35.630157500274194" lon="-115.3877625040261">
    <ele>809.2600000000001</ele>
   </trkpt>
   <trkpt lat="35.630885000368586" lon="-115.38761500536758">
    <ele>807.85</ele>
   </trkpt>
   <trkpt lat="35.63161250028319" lon="-115.3874675040244">
    <ele>807.85</ele>
   </trkpt>
   <trkpt lat="35.632340000000006" lon="-115.38732">
    <ele>807.85</ele>
   </trkpt>
   <trkpt lat="35.633133333706844" lon="-115.38718667328253">
    <ele>807.85</ele>
   </trkpt>
   <trkpt lat="35.63392666726676" lon="-115.38705334391847">
    <ele>807.85</ele>
   </trkpt>
   <trkpt lat="35.634720000679785" lon="-115.38692001190768">
    <ele>807.85</ele>
   </trkpt>
   <trkpt lat="35.63551333394588" lon="-115.38678667725006">
    <ele>806.9200000000001</ele>
   </trkpt>
   <trkpt lat="35.63630666706502" lon="-115.38665333994544">
    <ele>806.83</ele>
   </trkpt>
   <trkpt lat="35.637100000000004" lon="-115.38652">
    <ele>807.1100000000001</ele>
   </trkpt>
   <trkpt lat="35.63770500025005" lon="-115.38640500083345">
    <ele>807.0600000000001</ele>
   </trkpt>
   <trkpt lat="35.638310000000004" lon="-115.38629">
    <ele>807.47</ele>
   </trkpt>
   <trkpt lat="35.63907000011665" lon="-115.38620200334894">
    <ele>807.8700000000001</ele>
   </trkpt>
   <trkpt lat="35.63983000016931" lon="-115.38611400502413">
    <ele>808.24</ele>
   </trkpt>
   <trkpt lat="35.64059000015796" lon="-115.38602600502554">
    <ele>808.51</ele>
   </trkpt>
   <trkpt lat="35.641350000082596" lon="-115.38593800335303">
    <ele>808.7900000000001</ele>
   </trkpt>
   <trkpt lat="35.64211" lon="-115.38585">
    <ele>809.07</ele>
   </trkpt>
   <trkpt lat="35.642857500175836" lon="-115.3857375031545">
    <ele>809.44</ele>
   </trkpt>
   <trkpt lat="35.643605000247064" lon="-115.38562500420419">
    <ele>809.5500000000001</ele>
   </trkpt>
   <trkpt lat="35.64435250021369" lon="-115.3855125031489">
    <ele>809.5500000000001</ele>
   </trkpt>
   <trkpt lat="35.645100000000006" lon="-115.3854">
    <ele>809.5500000000001</ele>
   </trkpt>
   <trkpt lat="35.645360000000004" lon="-115.38531">
    <ele>809.5500000000001</ele>
   </trkpt>
   <trkpt lat="35.646" lon="-115.38481000000002">
    <ele>809.5500000000001</ele>
   </trkpt>
   <trkpt lat="35.646620000000006" lon="-115.38455">
    <ele>809.5500000000001</ele>
   </trkpt>
   <trkpt lat="35.64719" lon="-115.38429000000001">
    <ele>809.1400000000001</ele>
   </trkpt>
   <trkpt lat="35.64755" lon="-115.38419">
    <ele>809.1400000000001</ele>
   </trkpt>
   <trkpt lat="35.64800000006731" lon="-115.38419">
    <ele>809.1400000000001</ele>
   </trkpt>
   <trkpt lat="35.648450000000004" lon="-115.38419">
    <ele>809.1400000000001</ele>
   </trkpt>
   <trkpt lat="35.648830000000004" lon="-115.3841">
    <ele>809.1400000000001</ele>
   </trkpt>
   <trkpt lat="35.649190000000004" lon="-115.38397">
    <ele>809.1400000000001</ele>
   </trkpt>
   <trkpt lat="35.64983" lon="-115.38357">
    <ele>809.1400000000001</ele>
   </trkpt>
   <trkpt lat="35.650220000000004" lon="-115.38343">
    <ele>809.1400000000001</ele>
   </trkpt>
   <trkpt lat="35.65057" lon="-115.38343">
    <ele>809.1400000000001</ele>
   </trkpt>
   <trkpt lat="35.65110000004907" lon="-115.38352999933794">
    <ele>809.1400000000001</ele>
   </trkpt>
   <trkpt lat="35.651630000000004" lon="-115.38363000000001">
    <ele>808.95</ele>
   </trkpt>
   <trkpt lat="35.65236499999229" lon="-115.38373499902619">
    <ele>809.44</ele>
   </trkpt>
   <trkpt lat="35.6531" lon="-115.38384">
    <ele>809.94</ele>
   </trkpt>
   <trkpt lat="35.653635000032885" lon="-115.38394999925966">
    <ele>809.83</ele>
   </trkpt>
   <trkpt lat="35.65417" lon="-115.38406">
    <ele>810.0500000000001</ele>
   </trkpt>
   <trkpt lat="35.654896000174446" lon="-115.38416999599644">
    <ele>810.73</ele>
   </trkpt>
   <trkpt lat="35.655622000248876" lon="-115.38427999399265">
    <ele>811.5000000000001</ele>
   </trkpt>
   <trkpt lat="35.65634800022327" lon="-115.38438999398868">
    <ele>811.5400000000001</ele>
   </trkpt>
   <trkpt lat="35.65707400009764" lon="-115.38449999598464">
    <ele>812.13</ele>
   </trkpt>
   <trkpt lat="35.6578" lon="-115.38461000000001">
    <ele>812.32</ele>
   </trkpt>
   <trkpt lat="35.658455000140854" lon="-115.38466499955969">
    <ele>812.58</ele>
   </trkpt>
   <trkpt lat="35.659110000000005" lon="-115.38472000000002">
    <ele>812.7500000000001</ele>
   </trkpt>
   <trkpt lat="35.65935" lon="-115.38468">
    <ele>812.73</ele>
   </trkpt>
   <trkpt lat="35.66009000064044" lon="-115.3844860071866">
    <ele>812.52</ele>
   </trkpt>
   <trkpt lat="35.660830000969746" lon="-115.38429201077768">
    <ele>812.52</ele>
   </trkpt>
   <trkpt lat="35.661570000987936" lon="-115.3840980107731">
    <ele>812.52</ele>
   </trkpt>
   <trkpt lat="35.662310000694966" lon="-115.38390400717265">
    <ele>812.52</ele>
   </trkpt>
   <trkpt lat="35.663050000000005" lon="-115.38371000000001">
    <ele>812.52</ele>
   </trkpt>
   <trkpt lat="35.66383000024572" lon="-115.38352667025634">
    <ele>812.52</ele>
   </trkpt>
   <trkpt lat="35.66461000021357" lon="-115.38334333693061">
    <ele>810.91</ele>
   </trkpt>
   <trkpt lat="35.66539" lon="-115.38316">
    <ele>810.91</ele>
   </trkpt>
   <trkpt lat="35.66624222564003" lon="-115.38293948447371">
    <ele>810.91</ele>
   </trkpt>
   <trkpt lat="35.667094450878025" lon="-115.38271896423944">
    <ele>810.91</ele>
   </trkpt>
   <trkpt lat="35.66794667571397" lon="-115.38249843929691">
    <ele>810.91</ele>
   </trkpt>
   <trkpt lat="35.66879890014784" lon="-115.38227790964591">
    <ele>810.91</ele>
   </trkpt>
   <trkpt lat="35.6696511241796" lon="-115.38205737528615">
    <ele>810.91</ele>
   </trkpt>
   <trkpt lat="35.67050334780923" lon="-115.3818368362174">
    <ele>810.91</ele>
   </trkpt>
   <trkpt lat="35.67135557103675" lon="-115.38161629243945">
    <ele>810.91</ele>
   </trkpt>
   <trkpt lat="35.67220779386208" lon="-115.38139574395198">
    <ele>807.6800000000001</ele>
   </trkpt>
   <trkpt lat="35.67306001628523" lon="-115.38117519075482">
    <ele>807.6800000000001</ele>
   </trkpt>
   <trkpt lat="35.67391223830618" lon="-115.38095463284768">
    <ele>807.6800000000001</ele>
   </trkpt>
   <trkpt lat="35.6747644599249" lon="-115.38073407023033">
    <ele>807.6800000000001</ele>
   </trkpt>
   <trkpt lat="35.67561668114138" lon="-115.3805135029025">
    <ele>807.6800000000001</ele>
   </trkpt>
   <trkpt lat="35.67646890195557" lon="-115.38029293086399">
    <ele>807.6800000000001</ele>
   </trkpt>
   <trkpt lat="35.67732112236749" lon="-115.38007235411452">
    <ele>807.6800000000001</ele>
   </trkpt>
   <trkpt lat="35.67817334237709" lon="-115.37985177265382">
    <ele>807.6800000000001</ele>
   </trkpt>
   <trkpt lat="35.67902556198436" lon="-115.3796311864817">
    <ele>808.07</ele>
   </trkpt>
   <trkpt lat="35.679877781189276" lon="-115.37941059559788">
    <ele>808.07</ele>
   </trkpt>
   <trkpt lat="35.680730000000004" lon="-115.37919000000001">
    <ele>808.07</ele>
   </trkpt>
   <trkpt lat="35.681485000147404" lon="-115.37898000199681">
    <ele>808.07</ele>
   </trkpt>
   <trkpt lat="35.68224" lon="-115.37877">
    <ele>807.15</ele>
   </trkpt>
   <trkpt lat="35.68309500057366" lon="-115.37855750682839">
    <ele>807.07</ele>
   </trkpt>
   <trkpt lat="35.683950000773905" lon="-115.37834500910242">
    <ele>806.8900000000001</ele>
   </trkpt>
   <trkpt lat="35.684805000600754" lon="-115.37813250682188">
    <ele>807.27</ele>
   </trkpt>
   <trkpt lat="35.685660000000006" lon="-115.37792">
    <ele>807.86</ele>
   </trkpt>
   <trkpt lat="35.686406667453944" lon="-115.37772500912553">
    <ele>808.33</ele>
   </trkpt>
   <trkpt lat="35.687153334593475" lon="-115.37753001460096">
    <ele>808.6500000000001</ele>
   </trkpt>
   <trkpt lat="35.68790000141854" lon="-115.37733501642609">
    <ele>809.2900000000001</ele>
   </trkpt>
   <trkpt lat="35.68864666792918" lon="-115.37714001460078">
    <ele>809.32</ele>
   </trkpt>
   <trkpt lat="35.689393334125334" lon="-115.37694500912487">
    <ele>809.51</ele>
   </trkpt>
   <trkpt lat="35.69014" lon="-115.37675000000002">
    <ele>809.74</ele>
   </trkpt>
   <trkpt lat="35.69068499990279" lon="-115.37662500089124">
    <ele>809.74</ele>
   </trkpt>
   <trkpt lat="35.691230000000004" lon="-115.37650000000001">
    <ele>809.74</ele>
   </trkpt>
   <trkpt lat="35.69173000008786" lon="-115.37636500084292">
    <ele>809.74</ele>
   </trkpt>
   <trkpt lat="35.69223" lon="-115.37623">
    <ele>809.74</ele>
   </trkpt>
   <trkpt lat="35.69290750036061" lon="-115.37606000433178">
    <ele>809.74</ele>
   </trkpt>
   <trkpt lat="35.69358500048221" lon="-115.37589000577545">
    <ele>809.74</ele>
   </trkpt>
   <trkpt lat="35.6942625003648" lon="-115.37572000433083">
    <ele>807.9900000000001</ele>
   </trkpt>
   <trkpt lat="35.69494" lon="-115.37555">
    <ele>807.9900000000001</ele>
   </trkpt>
   <trkpt lat="35.69555666685588" lon="-115.37538666920102">
    <ele>807.9900000000001</ele>
   </trkpt>
   <trkpt lat="35.69617333349112" lon="-115.37522333587604">
    <ele>807.9900000000001</ele>
   </trkpt>
   <trkpt lat="35.69679" lon="-115.37506">
    <ele>807.9900000000001</ele>
   </trkpt>
   <trkpt lat="35.69731" lon="-115.37483">
    <ele>807.9900000000001</ele>
   </trkpt>
   <trkpt lat="35.69744" lon="-115.37479">
    <ele>807.9900000000001</ele>
   </trkpt>
   <trkpt lat="35.698080000000004" lon="-115.37474">
    <ele>807.9900000000001</ele>
   </trkpt>
   <trkpt lat="35.6988500009862" lon="-115.37454144007482">
    <ele>808.3</ele>
   </trkpt>
   <trkpt lat="35.699620001646295" lon="-115.3743428763148">
    <ele>808.2800000000001</ele>
   </trkpt>
   <trkpt lat="35.70039000198029" lon="-115.37414430871976">
    <ele>808.32</ele>
   </trkpt>
   <trkpt lat="35.70116000198817" lon="-115.37394573728952">
    <ele>808.8700000000001</ele>
   </trkpt>
   <trkpt lat="35.70193000166991" lon="-115.37374716202392">
    <ele>808.0500000000001</ele>
   </trkpt>
   <trkpt lat="35.7027000010255" lon="-115.37354858292275">
    <ele>808.58</ele>
   </trkpt>
   <trkpt lat="35.70347" lon="-115.37335000000002">
    <ele>809.69</ele>
   </trkpt>
   <trkpt lat="35.704276668031945" lon="-115.37314668312732">
    <ele>809.6000000000001</ele>
   </trkpt>
   <trkpt lat="35.70508333572196" lon="-115.37294336214008">
    <ele>810.76</ele>
   </trkpt>
   <trkpt lat="35.70589000307004" lon="-115.37274003703814">
    <ele>811.6000000000001</ele>
   </trkpt>
   <trkpt lat="35.70669667007616" lon="-115.37253670782128">
    <ele>811.6000000000001</ele>
   </trkpt>
   <trkpt lat="35.7075033367403" lon="-115.37233337448927">
    <ele>812.44</ele>
   </trkpt>
   <trkpt lat="35.70831000306247" lon="-115.3721300370419">
    <ele>812.6500000000001</ele>
   </trkpt>
   <trkpt lat="35.709116669042615" lon="-115.37192669547903">
    <ele>813.85</ele>
   </trkpt>
   <trkpt lat="35.709923334680745" lon="-115.37172334980043">
    <ele>813.7700000000001</ele>
   </trkpt>
   <trkpt lat="35.710730000000005" lon="-115.37152">
    <ele>814.08</ele>
   </trkpt>
   <trkpt lat="35.71149500004527" lon="-115.3713150020021">
    <ele>814.35</ele>
   </trkpt>
   <trkpt lat="35.71226" lon="-115.37111000000002">
    <ele>814.5000000000001</ele>
   </trkpt>
   <trkpt lat="35.71246" lon="-115.37098">
    <ele>814.52</ele>
   </trkpt>
   <trkpt lat="35.71271" lon="-115.37076">
    <ele>814.19</ele>
   </trkpt>
   <trkpt lat="35.712790000000005" lon="-115.37060000000001">
    <ele>813.76</ele>
   </trkpt>
   <trkpt lat="35.713040004885826" lon="-115.36983000488841">
    <ele>813.7200000000001</ele>
   </trkpt>
   <trkpt lat="35.71329000486716" lon="-115.36906000494601">
    <ele>813.07</ele>
   </trkpt>
   <trkpt lat="35.71354" lon="-115.36829000000002">
    <ele>812.6300000000001</ele>
   </trkpt>
   <trkpt lat="35.713835002775696" lon="-115.36746500316414">
    <ele>811.6600000000001</ele>
   </trkpt>
   <trkpt lat="35.714130000000004" lon="-115.36664">
    <ele>811.1600000000001</ele>
   </trkpt>
   <trkpt lat="35.71416" lon="-115.36644000000001">
    <ele>811.1600000000001</ele>
   </trkpt>
   <trkpt lat="35.71408" lon="-115.36582000000001">
    <ele>810.51</ele>
   </trkpt>
   <trkpt lat="35.71385" lon="-115.36478000000001">
    <ele>809.9900000000001</ele>
   </trkpt>
   <trkpt lat="35.714691371240335" lon="-115.36448415652471">
    <ele>811.6500000000001</ele>
   </trkpt>
   <trkpt lat="35.71553274175664" lon="-115.36418830680249">
    <ele>813.1600000000001</ele>
   </trkpt>
   <trkpt lat="35.71637411154888" lon="-115.36389245083298">
    <ele>814.96</ele>
   </trkpt>
   <trkpt lat="35.717215480617" lon="-115.3635965886159">
    <ele>816.4800000000001</ele>
   </trkpt>
   <trkpt lat="35.71805684896099" lon="-115.36330072015095">
    <ele>817.24</ele>
   </trkpt>
   <trkpt lat="35.7188982165808" lon="-115.36300484543776">
    <ele>817.9300000000001</ele>
   </trkpt>
   <trkpt lat="35.719739583476375" lon="-115.36270896447606">
    <ele>818.7500000000001</ele>
   </trkpt>
   <trkpt lat="35.720580949647704" lon="-115.36241307726547">
    <ele>819.2900000000001</ele>
   </trkpt>
   <trkpt lat="35.72142231509473" lon="-115.36211718380571">
    <ele>819.34</ele>
   </trkpt>
   <trkpt lat="35.722263679817424" lon="-115.36182128409642">
    <ele>821.15</ele>
   </trkpt>
   <trkpt lat="35.723105043815735" lon="-115.36152537813734">
    <ele>822.23</ele>
   </trkpt>
   <trkpt lat="35.72394640708965" lon="-115.36122946592812">
    <ele>823.1700000000001</ele>
   </trkpt>
   <trkpt lat="35.724787769639114" lon="-115.36093354746845">
    <ele>824.3000000000001</ele>
   </trkpt>
   <trkpt lat="35.72562913146409" lon="-115.36063762275798">
    <ele>825.1400000000001</ele>
   </trkpt>
   <trkpt lat="35.72647049256455" lon="-115.36034169179642">
    <ele>826.1800000000001</ele>
   </trkpt>
   <trkpt lat="35.72731185294046" lon="-115.36004575458344">
    <ele>827.58</ele>
   </trkpt>
   <trkpt lat="35.72815321259175" lon="-115.35974981111872">
    <ele>828.25</ele>
   </trkpt>
   <trkpt lat="35.72899457151842" lon="-115.3594538614019">
    <ele>828.46</ele>
   </trkpt>
   <trkpt lat="35.729835929720416" lon="-115.35915790543275">
    <ele>828.6500000000001</ele>
   </trkpt>
   <trkpt lat="35.73067728719769" lon="-115.35886194321087">
    <ele>829.1700000000001</ele>
   </trkpt>
   <trkpt lat="35.73151864395023" lon="-115.35856597473597">
    <ele>830.5400000000001</ele>
   </trkpt>
   <trkpt lat="35.73236" lon="-115.35827">
    <ele>831.73</ele>
   </trkpt>
   <trkpt lat="35.73272" lon="-115.35813">
    <ele>832.3000000000001</ele>
   </trkpt>
   <trkpt lat="35.733050000000006" lon="-115.35796">
    <ele>833.37</ele>
   </trkpt>
   <trkpt lat="35.73337" lon="-115.35777000000002">
    <ele>833.97</ele>
   </trkpt>
   <trkpt lat="35.73410601093528" lon="-115.35722804508713">
    <ele>835.2</ele>
   </trkpt>
   <trkpt lat="35.73484201944028" lon="-115.3566860801564">
    <ele>836.47</ele>
   </trkpt>
   <trkpt lat="35.735578025514876" lon="-115.35614410520736">
    <ele>837.46</ele>
   </trkpt>
   <trkpt lat="35.73631402915896" lon="-115.35560212023968">
    <ele>837.9100000000001</ele>
   </trkpt>
   <trkpt lat="35.73705003037243" lon="-115.35506012525288">
    <ele>838.2100000000002</ele>
   </trkpt>
   <trkpt lat="35.737786029155174" lon="-115.35451812024651">
    <ele>838.5100000000001</ele>
   </trkpt>
   <trkpt lat="35.73852202550706" lon="-115.3539761052202">
    <ele>838.86</ele>
   </trkpt>
   <trkpt lat="35.739258019428014" lon="-115.3534340801735">
    <ele>839.0300000000001</ele>
   </trkpt>
   <trkpt lat="35.739994010917904" lon="-115.35289204510599">
    <ele>839.5100000000001</ele>
   </trkpt>
   <trkpt lat="35.740730000000006" lon="-115.35235000000002">
    <ele>840.2700000000001</ele>
   </trkpt>
   <trkpt lat="35.741383338041494" lon="-115.3518733528863">
    <ele>840.16</ele>
   </trkpt>
   <trkpt lat="35.742036674202964" lon="-115.3513966979495">
    <ele>840.45</ele>
   </trkpt>
   <trkpt lat="35.742690008484345" lon="-115.35092003518932">
    <ele>840.7500000000001</ele>
   </trkpt>
   <trkpt lat="35.74334334088556" lon="-115.35044336460548">
    <ele>841.0500000000001</ele>
   </trkpt>
   <trkpt lat="35.74399667140653" lon="-115.34996668619767">
    <ele>841.6500000000001</ele>
   </trkpt>
   <trkpt lat="35.74465" lon="-115.34949">
    <ele>842.6500000000001</ele>
   </trkpt>
   <trkpt lat="35.745391766101314" lon="-115.34894576377907">
    <ele>843.9000000000001</ele>
   </trkpt>
   <trkpt lat="35.746133529751496" lon="-115.34840151741524">
    <ele>844.71</ele>
   </trkpt>
   <trkpt lat="35.74687529095047" lon="-115.3478572609081">
    <ele>845.49</ele>
   </trkpt>
   <trkpt lat="35.7476170496981" lon="-115.3473129942572">
    <ele>846.4800000000001</ele>
   </trkpt>
   <trkpt lat="35.748358805994286" lon="-115.34676871746211">
    <ele>847.0300000000001</ele>
   </trkpt>
   <trkpt lat="35.749100559838894" lon="-115.34622443052241">
    <ele>847.6700000000001</ele>
   </trkpt>
   <trkpt lat="35.74984231123182" lon="-115.34568013343764">
    <ele>848.2400000000001</ele>
   </trkpt>
   <trkpt lat="35.75058406017297" lon="-115.34513582620741">
    <ele>848.4800000000001</ele>
   </trkpt>
   <trkpt lat="35.751325806662216" lon="-115.34459150883123">
    <ele>848.6300000000001</ele>
   </trkpt>
   <trkpt lat="35.75206755069944" lon="-115.34404718130868">
    <ele>849.04</ele>
   </trkpt>
   <trkpt lat="35.75280929228454" lon="-115.34350284363938">
    <ele>849.37</ele>
   </trkpt>
   <trkpt lat="35.75355103141739" lon="-115.34295849582284">
    <ele>849.7000000000002</ele>
   </trkpt>
   <trkpt lat="35.754292768097905" lon="-115.34241413785868">
    <ele>850.1800000000001</ele>
   </trkpt>
   <trkpt lat="35.75503450232594" lon="-115.34186976974641">
    <ele>851.4</ele>
   </trkpt>
   <trkpt lat="35.7557762341014" lon="-115.34132539148564">
    <ele>852.44</ele>
   </trkpt>
   <trkpt lat="35.756517963424166" lon="-115.34078100307592">
    <ele>853.46</ele>
   </trkpt>
   <trkpt lat="35.75725969029413" lon="-115.3402366045168">
    <ele>854.3900000000001</ele>
   </trkpt>
   <trkpt lat="35.758001414711174" lon="-115.3396921958079">
    <ele>855.35</ele>
   </trkpt>
   <trkpt lat="35.7587431366752" lon="-115.33914777694874">
    <ele>856.1400000000001</ele>
   </trkpt>
   <trkpt lat="35.75948485618607" lon="-115.33860334793887">
    <ele>857.0300000000001</ele>
   </trkpt>
   <trkpt lat="35.7602265732437" lon="-115.33805890877791">
    <ele>857.6600000000001</ele>
   </trkpt>
   <trkpt lat="35.76096828784795" lon="-115.33751445946542">
    <ele>857.98</ele>
   </trkpt>
   <trkpt lat="35.76171" lon="-115.33697000000001">
    <ele>859.13</ele>
   </trkpt>
   <trkpt lat="35.762457503701974" lon="-115.33642251544802">
    <ele>859.6700000000001</ele>
   </trkpt>
   <trkpt lat="35.76320500492299" lon="-115.33587502060719">
    <ele>859.9000000000001</ele>
   </trkpt>
   <trkpt lat="35.76395250366293" lon="-115.33532751547715">
    <ele>860.4200000000001</ele>
   </trkpt>
   <trkpt lat="35.764700000000005" lon="-115.33478000000001">
    <ele>860.2</ele>
   </trkpt>
   <trkpt lat="35.76515500034377" lon="-115.33446000188673">
    <ele>860.71</ele>
   </trkpt>
   <trkpt lat="35.76561" lon="-115.33414">
    <ele>861.11</ele>
   </trkpt>
   <trkpt lat="35.765840000000004" lon="-115.334">
    <ele>862.0300000000001</ele>
   </trkpt>
   <trkpt lat="35.76619" lon="-115.33387">
    <ele>862.0300000000001</ele>
   </trkpt>
   <trkpt lat="35.766400000000004" lon="-115.33382">
    <ele>863.0200000000001</ele>
   </trkpt>
   <trkpt lat="35.766890000000004" lon="-115.33375000000001">
    <ele>863.2900000000001</ele>
   </trkpt>
   <trkpt lat="35.76777749998055" lon="-115.33376749941371">
    <ele>864.19</ele>
   </trkpt>
   <trkpt lat="35.76866499995854" lon="-115.33378499921797">
    <ele>865.36</ele>
   </trkpt>
   <trkpt lat="35.769552499934015" lon="-115.33380249941278">
    <ele>866.47</ele>
   </trkpt>
   <trkpt lat="35.77044" lon="-115.33382">
    <ele>867.14</ele>
   </trkpt>
   <trkpt lat="35.770860000000006" lon="-115.33378">
    <ele>867.7800000000001</ele>
   </trkpt>
   <trkpt lat="35.771240000000006" lon="-115.33370000000001">
    <ele>867.99</ele>
   </trkpt>
   <trkpt lat="35.771550000000005" lon="-115.3336">
    <ele>867.99</ele>
   </trkpt>
   <trkpt lat="35.77196" lon="-115.33338">
    <ele>868.2500000000001</ele>
   </trkpt>
   <trkpt lat="35.77264250302945" lon="-115.33288501275452">
    <ele>868.5100000000001</ele>
   </trkpt>
   <trkpt lat="35.77332500403071" lon="-115.33239001701251">
    <ele>868.8</ele>
   </trkpt>
   <trkpt lat="35.77400750300366" lon="-115.33189501277363">
    <ele>869.0600000000001</ele>
   </trkpt>
   <trkpt lat="35.77469" lon="-115.33140000000002">
    <ele>869.3900000000001</ele>
   </trkpt>
   <trkpt lat="35.774860000000004" lon="-115.33123">
    <ele>869.3900000000001</ele>
   </trkpt>
   <trkpt lat="35.77514" lon="-115.33083">
    <ele>869.19</ele>
   </trkpt>
   <trkpt lat="35.77525" lon="-115.3306">
    <ele>868.96</ele>
   </trkpt>
   <trkpt lat="35.775310000000005" lon="-115.33042">
    <ele>868.6400000000001</ele>
   </trkpt>
   <trkpt lat="35.775400000000005" lon="-115.32998">
    <ele>868.6400000000001</ele>
   </trkpt>
   <trkpt lat="35.775420000000004" lon="-115.32975">
    <ele>867.8100000000001</ele>
   </trkpt>
   <trkpt lat="35.77539500213985" lon="-115.32902999960544">
    <ele>867.45</ele>
   </trkpt>
   <trkpt lat="35.77537" lon="-115.32831000000002">
    <ele>867.1500000000001</ele>
   </trkpt>
   <trkpt lat="35.775380000000006" lon="-115.32793000000001">
    <ele>866.86</ele>
   </trkpt>
   <trkpt lat="35.77546" lon="-115.32747">
    <ele>866.57</ele>
   </trkpt>
   <trkpt lat="35.77557" lon="-115.32715">
    <ele>866.48</ele>
   </trkpt>
   <trkpt lat="35.775740000000006" lon="-115.32685000000001">
    <ele>866.2900000000001</ele>
   </trkpt>
   <trkpt lat="35.77597" lon="-115.32654000000001">
    <ele>866.2500000000001</ele>
   </trkpt>
   <trkpt lat="35.776650000000004" lon="-115.32601000000001">
    <ele>866.21</ele>
   </trkpt>
   <trkpt lat="35.77734000106436" lon="-115.32550500437613">
    <ele>866.2500000000001</ele>
   </trkpt>
   <trkpt lat="35.77803" lon="-115.325">
    <ele>866.44</ele>
   </trkpt>
   <trkpt lat="35.77854666787029" lon="-115.3246166716584">
    <ele>866.65</ele>
   </trkpt>
   <trkpt lat="35.779063334524146" lon="-115.32423333833465">
    <ele>866.7</ele>
   </trkpt>
   <trkpt lat="35.77958" lon="-115.32385000000001">
    <ele>867.1</ele>
   </trkpt>
   <trkpt lat="35.780300000000004" lon="-115.32334000000002">
    <ele>867.48</ele>
   </trkpt>
   <trkpt lat="35.78076500060637" lon="-115.32298500201179">
    <ele>867.5100000000001</ele>
   </trkpt>
   <trkpt lat="35.78123" lon="-115.32263">
    <ele>867.5600000000001</ele>
   </trkpt>
   <trkpt lat="35.78178000073454" lon="-115.32223000271495">
    <ele>867.86</ele>
   </trkpt>
   <trkpt lat="35.78233" lon="-115.32183">
    <ele>867.97</ele>
   </trkpt>
   <trkpt lat="35.78288500062144" lon="-115.32144500268255">
    <ele>868.0500000000001</ele>
   </trkpt>
   <trkpt lat="35.783440000000006" lon="-115.32106">
    <ele>868.3700000000001</ele>
   </trkpt>
   <trkpt lat="35.78420324955633" lon="-115.32049835994943">
    <ele>869.2800000000001</ele>
   </trkpt>
   <trkpt lat="35.784966496501085" lon="-115.31993670911308">
    <ele>870.1</ele>
   </trkpt>
   <trkpt lat="35.78572974083415" lon="-115.31937504749042">
    <ele>871.4300000000001</ele>
   </trkpt>
   <trkpt lat="35.7864929825554" lon="-115.31881337508102">
    <ele>872.53</ele>
   </trkpt>
   <trkpt lat="35.78725622166471" lon="-115.31825169188441">
    <ele>873.24</ele>
   </trkpt>
   <trkpt lat="35.78801945816196" lon="-115.31768999790009">
    <ele>874.6700000000001</ele>
   </trkpt>
   <trkpt lat="35.78878269204701" lon="-115.31712829312762">
    <ele>875.7800000000001</ele>
   </trkpt>
   <trkpt lat="35.78954592331976" lon="-115.3165665775665">
    <ele>876.3400000000001</ele>
   </trkpt>
   <trkpt lat="35.79030915198007" lon="-115.31600485121628">
    <ele>877.7</ele>
   </trkpt>
   <trkpt lat="35.791072378027835" lon="-115.31544311407644">
    <ele>880.1200000000001</ele>
   </trkpt>
   <trkpt lat="35.7918356014629" lon="-115.31488136614657">
    <ele>880.5100000000001</ele>
   </trkpt>
   <trkpt lat="35.79259882228517" lon="-115.31431960742614">
    <ele>882.1700000000001</ele>
   </trkpt>
   <trkpt lat="35.79336204049451" lon="-115.31375783791474">
    <ele>883.2200000000001</ele>
   </trkpt>
   <trkpt lat="35.7941252560908" lon="-115.31319605761183">
    <ele>884.35</ele>
   </trkpt>
   <trkpt lat="35.79488846907392" lon="-115.31263426651698">
    <ele>886.33</ele>
   </trkpt>
   <trkpt lat="35.795651679443736" lon="-115.31207246462968">
    <ele>887.46</ele>
   </trkpt>
   <trkpt lat="35.79641488720013" lon="-115.3115106519495">
    <ele>888.51</ele>
   </trkpt>
   <trkpt lat="35.79717809234297" lon="-115.31094882847596">
    <ele>889.94</ele>
   </trkpt>
   <trkpt lat="35.797941294872146" lon="-115.31038699420856">
    <ele>891.58</ele>
   </trkpt>
   <trkpt lat="35.79870449478754" lon="-115.30982514914682">
    <ele>892.5400000000001</ele>
   </trkpt>
   <trkpt lat="35.799467692089" lon="-115.3092632932903">
    <ele>893.94</ele>
   </trkpt>
   <trkpt lat="35.800230886776426" lon="-115.30870142663849">
    <ele>894.73</ele>
   </trkpt>
   <trkpt lat="35.80099407884968" lon="-115.30813954919095">
    <ele>896.34</ele>
   </trkpt>
   <trkpt lat="35.801757268308656" lon="-115.30757766094723">
    <ele>897.34</ele>
   </trkpt>
   <trkpt lat="35.80252045515322" lon="-115.30701576190677">
    <ele>899.09</ele>
   </trkpt>
   <trkpt lat="35.803283639383245" lon="-115.30645385206917">
    <ele>901.07</ele>
   </trkpt>
   <trkpt lat="35.80404682099861" lon="-115.30589193143395">
    <ele>902.3000000000001</ele>
   </trkpt>
   <trkpt lat="35.80481" lon="-115.30533000000001">
    <ele>903.6500000000001</ele>
   </trkpt>
   <trkpt lat="35.8055640113944" lon="-115.3047770472504">
    <ele>905.51</ele>
   </trkpt>
   <trkpt lat="35.80631802025677" lon="-115.30422408400216">
    <ele>906.19</ele>
   </trkpt>
   <trkpt lat="35.80707202658698" lon="-115.30367111025474">
    <ele>907.6700000000001</ele>
   </trkpt>
   <trkpt lat="35.80782603038492" lon="-115.30311812600772">
    <ele>908.4700000000001</ele>
   </trkpt>
   <trkpt lat="35.808580031650486" lon="-115.30256513126064">
    <ele>909.9300000000001</ele>
   </trkpt>
   <trkpt lat="35.80933403038354" lon="-115.30201212601307">
    <ele>911.1300000000001</ele>
   </trkpt>
   <trkpt lat="35.81008802658397" lon="-115.30145911026452">
    <ele>912.51</ele>
   </trkpt>
   <trkpt lat="35.810842020251656" lon="-115.30090608401456">
    <ele>913.9</ele>
   </trkpt>
   <trkpt lat="35.811596011386484" lon="-115.30035304726272">
    <ele>914.7600000000001</ele>
   </trkpt>
   <trkpt lat="35.81235" lon="-115.2998">
    <ele>915.83</ele>
   </trkpt>
   <trkpt lat="35.813008338372086" lon="-115.29930668711812">
    <ele>916.4100000000001</ele>
   </trkpt>
   <trkpt lat="35.81366667472871" lon="-115.29881336605611">
    <ele>916.95</ele>
   </trkpt>
   <trkpt lat="35.814325009069776" lon="-115.29832003681368">
    <ele>917.4200000000001</ele>
   </trkpt>
   <trkpt lat="35.81498334139524" lon="-115.29782669939053">
    <ele>917.6700000000001</ele>
   </trkpt>
   <trkpt lat="35.81564167170498" lon="-115.29733335378636">
    <ele>917.7</ele>
   </trkpt>
   <trkpt lat="35.816300000000005" lon="-115.29684">
    <ele>917.6</ele>
   </trkpt>
   <trkpt lat="35.816926003375094" lon="-115.29638801426249">
    <ele>917.7</ele>
   </trkpt>
   <trkpt lat="35.817552005058204" lon="-115.29593602139725">
    <ele>918.3000000000001</ele>
   </trkpt>
   <trkpt lat="35.81817800504924" lon="-115.29548402140402">
    <ele>918.7900000000001</ele>
   </trkpt>
   <trkpt lat="35.81880400334817" lon="-115.29503201428254">
    <ele>919.5300000000001</ele>
   </trkpt>
   <trkpt lat="35.819430000000004" lon="-115.29458000000001">
    <ele>920.1600000000001</ele>
   </trkpt>
   <trkpt lat="35.8199600006305" lon="-115.29418000269476">
    <ele>921.2300000000001</ele>
   </trkpt>
   <trkpt lat="35.82049" lon="-115.29378000000001">
    <ele>921.95</ele>
   </trkpt>
   <trkpt lat="35.82097" lon="-115.29336">
    <ele>922.27</ele>
   </trkpt>
   <trkpt lat="35.821360000000006" lon="-115.29291">
    <ele>921.83</ele>
   </trkpt>
   <trkpt lat="35.8217" lon="-115.29241">
    <ele>920.3000000000001</ele>
   </trkpt>
   <trkpt lat="35.82195" lon="-115.29193000000001">
    <ele>918.5300000000001</ele>
   </trkpt>
   <trkpt lat="35.822160000000004" lon="-115.29143">
    <ele>915.2300000000001</ele>
   </trkpt>
   <trkpt lat="35.82240000268578" lon="-115.29062000255485">
    <ele>914.27</ele>
   </trkpt>
   <trkpt lat="35.82264" lon="-115.28981">
    <ele>914.36</ele>
   </trkpt>
   <trkpt lat="35.82284000000001" lon="-115.28928">
    <ele>914.5500000000001</ele>
   </trkpt>
   <trkpt lat="35.823060000000005" lon="-115.28883">
    <ele>914.44</ele>
   </trkpt>
   <trkpt lat="35.823330000000006" lon="-115.28838">
    <ele>914.48</ele>
   </trkpt>
   <trkpt lat="35.823660000000004" lon="-115.28794">
    <ele>914.44</ele>
   </trkpt>
   <trkpt lat="35.824326676327786" lon="-115.2872566953731">
    <ele>914.1</ele>
   </trkpt>
   <trkpt lat="35.824993348788205" lon="-115.2865733792674">
    <ele>913.2300000000001</ele>
   </trkpt>
   <trkpt lat="35.82566001738108" lon="-115.28589005168246">
    <ele>911.7</ele>
   </trkpt>
   <trkpt lat="35.82632668210629" lon="-115.28520671261786">
    <ele>910.48</ele>
   </trkpt>
   <trkpt lat="35.82699334296364" lon="-115.28452336207326">
    <ele>909.96</ele>
   </trkpt>
   <trkpt lat="35.82766" lon="-115.28384000000001">
    <ele>910.1600000000001</ele>
   </trkpt>
   <trkpt lat="35.82833252085864" lon="-115.2831633964132">
    <ele>911.3200000000002</ele>
   </trkpt>
   <trkpt lat="35.82900503792521" lon="-115.28248678135886">
    <ele>912.1800000000001</ele>
   </trkpt>
   <trkpt lat="35.829677551199566" lon="-115.2818101548365">
    <ele>913.48</ele>
   </trkpt>
   <trkpt lat="35.83035006068154" lon="-115.28113351684574">
    <ele>915.12</ele>
   </trkpt>
   <trkpt lat="35.831022566370976" lon="-115.28045686738615">
    <ele>916.27</ele>
   </trkpt>
   <trkpt lat="35.83169506826773" lon="-115.2797802064573">
    <ele>917.3500000000001</ele>
   </trkpt>
   <trkpt lat="35.832367566371616" lon="-115.27910353405885">
    <ele>917.94</ele>
   </trkpt>
   <trkpt lat="35.83304006068249" lon="-115.27842685019031">
    <ele>919.2900000000001</ele>
   </trkpt>
   <trkpt lat="35.83371255120021" lon="-115.27775015485129">
    <ele>920.4000000000001</ele>
   </trkpt>
   <trkpt lat="35.8343850379246" lon="-115.27707344804142">
    <ele>921.2300000000001</ele>
   </trkpt>
   <trkpt lat="35.83505752085549" lon="-115.27639672976021">
    <ele>922.34</ele>
   </trkpt>
   <trkpt lat="35.835730000000005" lon="-115.27572">
    <ele>923.51</ele>
   </trkpt>
   <trkpt lat="35.83642041176914" lon="-115.27502123566653">
    <ele>924.1100000000001</ele>
   </trkpt>
   <trkpt lat="35.83711081949336" lon="-115.27432245917119">
    <ele>924.1700000000001</ele>
   </trkpt>
   <trkpt lat="35.83780122317251" lon="-115.27362367051354">
    <ele>924.24</ele>
   </trkpt>
   <trkpt lat="35.838491622806394" lon="-115.27292486969314">
    <ele>924.39</ele>
   </trkpt>
   <trkpt lat="35.839182018394844" lon="-115.27222605670956">
    <ele>924.48</ele>
   </trkpt>
   <trkpt lat="35.8398724099377" lon="-115.27152723156227">
    <ele>924.1800000000001</ele>
   </trkpt>
   <trkpt lat="35.84056279743476" lon="-115.27082839425093">
    <ele>923.72</ele>
   </trkpt>
   <trkpt lat="35.841253180885886" lon="-115.270129544775">
    <ele>923.7700000000001</ele>
   </trkpt>
   <trkpt lat="35.84194356029087" lon="-115.26943068313409">
    <ele>923.6500000000001</ele>
   </trkpt>
   <trkpt lat="35.842633935649566" lon="-115.2687318093277">
    <ele>924.45</ele>
   </trkpt>
   <trkpt lat="35.8433243069618" lon="-115.2680329233554">
    <ele>925.8000000000001</ele>
   </trkpt>
   <trkpt lat="35.84401467422737" lon="-115.26733402521681">
    <ele>926.6700000000001</ele>
   </trkpt>
   <trkpt lat="35.84470503744613" lon="-115.26663511491135">
    <ele>927.1700000000001</ele>
   </trkpt>
   <trkpt lat="35.84539539661791" lon="-115.2659361924387">
    <ele>927.88</ele>
   </trkpt>
   <trkpt lat="35.84608575174252" lon="-115.2652372577983">
    <ele>928.57</ele>
   </trkpt>
   <trkpt lat="35.84677610281979" lon="-115.26453831098978">
    <ele>929.32</ele>
   </trkpt>
   <trkpt lat="35.847466449849556" lon="-115.26383935201267">
    <ele>929.8000000000001</ele>
   </trkpt>
   <trkpt lat="35.84815679283163" lon="-115.26314038086649">
    <ele>929.7800000000001</ele>
   </trkpt>
   <trkpt lat="35.848847131765865" lon="-115.26244139755083">
    <ele>929.7500000000001</ele>
   </trkpt>
   <trkpt lat="35.849537466652066" lon="-115.26174240206521">
    <ele>929.9200000000001</ele>
   </trkpt>
   <trkpt lat="35.85022779749005" lon="-115.26104339440923">
    <ele>931.64</ele>
   </trkpt>
   <trkpt lat="35.85091812427967" lon="-115.26034437458236">
    <ele>935.09</ele>
   </trkpt>
   <trkpt lat="35.851608447020745" lon="-115.25964534258422">
    <ele>935.86</ele>
   </trkpt>
   <trkpt lat="35.85229876571308" lon="-115.25894629841432">
    <ele>934.57</ele>
   </trkpt>
   <trkpt lat="35.85298908035654" lon="-115.25824724207223">
    <ele>934.1</ele>
   </trkpt>
   <trkpt lat="35.853679390950916" lon="-115.2575481735575">
    <ele>933.59</ele>
   </trkpt>
   <trkpt lat="35.85436969749605" lon="-115.25684909286969">
    <ele>933.7500000000001</ele>
   </trkpt>
   <trkpt lat="35.85506" lon="-115.25615">
    <ele>934.5200000000001</ele>
   </trkpt>
   <trkpt lat="35.855615001197854" lon="-115.2555850040822">
    <ele>934.7700000000001</ele>
   </trkpt>
   <trkpt lat="35.856170000000006" lon="-115.25502000000002">
    <ele>934.8900000000001</ele>
   </trkpt>
   <trkpt lat="35.85681788039978" lon="-115.25436292696146">
    <ele>935.58</ele>
   </trkpt>
   <trkpt lat="35.857465757222094" lon="-115.25370584318318">
    <ele>936.3500000000001</ele>
   </trkpt>
   <trkpt lat="35.85811363046677" lon="-115.25304874866472">
    <ele>937.44</ele>
   </trkpt>
   <trkpt lat="35.85876150013369" lon="-115.25239164340577">
    <ele>936.6000000000001</ele>
   </trkpt>
   <trkpt lat="35.8594093662227" lon="-115.25173452740592">
    <ele>936.21</ele>
   </trkpt>
   <trkpt lat="35.86005722873365" lon="-115.2510774006648">
    <ele>936.2800000000001</ele>
   </trkpt>
   <trkpt lat="35.86070508766641" lon="-115.25042026318206">
    <ele>937.1300000000001</ele>
   </trkpt>
   <trkpt lat="35.86135294302084" lon="-115.24976311495732">
    <ele>937.73</ele>
   </trkpt>
   <trkpt lat="35.86200079479678" lon="-115.24910595599019">
    <ele>938.22</ele>
   </trkpt>
   <trkpt lat="35.86264864299408" lon="-115.2484487862803">
    <ele>938.7200000000001</ele>
   </trkpt>
   <trkpt lat="35.86329648761263" lon="-115.24779160582732">
    <ele>939.2900000000001</ele>
   </trkpt>
   <trkpt lat="35.86394432865225" lon="-115.24713441463082">
    <ele>939.73</ele>
   </trkpt>
   <trkpt lat="35.86459216611284" lon="-115.24647721269048">
    <ele>941.3500000000001</ele>
   </trkpt>
   <trkpt lat="35.86524" lon="-115.24582000000001">
    <ele>943.73</ele>
   </trkpt>
   <trkpt lat="35.86551" lon="-115.24549">
    <ele>944.25</ele>
   </trkpt>
   <trkpt lat="35.865750000000006" lon="-115.24510000000001">
    <ele>944.9300000000001</ele>
   </trkpt>
   <trkpt lat="35.86626586876086" lon="-115.24421839646519">
    <ele>945.58</ele>
   </trkpt>
   <trkpt lat="35.86678173108087" lon="-115.24333678145287">
    <ele>946.5400000000001</ele>
   </trkpt>
   <trkpt lat="35.86729758695985" lon="-115.2424551549628">
    <ele>946.61</ele>
   </trkpt>
   <trkpt lat="35.867813436397576" lon="-115.2415735169948">
    <ele>946.97</ele>
   </trkpt>
   <trkpt lat="35.868329279393855" lon="-115.24069186754859">
    <ele>947.3800000000001</ele>
   </trkpt>
   <trkpt lat="35.868845115948474" lon="-115.239810206624">
    <ele>948.4000000000001</ele>
   </trkpt>
   <trkpt lat="35.869360946061235" lon="-115.23892853422076">
    <ele>949.34</ele>
   </trkpt>
   <trkpt lat="35.869876769731924" lon="-115.23804685033869">
    <ele>950.15</ele>
   </trkpt>
   <trkpt lat="35.87039258696034" lon="-115.23716515497752">
    <ele>950.35</ele>
   </trkpt>
   <trkpt lat="35.87090839774628" lon="-115.23628344813704">
    <ele>949.37</ele>
   </trkpt>
   <trkpt lat="35.87142420208953" lon="-115.23540172981707">
    <ele>947.98</ele>
   </trkpt>
   <trkpt lat="35.87194" lon="-115.23452">
    <ele>946.25</ele>
   </trkpt>
   <trkpt lat="35.87243" lon="-115.23381">
    <ele>944.2300000000001</ele>
   </trkpt>
   <trkpt lat="35.87292" lon="-115.23331">
    <ele>942.9200000000001</ele>
   </trkpt>
   <trkpt lat="35.873400000000004" lon="-115.23295">
    <ele>941.91</ele>
   </trkpt>
   <trkpt lat="35.874068577258804" lon="-115.23246573880756">
    <ele>940.58</ele>
   </trkpt>
   <trkpt lat="35.87473715257406" lon="-115.23198146944193">
    <ele>939.9200000000001</ele>
   </trkpt>
   <trkpt lat="35.875405725945676" lon="-115.23149719190273">
    <ele>938.86</ele>
   </trkpt>
   <trkpt lat="35.8760742973736" lon="-115.23101290618966">
    <ele>937.71</ele>
   </trkpt>
   <trkpt lat="35.876742866857725" lon="-115.23052861230244">
    <ele>936.9000000000001</ele>
   </trkpt>
   <trkpt lat="35.87741143439798" lon="-115.2300443102407">
    <ele>936.9100000000001</ele>
   </trkpt>
   <trkpt lat="35.878080000000004" lon="-115.22956">
    <ele>937.1800000000001</ele>
   </trkpt>
   <trkpt lat="35.87882178362115" lon="-115.22902596238572">
    <ele>937.7200000000001</ele>
   </trkpt>
   <trkpt lat="35.879563564878524" lon="-115.22849191476938">
    <ele>938.8700000000001</ele>
   </trkpt>
   <trkpt lat="35.88030534377203" lon="-115.22795785715063">
    <ele>939.5600000000001</ele>
   </trkpt>
   <trkpt lat="35.881047120301545" lon="-115.22742378952896">
    <ele>937.49</ele>
   </trkpt>
   <trkpt lat="35.88178889446698" lon="-115.22688971190401">
    <ele>934.24</ele>
   </trkpt>
   <trkpt lat="35.88253066626819" lon="-115.2263556242753">
    <ele>931.3000000000001</ele>
   </trkpt>
   <trkpt lat="35.88327243570512" lon="-115.22582152664242">
    <ele>930.2800000000001</ele>
   </trkpt>
   <trkpt lat="35.88401420277762" lon="-115.22528741900499">
    <ele>929.45</ele>
   </trkpt>
   <trkpt lat="35.884755967485596" lon="-115.22475330136247">
    <ele>928.2300000000001</ele>
   </trkpt>
   <trkpt lat="35.88549772982894" lon="-115.22421917371454">
    <ele>927.42</ele>
   </trkpt>
   <trkpt lat="35.886239489807544" lon="-115.22368503606073">
    <ele>926.12</ele>
   </trkpt>
   <trkpt lat="35.88698124742128" lon="-115.2231508884006">
    <ele>923.66</ele>
   </trkpt>
   <trkpt lat="35.887723002670064" lon="-115.22261673073373">
    <ele>921.8000000000001</ele>
   </trkpt>
   <trkpt lat="35.88846475555377" lon="-115.2220825630597">
    <ele>919.1600000000001</ele>
   </trkpt>
   <trkpt lat="35.88920650607231" lon="-115.2215483853781">
    <ele>917.09</ele>
   </trkpt>
   <trkpt lat="35.88994825422555" lon="-115.22101419768845">
    <ele>915.73</ele>
   </trkpt>
   <trkpt lat="35.890690000000006" lon="-115.22048000000001">
    <ele>914.6700000000001</ele>
   </trkpt>
   <trkpt lat="35.89136000318579" lon="-115.21997251289635">
    <ele>913.5500000000001</ele>
   </trkpt>
   <trkpt lat="35.892030004236695" lon="-115.21946501720375">
    <ele>912.3000000000001</ele>
   </trkpt>
   <trkpt lat="35.89270000315264" lon="-115.21895751292185">
    <ele>910.46</ele>
   </trkpt>
   <trkpt lat="35.893370000000004" lon="-115.21845">
    <ele>909.12</ele>
   </trkpt>
   <trkpt lat="35.894085009423335" lon="-115.21788003603899">
    <ele>904.83</ele>
   </trkpt>
   <trkpt lat="35.89480001615369" lon="-115.21731006178264">
    <ele>901.7900000000001</ele>
   </trkpt>
   <trkpt lat="35.89551502019094" lon="-115.21674007723048">
    <ele>898.8600000000001</ele>
   </trkpt>
   <trkpt lat="35.896230021535" lon="-115.21617008238215">
    <ele>896.9300000000001</ele>
   </trkpt>
   <trkpt lat="35.89694502018573" lon="-115.21560007723721">
    <ele>895.5500000000001</ele>
   </trkpt>
   <trkpt lat="35.89766001614301" lon="-115.21503006179523">
    <ele>895.2700000000001</ele>
   </trkpt>
   <trkpt lat="35.89837500940673" lon="-115.21446003605583">
    <ele>894.8800000000001</ele>
   </trkpt>
   <trkpt lat="35.89909" lon="-115.21389">
    <ele>892.9200000000001</ele>
   </trkpt>
   <trkpt lat="35.89951000000001" lon="-115.21361">
    <ele>890.72</ele>
   </trkpt>
   <trkpt lat="35.9003060089531" lon="-115.21312004435536">
    <ele>886.65</ele>
   </trkpt>
   <trkpt lat="35.90110201591607" lon="-115.21263007885567">
    <ele>884.5500000000001</ele>
   </trkpt>
   <trkpt lat="35.9018980208888" lon="-115.21214010350053">
    <ele>883.07</ele>
   </trkpt>
   <trkpt lat="35.902694023871206" lon="-115.21165011828947">
    <ele>881.57</ele>
   </trkpt>
   <trkpt lat="35.903490024863174" lon="-115.21116012322203">
    <ele>879.58</ele>
   </trkpt>
   <trkpt lat="35.90428602386462" lon="-115.21067011829771">
    <ele>878.75</ele>
   </trkpt>
   <trkpt lat="35.90508202087544" lon="-115.21018010351608">
    <ele>876.99</ele>
   </trkpt>
   <trkpt lat="35.90587801589556" lon="-115.20969007887666">
    <ele>875.8800000000001</ele>
   </trkpt>
   <trkpt lat="35.90667400892483" lon="-115.20920004437903">
    <ele>875.2500000000001</ele>
   </trkpt>
   <trkpt lat="35.90747" lon="-115.20871000000001">
    <ele>874.82</ele>
   </trkpt>
   <trkpt lat="35.90818500947658" lon="-115.20820604098985">
    <ele>874.33</ele>
   </trkpt>
   <trkpt lat="35.908900016847454" lon="-115.20770207287191">
    <ele>871.74</ele>
   </trkpt>
   <trkpt lat="35.909615022112526" lon="-115.20719809564574">
    <ele>869.74</ele>
   </trkpt>
   <trkpt lat="35.91033002527171" lon="-115.20669410931102">
    <ele>866.4600000000002</ele>
   </trkpt>
   <trkpt lat="35.911045026324906" lon="-115.20619011386732">
    <ele>865.1700000000001</ele>
   </trkpt>
   <trkpt lat="35.91176002527203" lon="-115.20568610931433">
    <ele>863.5</ele>
   </trkpt>
   <trkpt lat="35.91247502211299" lon="-115.20518209565161">
    <ele>862.72</ele>
   </trkpt>
   <trkpt lat="35.91319001684768" lon="-115.20467807287883">
    <ele>860.5400000000001</ele>
   </trkpt>
   <trkpt lat="35.91390500947601" lon="-115.20417404099557">
    <ele>859.1700000000001</ele>
   </trkpt>
   <trkpt lat="35.914620000000006" lon="-115.20367">
    <ele>857.8100000000001</ele>
   </trkpt>
   <trkpt lat="35.91534287395895" lon="-115.20311149492875">
    <ele>856.21</ele>
   </trkpt>
   <trkpt lat="35.9160657453315" lon="-115.20255297965024">
    <ele>854.25</ele>
   </trkpt>
   <trkpt lat="35.916788614117515" lon="-115.20199445416395">
    <ele>852.57</ele>
   </trkpt>
   <trkpt lat="35.917511480316904" lon="-115.20143591846956">
    <ele>850.6600000000001</ele>
   </trkpt>
   <trkpt lat="35.918234343929534" lon="-115.20087737256655">
    <ele>848.77</ele>
   </trkpt>
   <trkpt lat="35.918957204955284" lon="-115.2003188164546">
    <ele>847.11</ele>
   </trkpt>
   <trkpt lat="35.91968006339406" lon="-115.1997602501332">
    <ele>845.5400000000001</ele>
   </trkpt>
   <trkpt lat="35.920402919245724" lon="-115.19920167360195">
    <ele>844.0600000000001</ele>
   </trkpt>
   <trkpt lat="35.92112577251018" lon="-115.19864308686049">
    <ele>842.25</ele>
   </trkpt>
   <trkpt lat="35.921848623187294" lon="-115.19808448990831">
    <ele>840.6300000000001</ele>
   </trkpt>
   <trkpt lat="35.92257147127696" lon="-115.19752588274507">
    <ele>839.2600000000001</ele>
   </trkpt>
   <trkpt lat="35.92329431677905" lon="-115.19696726537026">
    <ele>837.73</ele>
   </trkpt>
   <trkpt lat="35.92401715969347" lon="-115.19640863778355">
    <ele>836.9100000000001</ele>
   </trkpt>
   <trkpt lat="35.92474" lon="-115.19585000000001">
    <ele>835.61</ele>
   </trkpt>
   <trkpt lat="35.925352003645926" lon="-115.19538201447786">
    <ele>833.5300000000001</ele>
   </trkpt>
   <trkpt lat="35.9259640054757" lon="-115.19491402171187">
    <ele>831.3100000000001</ele>
   </trkpt>
   <trkpt lat="35.92657600548923" lon="-115.19444602170182">
    <ele>829.89</ele>
   </trkpt>
   <trkpt lat="35.92718800368644" lon="-115.19397801444747">
    <ele>828.86</ele>
   </trkpt>
   <trkpt lat="35.927800000000005" lon="-115.19351">
    <ele>827.82</ele>
   </trkpt>
   <trkpt lat="35.92850333832878" lon="-115.19302002178158">
    <ele>825.61</ele>
   </trkpt>
   <trkpt lat="35.929206674666624" lon="-115.19253003484604">
    <ele>824.06</ele>
   </trkpt>
   <trkpt lat="35.92991000901342" lon="-115.19204003919305">
    <ele>822.71</ele>
   </trkpt>
   <trkpt lat="35.93061334136909" lon="-115.19155003482223">
    <ele>820.8000000000001</ele>
   </trkpt>
   <trkpt lat="35.93131667173353" lon="-115.19106002173322">
    <ele>819.2</ele>
   </trkpt>
   <trkpt lat="35.93202" lon="-115.19057000000001">
    <ele>817.5600000000001</ele>
   </trkpt>
   <trkpt lat="35.93261000127641" lon="-115.19018333908089">
    <ele>816.35</ele>
   </trkpt>
   <trkpt lat="35.933200001312926" lon="-115.18979667239039">
    <ele>814.8700000000001</ele>
   </trkpt>
   <trkpt lat="35.93379" lon="-115.18941000000001">
    <ele>813.96</ele>
   </trkpt>
   <trkpt lat="35.934210000422866" lon="-115.18912000148958">
    <ele>812.48</ele>
   </trkpt>
   <trkpt lat="35.934630000000006" lon="-115.18883000000001">
    <ele>811.5400000000001</ele>
   </trkpt>
   <trkpt lat="35.93527" lon="-115.18836">
    <ele>809.69</ele>
   </trkpt>
   <trkpt lat="35.93595418236681" lon="-115.18777338919084">
    <ele>808.2600000000001</ele>
   </trkpt>
   <trkpt lat="35.93663836187968" lon="-115.18718676822688">
    <ele>806.2300000000001</ele>
   </trkpt>
   <trkpt lat="35.93732253853849" lon="-115.1866001371077">
    <ele>804.5600000000001</ele>
   </trkpt>
   <trkpt lat="35.938006712343125" lon="-115.18601349583298">
    <ele>802.1100000000001</ele>
   </trkpt>
   <trkpt lat="35.938690883293454" lon="-115.18542684440223">
    <ele>800.5500000000001</ele>
   </trkpt>
   <trkpt lat="35.939375051389355" lon="-115.18484018281515">
    <ele>798.7700000000001</ele>
   </trkpt>
   <trkpt lat="35.94005921663071" lon="-115.18425351107128">
    <ele>797.25</ele>
   </trkpt>
   <trkpt lat="35.940743379017405" lon="-115.18366682917028">
    <ele>795.64</ele>
   </trkpt>
   <trkpt lat="35.941427538549306" lon="-115.18308013711173">
    <ele>794.1300000000001</ele>
   </trkpt>
   <trkpt lat="35.942111695226316" lon="-115.18249343489528">
    <ele>793.0100000000001</ele>
   </trkpt>
   <trkpt lat="35.94279584904829" lon="-115.18190672252052">
    <ele>792.37</ele>
   </trkpt>
   <trkpt lat="35.94348" lon="-115.18132000000001">
    <ele>791.5200000000001</ele>
   </trkpt>
   <trkpt lat="35.944010000000006" lon="-115.18089">
    <ele>790.1700000000001</ele>
   </trkpt>
   <trkpt lat="35.94476375721492" lon="-115.1803912833071">
    <ele>789.0400000000001</ele>
   </trkpt>
   <trkpt lat="35.94551751236685" lon="-115.17989255709989">
    <ele>787.1</ele>
   </trkpt>
   <trkpt lat="35.94627126545569" lon="-115.17939382137794">
    <ele>785.6800000000001</ele>
   </trkpt>
   <trkpt lat="35.947025016481355" lon="-115.17889507614089">
    <ele>783.8000000000001</ele>
   </trkpt>
   <trkpt lat="35.94777876544374" lon="-115.17839632138826">
    <ele>783.07</ele>
   </trkpt>
   <trkpt lat="35.94853251234275" lon="-115.17789755711969">
    <ele>782.11</ele>
   </trkpt>
   <trkpt lat="35.949286257178294" lon="-115.17739878333471">
    <ele>780.34</ele>
   </trkpt>
   <trkpt lat="35.95004" lon="-115.1769">
    <ele>778.88</ele>
   </trkpt>
   <trkpt lat="35.95064500082753" lon="-115.17647500319951">
    <ele>777.7400000000001</ele>
   </trkpt>
   <trkpt lat="35.95125" lon="-115.17605">
    <ele>776.5000000000001</ele>
   </trkpt>
   <trkpt lat="35.951750000394995" lon="-115.17573000204435">
    <ele>775.4100000000001</ele>
   </trkpt>
   <trkpt lat="35.95225000000001" lon="-115.17541000000001">
    <ele>774.46</ele>
   </trkpt>
   <trkpt lat="35.952940000968674" lon="-115.17495000395715">
    <ele>773.1800000000001</ele>
   </trkpt>
   <trkpt lat="35.953630000000004" lon="-115.17449">
    <ele>771.45</ele>
   </trkpt>
   <trkpt lat="35.95431500068098" lon="-115.17414000294673">
    <ele>770.7600000000001</ele>
   </trkpt>
   <trkpt lat="35.955000000000005" lon="-115.17379000000001">
    <ele>769.7700000000001</ele>
   </trkpt>
   <trkpt lat="35.95519" lon="-115.17372">
    <ele>769.7700000000001</ele>
   </trkpt>
   <trkpt lat="35.95577500010921" lon="-115.17350000166377">
    <ele>769.12</ele>
   </trkpt>
   <trkpt lat="35.956360000000004" lon="-115.17328">
    <ele>768.09</ele>
   </trkpt>
   <trkpt lat="35.95675" lon="-115.17317000000001">
    <ele>767.4200000000001</ele>
   </trkpt>
   <trkpt lat="35.957350000000005" lon="-115.17305">
    <ele>766.14</ele>
   </trkpt>
   <trkpt lat="35.95801499994873" lon="-115.17302000025508">
    <ele>764.94</ele>
   </trkpt>
   <trkpt lat="35.95868" lon="-115.17299000000001">
    <ele>764.0</ele>
   </trkpt>
   <trkpt lat="35.95917499989182" lon="-115.17299000000003">
    <ele>763.02</ele>
   </trkpt>
   <trkpt lat="35.95967" lon="-115.17299000000001">
    <ele>761.51</ele>
   </trkpt>
   <trkpt lat="35.9602" lon="-115.17288">
    <ele>760.21</ele>
   </trkpt>
   <trkpt lat="35.960893333410226" lon="-115.17284333397367">
    <ele>759.19</ele>
   </trkpt>
   <trkpt lat="35.961586666809296" lon="-115.17280666730353">
    <ele>759.82</ele>
   </trkpt>
   <trkpt lat="35.96228" lon="-115.17277000000001">
    <ele>757.97</ele>
   </trkpt>
   <trkpt lat="35.96287000008083" lon="-115.17275500011006">
    <ele>757.2800000000001</ele>
   </trkpt>
   <trkpt lat="35.963460000000005" lon="-115.17274">
    <ele>756.4300000000001</ele>
   </trkpt>
   <trkpt lat="35.964183333293725" lon="-115.17274">
    <ele>755.4900000000001</ele>
   </trkpt>
   <trkpt lat="35.96490666658745" lon="-115.17274">
    <ele>754.99</ele>
   </trkpt>
   <trkpt lat="35.965630000000004" lon="-115.17274">
    <ele>752.4300000000001</ele>
   </trkpt>
   <trkpt lat="35.965830000000004" lon="-115.17276000000001">
    <ele>751.83</ele>
   </trkpt>
   <trkpt lat="35.96633000004339" lon="-115.172740000125">
    <ele>750.7800000000001</ele>
   </trkpt>
   <trkpt lat="35.96683" lon="-115.17272000000001">
    <ele>750.2</ele>
   </trkpt>
   <trkpt lat="35.9675775000148" lon="-115.17272749978716">
    <ele>748.8800000000001</ele>
   </trkpt>
   <trkpt lat="35.968325000029125" lon="-115.17273499971628">
    <ele>747.69</ele>
   </trkpt>
   <trkpt lat="35.96907250004299" lon="-115.17274249978742">
    <ele>746.38</ele>
   </trkpt>
   <trkpt lat="35.969820000000006" lon="-115.17275000000001">
    <ele>745.33</ele>
   </trkpt>
   <trkpt lat="35.97065000000079" lon="-115.1727411118588">
    <ele>743.63</ele>
   </trkpt>
   <trkpt lat="35.97148000000093" lon="-115.17273222353067">
    <ele>742.3900000000001</ele>
   </trkpt>
   <trkpt lat="35.972310000000405" lon="-115.17272333501568">
    <ele>741.02</ele>
   </trkpt>
   <trkpt lat="35.973139999999226" lon="-115.17271444631379">
    <ele>739.86</ele>
   </trkpt>
   <trkpt lat="35.97396999999738" lon="-115.17270555742495">
    <ele>738.02</ele>
   </trkpt>
   <trkpt lat="35.97479999999489" lon="-115.17269666834918">
    <ele>736.7800000000001</ele>
   </trkpt>
   <trkpt lat="35.97562999999175" lon="-115.17268777908646">
    <ele>735.0000000000001</ele>
   </trkpt>
   <trkpt lat="35.976459999987945" lon="-115.1726788896368">
    <ele>734.09</ele>
   </trkpt>
   <trkpt lat="35.97729" lon="-115.17267000000001">
    <ele>731.8800000000001</ele>
   </trkpt>
   <trkpt lat="35.977916666765" lon="-115.1726666667191">
    <ele>730.44</ele>
   </trkpt>
   <trkpt lat="35.9785433335299" lon="-115.17266333338524">
    <ele>729.98</ele>
   </trkpt>
   <trkpt lat="35.97917" lon="-115.17266000000001">
    <ele>729.13</ele>
   </trkpt>
   <trkpt lat="35.97996142856707" lon="-115.17264857211639">
    <ele>727.09</ele>
   </trkpt>
   <trkpt lat="35.980752857133055" lon="-115.17263714400355">
    <ele>725.8500000000001</ele>
   </trkpt>
   <trkpt lat="35.98154428569795" lon="-115.17262571566148">
    <ele>724.34</ele>
   </trkpt>
   <trkpt lat="35.982335714261765" lon="-115.1726142870902">
    <ele>722.7900000000001</ele>
   </trkpt>
   <trkpt lat="35.98312714282451" lon="-115.17260285828964">
    <ele>721.0500000000001</ele>
   </trkpt>
   <trkpt lat="35.983918571386155" lon="-115.17259142925985">
    <ele>720.5100000000001</ele>
   </trkpt>
   <trkpt lat="35.98471" lon="-115.17258000000001">
    <ele>718.45</ele>
   </trkpt>
   <trkpt lat="35.98543200002678" lon="-115.17258199992689">
    <ele>717.1</ele>
   </trkpt>
   <trkpt lat="35.986154000053546" lon="-115.17258399989036">
    <ele>716.34</ele>
   </trkpt>
   <trkpt lat="35.98687600008026" lon="-115.17258599989042">
    <ele>714.62</ele>
   </trkpt>
   <trkpt lat="35.987598000106956" lon="-115.1725879999271">
    <ele>713.5400000000001</ele>
   </trkpt>
   <trkpt lat="35.98832" lon="-115.17259000000001">
    <ele>712.0600000000001</ele>
   </trkpt>
   <trkpt lat="35.98892333342676" lon="-115.17258333343429">
    <ele>711.0300000000001</ele>
   </trkpt>
   <trkpt lat="35.98952666685316" lon="-115.1725766667666">
    <ele>710.49</ele>
   </trkpt>
   <trkpt lat="35.99013" lon="-115.17257000000001">
    <ele>709.34</ele>
   </trkpt>
   <trkpt lat="35.99101499998826" lon="-115.17254500028085">
    <ele>707.7800000000001</ele>
   </trkpt>
   <trkpt lat="35.9919" lon="-115.17252">
    <ele>706.55</ele>
   </trkpt>
   <trkpt lat="35.992661666650186" lon="-115.17251500024153">
    <ele>705.32</ele>
   </trkpt>
   <trkpt lat="35.99342333330016" lon="-115.17251000038647">
    <ele>704.0900000000001</ele>
   </trkpt>
   <trkpt lat="35.99418499994991" lon="-115.17250500043487">
    <ele>702.5600000000001</ele>
   </trkpt>
   <trkpt lat="35.99494666659946" lon="-115.1725000003867">
    <ele>701.46</ele>
   </trkpt>
   <trkpt lat="35.99570833324881" lon="-115.17249500024198">
    <ele>700.6500000000001</ele>
   </trkpt>
   <trkpt lat="35.99647" lon="-115.17249000000001">
    <ele>699.5600000000001</ele>
   </trkpt>
   <trkpt lat="35.997350000000004" lon="-115.17251">
    <ele>698.3800000000001</ele>
   </trkpt>
   <trkpt lat="35.99788" lon="-115.17248000000001">
    <ele>697.59</ele>
   </trkpt>
   <trkpt lat="35.99854999992287" lon="-115.17248000000001">
    <ele>696.58</ele>
   </trkpt>
   <trkpt lat="35.99922" lon="-115.17248000000001">
    <ele>695.5300000000001</ele>
   </trkpt>
   <trkpt lat="36.000044999984155" lon="-115.1724550002621">
    <ele>693.85</ele>
   </trkpt>
   <trkpt lat="36.000870000000006" lon="-115.17243">
    <ele>692.4200000000001</ele>
   </trkpt>
   <trkpt lat="36.00152000003496" lon="-115.1724233334429">
    <ele>691.7</ele>
   </trkpt>
   <trkpt lat="36.00217000006955" lon="-115.17241666677587">
    <ele>691.1600000000001</ele>
   </trkpt>
   <trkpt lat="36.00282" lon="-115.17241000000001">
    <ele>690.5600000000001</ele>
   </trkpt>
   <trkpt lat="36.00360285714415" lon="-115.17240571454103">
    <ele>690.1400000000001</ele>
   </trkpt>
   <trkpt lat="36.00438571428815" lon="-115.17240142899693">
    <ele>689.6600000000001</ele>
   </trkpt>
   <trkpt lat="36.005168571431994" lon="-115.17239714336775">
    <ele>688.9300000000001</ele>
   </trkpt>
   <trkpt lat="36.005951428575685" lon="-115.17239285765346">
    <ele>688.1700000000001</ele>
   </trkpt>
   <trkpt lat="36.00673428571922" lon="-115.17238857185409">
    <ele>687.7200000000001</ele>
   </trkpt>
   <trkpt lat="36.007517142862596" lon="-115.17238428596957">
    <ele>687.22</ele>
   </trkpt>
   <trkpt lat="36.008300000000006" lon="-115.17238">
    <ele>686.9000000000001</ele>
   </trkpt>
   <trkpt lat="36.009002499991105" lon="-115.17237250020062">
    <ele>686.6600000000001</ele>
   </trkpt>
   <trkpt lat="36.009704999981736" lon="-115.17236500026755">
    <ele>686.5100000000001</ele>
   </trkpt>
   <trkpt lat="36.01040749997189" lon="-115.17235750020082">
    <ele>686.5500000000001</ele>
   </trkpt>
   <trkpt lat="36.01111" lon="-115.17235000000001">
    <ele>686.5500000000001</ele>
   </trkpt>
   <trkpt lat="36.01178499999221" lon="-115.17233250044985">
    <ele>686.58</ele>
   </trkpt>
   <trkpt lat="36.01245999998186" lon="-115.17231500060004">
    <ele>686.83</ele>
   </trkpt>
   <trkpt lat="36.01313499996897" lon="-115.17229750045047">
    <ele>686.09</ele>
   </trkpt>
   <trkpt lat="36.01381" lon="-115.17228000000001">
    <ele>686.0200000000001</ele>
   </trkpt>
   <trkpt lat="36.01469000005303" lon="-115.17229499983345">
    <ele>685.88</ele>
   </trkpt>
   <trkpt lat="36.015570000000004" lon="-115.17231000000001">
    <ele>685.6500000000001</ele>
   </trkpt>
   <trkpt lat="36.01617666665339" lon="-115.17229333359035">
    <ele>685.58</ele>
   </trkpt>
   <trkpt lat="36.01678333330447" lon="-115.17227666692412">
    <ele>685.2900000000001</ele>
   </trkpt>
   <trkpt lat="36.017390000000006" lon="-115.17226000000001">
    <ele>685.3100000000001</ele>
   </trkpt>
   <trkpt lat="36.0182258333333" lon="-115.17225833352781">
    <ele>685.2</ele>
   </trkpt>
   <trkpt lat="36.01906166666657" lon="-115.17225666702025">
    <ele>685.09</ele>
   </trkpt>
   <trkpt lat="36.019897499999814" lon="-115.17225500047732">
    <ele>685.15</ele>
   </trkpt>
   <trkpt lat="36.020733333333034" lon="-115.17225333389908">
    <ele>685.33</ele>
   </trkpt>
   <trkpt lat="36.02156916666623" lon="-115.17225166728544">
    <ele>685.45</ele>
   </trkpt>
   <trkpt lat="36.02240499999942" lon="-115.17225000063647">
    <ele>684.8900000000001</ele>
   </trkpt>
   <trkpt lat="36.023240833332565" lon="-115.17224833395214">
    <ele>684.84</ele>
   </trkpt>
   <trkpt lat="36.0240766666657" lon="-115.17224666723244">
    <ele>684.44</ele>
   </trkpt>
   <trkpt lat="36.024912499998806" lon="-115.1722450004774">
    <ele>683.9200000000001</ele>
   </trkpt>
   <trkpt lat="36.02574833333189" lon="-115.17224333368698">
    <ele>683.4300000000001</ele>
   </trkpt>
   <trkpt lat="36.026584166664954" lon="-115.1722416668612">
    <ele>683.0400000000001</ele>
   </trkpt>
   <trkpt lat="36.027420000000006" lon="-115.17224000000002">
    <ele>683.0400000000001</ele>
   </trkpt>
   <trkpt lat="36.02830400000878" lon="-115.17224199991026">
    <ele>682.86</ele>
   </trkpt>
   <trkpt lat="36.029188000017534" lon="-115.17224399986537">
    <ele>683.46</ele>
   </trkpt>
   <trkpt lat="36.030072000026244" lon="-115.17224599986541">
    <ele>683.7200000000001</ele>
   </trkpt>
   <trkpt lat="36.03095600003493" lon="-115.1722479999103">
    <ele>683.6300000000001</ele>
   </trkpt>
   <trkpt lat="36.03184" lon="-115.17225">
    <ele>683.95</ele>
   </trkpt>
   <trkpt lat="36.03264200000834" lon="-115.17224999999999">
    <ele>684.0</ele>
   </trkpt>
   <trkpt lat="36.03344400001665" lon="-115.17224999999999">
    <ele>683.82</ele>
   </trkpt>
   <trkpt lat="36.03424600002497" lon="-115.17224999999999">
    <ele>683.51</ele>
   </trkpt>
   <trkpt lat="36.0350480000333" lon="-115.17224999999999">
    <ele>683.08</ele>
   </trkpt>
   <trkpt lat="36.03585" lon="-115.17225">
    <ele>683.12</ele>
   </trkpt>
   <trkpt lat="36.03659249999698" lon="-115.17225499985855">
    <ele>683.33</ele>
   </trkpt>
   <trkpt lat="36.037334999993746" lon="-115.1722599998114">
    <ele>683.61</ele>
   </trkpt>
   <trkpt lat="36.03807749999032" lon="-115.17226499985851">
    <ele>683.7800000000001</ele>
   </trkpt>
   <trkpt lat="36.03882" lon="-115.17227000000001">
    <ele>683.84</ele>
   </trkpt>
   <trkpt lat="36.03949999995829" lon="-115.17227">
    <ele>683.8000000000001</ele>
   </trkpt>
   <trkpt lat="36.04017999991657" lon="-115.17227">
    <ele>684.03</ele>
   </trkpt>
   <trkpt lat="36.040859999874854" lon="-115.17227">
    <ele>683.86</ele>
   </trkpt>
   <trkpt lat="36.041540000000005" lon="-115.17227000000001">
    <ele>683.88</ele>
   </trkpt>
   <trkpt lat="36.041990000112456" lon="-115.17227999994533">
    <ele>683.73</ele>
   </trkpt>
   <trkpt lat="36.042440000000006" lon="-115.17229">
    <ele>683.59</ele>
   </trkpt>
   <trkpt lat="36.04325000000921" lon="-115.17228333367619">
    <ele>683.5500000000001</ele>
   </trkpt>
   <trkpt lat="36.044060000018035" lon="-115.17227666721524">
    <ele>683.49</ele>
   </trkpt>
   <trkpt lat="36.04487000002649" lon="-115.17227000061709">
    <ele>683.46</ele>
   </trkpt>
   <trkpt lat="36.045680000034594" lon="-115.17226333388179">
    <ele>683.51</ele>
   </trkpt>
   <trkpt lat="36.046490000042304" lon="-115.1722566670093">
    <ele>683.49</ele>
   </trkpt>
   <trkpt lat="36.0473" lon="-115.17225">
    <ele>683.36</ele>
   </trkpt>
   <trkpt lat="36.04817750003553" lon="-115.172254999833">
    <ele>682.84</ele>
   </trkpt>
   <trkpt lat="36.04905500007086" lon="-115.17225999977745">
    <ele>681.57</ele>
   </trkpt>
   <trkpt lat="36.04993250010598" lon="-115.1722649998334">
    <ele>681.03</ele>
   </trkpt>
   <trkpt lat="36.050810000000006" lon="-115.17227000000001">
    <ele>681.19</ele>
   </trkpt>
   <trkpt lat="36.05164333334342" lon="-115.1722633334744">
    <ele>681.5500000000001</ele>
   </trkpt>
   <trkpt lat="36.05247666668649" lon="-115.17225666680767">
    <ele>681.6600000000001</ele>
   </trkpt>
   <trkpt lat="36.05331" lon="-115.17225">
    <ele>681.73</ele>
   </trkpt>
   <trkpt lat="36.05404599998876" lon="-115.17225599977547">
    <ele>681.6700000000001</ele>
   </trkpt>
   <trkpt lat="36.054781999977195" lon="-115.17226199966314">
    <ele>681.64</ele>
   </trkpt>
   <trkpt lat="36.055517999965346" lon="-115.17226799966305">
    <ele>681.51</ele>
   </trkpt>
   <trkpt lat="36.0562539999532" lon="-115.17227399977517">
    <ele>681.1700000000001</ele>
   </trkpt>
   <trkpt lat="36.056990000000006" lon="-115.17228000000001">
    <ele>681.25</ele>
   </trkpt>
   <trkpt lat="36.05762500000736" lon="-115.1722650001209">
    <ele>680.9900000000001</ele>
   </trkpt>
   <trkpt lat="36.058260000000004" lon="-115.17225">
    <ele>680.88</ele>
   </trkpt>
   <trkpt lat="36.05909499999414" lon="-115.17224500015921">
    <ele>680.39</ele>
   </trkpt>
   <trkpt lat="36.059929999988086" lon="-115.17224000021231">
    <ele>679.85</ele>
   </trkpt>
   <trkpt lat="36.06076499998183" lon="-115.1722350001593">
    <ele>679.3100000000001</ele>
   </trkpt>
   <trkpt lat="36.061600000000006" lon="-115.17223000000001">
    <ele>678.97</ele>
   </trkpt>
   <trkpt lat="36.062400000010165" lon="-115.1722333331639">
    <ele>678.58</ele>
   </trkpt>
   <trkpt lat="36.06320000002024" lon="-115.17223666639559">
    <ele>678.13</ele>
   </trkpt>
   <trkpt lat="36.064000000030205" lon="-115.17223999969507">
    <ele>677.86</ele>
   </trkpt>
   <trkpt lat="36.06480000004009" lon="-115.17224333306234">
    <ele>677.52</ele>
   </trkpt>
   <trkpt lat="36.065600000049876" lon="-115.17224666649739">
    <ele>676.94</ele>
   </trkpt>
   <trkpt lat="36.0664" lon="-115.17225">
    <ele>676.13</ele>
   </trkpt>
   <trkpt lat="36.06705" lon="-115.17228000000001">
    <ele>675.8700000000001</ele>
   </trkpt>
   <trkpt lat="36.06755500015743" lon="-115.1722700000611">
    <ele>675.5600000000001</ele>
   </trkpt>
   <trkpt lat="36.06806" lon="-115.17226000000001">
    <ele>675.2</ele>
   </trkpt>
   <trkpt lat="36.06880500001505" lon="-115.17226749978705">
    <ele>674.42</ele>
   </trkpt>
   <trkpt lat="36.06955000002961" lon="-115.17227499971617">
    <ele>673.64</ele>
   </trkpt>
   <trkpt lat="36.070295000043714" lon="-115.17228249978736">
    <ele>672.76</ele>
   </trkpt>
   <trkpt lat="36.07104" lon="-115.17229">
    <ele>672.1600000000001</ele>
   </trkpt>
   <trkpt lat="36.07167000011137" lon="-115.17233999960752">
    <ele>671.71</ele>
   </trkpt>
   <trkpt lat="36.072300000000006" lon="-115.17239000000001">
    <ele>671.0400000000001</ele>
   </trkpt>
   <trkpt lat="36.073" lon="-115.17243">
    <ele>669.76</ele>
   </trkpt>
   <trkpt lat="36.07387875001294" lon="-115.17244624872907">
    <ele>669.03</ele>
   </trkpt>
   <trkpt lat="36.074757500023686" lon="-115.17246249782129">
    <ele>668.46</ele>
   </trkpt>
   <trkpt lat="36.07563625003223" lon="-115.17247874727661">
    <ele>668.0</ele>
   </trkpt>
   <trkpt lat="36.07651500003859" lon="-115.17249499709507">
    <ele>667.32</ele>
   </trkpt>
   <trkpt lat="36.07739375004276" lon="-115.1725112472767">
    <ele>666.4100000000001</ele>
   </trkpt>
   <trkpt lat="36.07827250004473" lon="-115.1725274978215">
    <ele>665.47</ele>
   </trkpt>
   <trkpt lat="36.079151250044504" lon="-115.17254374872954">
    <ele>664.36</ele>
   </trkpt>
   <trkpt lat="36.08003" lon="-115.17256">
    <ele>663.9900000000001</ele>
   </trkpt>
   <trkpt lat="36.08083500004431" lon="-115.17257999979631">
    <ele>663.58</ele>
   </trkpt>
   <trkpt lat="36.08164" lon="-115.1726">
    <ele>663.73</ele>
   </trkpt>
   <trkpt lat="36.081630000000004" lon="-115.17271000000001">
    <ele>663.73</ele>
   </trkpt>
   <trkpt lat="36.08165" lon="-115.17272000000001">
    <ele>663.73</ele>
   </trkpt>
   <trkpt lat="36.081720000000004" lon="-115.17269">
    <ele>663.73</ele>
   </trkpt>
   <trkpt lat="36.0818" lon="-115.17274">
    <ele>663.73</ele>
   </trkpt>
   <trkpt lat="36.08193" lon="-115.17277000000001">
    <ele>663.73</ele>
   </trkpt>
  </trkseg>
 </trk>
</gpx>
