<?xml version="1.0" encoding="UTF-8"?>
<gpx creator="StravaGPX" version="1.1" xmlns="http://www.topografix.com/GPX/1/1" xmlns:xsi="http://www.w3.org/2001/XMLSchema-instance" xsi:schemaLocation="http://www.topografix.com/GPX/1/1 http://www.topografix.com/GPX/1/1/gpx.xsd">
 <metadata>
  <name>TSP LALV Jonty Solo option b</name>
  <desc>the same start as we did in 2023
mapping quirks on yermo road add phantom mileage</desc>
  <author>
   <name>Ben Farber</name>
   <link href="https://www.strava.com/athletes/19787597"/>
  </author>
  <copyright author="OpenStreetMap contributors">
   <year>2020</year>
   <license>https://www.openstreetmap.org/copyright</license>
  </copyright>
  <link href="https://www.strava.com/routes/3334951109418960740"/>
 </metadata>
 <trk>
  <name>TSP LALV Jonty Solo option b</name>
  <desc>the same start as we did in 2023
mapping quirks on yermo road add phantom mileage</desc>
  <link href="https://www.strava.com/routes/3334951109418960740"/>
  <type>running</type>
  <trkseg>
   <trkpt lat="34.010180000000005" lon="-118.49653">
    <ele>5.12</ele>
   </trkpt>
   <trkpt lat="34.01055" lon="-118.49607">
    <ele>10.620000000000001</ele>
   </trkpt>
   <trkpt lat="34.010540000000006" lon="-118.49605000000001">
    <ele>10.620000000000001</ele>
   </trkpt>
   <trkpt lat="34.01095500106267" lon="-118.4955500023822">
    <ele>17.02</ele>
   </trkpt>
   <trkpt lat="34.01137" lon="-118.49505">
    <ele>18.37</ele>
   </trkpt>
   <trkpt lat="34.01142" lon="-118.49510000000001">
    <ele>18.54</ele>
   </trkpt>
   <trkpt lat="34.01144" lon="-118.49507000000001">
    <ele>18.76</ele>
   </trkpt>
   <trkpt lat="34.01149" lon="-118.49513">
    <ele>18.910000000000004</ele>
   </trkpt>
   <trkpt lat="34.011520000000004" lon="-118.49522">
    <ele>18.910000000000004</ele>
   </trkpt>
   <trkpt lat="34.01201500145891" lon="-118.49580499667714">
    <ele>19.64</ele>
   </trkpt>
   <trkpt lat="34.012510000000006" lon="-118.49639">
    <ele>20.46</ele>
   </trkpt>
   <trkpt lat="34.01306800680928" lon="-118.4970379829796">
    <ele>21.14</ele>
   </trkpt>
   <trkpt lat="34.01362601022054" lon="-118.49768597447671">
    <ele>22.150000000000002</ele>
   </trkpt>
   <trkpt lat="34.01418401023367" lon="-118.49833397449159">
    <ele>23.040000000000003</ele>
   </trkpt>
   <trkpt lat="34.01474200684854" lon="-118.49898198302444">
    <ele>24.25</ele>
   </trkpt>
   <trkpt lat="34.0153" lon="-118.49963000000001">
    <ele>25.66</ele>
   </trkpt>
   <trkpt lat="34.01592500656282" lon="-118.50036498377185">
    <ele>27.14</ele>
   </trkpt>
   <trkpt lat="34.016550008753704" lon="-118.50109997836594">
    <ele>28.73</ele>
   </trkpt>
   <trkpt lat="34.0171750065725" lon="-118.5018349837827">
    <ele>29.710000000000004</ele>
   </trkpt>
   <trkpt lat="34.0178" lon="-118.50257">
    <ele>31.470000000000006</ele>
   </trkpt>
   <trkpt lat="34.01812" lon="-118.50289000000001">
    <ele>32.61</ele>
   </trkpt>
   <trkpt lat="34.018240000000006" lon="-118.50299000000001">
    <ele>32.78</ele>
   </trkpt>
   <trkpt lat="34.01834" lon="-118.5031">
    <ele>32.78</ele>
   </trkpt>
   <trkpt lat="34.018370000000004" lon="-118.50319">
    <ele>33.1</ele>
   </trkpt>
   <trkpt lat="34.01865" lon="-118.50346">
    <ele>33.510000000000005</ele>
   </trkpt>
   <trkpt lat="34.018710000000006" lon="-118.50343000000001">
    <ele>33.510000000000005</ele>
   </trkpt>
   <trkpt lat="34.019250008042064" lon="-118.50405997997353">
    <ele>34.550000000000004</ele>
   </trkpt>
   <trkpt lat="34.019790012872015" lon="-118.50468996796272">
    <ele>35.440000000000005</ele>
   </trkpt>
   <trkpt lat="34.020330014489744" lon="-118.50531996396774">
    <ele>36.42</ele>
   </trkpt>
   <trkpt lat="34.02087001289517" lon="-118.50594996798881">
    <ele>37.64</ele>
   </trkpt>
   <trkpt lat="34.02141000808816" lon="-118.50657998002619">
    <ele>38.41</ele>
   </trkpt>
   <trkpt lat="34.021950000000004" lon="-118.50721000000001">
    <ele>39.06</ele>
   </trkpt>
   <trkpt lat="34.02247500159969" lon="-118.50781999633577">
    <ele>39.970000000000006</ele>
   </trkpt>
   <trkpt lat="34.023" lon="-118.50843">
    <ele>41.080000000000005</ele>
   </trkpt>
   <trkpt lat="34.023540000000004" lon="-118.5091">
    <ele>42.440000000000005</ele>
   </trkpt>
   <trkpt lat="34.023830000000004" lon="-118.50958000000001">
    <ele>43.52</ele>
   </trkpt>
   <trkpt lat="34.02434" lon="-118.51043000000001">
    <ele>45.160000000000004</ele>
   </trkpt>
   <trkpt lat="34.024813338872285" lon="-118.5112566574586">
    <ele>46.7</ele>
   </trkpt>
   <trkpt lat="34.02528667221335" lon="-118.51208332413859">
    <ele>48.86</ele>
   </trkpt>
   <trkpt lat="34.025760000000005" lon="-118.51291">
    <ele>49.96</ele>
   </trkpt>
   <trkpt lat="34.02591" lon="-118.51309">
    <ele>50.07</ele>
   </trkpt>
   <trkpt lat="34.026320000000005" lon="-118.51336">
    <ele>50.580000000000005</ele>
   </trkpt>
   <trkpt lat="34.026500000000006" lon="-118.5134">
    <ele>50.74000000000001</ele>
   </trkpt>
   <trkpt lat="34.02675" lon="-118.51336">
    <ele>51.06</ele>
   </trkpt>
   <trkpt lat="34.027010000000004" lon="-118.51326000000002">
    <ele>51.71000000000001</ele>
   </trkpt>
   <trkpt lat="34.027210000000004" lon="-118.51309">
    <ele>52.4</ele>
   </trkpt>
   <trkpt lat="34.0277" lon="-118.51253000000001">
    <ele>53.27</ele>
   </trkpt>
   <trkpt lat="34.028210002626295" lon="-118.51196334011497">
    <ele>54.760000000000005</ele>
   </trkpt>
   <trkpt lat="34.0287200026534" lon="-118.51139667341828">
    <ele>56.120000000000005</ele>
   </trkpt>
   <trkpt lat="34.029230000000005" lon="-118.51083000000001">
    <ele>57.28</ele>
   </trkpt>
   <trkpt lat="34.02977400574576" lon="-118.5102340152903">
    <ele>58.18</ele>
   </trkpt>
   <trkpt lat="34.0303180086163" lon="-118.50963802293832">
    <ele>58.980000000000004</ele>
   </trkpt>
   <trkpt lat="34.03086200861152" lon="-118.50904202294387">
    <ele>59.760000000000005</ele>
   </trkpt>
   <trkpt lat="34.031406005731334" lon="-118.50844601530673">
    <ele>61.550000000000004</ele>
   </trkpt>
   <trkpt lat="34.03195" lon="-118.50785">
    <ele>63.51000000000001</ele>
   </trkpt>
   <trkpt lat="34.03248" lon="-118.5074">
    <ele>64.53999999999999</ele>
   </trkpt>
   <trkpt lat="34.032920000000004" lon="-118.50710000000001">
    <ele>66.0</ele>
   </trkpt>
   <trkpt lat="34.033590000000004" lon="-118.50681000000002">
    <ele>68.62</ele>
   </trkpt>
   <trkpt lat="34.03408" lon="-118.50663000000002">
    <ele>69.60000000000001</ele>
   </trkpt>
   <trkpt lat="34.03469000022983" lon="-118.50644500130257">
    <ele>71.55</ele>
   </trkpt>
   <trkpt lat="34.0353" lon="-118.50626000000001">
    <ele>73.56</ele>
   </trkpt>
   <trkpt lat="34.03592000027043" lon="-118.50605500146511">
    <ele>76.05000000000001</ele>
   </trkpt>
   <trkpt lat="34.03654" lon="-118.50585000000001">
    <ele>77.64</ele>
   </trkpt>
   <trkpt lat="34.037000000000006" lon="-118.50574">
    <ele>79.4</ele>
   </trkpt>
   <trkpt lat="34.03768" lon="-118.50549000000001">
    <ele>80.74000000000001</ele>
   </trkpt>
   <trkpt lat="34.03826" lon="-118.50521">
    <ele>81.39</ele>
   </trkpt>
   <trkpt lat="34.03871" lon="-118.50489">
    <ele>82.06</ele>
   </trkpt>
   <trkpt lat="34.03938" lon="-118.50428000000001">
    <ele>82.98</ele>
   </trkpt>
   <trkpt lat="34.03967" lon="-118.50393000000001">
    <ele>83.55000000000001</ele>
   </trkpt>
   <trkpt lat="34.03981" lon="-118.50404">
    <ele>83.71000000000001</ele>
   </trkpt>
   <trkpt lat="34.04031250484272" lon="-118.50341001116894">
    <ele>84.62</ele>
   </trkpt>
   <trkpt lat="34.04081500647227" lon="-118.50278001487293">
    <ele>86.68</ele>
   </trkpt>
   <trkpt lat="34.04131750488859" lon="-118.50215001111172">
    <ele>87.76</ele>
   </trkpt>
   <trkpt lat="34.04182" lon="-118.50152000000001">
    <ele>90.31</ele>
   </trkpt>
   <trkpt lat="34.04235333721855" lon="-118.50082667539556">
    <ele>92.61000000000001</ele>
   </trkpt>
   <trkpt lat="34.0428866705453" lon="-118.50013334207092">
    <ele>94.4</ele>
   </trkpt>
   <trkpt lat="34.043420000000005" lon="-118.49944">
    <ele>96.23</ele>
   </trkpt>
   <trkpt lat="34.0437" lon="-118.49975">
    <ele>96.82000000000001</ele>
   </trkpt>
   <trkpt lat="34.04386" lon="-118.49983">
    <ele>97.60000000000001</ele>
   </trkpt>
   <trkpt lat="34.04403" lon="-118.49979">
    <ele>97.60000000000001</ele>
   </trkpt>
   <trkpt lat="34.04457000563365" lon="-118.4991075130676">
    <ele>99.44000000000001</ele>
   </trkpt>
   <trkpt lat="34.04511000749609" lon="-118.49842501744322">
    <ele>101.26</ele>
   </trkpt>
   <trkpt lat="34.04565000558721" lon="-118.49774251312668">
    <ele>103.37</ele>
   </trkpt>
   <trkpt lat="34.04619" lon="-118.49706">
    <ele>104.54</ele>
   </trkpt>
   <trkpt lat="34.04682250581858" lon="-118.49636751550267">
    <ele>106.09</ele>
   </trkpt>
   <trkpt lat="34.04745500775455" lon="-118.49567502067447">
    <ele>108.52</ele>
   </trkpt>
   <trkpt lat="34.048087505807715" lon="-118.49498251551508">
    <ele>110.25000000000001</ele>
   </trkpt>
   <trkpt lat="34.04872" lon="-118.49429">
    <ele>111.26</ele>
   </trkpt>
   <trkpt lat="34.049060000000004" lon="-118.49433">
    <ele>112.28</ele>
   </trkpt>
   <trkpt lat="34.04948" lon="-118.49425000000001">
    <ele>113.5</ele>
   </trkpt>
   <trkpt lat="34.049730000000004" lon="-118.49406">
    <ele>114.32000000000001</ele>
   </trkpt>
   <trkpt lat="34.04993" lon="-118.49377000000001">
    <ele>114.54</ele>
   </trkpt>
   <trkpt lat="34.050050000000006" lon="-118.49392">
    <ele>115.0</ele>
   </trkpt>
   <trkpt lat="34.050110000000004" lon="-118.49384">
    <ele>115.09</ele>
   </trkpt>
   <trkpt lat="34.05048" lon="-118.49357">
    <ele>115.63000000000001</ele>
   </trkpt>
   <trkpt lat="34.05116" lon="-118.49328000000001">
    <ele>117.25</ele>
   </trkpt>
   <trkpt lat="34.0518" lon="-118.49303">
    <ele>117.81000000000002</ele>
   </trkpt>
   <trkpt lat="34.052490000000006" lon="-118.49280000000002">
    <ele>118.92000000000002</ele>
   </trkpt>
   <trkpt lat="34.05300000020441" lon="-118.4926600008079">
    <ele>120.41</ele>
   </trkpt>
   <trkpt lat="34.05351" lon="-118.49252000000001">
    <ele>121.70000000000002</ele>
   </trkpt>
   <trkpt lat="34.05438" lon="-118.49247000000001">
    <ele>123.72000000000001</ele>
   </trkpt>
   <trkpt lat="34.054860000000005" lon="-118.49257000000001">
    <ele>124.94000000000001</ele>
   </trkpt>
   <trkpt lat="34.055150000000005" lon="-118.49263">
    <ele>125.73</ele>
   </trkpt>
   <trkpt lat="34.05562500028728" lon="-118.49287999861716">
    <ele>126.48</ele>
   </trkpt>
   <trkpt lat="34.0561" lon="-118.49313000000001">
    <ele>128.25</ele>
   </trkpt>
   <trkpt lat="34.056520000000006" lon="-118.49315000000001">
    <ele>129.29999999999998</ele>
   </trkpt>
   <trkpt lat="34.05686" lon="-118.49321">
    <ele>129.59</ele>
   </trkpt>
   <trkpt lat="34.05749" lon="-118.49312">
    <ele>131.38000000000002</ele>
   </trkpt>
   <trkpt lat="34.05818" lon="-118.49267">
    <ele>134.02</ele>
   </trkpt>
   <trkpt lat="34.058370000000004" lon="-118.49303">
    <ele>131.19</ele>
   </trkpt>
   <trkpt lat="34.0585" lon="-118.49321">
    <ele>129.44</ele>
   </trkpt>
   <trkpt lat="34.05872" lon="-118.49338000000002">
    <ele>126.73</ele>
   </trkpt>
   <trkpt lat="34.05888" lon="-118.49343">
    <ele>126.73</ele>
   </trkpt>
   <trkpt lat="34.05934500007849" lon="-118.49343000000002">
    <ele>125.03</ele>
   </trkpt>
   <trkpt lat="34.059810000000006" lon="-118.49343">
    <ele>125.22</ele>
   </trkpt>
   <trkpt lat="34.060030000000005" lon="-118.49350000000001">
    <ele>125.75</ele>
   </trkpt>
   <trkpt lat="34.06022" lon="-118.49366">
    <ele>126.09</ele>
   </trkpt>
   <trkpt lat="34.06035" lon="-118.49383">
    <ele>126.36</ele>
   </trkpt>
   <trkpt lat="34.06047" lon="-118.49407000000001">
    <ele>126.47</ele>
   </trkpt>
   <trkpt lat="34.06118200036599" lon="-118.49391600517922">
    <ele>128.54000000000002</ele>
   </trkpt>
   <trkpt lat="34.06189400053994" lon="-118.49376200777088">
    <ele>131.29000000000002</ele>
   </trkpt>
   <trkpt lat="34.06260600052182" lon="-118.49360800777491">
    <ele>133.55</ele>
   </trkpt>
   <trkpt lat="34.06331800031163" lon="-118.49345400519121">
    <ele>136.17000000000002</ele>
   </trkpt>
   <trkpt lat="34.06403" lon="-118.4933">
    <ele>138.41</ele>
   </trkpt>
   <trkpt lat="34.06443" lon="-118.49325">
    <ele>138.91</ele>
   </trkpt>
   <trkpt lat="34.06524" lon="-118.49318000000001">
    <ele>141.06</ele>
   </trkpt>
   <trkpt lat="34.065940000000005" lon="-118.49309000000001">
    <ele>143.76</ele>
   </trkpt>
   <trkpt lat="34.06626" lon="-118.49307">
    <ele>144.57</ele>
   </trkpt>
   <trkpt lat="34.066500000000005" lon="-118.49309000000001">
    <ele>145.38</ele>
   </trkpt>
   <trkpt lat="34.066810000000004" lon="-118.49322000000001">
    <ele>146.45000000000002</ele>
   </trkpt>
   <trkpt lat="34.0674" lon="-118.49362">
    <ele>147.77</ele>
   </trkpt>
   <trkpt lat="34.0681" lon="-118.49422000000001">
    <ele>150.01</ele>
   </trkpt>
   <trkpt lat="34.068400000000004" lon="-118.49461000000001">
    <ele>151.71</ele>
   </trkpt>
   <trkpt lat="34.06862" lon="-118.49504">
    <ele>152.54</ele>
   </trkpt>
   <trkpt lat="34.0688" lon="-118.49527">
    <ele>153.58</ele>
   </trkpt>
   <trkpt lat="34.069" lon="-118.49545">
    <ele>153.83</ele>
   </trkpt>
   <trkpt lat="34.06917" lon="-118.49555000000001">
    <ele>154.75000000000003</ele>
   </trkpt>
   <trkpt lat="34.069880000000005" lon="-118.49578000000001">
    <ele>157.21</ele>
   </trkpt>
   <trkpt lat="34.070380000049255" lon="-118.49590499925877">
    <ele>157.88000000000002</ele>
   </trkpt>
   <trkpt lat="34.07088" lon="-118.49603">
    <ele>159.62</ele>
   </trkpt>
   <trkpt lat="34.07112" lon="-118.49602000000002">
    <ele>159.62</ele>
   </trkpt>
   <trkpt lat="34.07144" lon="-118.49591000000001">
    <ele>161.18</ele>
   </trkpt>
   <trkpt lat="34.072100000000006" lon="-118.49552000000001">
    <ele>162.47</ele>
   </trkpt>
   <trkpt lat="34.072300000000006" lon="-118.49545">
    <ele>162.98000000000002</ele>
   </trkpt>
   <trkpt lat="34.072340000000004" lon="-118.49544000000002">
    <ele>162.98000000000002</ele>
   </trkpt>
   <trkpt lat="34.07249" lon="-118.49545">
    <ele>163.97</ele>
   </trkpt>
   <trkpt lat="34.07284" lon="-118.49551000000001">
    <ele>164.60000000000002</ele>
   </trkpt>
   <trkpt lat="34.07309" lon="-118.49569000000001">
    <ele>165.49</ele>
   </trkpt>
   <trkpt lat="34.073240000000006" lon="-118.49585">
    <ele>165.49</ele>
   </trkpt>
   <trkpt lat="34.0734" lon="-118.49616">
    <ele>167.72</ele>
   </trkpt>
   <trkpt lat="34.07356" lon="-118.49661">
    <ele>168.5</ele>
   </trkpt>
   <trkpt lat="34.074000000000005" lon="-118.49730000000001">
    <ele>170.26000000000002</ele>
   </trkpt>
   <trkpt lat="34.07437" lon="-118.49791">
    <ele>172.6</ele>
   </trkpt>
   <trkpt lat="34.074510000000004" lon="-118.49830000000001">
    <ele>172.69</ele>
   </trkpt>
   <trkpt lat="34.07471" lon="-118.49894">
    <ele>174.42000000000002</ele>
   </trkpt>
   <trkpt lat="34.07491" lon="-118.49921">
    <ele>175.3</ele>
   </trkpt>
   <trkpt lat="34.07511" lon="-118.49943">
    <ele>175.84000000000003</ele>
   </trkpt>
   <trkpt lat="34.075630000000004" lon="-118.49991000000001">
    <ele>178.22000000000003</ele>
   </trkpt>
   <trkpt lat="34.076150000000005" lon="-118.50033">
    <ele>181.18</ele>
   </trkpt>
   <trkpt lat="34.07693666815664" lon="-118.50075999200826">
    <ele>184.09</ele>
   </trkpt>
   <trkpt lat="34.077723334815616" lon="-118.50118999200389">
    <ele>186.89000000000001</ele>
   </trkpt>
   <trkpt lat="34.07851" lon="-118.50162">
    <ele>188.65</ele>
   </trkpt>
   <trkpt lat="34.07869" lon="-118.50167">
    <ele>189.03</ele>
   </trkpt>
   <trkpt lat="34.078900000000004" lon="-118.50167">
    <ele>189.03</ele>
   </trkpt>
   <trkpt lat="34.0792" lon="-118.50163">
    <ele>189.48000000000002</ele>
   </trkpt>
   <trkpt lat="34.07976500017286" lon="-118.50142000140316">
    <ele>190.89</ele>
   </trkpt>
   <trkpt lat="34.080330000000004" lon="-118.50121000000001">
    <ele>192.60000000000002</ele>
   </trkpt>
   <trkpt lat="34.08068" lon="-118.50122">
    <ele>193.78</ele>
   </trkpt>
   <trkpt lat="34.080980000000004" lon="-118.50132">
    <ele>194.86</ele>
   </trkpt>
   <trkpt lat="34.081410000000005" lon="-118.50176">
    <ele>196.61</ele>
   </trkpt>
   <trkpt lat="34.08158" lon="-118.50198">
    <ele>198.03</ele>
   </trkpt>
   <trkpt lat="34.08182" lon="-118.50261">
    <ele>200.03</ele>
   </trkpt>
   <trkpt lat="34.081920000000004" lon="-118.50280000000001">
    <ele>200.03</ele>
   </trkpt>
   <trkpt lat="34.08212" lon="-118.50301">
    <ele>201.85000000000002</ele>
   </trkpt>
   <trkpt lat="34.08229" lon="-118.50315">
    <ele>201.85000000000002</ele>
   </trkpt>
   <trkpt lat="34.082950000000004" lon="-118.50338">
    <ele>204.52</ele>
   </trkpt>
   <trkpt lat="34.0833" lon="-118.50351">
    <ele>204.52</ele>
   </trkpt>
   <trkpt lat="34.08379" lon="-118.50379000000001">
    <ele>206.95000000000002</ele>
   </trkpt>
   <trkpt lat="34.084030000000006" lon="-118.50386">
    <ele>207.89000000000001</ele>
   </trkpt>
   <trkpt lat="34.084300000000006" lon="-118.50386">
    <ele>208.63</ele>
   </trkpt>
   <trkpt lat="34.084540000000004" lon="-118.50382">
    <ele>209.50000000000003</ele>
   </trkpt>
   <trkpt lat="34.0848" lon="-118.50374000000001">
    <ele>210.14000000000001</ele>
   </trkpt>
   <trkpt lat="34.085170000000005" lon="-118.50373">
    <ele>211.00000000000003</ele>
   </trkpt>
   <trkpt lat="34.08583" lon="-118.50378">
    <ele>212.61</ele>
   </trkpt>
   <trkpt lat="34.08645000010604" lon="-118.50395499871345">
    <ele>215.34000000000003</ele>
   </trkpt>
   <trkpt lat="34.087070000000004" lon="-118.50413">
    <ele>217.88000000000002</ele>
   </trkpt>
   <trkpt lat="34.087230000000005" lon="-118.50410000000001">
    <ele>218.25000000000003</ele>
   </trkpt>
   <trkpt lat="34.08753" lon="-118.504">
    <ele>219.98000000000002</ele>
   </trkpt>
   <trkpt lat="34.087770000000006" lon="-118.50395">
    <ele>220.96</ele>
   </trkpt>
   <trkpt lat="34.088225000089594" lon="-118.50398999979237">
    <ele>223.20000000000002</ele>
   </trkpt>
   <trkpt lat="34.088680000000004" lon="-118.50403000000001">
    <ele>224.86</ele>
   </trkpt>
   <trkpt lat="34.089200000000005" lon="-118.50409">
    <ele>226.96</ele>
   </trkpt>
   <trkpt lat="34.08948" lon="-118.50409">
    <ele>226.96</ele>
   </trkpt>
   <trkpt lat="34.089980000000004" lon="-118.50387">
    <ele>229.66000000000003</ele>
   </trkpt>
   <trkpt lat="34.09053999989673" lon="-118.50382000034088">
    <ele>232.74000000000004</ele>
   </trkpt>
   <trkpt lat="34.091100000000004" lon="-118.50377">
    <ele>234.51000000000002</ele>
   </trkpt>
   <trkpt lat="34.09127" lon="-118.50373">
    <ele>235.05</ele>
   </trkpt>
   <trkpt lat="34.091860000000004" lon="-118.50343000000001">
    <ele>237.64000000000001</ele>
   </trkpt>
   <trkpt lat="34.092180000000006" lon="-118.50324">
    <ele>239.61</ele>
   </trkpt>
   <trkpt lat="34.09259" lon="-118.50315">
    <ele>241.33</ele>
   </trkpt>
   <trkpt lat="34.09288" lon="-118.50315">
    <ele>242.1</ele>
   </trkpt>
   <trkpt lat="34.093450000000004" lon="-118.50328">
    <ele>244.42000000000002</ele>
   </trkpt>
   <trkpt lat="34.0941050004394" lon="-118.50354999797007">
    <ele>249.62</ele>
   </trkpt>
   <trkpt lat="34.09476" lon="-118.50382">
    <ele>252.88</ele>
   </trkpt>
   <trkpt lat="34.095180000000006" lon="-118.50392000000001">
    <ele>255.46</ele>
   </trkpt>
   <trkpt lat="34.09544" lon="-118.50395">
    <ele>256.39</ele>
   </trkpt>
   <trkpt lat="34.09577" lon="-118.50386">
    <ele>257.59999999999997</ele>
   </trkpt>
   <trkpt lat="34.09592" lon="-118.50378">
    <ele>259.88</ele>
   </trkpt>
   <trkpt lat="34.09611" lon="-118.50373">
    <ele>259.88</ele>
   </trkpt>
   <trkpt lat="34.09649" lon="-118.50369">
    <ele>262.48</ele>
   </trkpt>
   <trkpt lat="34.097010000000004" lon="-118.50359">
    <ele>265.51</ele>
   </trkpt>
   <trkpt lat="34.09718" lon="-118.50359">
    <ele>266.18</ele>
   </trkpt>
   <trkpt lat="34.09752" lon="-118.50364">
    <ele>268.55</ele>
   </trkpt>
   <trkpt lat="34.097770000000004" lon="-118.50359">
    <ele>268.55</ele>
   </trkpt>
   <trkpt lat="34.09776" lon="-118.50359">
    <ele>268.55</ele>
   </trkpt>
   <trkpt lat="34.09794" lon="-118.50351">
    <ele>269.94</ele>
   </trkpt>
   <trkpt lat="34.09821" lon="-118.50329">
    <ele>271.47</ele>
   </trkpt>
   <trkpt lat="34.09854" lon="-118.50319">
    <ele>272.64000000000004</ele>
   </trkpt>
   <trkpt lat="34.098800000000004" lon="-118.50311">
    <ele>272.64000000000004</ele>
   </trkpt>
   <trkpt lat="34.09906" lon="-118.5031">
    <ele>275.65</ele>
   </trkpt>
   <trkpt lat="34.09926" lon="-118.5031">
    <ele>275.65</ele>
   </trkpt>
   <trkpt lat="34.099880000000006" lon="-118.50328">
    <ele>277.86</ele>
   </trkpt>
   <trkpt lat="34.10033" lon="-118.50334000000001">
    <ele>279.45000000000005</ele>
   </trkpt>
   <trkpt lat="34.10099" lon="-118.50346">
    <ele>281.68000000000006</ele>
   </trkpt>
   <trkpt lat="34.10155" lon="-118.50373">
    <ele>283.96000000000004</ele>
   </trkpt>
   <trkpt lat="34.10195" lon="-118.50383000000001">
    <ele>285.29</ele>
   </trkpt>
   <trkpt lat="34.1022" lon="-118.50387">
    <ele>285.82</ele>
   </trkpt>
   <trkpt lat="34.1027600000673" lon="-118.50392999960857">
    <ele>288.69</ele>
   </trkpt>
   <trkpt lat="34.103320000000004" lon="-118.50399000000002">
    <ele>292.39000000000004</ele>
   </trkpt>
   <trkpt lat="34.103500000000004" lon="-118.50395">
    <ele>292.39000000000004</ele>
   </trkpt>
   <trkpt lat="34.10414000042471" lon="-118.50368500194641">
    <ele>295.95000000000005</ele>
   </trkpt>
   <trkpt lat="34.104780000000005" lon="-118.50342">
    <ele>299.23</ele>
   </trkpt>
   <trkpt lat="34.105445000414825" lon="-118.50312500229101">
    <ele>301.02</ele>
   </trkpt>
   <trkpt lat="34.10611" lon="-118.50283">
    <ele>304.49</ele>
   </trkpt>
   <trkpt lat="34.106660000246606" lon="-118.5026150013745">
    <ele>307.13</ele>
   </trkpt>
   <trkpt lat="34.10721" lon="-118.50240000000001">
    <ele>309.51</ele>
   </trkpt>
   <trkpt lat="34.107730000000004" lon="-118.50234">
    <ele>311.91</ele>
   </trkpt>
   <trkpt lat="34.10831500039315" lon="-118.50205000197937">
    <ele>315.58000000000004</ele>
   </trkpt>
   <trkpt lat="34.108900000000006" lon="-118.50176">
    <ele>317.92</ele>
   </trkpt>
   <trkpt lat="34.10904" lon="-118.50167">
    <ele>318.68</ele>
   </trkpt>
   <trkpt lat="34.109210000000004" lon="-118.50149">
    <ele>320.34000000000003</ele>
   </trkpt>
   <trkpt lat="34.10944" lon="-118.50113">
    <ele>321.95</ele>
   </trkpt>
   <trkpt lat="34.109660000000005" lon="-118.50086">
    <ele>323.17</ele>
   </trkpt>
   <trkpt lat="34.10998" lon="-118.50062000000001">
    <ele>324.86</ele>
   </trkpt>
   <trkpt lat="34.11070500047832" lon="-118.50028000290936">
    <ele>328.16</ele>
   </trkpt>
   <trkpt lat="34.111430000000006" lon="-118.49994000000001">
    <ele>330.65</ele>
   </trkpt>
   <trkpt lat="34.111700000000006" lon="-118.49989000000001">
    <ele>332.19000000000005</ele>
   </trkpt>
   <trkpt lat="34.111830000000005" lon="-118.49992">
    <ele>332.19000000000005</ele>
   </trkpt>
   <trkpt lat="34.11215" lon="-118.50007000000001">
    <ele>334.41</ele>
   </trkpt>
   <trkpt lat="34.11303" lon="-118.50023000000002">
    <ele>338.32</ele>
   </trkpt>
   <trkpt lat="34.113200000000006" lon="-118.50030000000001">
    <ele>338.83000000000004</ele>
   </trkpt>
   <trkpt lat="34.113550000000004" lon="-118.5006">
    <ele>340.80000000000007</ele>
   </trkpt>
   <trkpt lat="34.11363" lon="-118.50064">
    <ele>340.80000000000007</ele>
   </trkpt>
   <trkpt lat="34.113960000000006" lon="-118.50068">
    <ele>342.7</ele>
   </trkpt>
   <trkpt lat="34.1143" lon="-118.50086">
    <ele>343.56</ele>
   </trkpt>
   <trkpt lat="34.114850000000004" lon="-118.50087">
    <ele>346.66</ele>
   </trkpt>
   <trkpt lat="34.11496" lon="-118.50091">
    <ele>347.65000000000003</ele>
   </trkpt>
   <trkpt lat="34.11509" lon="-118.50101000000001">
    <ele>347.65000000000003</ele>
   </trkpt>
   <trkpt lat="34.115190000000005" lon="-118.50116000000001">
    <ele>349.46999999999997</ele>
   </trkpt>
   <trkpt lat="34.11544" lon="-118.50172">
    <ele>350.87</ele>
   </trkpt>
   <trkpt lat="34.115520000000004" lon="-118.50185">
    <ele>351.71000000000004</ele>
   </trkpt>
   <trkpt lat="34.115640000000006" lon="-118.50198">
    <ele>352.1</ele>
   </trkpt>
   <trkpt lat="34.11576" lon="-118.50207">
    <ele>353.16</ele>
   </trkpt>
   <trkpt lat="34.11644500010072" lon="-118.5021899990355">
    <ele>355.91</ele>
   </trkpt>
   <trkpt lat="34.11713" lon="-118.50231000000001">
    <ele>359.2</ele>
   </trkpt>
   <trkpt lat="34.117560000000005" lon="-118.50249000000001">
    <ele>360.84000000000003</ele>
   </trkpt>
   <trkpt lat="34.1178" lon="-118.50266">
    <ele>362.23</ele>
   </trkpt>
   <trkpt lat="34.117960000000004" lon="-118.50283">
    <ele>362.23</ele>
   </trkpt>
   <trkpt lat="34.118030000000005" lon="-118.50288">
    <ele>362.23</ele>
   </trkpt>
   <trkpt lat="34.1182" lon="-118.50292">
    <ele>364.53000000000003</ele>
   </trkpt>
   <trkpt lat="34.11851" lon="-118.50288">
    <ele>365.57</ele>
   </trkpt>
   <trkpt lat="34.1191" lon="-118.50288">
    <ele>367.35</ele>
   </trkpt>
   <trkpt lat="34.119260000000004" lon="-118.50292">
    <ele>368.9</ele>
   </trkpt>
   <trkpt lat="34.11939" lon="-118.50301">
    <ele>368.9</ele>
   </trkpt>
   <trkpt lat="34.119620000000005" lon="-118.50322000000001">
    <ele>371.02</ele>
   </trkpt>
   <trkpt lat="34.11984" lon="-118.50299000000001">
    <ele>375.25</ele>
   </trkpt>
   <trkpt lat="34.12026" lon="-118.50243">
    <ele>387.41</ele>
   </trkpt>
   <trkpt lat="34.120430000000006" lon="-118.50199">
    <ele>392.46000000000004</ele>
   </trkpt>
   <trkpt lat="34.120610000000006" lon="-118.50167">
    <ele>398.87000000000006</ele>
   </trkpt>
   <trkpt lat="34.12069" lon="-118.50144000000002">
    <ele>401.86000000000007</ele>
   </trkpt>
   <trkpt lat="34.120670000000004" lon="-118.50117000000002">
    <ele>404.91</ele>
   </trkpt>
   <trkpt lat="34.120720000000006" lon="-118.50091">
    <ele>408.06</ele>
   </trkpt>
   <trkpt lat="34.12071" lon="-118.50087">
    <ele>408.06</ele>
   </trkpt>
   <trkpt lat="34.12068" lon="-118.50086">
    <ele>409.44</ele>
   </trkpt>
   <trkpt lat="34.120580000000004" lon="-118.50087">
    <ele>409.96000000000004</ele>
   </trkpt>
   <trkpt lat="34.1205" lon="-118.50095">
    <ele>411.18000000000006</ele>
   </trkpt>
   <trkpt lat="34.12026" lon="-118.50141">
    <ele>418.59000000000003</ele>
   </trkpt>
   <trkpt lat="34.12019" lon="-118.50146000000001">
    <ele>419.84000000000003</ele>
   </trkpt>
   <trkpt lat="34.12012" lon="-118.50149">
    <ele>419.84000000000003</ele>
   </trkpt>
   <trkpt lat="34.11985" lon="-118.5014">
    <ele>423.64</ele>
   </trkpt>
   <trkpt lat="34.119640000000004" lon="-118.50141">
    <ele>427.26000000000005</ele>
   </trkpt>
   <trkpt lat="34.11956" lon="-118.5014">
    <ele>427.26000000000005</ele>
   </trkpt>
   <trkpt lat="34.119420000000005" lon="-118.50132">
    <ele>430.04</ele>
   </trkpt>
   <trkpt lat="34.1192" lon="-118.50127">
    <ele>431.21000000000004</ele>
   </trkpt>
   <trkpt lat="34.11894" lon="-118.50104">
    <ele>437.35</ele>
   </trkpt>
   <trkpt lat="34.11872" lon="-118.50077">
    <ele>441.52000000000004</ele>
   </trkpt>
   <trkpt lat="34.118680000000005" lon="-118.50068">
    <ele>442.91</ele>
   </trkpt>
   <trkpt lat="34.11869" lon="-118.50059000000002">
    <ele>443.54</ele>
   </trkpt>
   <trkpt lat="34.11885" lon="-118.50015">
    <ele>448.23</ele>
   </trkpt>
   <trkpt lat="34.11889" lon="-118.49992">
    <ele>450.18</ele>
   </trkpt>
   <trkpt lat="34.119060000000005" lon="-118.49961">
    <ele>453.62</ele>
   </trkpt>
   <trkpt lat="34.119060000000005" lon="-118.49948">
    <ele>454.8</ele>
   </trkpt>
   <trkpt lat="34.119" lon="-118.49940000000001">
    <ele>455.23</ele>
   </trkpt>
   <trkpt lat="34.11891" lon="-118.49939">
    <ele>456.31000000000006</ele>
   </trkpt>
   <trkpt lat="34.118750000000006" lon="-118.49948">
    <ele>459.95</ele>
   </trkpt>
   <trkpt lat="34.11856" lon="-118.49952">
    <ele>461.71000000000004</ele>
   </trkpt>
   <trkpt lat="34.11845" lon="-118.49958000000001">
    <ele>463.38</ele>
   </trkpt>
   <trkpt lat="34.118370000000006" lon="-118.49961">
    <ele>464.46000000000004</ele>
   </trkpt>
   <trkpt lat="34.118280000000006" lon="-118.49957">
    <ele>464.46000000000004</ele>
   </trkpt>
   <trkpt lat="34.118210000000005" lon="-118.49948">
    <ele>465.94</ele>
   </trkpt>
   <trkpt lat="34.118190000000006" lon="-118.49940000000001">
    <ele>465.94</ele>
   </trkpt>
   <trkpt lat="34.118210000000005" lon="-118.49934">
    <ele>467.83000000000004</ele>
   </trkpt>
   <trkpt lat="34.11824" lon="-118.49929000000002">
    <ele>467.83000000000004</ele>
   </trkpt>
   <trkpt lat="34.11836" lon="-118.49916">
    <ele>470.44</ele>
   </trkpt>
   <trkpt lat="34.11838" lon="-118.49907">
    <ele>470.93</ele>
   </trkpt>
   <trkpt lat="34.118320000000004" lon="-118.49898">
    <ele>470.93</ele>
   </trkpt>
   <trkpt lat="34.11807" lon="-118.49881">
    <ele>473.16</ele>
   </trkpt>
   <trkpt lat="34.118" lon="-118.49871">
    <ele>476.56</ele>
   </trkpt>
   <trkpt lat="34.11797" lon="-118.49855000000001">
    <ele>476.56</ele>
   </trkpt>
   <trkpt lat="34.117990000000006" lon="-118.49836">
    <ele>479.47</ele>
   </trkpt>
   <trkpt lat="34.117940000000004" lon="-118.49814">
    <ele>481.28000000000003</ele>
   </trkpt>
   <trkpt lat="34.11793" lon="-118.498">
    <ele>482.25</ele>
   </trkpt>
   <trkpt lat="34.117960000000004" lon="-118.49791">
    <ele>483.27000000000004</ele>
   </trkpt>
   <trkpt lat="34.118010000000005" lon="-118.49783000000001">
    <ele>484.37</ele>
   </trkpt>
   <trkpt lat="34.118190000000006" lon="-118.49773">
    <ele>487.42</ele>
   </trkpt>
   <trkpt lat="34.118300000000005" lon="-118.4976">
    <ele>490.17</ele>
   </trkpt>
   <trkpt lat="34.11833" lon="-118.49755">
    <ele>490.17</ele>
   </trkpt>
   <trkpt lat="34.11834" lon="-118.49746">
    <ele>490.82000000000005</ele>
   </trkpt>
   <trkpt lat="34.11827" lon="-118.49734000000001">
    <ele>492.05</ele>
   </trkpt>
   <trkpt lat="34.118100000000005" lon="-118.49724">
    <ele>497.18000000000006</ele>
   </trkpt>
   <trkpt lat="34.11798" lon="-118.49706">
    <ele>497.18000000000006</ele>
   </trkpt>
   <trkpt lat="34.11769" lon="-118.49693">
    <ele>501.51</ele>
   </trkpt>
   <trkpt lat="34.11762" lon="-118.49685000000001">
    <ele>503.18000000000006</ele>
   </trkpt>
   <trkpt lat="34.11733" lon="-118.49626">
    <ele>509.51</ele>
   </trkpt>
   <trkpt lat="34.11735" lon="-118.49617">
    <ele>510.24</ele>
   </trkpt>
   <trkpt lat="34.11751" lon="-118.49601000000001">
    <ele>514.0</ele>
   </trkpt>
   <trkpt lat="34.117720000000006" lon="-118.49608">
    <ele>514.8900000000001</ele>
   </trkpt>
   <trkpt lat="34.117920000000005" lon="-118.49612">
    <ele>516.29</ele>
   </trkpt>
   <trkpt lat="34.118120000000005" lon="-118.49613000000001">
    <ele>517.29</ele>
   </trkpt>
   <trkpt lat="34.11827" lon="-118.49620000000002">
    <ele>517.94</ele>
   </trkpt>
   <trkpt lat="34.11849" lon="-118.49643">
    <ele>518.5200000000001</ele>
   </trkpt>
   <trkpt lat="34.119150000000005" lon="-118.49708000000001">
    <ele>520.71</ele>
   </trkpt>
   <trkpt lat="34.119710000000005" lon="-118.49756000000001">
    <ele>519.5600000000001</ele>
   </trkpt>
   <trkpt lat="34.11986" lon="-118.49768000000002">
    <ele>518.57</ele>
   </trkpt>
   <trkpt lat="34.12006" lon="-118.49773">
    <ele>517.3100000000001</ele>
   </trkpt>
   <trkpt lat="34.12035" lon="-118.49777">
    <ele>514.02</ele>
   </trkpt>
   <trkpt lat="34.12053" lon="-118.49782">
    <ele>514.02</ele>
   </trkpt>
   <trkpt lat="34.12097" lon="-118.49774000000001">
    <ele>509.34000000000003</ele>
   </trkpt>
   <trkpt lat="34.121120000000005" lon="-118.49777">
    <ele>508.51</ele>
   </trkpt>
   <trkpt lat="34.12127" lon="-118.49782">
    <ele>506.34</ele>
   </trkpt>
   <trkpt lat="34.121390000000005" lon="-118.49788000000001">
    <ele>505.01000000000005</ele>
   </trkpt>
   <trkpt lat="34.12149" lon="-118.498">
    <ele>504.65999999999997</ele>
   </trkpt>
   <trkpt lat="34.121610000000004" lon="-118.49819000000001">
    <ele>502.63</ele>
   </trkpt>
   <trkpt lat="34.12185" lon="-118.49845">
    <ele>500.31</ele>
   </trkpt>
   <trkpt lat="34.122330000000005" lon="-118.49863">
    <ele>498.43</ele>
   </trkpt>
   <trkpt lat="34.122400000000006" lon="-118.49871">
    <ele>498.25</ele>
   </trkpt>
   <trkpt lat="34.1225" lon="-118.49894">
    <ele>497.89000000000004</ele>
   </trkpt>
   <trkpt lat="34.12259" lon="-118.49908">
    <ele>497.51000000000005</ele>
   </trkpt>
   <trkpt lat="34.12296500041492" lon="-118.4994099985132">
    <ele>497.63</ele>
   </trkpt>
   <trkpt lat="34.123340000000006" lon="-118.49974">
    <ele>497.98</ele>
   </trkpt>
   <trkpt lat="34.123450000000005" lon="-118.49979">
    <ele>497.76000000000005</ele>
   </trkpt>
   <trkpt lat="34.12377" lon="-118.49988">
    <ele>496.02</ele>
   </trkpt>
   <trkpt lat="34.12429" lon="-118.49988">
    <ele>492.68000000000006</ele>
   </trkpt>
   <trkpt lat="34.12489" lon="-118.49996000000002">
    <ele>489.14</ele>
   </trkpt>
   <trkpt lat="34.125040000000006" lon="-118.49993">
    <ele>488.66</ele>
   </trkpt>
   <trkpt lat="34.12527" lon="-118.49983">
    <ele>488.75</ele>
   </trkpt>
   <trkpt lat="34.12561" lon="-118.49961">
    <ele>491.52000000000004</ele>
   </trkpt>
   <trkpt lat="34.125780000000006" lon="-118.49943">
    <ele>495.86</ele>
   </trkpt>
   <trkpt lat="34.126020000000004" lon="-118.49907">
    <ele>500.0800000000001</ele>
   </trkpt>
   <trkpt lat="34.12614" lon="-118.49894">
    <ele>501.74000000000007</ele>
   </trkpt>
   <trkpt lat="34.12621" lon="-118.4989">
    <ele>501.74000000000007</ele>
   </trkpt>
   <trkpt lat="34.12628" lon="-118.4989">
    <ele>503.31</ele>
   </trkpt>
   <trkpt lat="34.126340000000006" lon="-118.49894">
    <ele>504.28000000000003</ele>
   </trkpt>
   <trkpt lat="34.12664" lon="-118.49925">
    <ele>507.78</ele>
   </trkpt>
   <trkpt lat="34.127050000000004" lon="-118.49952">
    <ele>513.5200000000001</ele>
   </trkpt>
   <trkpt lat="34.12713" lon="-118.49958000000001">
    <ele>513.93</ele>
   </trkpt>
   <trkpt lat="34.12731" lon="-118.49988">
    <ele>516.12</ele>
   </trkpt>
   <trkpt lat="34.12751" lon="-118.50037">
    <ele>515.59</ele>
   </trkpt>
   <trkpt lat="34.12749" lon="-118.50050000000002">
    <ele>514.27</ele>
   </trkpt>
   <trkpt lat="34.12735" lon="-118.50090000000002">
    <ele>513.35</ele>
   </trkpt>
   <trkpt lat="34.127370000000006" lon="-118.50099000000002">
    <ele>512.73</ele>
   </trkpt>
   <trkpt lat="34.127590000000005" lon="-118.50131">
    <ele>508.8</ele>
   </trkpt>
   <trkpt lat="34.12807" lon="-118.50219000000001">
    <ele>499.28000000000003</ele>
   </trkpt>
   <trkpt lat="34.12816" lon="-118.50252">
    <ele>496.54</ele>
   </trkpt>
   <trkpt lat="34.128260000000004" lon="-118.50276000000001">
    <ele>495.88000000000005</ele>
   </trkpt>
   <trkpt lat="34.12838" lon="-118.50279">
    <ele>494.45000000000005</ele>
   </trkpt>
   <trkpt lat="34.129020000000004" lon="-118.50311">
    <ele>489.45000000000005</ele>
   </trkpt>
   <trkpt lat="34.12913" lon="-118.50315">
    <ele>489.45000000000005</ele>
   </trkpt>
   <trkpt lat="34.12973" lon="-118.50292">
    <ele>484.33000000000004</ele>
   </trkpt>
   <trkpt lat="34.13026" lon="-118.50261">
    <ele>481.26</ele>
   </trkpt>
   <trkpt lat="34.130340000000004" lon="-118.50252">
    <ele>480.18000000000006</ele>
   </trkpt>
   <trkpt lat="34.13067" lon="-118.50199">
    <ele>473.84000000000003</ele>
   </trkpt>
   <trkpt lat="34.130660000000006" lon="-118.50196000000001">
    <ele>472.47</ele>
   </trkpt>
   <trkpt lat="34.13074" lon="-118.50194">
    <ele>472.47</ele>
   </trkpt>
   <trkpt lat="34.13096" lon="-118.50168000000001">
    <ele>468.18</ele>
   </trkpt>
   <trkpt lat="34.13107" lon="-118.50162">
    <ele>465.20000000000005</ele>
   </trkpt>
   <trkpt lat="34.13123" lon="-118.50154">
    <ele>460.06</ele>
   </trkpt>
   <trkpt lat="34.131330000000005" lon="-118.50153000000002">
    <ele>460.06</ele>
   </trkpt>
   <trkpt lat="34.13156" lon="-118.50154">
    <ele>458.55</ele>
   </trkpt>
   <trkpt lat="34.13179" lon="-118.50171">
    <ele>450.76000000000005</ele>
   </trkpt>
   <trkpt lat="34.13224" lon="-118.50216">
    <ele>444.85</ele>
   </trkpt>
   <trkpt lat="34.13235" lon="-118.50221">
    <ele>438.18</ele>
   </trkpt>
   <trkpt lat="34.132960000000004" lon="-118.50236000000001">
    <ele>430.40000000000003</ele>
   </trkpt>
   <trkpt lat="34.13293" lon="-118.50256000000002">
    <ele>429.70000000000005</ele>
   </trkpt>
   <trkpt lat="34.132870000000004" lon="-118.50271000000001">
    <ele>428.89000000000004</ele>
   </trkpt>
   <trkpt lat="34.13277" lon="-118.50288">
    <ele>427.88000000000005</ele>
   </trkpt>
   <trkpt lat="34.13221" lon="-118.50337">
    <ele>422.76</ele>
   </trkpt>
   <trkpt lat="34.13212" lon="-118.50351">
    <ele>419.66</ele>
   </trkpt>
   <trkpt lat="34.13206" lon="-118.50373">
    <ele>417.83000000000004</ele>
   </trkpt>
   <trkpt lat="34.132090000000005" lon="-118.50395">
    <ele>414.71000000000004</ele>
   </trkpt>
   <trkpt lat="34.13217" lon="-118.50412000000001">
    <ele>413.5</ele>
   </trkpt>
   <trkpt lat="34.132310000000004" lon="-118.50423">
    <ele>410.90000000000003</ele>
   </trkpt>
   <trkpt lat="34.13255" lon="-118.50431">
    <ele>405.64000000000004</ele>
   </trkpt>
   <trkpt lat="34.132780000000004" lon="-118.50433000000001">
    <ele>403.81000000000006</ele>
   </trkpt>
   <trkpt lat="34.13298" lon="-118.50436">
    <ele>398.4800000000001</ele>
   </trkpt>
   <trkpt lat="34.133100000000006" lon="-118.50436">
    <ele>398.4800000000001</ele>
   </trkpt>
   <trkpt lat="34.13322" lon="-118.50428000000001">
    <ele>396.23</ele>
   </trkpt>
   <trkpt lat="34.13333" lon="-118.50422">
    <ele>396.23</ele>
   </trkpt>
   <trkpt lat="34.13364" lon="-118.50391">
    <ele>392.07</ele>
   </trkpt>
   <trkpt lat="34.13376" lon="-118.50382">
    <ele>392.07</ele>
   </trkpt>
   <trkpt lat="34.13398" lon="-118.50373">
    <ele>383.06</ele>
   </trkpt>
   <trkpt lat="34.13414" lon="-118.50373">
    <ele>383.06</ele>
   </trkpt>
   <trkpt lat="34.13463" lon="-118.50391">
    <ele>377.50000000000006</ele>
   </trkpt>
   <trkpt lat="34.13477" lon="-118.50391">
    <ele>377.50000000000006</ele>
   </trkpt>
   <trkpt lat="34.13486" lon="-118.50388000000001">
    <ele>377.50000000000006</ele>
   </trkpt>
   <trkpt lat="34.13534499992298" lon="-118.50380500044585">
    <ele>372.14000000000004</ele>
   </trkpt>
   <trkpt lat="34.135830000000006" lon="-118.50373">
    <ele>365.69</ele>
   </trkpt>
   <trkpt lat="34.136400000374586" lon="-118.50352500130923">
    <ele>358.09000000000003</ele>
   </trkpt>
   <trkpt lat="34.136970000000005" lon="-118.50332000000002">
    <ele>353.19</ele>
   </trkpt>
   <trkpt lat="34.137550000000005" lon="-118.50306">
    <ele>345.0</ele>
   </trkpt>
   <trkpt lat="34.13799" lon="-118.50279">
    <ele>338.04</ele>
   </trkpt>
   <trkpt lat="34.138110000000005" lon="-118.50274">
    <ele>338.04</ele>
   </trkpt>
   <trkpt lat="34.138920000000006" lon="-118.50275">
    <ele>326.3</ele>
   </trkpt>
   <trkpt lat="34.13969000009526" lon="-118.50266500076725">
    <ele>316.70000000000005</ele>
   </trkpt>
   <trkpt lat="34.140460000000004" lon="-118.50258000000001">
    <ele>307.48</ele>
   </trkpt>
   <trkpt lat="34.14087" lon="-118.50243">
    <ele>300.18</ele>
   </trkpt>
   <trkpt lat="34.14112" lon="-118.50234">
    <ele>297.19</ele>
   </trkpt>
   <trkpt lat="34.14188" lon="-118.5023">
    <ele>287.76</ele>
   </trkpt>
   <trkpt lat="34.14246" lon="-118.50221">
    <ele>282.87</ele>
   </trkpt>
   <trkpt lat="34.14267" lon="-118.50215000000001">
    <ele>281.55</ele>
   </trkpt>
   <trkpt lat="34.142790000000005" lon="-118.50207">
    <ele>280.93</ele>
   </trkpt>
   <trkpt lat="34.14294" lon="-118.50186000000001">
    <ele>278.61</ele>
   </trkpt>
   <trkpt lat="34.14314" lon="-118.50136">
    <ele>277.26</ele>
   </trkpt>
   <trkpt lat="34.143370000000004" lon="-118.50074000000001">
    <ele>272.83</ele>
   </trkpt>
   <trkpt lat="34.14358" lon="-118.50001">
    <ele>269.93</ele>
   </trkpt>
   <trkpt lat="34.14378" lon="-118.49912">
    <ele>265.25000000000006</ele>
   </trkpt>
   <trkpt lat="34.14392" lon="-118.49824000000001">
    <ele>263.43</ele>
   </trkpt>
   <trkpt lat="34.144180000000006" lon="-118.49827">
    <ele>261.81000000000006</ele>
   </trkpt>
   <trkpt lat="34.14477500021072" lon="-118.49815500077956">
    <ele>260.06</ele>
   </trkpt>
   <trkpt lat="34.14537" lon="-118.49804">
    <ele>257.82</ele>
   </trkpt>
   <trkpt lat="34.14578" lon="-118.49781000000002">
    <ele>256.99</ele>
   </trkpt>
   <trkpt lat="34.146305000221076" lon="-118.4974950020663">
    <ele>255.63000000000002</ele>
   </trkpt>
   <trkpt lat="34.14683" lon="-118.49718000000001">
    <ele>253.84</ele>
   </trkpt>
   <trkpt lat="34.14736000215511" lon="-118.4966633398256">
    <ele>251.12</ele>
   </trkpt>
   <trkpt lat="34.147890002145864" lon="-118.49614667316803">
    <ele>249.08</ele>
   </trkpt>
   <trkpt lat="34.14842" lon="-118.49563">
    <ele>247.45000000000002</ele>
   </trkpt>
   <trkpt lat="34.14865" lon="-118.49589">
    <ele>247.51</ele>
   </trkpt>
   <trkpt lat="34.148860000000006" lon="-118.49595000000001">
    <ele>247.70000000000002</ele>
   </trkpt>
   <trkpt lat="34.148990000000005" lon="-118.49604000000001">
    <ele>248.12</ele>
   </trkpt>
   <trkpt lat="34.14916" lon="-118.4963">
    <ele>248.08</ele>
   </trkpt>
   <trkpt lat="34.14949" lon="-118.49598">
    <ele>248.25000000000003</ele>
   </trkpt>
   <trkpt lat="34.1497" lon="-118.4958">
    <ele>248.32000000000002</ele>
   </trkpt>
   <trkpt lat="34.150110000000005" lon="-118.49559">
    <ele>248.54</ele>
   </trkpt>
   <trkpt lat="34.150240000000004" lon="-118.49555000000001">
    <ele>248.54</ele>
   </trkpt>
   <trkpt lat="34.15057" lon="-118.49555000000001">
    <ele>248.58</ele>
   </trkpt>
   <trkpt lat="34.151270000000004" lon="-118.49557000000001">
    <ele>246.89000000000001</ele>
   </trkpt>
   <trkpt lat="34.151820000124694" lon="-118.49560499977969">
    <ele>247.65</ele>
   </trkpt>
   <trkpt lat="34.152370000000005" lon="-118.49564000000001">
    <ele>245.63000000000002</ele>
   </trkpt>
   <trkpt lat="34.15254" lon="-118.49568000000001">
    <ele>245.63000000000002</ele>
   </trkpt>
   <trkpt lat="34.15312" lon="-118.49625">
    <ele>242.89000000000001</ele>
   </trkpt>
   <trkpt lat="34.15335" lon="-118.49631000000001">
    <ele>241.43000000000004</ele>
   </trkpt>
   <trkpt lat="34.153810000080924" lon="-118.4963349998681">
    <ele>239.41</ele>
   </trkpt>
   <trkpt lat="34.154270000000004" lon="-118.49636000000001">
    <ele>237.69</ele>
   </trkpt>
   <trkpt lat="34.15473" lon="-118.49636000000001">
    <ele>236.99</ele>
   </trkpt>
   <trkpt lat="34.155480000000004" lon="-118.49640000000001">
    <ele>235.36</ele>
   </trkpt>
   <trkpt lat="34.15637" lon="-118.49650000000001">
    <ele>233.28</ele>
   </trkpt>
   <trkpt lat="34.156580000000005" lon="-118.49648">
    <ele>233.28</ele>
   </trkpt>
   <trkpt lat="34.157140000000005" lon="-118.49635">
    <ele>232.02000000000004</ele>
   </trkpt>
   <trkpt lat="34.157560000000004" lon="-118.49622000000001">
    <ele>231.33</ele>
   </trkpt>
   <trkpt lat="34.15757" lon="-118.49629000000002">
    <ele>230.38000000000002</ele>
   </trkpt>
   <trkpt lat="34.15795" lon="-118.49617">
    <ele>229.78</ele>
   </trkpt>
   <trkpt lat="34.15824" lon="-118.49614000000001">
    <ele>229.77000000000004</ele>
   </trkpt>
   <trkpt lat="34.15843000577405" lon="-118.49698332956798">
    <ele>230.87</ele>
   </trkpt>
   <trkpt lat="34.1586200057808" lon="-118.4978266629312">
    <ele>231.62</ele>
   </trkpt>
   <trkpt lat="34.15881" lon="-118.49867">
    <ele>232.91</ele>
   </trkpt>
   <trkpt lat="34.158840000000005" lon="-118.49869000000001">
    <ele>232.91</ele>
   </trkpt>
   <trkpt lat="34.158860000000004" lon="-118.49885">
    <ele>232.91</ele>
   </trkpt>
   <trkpt lat="34.15904000460328" lon="-118.4996033301265">
    <ele>234.09</ele>
   </trkpt>
   <trkpt lat="34.1592200046045" lon="-118.50035666346487">
    <ele>235.71000000000004</ele>
   </trkpt>
   <trkpt lat="34.159400000000005" lon="-118.50111000000001">
    <ele>236.42000000000002</ele>
   </trkpt>
   <trkpt lat="34.159760000000006" lon="-118.50110000000001">
    <ele>235.47</ele>
   </trkpt>
   <trkpt lat="34.16038499992296" lon="-118.50110000000001">
    <ele>234.61</ele>
   </trkpt>
   <trkpt lat="34.161010000000005" lon="-118.50110000000001">
    <ele>233.76000000000002</ele>
   </trkpt>
   <trkpt lat="34.16183583333487" lon="-118.50110166648733">
    <ele>232.87</ele>
   </trkpt>
   <trkpt lat="34.162661666669706" lon="-118.50110333300728">
    <ele>231.11</ele>
   </trkpt>
   <trkpt lat="34.163487500004535" lon="-118.50110499955981">
    <ele>229.66000000000003</ele>
   </trkpt>
   <trkpt lat="34.16431333333933" lon="-118.50110666614493">
    <ele>228.27</ele>
   </trkpt>
   <trkpt lat="34.16513916667411" lon="-118.5011083327627">
    <ele>227.57000000000002</ele>
   </trkpt>
   <trkpt lat="34.16596500000886" lon="-118.50110999941303">
    <ele>225.83</ele>
   </trkpt>
   <trkpt lat="34.1667908333436" lon="-118.50111166609601">
    <ele>224.61</ele>
   </trkpt>
   <trkpt lat="34.16761666667829" lon="-118.50111333281158">
    <ele>223.42000000000002</ele>
   </trkpt>
   <trkpt lat="34.168442500012986" lon="-118.50111499955977">
    <ele>223.19000000000003</ele>
   </trkpt>
   <trkpt lat="34.16926833334765" lon="-118.5011166663406">
    <ele>222.59</ele>
   </trkpt>
   <trkpt lat="34.17009416668229" lon="-118.50111833315403">
    <ele>222.38000000000002</ele>
   </trkpt>
   <trkpt lat="34.17092" lon="-118.50112000000001">
    <ele>221.68</ele>
   </trkpt>
   <trkpt lat="34.17101" lon="-118.50105">
    <ele>221.56</ele>
   </trkpt>
   <trkpt lat="34.17168500001229" lon="-118.50104500003992">
    <ele>219.60000000000002</ele>
   </trkpt>
   <trkpt lat="34.172360000000005" lon="-118.50104">
    <ele>217.34</ele>
   </trkpt>
   <trkpt lat="34.17285500004975" lon="-118.50105499991349">
    <ele>216.99</ele>
   </trkpt>
   <trkpt lat="34.173350000000006" lon="-118.50107000000001">
    <ele>217.07000000000002</ele>
   </trkpt>
   <trkpt lat="34.17401" lon="-118.50110000000001">
    <ele>216.71</ele>
   </trkpt>
   <trkpt lat="34.174839999959474" lon="-118.50110499995058">
    <ele>216.53000000000003</ele>
   </trkpt>
   <trkpt lat="34.175670000000004" lon="-118.50111000000001">
    <ele>216.52</ele>
   </trkpt>
   <trkpt lat="34.17642199999136" lon="-118.50111199992871">
    <ele>216.42000000000002</ele>
   </trkpt>
   <trkpt lat="34.17717399998269" lon="-118.50111399989305">
    <ele>216.50000000000003</ele>
   </trkpt>
   <trkpt lat="34.17792599997398" lon="-118.501115999893">
    <ele>216.44000000000003</ele>
   </trkpt>
   <trkpt lat="34.17867799996524" lon="-118.50111799992862">
    <ele>216.53000000000003</ele>
   </trkpt>
   <trkpt lat="34.17943" lon="-118.50112000000001">
    <ele>217.19000000000003</ele>
   </trkpt>
   <trkpt lat="34.180323333345065" lon="-118.50111500026468">
    <ele>217.26</ele>
   </trkpt>
   <trkpt lat="34.18121666668993" lon="-118.50111000042345">
    <ele>217.52</ele>
   </trkpt>
   <trkpt lat="34.1821100000346" lon="-118.50110500047631">
    <ele>217.92000000000002</ele>
   </trkpt>
   <trkpt lat="34.18300333337906" lon="-118.50110000042334">
    <ele>218.44000000000003</ele>
   </trkpt>
   <trkpt lat="34.18389666672331" lon="-118.50109500026443">
    <ele>219.42000000000002</ele>
   </trkpt>
   <trkpt lat="34.18479" lon="-118.50109">
    <ele>220.00000000000003</ele>
   </trkpt>
   <trkpt lat="34.185230000000004" lon="-118.50107000000001">
    <ele>220.44000000000003</ele>
   </trkpt>
   <trkpt lat="34.18586499985317" lon="-118.50107000000001">
    <ele>221.62</ele>
   </trkpt>
   <trkpt lat="34.1865" lon="-118.50107000000001">
    <ele>221.72000000000003</ele>
   </trkpt>
   <trkpt lat="34.186640000000004" lon="-118.50113">
    <ele>221.85000000000002</ele>
   </trkpt>
   <trkpt lat="34.18743499999806" lon="-118.50113249983504">
    <ele>222.4</ele>
   </trkpt>
   <trkpt lat="34.188229999996075" lon="-118.50113499971721">
    <ele>223.03</ele>
   </trkpt>
   <trkpt lat="34.18902499999401" lon="-118.50113749964652">
    <ele>223.31</ele>
   </trkpt>
   <trkpt lat="34.189819999991904" lon="-118.50113999962292">
    <ele>223.67000000000002</ele>
   </trkpt>
   <trkpt lat="34.19061499998976" lon="-118.50114249964648">
    <ele>223.76000000000002</ele>
   </trkpt>
   <trkpt lat="34.19140999998756" lon="-118.50114499971717">
    <ele>223.94000000000003</ele>
   </trkpt>
   <trkpt lat="34.19220499998531" lon="-118.501147499835">
    <ele>224.09</ele>
   </trkpt>
   <trkpt lat="34.193000000000005" lon="-118.50115000000001">
    <ele>224.47000000000003</ele>
   </trkpt>
   <trkpt lat="34.193780000000004" lon="-118.50113">
    <ele>225.07000000000002</ele>
   </trkpt>
   <trkpt lat="34.194613750006205" lon="-118.50113">
    <ele>225.42000000000002</ele>
   </trkpt>
   <trkpt lat="34.19544750001241" lon="-118.50113">
    <ele>226.12</ele>
   </trkpt>
   <trkpt lat="34.196281250018615" lon="-118.50113">
    <ele>226.65</ele>
   </trkpt>
   <trkpt lat="34.197115000024816" lon="-118.50113">
    <ele>227.65</ele>
   </trkpt>
   <trkpt lat="34.19794875003103" lon="-118.50113">
    <ele>228.4</ele>
   </trkpt>
   <trkpt lat="34.19878250003723" lon="-118.50113">
    <ele>229.19000000000003</ele>
   </trkpt>
   <trkpt lat="34.19961625004344" lon="-118.50113">
    <ele>229.82000000000002</ele>
   </trkpt>
   <trkpt lat="34.200450000000004" lon="-118.50113">
    <ele>230.46</ele>
   </trkpt>
   <trkpt lat="34.20109500022816" lon="-118.501139999927">
    <ele>231.25</ele>
   </trkpt>
   <trkpt lat="34.20174" lon="-118.50115000000001">
    <ele>231.67000000000002</ele>
   </trkpt>
   <trkpt lat="34.202590000019036" lon="-118.50114666683464">
    <ele>232.64000000000001</ele>
   </trkpt>
   <trkpt lat="34.203440000037986" lon="-118.50114333360207">
    <ele>233.15</ele>
   </trkpt>
   <trkpt lat="34.20429000005684" lon="-118.50114000030229">
    <ele>234.11</ele>
   </trkpt>
   <trkpt lat="34.20514000007561" lon="-118.50113666693527">
    <ele>234.51000000000002</ele>
   </trkpt>
   <trkpt lat="34.205990000094275" lon="-118.50113333350102">
    <ele>235.08</ele>
   </trkpt>
   <trkpt lat="34.20684" lon="-118.50113">
    <ele>235.78</ele>
   </trkpt>
   <trkpt lat="34.207400000132886" lon="-118.50113999993593">
    <ele>236.28</ele>
   </trkpt>
   <trkpt lat="34.20796" lon="-118.50115000000001">
    <ele>236.94</ele>
   </trkpt>
   <trkpt lat="34.208809000002226" lon="-118.50115099990936">
    <ele>237.76000000000002</ele>
   </trkpt>
   <trkpt lat="34.209658000004445" lon="-118.50115199983881">
    <ele>238.1</ele>
   </trkpt>
   <trkpt lat="34.21050700000666" lon="-118.50115299978845">
    <ele>238.75</ele>
   </trkpt>
   <trkpt lat="34.21135600000886" lon="-118.50115399975823">
    <ele>239.42000000000002</ele>
   </trkpt>
   <trkpt lat="34.21220500001106" lon="-118.50115499974814">
    <ele>239.99</ele>
   </trkpt>
   <trkpt lat="34.213054000013244" lon="-118.50115599975823">
    <ele>240.76000000000002</ele>
   </trkpt>
   <trkpt lat="34.21390300001543" lon="-118.50115699978844">
    <ele>241.03000000000003</ele>
   </trkpt>
   <trkpt lat="34.21475200001761" lon="-118.50115799983882">
    <ele>241.99</ele>
   </trkpt>
   <trkpt lat="34.21560100001977" lon="-118.50115899990936">
    <ele>242.62000000000003</ele>
   </trkpt>
   <trkpt lat="34.21645" lon="-118.50116000000001">
    <ele>243.31000000000003</ele>
   </trkpt>
   <trkpt lat="34.217020000000005" lon="-118.50118">
    <ele>243.89000000000001</ele>
   </trkpt>
   <trkpt lat="34.217510000000004" lon="-118.50126000000002">
    <ele>244.52</ele>
   </trkpt>
   <trkpt lat="34.217940000000006" lon="-118.5014">
    <ele>244.68</ele>
   </trkpt>
   <trkpt lat="34.21846" lon="-118.50166000000002">
    <ele>245.11</ele>
   </trkpt>
   <trkpt lat="34.21897000054963" lon="-118.50197499818393">
    <ele>245.4</ele>
   </trkpt>
   <trkpt lat="34.219480000000004" lon="-118.50229000000002">
    <ele>245.69000000000003</ele>
   </trkpt>
   <trkpt lat="34.219950000000004" lon="-118.50248">
    <ele>246.16000000000003</ele>
   </trkpt>
   <trkpt lat="34.220200000000006" lon="-118.50255000000001">
    <ele>246.29</ele>
   </trkpt>
   <trkpt lat="34.22068" lon="-118.50265">
    <ele>246.68</ele>
   </trkpt>
   <trkpt lat="34.22097" lon="-118.50268000000001">
    <ele>246.84000000000003</ele>
   </trkpt>
   <trkpt lat="34.22145500017063" lon="-118.50268000000001">
    <ele>247.05</ele>
   </trkpt>
   <trkpt lat="34.221940000000004" lon="-118.50268000000001">
    <ele>247.42000000000002</ele>
   </trkpt>
   <trkpt lat="34.22209" lon="-118.50274">
    <ele>247.46</ele>
   </trkpt>
   <trkpt lat="34.22254" lon="-118.50274">
    <ele>247.71</ele>
   </trkpt>
   <trkpt lat="34.222590000000004" lon="-118.50275">
    <ele>247.71</ele>
   </trkpt>
   <trkpt lat="34.222750000000005" lon="-118.50268000000001">
    <ele>247.69000000000003</ele>
   </trkpt>
   <trkpt lat="34.223601666665495" lon="-118.50267166708801">
    <ele>247.83</ele>
   </trkpt>
   <trkpt lat="34.22445333333042" lon="-118.50266333400748">
    <ele>248.21</ele>
   </trkpt>
   <trkpt lat="34.22530499999478" lon="-118.50265500075845">
    <ele>248.46</ele>
   </trkpt>
   <trkpt lat="34.22615666665858" lon="-118.50264666734088">
    <ele>248.74</ele>
   </trkpt>
   <trkpt lat="34.22700833332182" lon="-118.50263833375479">
    <ele>249.16000000000003</ele>
   </trkpt>
   <trkpt lat="34.22786" lon="-118.50263000000001">
    <ele>249.88000000000002</ele>
   </trkpt>
   <trkpt lat="34.22863" lon="-118.50261">
    <ele>250.47000000000003</ele>
   </trkpt>
   <trkpt lat="34.22952714285531" lon="-118.50260428607957">
    <ele>250.75000000000003</ele>
   </trkpt>
   <trkpt lat="34.230424285710356" lon="-118.5025985720374">
    <ele>251.47000000000003</ele>
   </trkpt>
   <trkpt lat="34.23132142856513" lon="-118.50259285787345">
    <ele>252.26000000000005</ele>
   </trkpt>
   <trkpt lat="34.232218571419644" lon="-118.50258714358779">
    <ele>252.98000000000005</ele>
   </trkpt>
   <trkpt lat="34.23311571427389" lon="-118.50258142918032">
    <ele>254.15000000000003</ele>
   </trkpt>
   <trkpt lat="34.23401285712787" lon="-118.50257571465112">
    <ele>254.65000000000003</ele>
   </trkpt>
   <trkpt lat="34.23491" lon="-118.50257">
    <ele>255.82999999999998</ele>
   </trkpt>
   <trkpt lat="34.2356599999512" lon="-118.50255500013465">
    <ele>256.82000000000005</ele>
   </trkpt>
   <trkpt lat="34.23641" lon="-118.50254000000001">
    <ele>257.35</ele>
   </trkpt>
   <trkpt lat="34.23722333342534" lon="-118.5025366667307">
    <ele>257.86</ele>
   </trkpt>
   <trkpt lat="34.23803666685058" lon="-118.50253333339698">
    <ele>258.22</ele>
   </trkpt>
   <trkpt lat="34.23885" lon="-118.50253000000001">
    <ele>258.53000000000003</ele>
   </trkpt>
   <trkpt lat="34.23964285714844" lon="-118.50252142905575">
    <ele>260.34000000000003</ele>
   </trkpt>
   <trkpt lat="34.24043571429628" lon="-118.50251285795008">
    <ele>264.72</ele>
   </trkpt>
   <trkpt lat="34.241228571443536" lon="-118.50250428668295">
    <ele>270.7</ele>
   </trkpt>
   <trkpt lat="34.24202142859019" lon="-118.50249571525435">
    <ele>275.19000000000005</ele>
   </trkpt>
   <trkpt lat="34.242814285736245" lon="-118.5024871436643">
    <ele>275.58000000000004</ele>
   </trkpt>
   <trkpt lat="34.2436071428817" lon="-118.50247857191276">
    <ele>275.39000000000004</ele>
   </trkpt>
   <trkpt lat="34.244400000000006" lon="-118.50247000000002">
    <ele>274.15</ele>
   </trkpt>
   <trkpt lat="34.24529600000722" lon="-118.5024630006707">
    <ele>276.61</ele>
   </trkpt>
   <trkpt lat="34.24619200001403" lon="-118.50245600119233">
    <ele>279.25</ele>
   </trkpt>
   <trkpt lat="34.24708800002045" lon="-118.50244900156495">
    <ele>281.48</ele>
   </trkpt>
   <trkpt lat="34.24798400002647" lon="-118.50244200178854">
    <ele>283.56</ele>
   </trkpt>
   <trkpt lat="34.24888000003209" lon="-118.50243500186303">
    <ele>284.38</ele>
   </trkpt>
   <trkpt lat="34.24977600003731" lon="-118.5024280017885">
    <ele>285.11</ele>
   </trkpt>
   <trkpt lat="34.25067200004214" lon="-118.5024210015649">
    <ele>286.25</ele>
   </trkpt>
   <trkpt lat="34.25156800004657" lon="-118.50241400119221">
    <ele>287.05</ele>
   </trkpt>
   <trkpt lat="34.2524640000506" lon="-118.50240700067044">
    <ele>287.72</ele>
   </trkpt>
   <trkpt lat="34.25336" lon="-118.50240000000001">
    <ele>288.23</ele>
   </trkpt>
   <trkpt lat="34.254176666735184" lon="-118.50238666692441">
    <ele>288.58</ele>
   </trkpt>
   <trkpt lat="34.25499333346894" lon="-118.50237333358999">
    <ele>288.44</ele>
   </trkpt>
   <trkpt lat="34.255810000000004" lon="-118.50236000000001">
    <ele>288.2</ele>
   </trkpt>
   <trkpt lat="34.256687500009285" lon="-118.5023575000782">
    <ele>287.33000000000004</ele>
   </trkpt>
   <trkpt lat="34.257565000018516" lon="-118.50235500010426">
    <ele>286.14</ele>
   </trkpt>
   <trkpt lat="34.25844250002771" lon="-118.50235250007815">
    <ele>286.36</ele>
   </trkpt>
   <trkpt lat="34.25932" lon="-118.50235">
    <ele>287.13</ele>
   </trkpt>
   <trkpt lat="34.26017333333194" lon="-118.50233333367159">
    <ele>288.46999999999997</ele>
   </trkpt>
   <trkpt lat="34.261026666661614" lon="-118.50231666700496">
    <ele>289.72</ele>
   </trkpt>
   <trkpt lat="34.261880000000005" lon="-118.5023">
    <ele>290.43</ele>
   </trkpt>
   <trkpt lat="34.262770000015244" lon="-118.50229750007932">
    <ele>291.05</ele>
   </trkpt>
   <trkpt lat="34.26366000003042" lon="-118.50229500010575">
    <ele>291.73</ele>
   </trkpt>
   <trkpt lat="34.264550000045546" lon="-118.50229250007925">
    <ele>292.72</ele>
   </trkpt>
   <trkpt lat="34.265440000000005" lon="-118.50229000000002">
    <ele>293.65000000000003</ele>
   </trkpt>
   <trkpt lat="34.26627000001247" lon="-118.50227800047364">
    <ele>294.3</ele>
   </trkpt>
   <trkpt lat="34.26710000002377" lon="-118.50226600071035">
    <ele>295.64</ele>
   </trkpt>
   <trkpt lat="34.26793000003389" lon="-118.50225400071022">
    <ele>296.9</ele>
   </trkpt>
   <trkpt lat="34.268760000042846" lon="-118.50224200047322">
    <ele>298.02</ele>
   </trkpt>
   <trkpt lat="34.26959" lon="-118.50223000000001">
    <ele>299.17</ele>
   </trkpt>
   <trkpt lat="34.270455714287415" lon="-118.5022242860673">
    <ele>300.61</ele>
   </trkpt>
   <trkpt lat="34.27132142857456" lon="-118.50221857201693">
    <ele>302.07</ele>
   </trkpt>
   <trkpt lat="34.27218714286145" lon="-118.5022128578489">
    <ele>303.32000000000005</ele>
   </trkpt>
   <trkpt lat="34.27305285714806" lon="-118.5022071435632">
    <ele>305.05</ele>
   </trkpt>
   <trkpt lat="34.273918571434415" lon="-118.50220142915981">
    <ele>307.05</ele>
   </trkpt>
   <trkpt lat="34.2747842857205" lon="-118.50219571463875">
    <ele>309.24</ele>
   </trkpt>
   <trkpt lat="34.275650000000006" lon="-118.50219000000001">
    <ele>311.48</ele>
   </trkpt>
   <trkpt lat="34.27633250002795" lon="-118.50218000024317">
    <ele>314.25</ele>
   </trkpt>
   <trkpt lat="34.277015000055094" lon="-118.50217000032397">
    <ele>315.93000000000006</ele>
   </trkpt>
   <trkpt lat="34.2776975000814" lon="-118.50216000024241">
    <ele>317.40000000000003</ele>
   </trkpt>
   <trkpt lat="34.278380000000006" lon="-118.50215000000001">
    <ele>319.44</ele>
   </trkpt>
   <trkpt lat="34.278830000000006" lon="-118.50216">
    <ele>320.97</ele>
   </trkpt>
   <trkpt lat="34.279651250002225" lon="-118.50215000068395">
    <ele>322.42</ele>
   </trkpt>
   <trkpt lat="34.28047250000363" lon="-118.50214000117249">
    <ele>324.53000000000003</ele>
   </trkpt>
   <trkpt lat="34.281293750004224" lon="-118.50213000146566">
    <ele>326.43000000000006</ele>
   </trkpt>
   <trkpt lat="34.282115000004" lon="-118.5021200015634">
    <ele>328.51</ele>
   </trkpt>
   <trkpt lat="34.28293625000297" lon="-118.50211000146572">
    <ele>330.47</ele>
   </trkpt>
   <trkpt lat="34.283757500001116" lon="-118.50210000117262">
    <ele>333.35</ele>
   </trkpt>
   <trkpt lat="34.28457874999846" lon="-118.50209000068408">
    <ele>335.62</ele>
   </trkpt>
   <trkpt lat="34.2854" lon="-118.50208">
    <ele>338.94</ele>
   </trkpt>
   <trkpt lat="34.28603333333121" lon="-118.50207666671693">
    <ele>340.09</ele>
   </trkpt>
   <trkpt lat="34.28666666666233" lon="-118.50207333338362">
    <ele>341.56</ele>
   </trkpt>
   <trkpt lat="34.2873" lon="-118.50207">
    <ele>343.83000000000004</ele>
   </trkpt>
   <trkpt lat="34.287420000000004" lon="-118.50208">
    <ele>343.83000000000004</ele>
   </trkpt>
   <trkpt lat="34.28783" lon="-118.50203">
    <ele>345.0</ele>
   </trkpt>
   <trkpt lat="34.288445000169126" lon="-118.50191500082009">
    <ele>346.36</ele>
   </trkpt>
   <trkpt lat="34.289060000000006" lon="-118.5018">
    <ele>348.44</ele>
   </trkpt>
   <trkpt lat="34.28942" lon="-118.50175000000002">
    <ele>349.40000000000003</ele>
   </trkpt>
   <trkpt lat="34.290290000000006" lon="-118.50176">
    <ele>353.42</ele>
   </trkpt>
   <trkpt lat="34.29113000043296" lon="-118.50188249142764">
    <ele>357.3</ele>
   </trkpt>
   <trkpt lat="34.29197000074401" lon="-118.50200498530451">
    <ele>360.02</ele>
   </trkpt>
   <trkpt lat="34.292810000933166" lon="-118.50212748163078">
    <ele>363.67</ele>
   </trkpt>
   <trkpt lat="34.29365000100041" lon="-118.50224998040656">
    <ele>366.28000000000003</ele>
   </trkpt>
   <trkpt lat="34.29449000094574" lon="-118.50237248163197">
    <ele>369.49</ele>
   </trkpt>
   <trkpt lat="34.29533000076914" lon="-118.50249498530715">
    <ele>372.71000000000004</ele>
   </trkpt>
   <trkpt lat="34.29617000047062" lon="-118.50261749143223">
    <ele>377.24</ele>
   </trkpt>
   <trkpt lat="34.29701" lon="-118.50274">
    <ele>381.21000000000004</ele>
   </trkpt>
   <trkpt lat="34.29788" lon="-118.50276000000001">
    <ele>384.21999999999997</ele>
   </trkpt>
   <trkpt lat="34.2984300001242" lon="-118.50273500015817">
    <ele>386.39</ele>
   </trkpt>
   <trkpt lat="34.29898" lon="-118.50271000000001">
    <ele>388.49000000000007</ele>
   </trkpt>
   <trkpt lat="34.29961" lon="-118.50261">
    <ele>390.39</ele>
   </trkpt>
   <trkpt lat="34.3002500000766" lon="-118.50245000122601">
    <ele>393.81000000000006</ele>
   </trkpt>
   <trkpt lat="34.30089" lon="-118.50229000000002">
    <ele>397.01000000000005</ele>
   </trkpt>
   <trkpt lat="34.30142" lon="-118.50207">
    <ele>398.74</ele>
   </trkpt>
   <trkpt lat="34.30201" lon="-118.5018">
    <ele>399.38</ele>
   </trkpt>
   <trkpt lat="34.30251500028748" lon="-118.50154500152155">
    <ele>399.13000000000005</ele>
   </trkpt>
   <trkpt lat="34.303020000000004" lon="-118.50129000000001">
    <ele>398.27</ele>
   </trkpt>
   <trkpt lat="34.30355" lon="-118.50106000000001">
    <ele>395.37000000000006</ele>
   </trkpt>
   <trkpt lat="34.30389" lon="-118.50099000000002">
    <ele>392.98</ele>
   </trkpt>
   <trkpt lat="34.304210000000005" lon="-118.50094000000001">
    <ele>391.23</ele>
   </trkpt>
   <trkpt lat="34.304590000000005" lon="-118.50096">
    <ele>389.64000000000004</ele>
   </trkpt>
   <trkpt lat="34.30492" lon="-118.50104">
    <ele>388.64000000000004</ele>
   </trkpt>
   <trkpt lat="34.30514" lon="-118.50110000000001">
    <ele>388.35</ele>
   </trkpt>
   <trkpt lat="34.30552" lon="-118.50128000000001">
    <ele>388.06</ele>
   </trkpt>
   <trkpt lat="34.30579" lon="-118.50148000000002">
    <ele>387.39</ele>
   </trkpt>
   <trkpt lat="34.30615500056677" lon="-118.50180499870989">
    <ele>387.54</ele>
   </trkpt>
   <trkpt lat="34.306520000000006" lon="-118.50213000000001">
    <ele>388.11</ele>
   </trkpt>
   <trkpt lat="34.30675" lon="-118.5023">
    <ele>388.36</ele>
   </trkpt>
   <trkpt lat="34.3072" lon="-118.50252">
    <ele>388.94</ele>
   </trkpt>
   <trkpt lat="34.30751" lon="-118.50261">
    <ele>389.05</ele>
   </trkpt>
   <trkpt lat="34.3078" lon="-118.50267000000001">
    <ele>389.87000000000006</ele>
   </trkpt>
   <trkpt lat="34.308170000000004" lon="-118.50266">
    <ele>391.22</ele>
   </trkpt>
   <trkpt lat="34.30857" lon="-118.50262000000001">
    <ele>391.68</ele>
   </trkpt>
   <trkpt lat="34.30895" lon="-118.50252">
    <ele>392.94</ele>
   </trkpt>
   <trkpt lat="34.30915" lon="-118.50243">
    <ele>392.94</ele>
   </trkpt>
   <trkpt lat="34.30977500053751" lon="-118.50211000231985">
    <ele>394.78000000000003</ele>
   </trkpt>
   <trkpt lat="34.3104" lon="-118.50179000000001">
    <ele>396.83</ele>
   </trkpt>
   <trkpt lat="34.31121333457709" lon="-118.50139334103582">
    <ele>401.25000000000006</ele>
   </trkpt>
   <trkpt lat="34.312026667875564" lon="-118.50099667438626">
    <ele>406.40000000000003</ele>
   </trkpt>
   <trkpt lat="34.31284" lon="-118.5006">
    <ele>410.25000000000006</ele>
   </trkpt>
   <trkpt lat="34.31363" lon="-118.50024">
    <ele>417.40000000000003</ele>
   </trkpt>
   <trkpt lat="34.31414500039912" lon="-118.4999550017102">
    <ele>420.98</ele>
   </trkpt>
   <trkpt lat="34.31466" lon="-118.49967000000001">
    <ele>422.66</ele>
   </trkpt>
   <trkpt lat="34.314980000000006" lon="-118.49944">
    <ele>423.04</ele>
   </trkpt>
   <trkpt lat="34.3154500007166" lon="-118.49901000243933">
    <ele>422.11</ele>
   </trkpt>
   <trkpt lat="34.315920000000006" lon="-118.49858">
    <ele>419.15000000000003</ele>
   </trkpt>
   <trkpt lat="34.31665" lon="-118.49805">
    <ele>415.95000000000005</ele>
   </trkpt>
   <trkpt lat="34.31714" lon="-118.49778">
    <ele>412.48</ele>
   </trkpt>
   <trkpt lat="34.317660000000004" lon="-118.49758000000001">
    <ele>410.34000000000003</ele>
   </trkpt>
   <trkpt lat="34.31776" lon="-118.4976">
    <ele>410.34000000000003</ele>
   </trkpt>
   <trkpt lat="34.31792" lon="-118.49759000000002">
    <ele>408.81</ele>
   </trkpt>
   <trkpt lat="34.318400000000004" lon="-118.49743000000001">
    <ele>406.78000000000003</ele>
   </trkpt>
   <trkpt lat="34.31855" lon="-118.49746">
    <ele>405.72</ele>
   </trkpt>
   <trkpt lat="34.3188" lon="-118.49759000000002">
    <ele>403.14000000000004</ele>
   </trkpt>
   <trkpt lat="34.318940000000005" lon="-118.49764">
    <ele>401.82</ele>
   </trkpt>
   <trkpt lat="34.31931" lon="-118.49755">
    <ele>399.6</ele>
   </trkpt>
   <trkpt lat="34.320150000000005" lon="-118.49723000000002">
    <ele>401.06</ele>
   </trkpt>
   <trkpt lat="34.32034" lon="-118.49786">
    <ele>402.99</ele>
   </trkpt>
   <trkpt lat="34.320550000000004" lon="-118.49841">
    <ele>406.31000000000006</ele>
   </trkpt>
   <trkpt lat="34.32088" lon="-118.49903">
    <ele>410.2</ele>
   </trkpt>
   <trkpt lat="34.321130000000004" lon="-118.49943">
    <ele>412.5</ele>
   </trkpt>
   <trkpt lat="34.32161000795709" lon="-118.50012998397406">
    <ele>413.74000000000007</ele>
   </trkpt>
   <trkpt lat="34.32209001193188" lon="-118.50082997595528">
    <ele>412.97</ele>
   </trkpt>
   <trkpt lat="34.32257001192426" lon="-118.50152997594382">
    <ele>411.35</ele>
   </trkpt>
   <trkpt lat="34.32305000793412" lon="-118.5022299839399">
    <ele>408.46000000000004</ele>
   </trkpt>
   <trkpt lat="34.323530000000005" lon="-118.50293">
    <ele>408.76</ele>
   </trkpt>
   <trkpt lat="34.32377" lon="-118.50319">
    <ele>409.28000000000003</ele>
   </trkpt>
   <trkpt lat="34.32408" lon="-118.50338">
    <ele>410.29</ele>
   </trkpt>
   <trkpt lat="34.32437" lon="-118.50350000000002">
    <ele>411.12</ele>
   </trkpt>
   <trkpt lat="34.32457" lon="-118.50351">
    <ele>411.87</ele>
   </trkpt>
   <trkpt lat="34.3250349998442" lon="-118.50339500068911">
    <ele>413.44</ele>
   </trkpt>
   <trkpt lat="34.325500000000005" lon="-118.50328">
    <ele>413.58000000000004</ele>
   </trkpt>
   <trkpt lat="34.32592" lon="-118.50333">
    <ele>414.19000000000005</ele>
   </trkpt>
   <trkpt lat="34.32622" lon="-118.50342">
    <ele>415.08000000000004</ele>
   </trkpt>
   <trkpt lat="34.32698250297551" lon="-118.50374372940226">
    <ele>417.1</ele>
   </trkpt>
   <trkpt lat="34.32774500509919" lon="-118.5040674646883">
    <ele>418.78000000000003</ele>
   </trkpt>
   <trkpt lat="34.32850750637099" lon="-118.50439120585843">
    <ele>420.08</ele>
   </trkpt>
   <trkpt lat="34.32927000679088" lon="-118.50471495291279">
    <ele>421.23</ele>
   </trkpt>
   <trkpt lat="34.33003250635882" lon="-118.50503870585182">
    <ele>424.77000000000004</ele>
   </trkpt>
   <trkpt lat="34.330795005074755" lon="-118.50536246467564">
    <ele>430.46</ele>
   </trkpt>
   <trkpt lat="34.331557502938665" lon="-118.50568622938462">
    <ele>436.96</ele>
   </trkpt>
   <trkpt lat="34.33232" lon="-118.50601">
    <ele>441.29</ele>
   </trkpt>
   <trkpt lat="34.33243" lon="-118.50601">
    <ele>441.19</ele>
   </trkpt>
   <trkpt lat="34.33269" lon="-118.5061">
    <ele>441.29</ele>
   </trkpt>
   <trkpt lat="34.332840000000004" lon="-118.5061">
    <ele>441.52000000000004</ele>
   </trkpt>
   <trkpt lat="34.33345333604733" lon="-118.50552000850068">
    <ele>442.71000000000004</ele>
   </trkpt>
   <trkpt lat="34.33406666936017" lon="-118.50494000852017">
    <ele>443.29</ele>
   </trkpt>
   <trkpt lat="34.334680000000006" lon="-118.50436">
    <ele>442.8</ele>
   </trkpt>
   <trkpt lat="34.33503" lon="-118.50404">
    <ele>445.23</ele>
   </trkpt>
   <trkpt lat="34.335190000000004" lon="-118.50395">
    <ele>445.77000000000004</ele>
   </trkpt>
   <trkpt lat="34.335550000000005" lon="-118.50379000000001">
    <ele>448.67</ele>
   </trkpt>
   <trkpt lat="34.33574" lon="-118.50373">
    <ele>449.75000000000006</ele>
   </trkpt>
   <trkpt lat="34.335930000000005" lon="-118.50373">
    <ele>450.52000000000004</ele>
   </trkpt>
   <trkpt lat="34.33632" lon="-118.50373">
    <ele>452.89</ele>
   </trkpt>
   <trkpt lat="34.33652" lon="-118.50374000000001">
    <ele>453.49000000000007</ele>
   </trkpt>
   <trkpt lat="34.3369" lon="-118.50387">
    <ele>454.5</ele>
   </trkpt>
   <trkpt lat="34.33728" lon="-118.50409">
    <ele>455.68</ele>
   </trkpt>
   <trkpt lat="34.33749" lon="-118.50427">
    <ele>456.07</ele>
   </trkpt>
   <trkpt lat="34.33773" lon="-118.50452000000001">
    <ele>458.45</ele>
   </trkpt>
   <trkpt lat="34.337920000000004" lon="-118.5048">
    <ele>460.97</ele>
   </trkpt>
   <trkpt lat="34.338100000000004" lon="-118.50519000000001">
    <ele>463.86</ele>
   </trkpt>
   <trkpt lat="34.338300000000004" lon="-118.5057">
    <ele>465.43</ele>
   </trkpt>
   <trkpt lat="34.33855333743765" lon="-118.50640999572865">
    <ele>470.17</ele>
   </trkpt>
   <trkpt lat="34.33880667077736" lon="-118.50711999574645">
    <ele>474.19000000000005</ele>
   </trkpt>
   <trkpt lat="34.33906" lon="-118.50783000000001">
    <ele>477.46000000000004</ele>
   </trkpt>
   <trkpt lat="34.33917" lon="-118.50807">
    <ele>480.15000000000003</ele>
   </trkpt>
   <trkpt lat="34.339380000000006" lon="-118.50840000000001">
    <ele>481.67</ele>
   </trkpt>
   <trkpt lat="34.3395" lon="-118.50856">
    <ele>482.2</ele>
   </trkpt>
   <trkpt lat="34.339800000000004" lon="-118.50883">
    <ele>485.28000000000003</ele>
   </trkpt>
   <trkpt lat="34.340140000000005" lon="-118.50906">
    <ele>486.49</ele>
   </trkpt>
   <trkpt lat="34.34069" lon="-118.50925000000001">
    <ele>490.83000000000004</ele>
   </trkpt>
   <trkpt lat="34.3414960006828" lon="-118.50945399215878">
    <ele>495.84000000000003</ele>
   </trkpt>
   <trkpt lat="34.34230200102729" lon="-118.50965798823877">
    <ele>500.19</ele>
   </trkpt>
   <trkpt lat="34.34310800103347" lon="-118.50986198824013">
    <ele>506.90000000000003</ele>
   </trkpt>
   <trkpt lat="34.343914000701304" lon="-118.51006599216308">
    <ele>513.08</ele>
   </trkpt>
   <trkpt lat="34.34472" lon="-118.51027">
    <ele>520.7900000000001</ele>
   </trkpt>
   <trkpt lat="34.345180000000006" lon="-118.51028000000001">
    <ele>522.0100000000001</ele>
   </trkpt>
   <trkpt lat="34.34573" lon="-118.51019000000001">
    <ele>524.88</ele>
   </trkpt>
   <trkpt lat="34.346120000000006" lon="-118.51005">
    <ele>525.91</ele>
   </trkpt>
   <trkpt lat="34.34631" lon="-118.50995">
    <ele>526.2300000000001</ele>
   </trkpt>
   <trkpt lat="34.34703000094433" lon="-118.5094600042294">
    <ele>525.3</ele>
   </trkpt>
   <trkpt lat="34.347750000000005" lon="-118.50897">
    <ele>520.71</ele>
   </trkpt>
   <trkpt lat="34.34837" lon="-118.50861">
    <ele>515.5500000000001</ele>
   </trkpt>
   <trkpt lat="34.349050000000005" lon="-118.50834">
    <ele>510.63</ele>
   </trkpt>
   <trkpt lat="34.349740000000004" lon="-118.50816">
    <ele>506.56</ele>
   </trkpt>
   <trkpt lat="34.34998" lon="-118.50812">
    <ele>504.21000000000004</ele>
   </trkpt>
   <trkpt lat="34.35063" lon="-118.50811000000002">
    <ele>499.99</ele>
   </trkpt>
   <trkpt lat="34.35128" lon="-118.50817">
    <ele>496.22</ele>
   </trkpt>
   <trkpt lat="34.351779999978035" lon="-118.5082549994843">
    <ele>491.91</ele>
   </trkpt>
   <trkpt lat="34.35228" lon="-118.50834">
    <ele>488.37</ele>
   </trkpt>
   <trkpt lat="34.35298" lon="-118.50839">
    <ele>484.06000000000006</ele>
   </trkpt>
   <trkpt lat="34.353120000000004" lon="-118.50839">
    <ele>482.43</ele>
   </trkpt>
   <trkpt lat="34.354000000000006" lon="-118.50831000000001">
    <ele>476.63000000000005</ele>
   </trkpt>
   <trkpt lat="34.354840000161865" lon="-118.50817333607093">
    <ele>470.14000000000004</ele>
   </trkpt>
   <trkpt lat="34.35568000017185" lon="-118.50803666940267">
    <ele>465.18</ele>
   </trkpt>
   <trkpt lat="34.35652" lon="-118.5079">
    <ele>463.26000000000005</ele>
   </trkpt>
   <trkpt lat="34.357045000084135" lon="-118.5077850007137">
    <ele>460.09000000000003</ele>
   </trkpt>
   <trkpt lat="34.35757" lon="-118.50767">
    <ele>457.32000000000005</ele>
   </trkpt>
   <trkpt lat="34.358360000000005" lon="-118.50745">
    <ele>451.38000000000005</ele>
   </trkpt>
   <trkpt lat="34.35881500024727" lon="-118.50729000081829">
    <ele>449.84000000000003</ele>
   </trkpt>
   <trkpt lat="34.35927" lon="-118.50713">
    <ele>445.44000000000005</ele>
   </trkpt>
   <trkpt lat="34.35969" lon="-118.50704">
    <ele>441.41</ele>
   </trkpt>
   <trkpt lat="34.36008" lon="-118.50704">
    <ele>439.16</ele>
   </trkpt>
   <trkpt lat="34.360922499989506" lon="-118.50707499894332">
    <ele>433.11</ele>
   </trkpt>
   <trkpt lat="34.36176499996904" lon="-118.50710999859035">
    <ele>428.87</ele>
   </trkpt>
   <trkpt lat="34.36260749993861" lon="-118.50714499894117">
    <ele>426.04</ele>
   </trkpt>
   <trkpt lat="34.36345" lon="-118.50718">
    <ele>425.42</ele>
   </trkpt>
   <trkpt lat="34.363890000000005" lon="-118.50713">
    <ele>425.18000000000006</ele>
   </trkpt>
   <trkpt lat="34.36441" lon="-118.50699000000002">
    <ele>424.22</ele>
   </trkpt>
   <trkpt lat="34.36475" lon="-118.50687">
    <ele>424.12000000000006</ele>
   </trkpt>
   <trkpt lat="34.36535" lon="-118.50662000000001">
    <ele>422.91</ele>
   </trkpt>
   <trkpt lat="34.3659" lon="-118.50627000000001">
    <ele>423.32</ele>
   </trkpt>
   <trkpt lat="34.36659" lon="-118.5057">
    <ele>425.01000000000005</ele>
   </trkpt>
   <trkpt lat="34.36697" lon="-118.50528000000001">
    <ele>427.54</ele>
   </trkpt>
   <trkpt lat="34.36712" lon="-118.50511000000002">
    <ele>430.95000000000005</ele>
   </trkpt>
   <trkpt lat="34.36753000258032" lon="-118.50455000544011">
    <ele>434.47</ele>
   </trkpt>
   <trkpt lat="34.367940002610304" lon="-118.50399000539922">
    <ele>437.53000000000003</ele>
   </trkpt>
   <trkpt lat="34.36835" lon="-118.50343000000001">
    <ele>440.59000000000003</ele>
   </trkpt>
   <trkpt lat="34.36876" lon="-118.50301">
    <ele>443.31</ele>
   </trkpt>
   <trkpt lat="34.36914" lon="-118.50265">
    <ele>444.27000000000004</ele>
   </trkpt>
   <trkpt lat="34.369794004434915" lon="-118.50212801629863">
    <ele>447.58000000000004</ele>
   </trkpt>
   <trkpt lat="34.37044800665388" lon="-118.50160602444709">
    <ele>452.67</ele>
   </trkpt>
   <trkpt lat="34.371102006656834" lon="-118.50108402444512">
    <ele>453.94</ele>
   </trkpt>
   <trkpt lat="34.37175600444367" lon="-118.50056201629239">
    <ele>457.23</ele>
   </trkpt>
   <trkpt lat="34.37241" lon="-118.50004000000001">
    <ele>460.13000000000005</ele>
   </trkpt>
   <trkpt lat="34.37293500065013" lon="-118.49960000287274">
    <ele>461.96000000000004</ele>
   </trkpt>
   <trkpt lat="34.37346" lon="-118.49916">
    <ele>462.96000000000004</ele>
   </trkpt>
   <trkpt lat="34.373900000000006" lon="-118.49873000000001">
    <ele>463.12</ele>
   </trkpt>
   <trkpt lat="34.37450143843156" lon="-118.49809431310425">
    <ele>461.15000000000003</ele>
   </trkpt>
   <trkpt lat="34.37510287357644" lon="-118.49745861707913">
    <ele>457.66</ele>
   </trkpt>
   <trkpt lat="34.375704305434525" lon="-118.49682291192443">
    <ele>451.61</ele>
   </trkpt>
   <trkpt lat="34.3763057340057" lon="-118.49618719763981">
    <ele>448.28000000000003</ele>
   </trkpt>
   <trkpt lat="34.376907159289814" lon="-118.49555147422502">
    <ele>442.70000000000005</ele>
   </trkpt>
   <trkpt lat="34.37750858128678" lon="-118.49491574167975">
    <ele>440.23</ele>
   </trkpt>
   <trkpt lat="34.37811" lon="-118.49428">
    <ele>438.22</ele>
   </trkpt>
   <trkpt lat="34.3782" lon="-118.49418000000001">
    <ele>437.85</ele>
   </trkpt>
   <trkpt lat="34.378220000000006" lon="-118.49407000000001">
    <ele>437.53000000000003</ele>
   </trkpt>
   <trkpt lat="34.378800000000005" lon="-118.49357">
    <ele>436.56000000000006</ele>
   </trkpt>
   <trkpt lat="34.37926" lon="-118.49329000000002">
    <ele>437.48</ele>
   </trkpt>
   <trkpt lat="34.3798" lon="-118.49301000000001">
    <ele>438.84000000000003</ele>
   </trkpt>
   <trkpt lat="34.380285000160114" lon="-118.49278000135823">
    <ele>441.33000000000004</ele>
   </trkpt>
   <trkpt lat="34.380770000000005" lon="-118.49255000000001">
    <ele>445.31</ele>
   </trkpt>
   <trkpt lat="34.381415000459114" lon="-118.49222500248851">
    <ele>449.24</ele>
   </trkpt>
   <trkpt lat="34.38206" lon="-118.49190000000002">
    <ele>454.96000000000004</ele>
   </trkpt>
   <trkpt lat="34.38272750120901" lon="-118.49159000739694">
    <ele>459.43000000000006</ele>
   </trkpt>
   <trkpt lat="34.383395001636366" lon="-118.49128000985144">
    <ele>463.79</ele>
   </trkpt>
   <trkpt lat="34.384062501282" lon="-118.49097000736323">
    <ele>469.39000000000004</ele>
   </trkpt>
   <trkpt lat="34.384730000000005" lon="-118.49066">
    <ele>474.25000000000006</ele>
   </trkpt>
   <trkpt lat="34.38518000039649" lon="-118.49048000086157">
    <ele>478.05</ele>
   </trkpt>
   <trkpt lat="34.385630000000006" lon="-118.4903">
    <ele>480.47</ele>
   </trkpt>
   <trkpt lat="34.386380000435196" lon="-118.4900800039295">
    <ele>484.40000000000003</ele>
   </trkpt>
   <trkpt lat="34.38713000047669" lon="-118.48986000391741">
    <ele>491.52000000000004</ele>
   </trkpt>
   <trkpt lat="34.38788" lon="-118.48964000000001">
    <ele>495.27000000000004</ele>
   </trkpt>
   <trkpt lat="34.388510000000004" lon="-118.48944000000002">
    <ele>499.12000000000006</ele>
   </trkpt>
   <trkpt lat="34.389286667789584" lon="-118.48907000686127">
    <ele>504.09000000000003</ele>
   </trkpt>
   <trkpt lat="34.39006333446552" lon="-118.48870000685697">
    <ele>509.53999999999996</ele>
   </trkpt>
   <trkpt lat="34.390840000000004" lon="-118.48833">
    <ele>516.45</ele>
   </trkpt>
   <trkpt lat="34.390950000000004" lon="-118.48831000000001">
    <ele>516.45</ele>
   </trkpt>
   <trkpt lat="34.39176000067032" lon="-118.48792000374915">
    <ele>521.73</ele>
   </trkpt>
   <trkpt lat="34.392570000000006" lon="-118.48753">
    <ele>526.14</ele>
   </trkpt>
   <trkpt lat="34.393080000372" lon="-118.48719000213717">
    <ele>528.3</ele>
   </trkpt>
   <trkpt lat="34.39359" lon="-118.48685">
    <ele>529.64</ele>
   </trkpt>
   <trkpt lat="34.39421" lon="-118.48632">
    <ele>530.54</ele>
   </trkpt>
   <trkpt lat="34.39463500072578" lon="-118.48591500200078">
    <ele>530.58</ele>
   </trkpt>
   <trkpt lat="34.39506" lon="-118.48551">
    <ele>529.66</ele>
   </trkpt>
   <trkpt lat="34.39546" lon="-118.48504000000001">
    <ele>527.1300000000001</ele>
   </trkpt>
   <trkpt lat="34.395610000000005" lon="-118.48501">
    <ele>527.1300000000001</ele>
   </trkpt>
   <trkpt lat="34.39601500148249" lon="-118.48440500293735">
    <ele>523.6500000000001</ele>
   </trkpt>
   <trkpt lat="34.396420000000006" lon="-118.48380000000002">
    <ele>520.4000000000001</ele>
   </trkpt>
   <trkpt lat="34.396800000000006" lon="-118.48310000000001">
    <ele>513.82</ele>
   </trkpt>
   <trkpt lat="34.397200000000005" lon="-118.48222000000001">
    <ele>511.0800000000001</ele>
   </trkpt>
   <trkpt lat="34.39753" lon="-118.48140000000001">
    <ele>504.27</ele>
   </trkpt>
   <trkpt lat="34.397780000000004" lon="-118.48054">
    <ele>500.82000000000005</ele>
   </trkpt>
   <trkpt lat="34.398" lon="-118.47955">
    <ele>495.04</ele>
   </trkpt>
   <trkpt lat="34.398195003907176" lon="-118.47856500249546">
    <ele>490.41</ele>
   </trkpt>
   <trkpt lat="34.398390000000006" lon="-118.47758">
    <ele>485.01000000000005</ele>
   </trkpt>
   <trkpt lat="34.39864" lon="-118.4766">
    <ele>477.83000000000004</ele>
   </trkpt>
   <trkpt lat="34.39885500204867" lon="-118.47588500194006">
    <ele>472.31000000000006</ele>
   </trkpt>
   <trkpt lat="34.39907" lon="-118.47517">
    <ele>470.24</ele>
   </trkpt>
   <trkpt lat="34.399330000000006" lon="-118.47459">
    <ele>465.28000000000003</ele>
   </trkpt>
   <trkpt lat="34.399660000000004" lon="-118.47391">
    <ele>461.84000000000003</ele>
   </trkpt>
   <trkpt lat="34.39996" lon="-118.47339000000001">
    <ele>458.75000000000006</ele>
   </trkpt>
   <trkpt lat="34.400180000000006" lon="-118.47306">
    <ele>456.02000000000004</ele>
   </trkpt>
   <trkpt lat="34.40066800861555" lon="-118.47233201699568">
    <ele>451.75000000000006</ele>
   </trkpt>
   <trkpt lat="34.40115601291921" lon="-118.47160402550003">
    <ele>447.70000000000005</ele>
   </trkpt>
   <trkpt lat="34.40164401291088" lon="-118.47087602551285">
    <ele>445.11000000000007</ele>
   </trkpt>
   <trkpt lat="34.40213200859042" lon="-118.47014801703392">
    <ele>442.6</ele>
   </trkpt>
   <trkpt lat="34.402620000000006" lon="-118.46942000000001">
    <ele>441.21000000000004</ele>
   </trkpt>
   <trkpt lat="34.4031800054043" lon="-118.46860334429788">
    <ele>441.18</ele>
   </trkpt>
   <trkpt lat="34.40374000538211" lon="-118.46778667766371">
    <ele>442.38000000000005</ele>
   </trkpt>
   <trkpt lat="34.404300000000006" lon="-118.46697">
    <ele>442.94000000000005</ele>
   </trkpt>
   <trkpt lat="34.40471000308125" lon="-118.4663533393968">
    <ele>444.15000000000003</ele>
   </trkpt>
   <trkpt lat="34.40512000306837" lon="-118.4657366727496">
    <ele>444.49000000000007</ele>
   </trkpt>
   <trkpt lat="34.405530000000006" lon="-118.46512000000001">
    <ele>445.17</ele>
   </trkpt>
   <trkpt lat="34.40572" lon="-118.46486000000002">
    <ele>445.52000000000004</ele>
   </trkpt>
   <trkpt lat="34.40609333626583" lon="-118.4642600053498">
    <ele>445.99000000000007</ele>
   </trkpt>
   <trkpt lat="34.40646666960248" lon="-118.46366000534456">
    <ele>446.29</ele>
   </trkpt>
   <trkpt lat="34.40684" lon="-118.46306000000001">
    <ele>446.16</ele>
   </trkpt>
   <trkpt lat="34.40713" lon="-118.46262000000002">
    <ele>446.08000000000004</ele>
   </trkpt>
   <trkpt lat="34.40744000073938" lon="-118.46218000169904">
    <ele>446.02000000000004</ele>
   </trkpt>
   <trkpt lat="34.40775" lon="-118.46174">
    <ele>445.67</ele>
   </trkpt>
   <trkpt lat="34.40832" lon="-118.46102">
    <ele>444.8</ele>
   </trkpt>
   <trkpt lat="34.408915001561574" lon="-118.46041000429001">
    <ele>443.67</ele>
   </trkpt>
   <trkpt lat="34.409510000000004" lon="-118.45980000000002">
    <ele>441.71000000000004</ele>
   </trkpt>
   <trkpt lat="34.410060001143535" lon="-118.45929500322323">
    <ele>440.25</ele>
   </trkpt>
   <trkpt lat="34.410610000000005" lon="-118.45879000000001">
    <ele>438.34000000000003</ele>
   </trkpt>
   <trkpt lat="34.41127" lon="-118.45833">
    <ele>436.75</ele>
   </trkpt>
   <trkpt lat="34.411770000000004" lon="-118.45802">
    <ele>436.56000000000006</ele>
   </trkpt>
   <trkpt lat="34.412240000000004" lon="-118.45779">
    <ele>436.6700000000001</ele>
   </trkpt>
   <trkpt lat="34.412880000330105" lon="-118.45750000222456">
    <ele>437.41</ele>
   </trkpt>
   <trkpt lat="34.413520000000005" lon="-118.45721">
    <ele>433.69</ele>
   </trkpt>
   <trkpt lat="34.413500000000006" lon="-118.45735">
    <ele>433.12000000000006</ele>
   </trkpt>
   <trkpt lat="34.41337" lon="-118.45745000000001">
    <ele>432.39000000000004</ele>
   </trkpt>
   <trkpt lat="34.413340000000005" lon="-118.45753">
    <ele>432.39000000000004</ele>
   </trkpt>
   <trkpt lat="34.4133" lon="-118.45821000000001">
    <ele>430.93</ele>
   </trkpt>
   <trkpt lat="34.41329" lon="-118.45819000000002">
    <ele>430.93</ele>
   </trkpt>
   <trkpt lat="34.41324" lon="-118.45761000000002">
    <ele>431.05</ele>
   </trkpt>
   <trkpt lat="34.413320000000006" lon="-118.45699">
    <ele>433.3</ele>
   </trkpt>
   <trkpt lat="34.413410000000006" lon="-118.45678000000001">
    <ele>434.29</ele>
   </trkpt>
   <trkpt lat="34.4136" lon="-118.456">
    <ele>436.13</ele>
   </trkpt>
   <trkpt lat="34.41367" lon="-118.45585000000001">
    <ele>436.77000000000004</ele>
   </trkpt>
   <trkpt lat="34.41386" lon="-118.45491000000001">
    <ele>437.89000000000004</ele>
   </trkpt>
   <trkpt lat="34.413990000000005" lon="-118.45447000000001">
    <ele>436.8</ele>
   </trkpt>
   <trkpt lat="34.41422" lon="-118.45436000000001">
    <ele>435.77000000000004</ele>
   </trkpt>
   <trkpt lat="34.41442" lon="-118.45434000000002">
    <ele>435.48</ele>
   </trkpt>
   <trkpt lat="34.41434" lon="-118.45426">
    <ele>435.26000000000005</ele>
   </trkpt>
   <trkpt lat="34.414120000000004" lon="-118.45417">
    <ele>435.11000000000007</ele>
   </trkpt>
   <trkpt lat="34.414010000000005" lon="-118.45396000000001">
    <ele>435.11000000000007</ele>
   </trkpt>
   <trkpt lat="34.414" lon="-118.45381">
    <ele>435.2300000000001</ele>
   </trkpt>
   <trkpt lat="34.41413000445289" lon="-118.45276500154678">
    <ele>436.2300000000001</ele>
   </trkpt>
   <trkpt lat="34.414260000000006" lon="-118.45172000000001">
    <ele>438.56000000000006</ele>
   </trkpt>
   <trkpt lat="34.41427" lon="-118.45108">
    <ele>439.25</ele>
   </trkpt>
   <trkpt lat="34.41432500139614" lon="-118.45049500034546">
    <ele>440.09000000000003</ele>
   </trkpt>
   <trkpt lat="34.41438" lon="-118.44991">
    <ele>440.6700000000001</ele>
   </trkpt>
   <trkpt lat="34.414425001695044" lon="-118.44926500031389">
    <ele>441.39000000000004</ele>
   </trkpt>
   <trkpt lat="34.41447" lon="-118.44862">
    <ele>441.75</ele>
   </trkpt>
   <trkpt lat="34.41452" lon="-118.44812">
    <ele>441.75</ele>
   </trkpt>
   <trkpt lat="34.41459500190705" lon="-118.44743500063383">
    <ele>442.68</ele>
   </trkpt>
   <trkpt lat="34.41467" lon="-118.44675000000001">
    <ele>443.18</ele>
   </trkpt>
   <trkpt lat="34.41476500149081" lon="-118.44614000084196">
    <ele>443.61000000000007</ele>
   </trkpt>
   <trkpt lat="34.414860000000004" lon="-118.44553">
    <ele>444.8</ele>
   </trkpt>
   <trkpt lat="34.41499" lon="-118.44486">
    <ele>445.31</ele>
   </trkpt>
   <trkpt lat="34.41526000431979" lon="-118.4438300033134">
    <ele>446.56</ele>
   </trkpt>
   <trkpt lat="34.415530000000004" lon="-118.4428">
    <ele>447.72</ele>
   </trkpt>
   <trkpt lat="34.415620000000004" lon="-118.44253">
    <ele>448.16</ele>
   </trkpt>
   <trkpt lat="34.4158550007608" lon="-118.44206000159679">
    <ele>448.72</ele>
   </trkpt>
   <trkpt lat="34.416090000000004" lon="-118.44159">
    <ele>449.22</ele>
   </trkpt>
   <trkpt lat="34.4165950028963" lon="-118.44073500529556">
    <ele>450.24</ele>
   </trkpt>
   <trkpt lat="34.417100000000005" lon="-118.43988000000002">
    <ele>451.22</ele>
   </trkpt>
   <trkpt lat="34.41748000177926" lon="-118.43921500305716">
    <ele>451.93000000000006</ele>
   </trkpt>
   <trkpt lat="34.417860000000005" lon="-118.43855">
    <ele>453.32000000000005</ele>
   </trkpt>
   <trkpt lat="34.418130000000005" lon="-118.43811000000001">
    <ele>453.59000000000003</ele>
   </trkpt>
   <trkpt lat="34.418405001270564" lon="-118.43754000198123">
    <ele>454.18</ele>
   </trkpt>
   <trkpt lat="34.41868" lon="-118.43697000000002">
    <ele>454.41</ele>
   </trkpt>
   <trkpt lat="34.41935" lon="-118.43742">
    <ele>454.65000000000003</ele>
   </trkpt>
   <trkpt lat="34.41975" lon="-118.43767000000001">
    <ele>455.07</ele>
   </trkpt>
   <trkpt lat="34.419945003284276" lon="-118.43676500233539">
    <ele>455.62</ele>
   </trkpt>
   <trkpt lat="34.42014" lon="-118.43586">
    <ele>457.5</ele>
   </trkpt>
   <trkpt lat="34.42024" lon="-118.43554">
    <ele>458.18</ele>
   </trkpt>
   <trkpt lat="34.42047" lon="-118.43502000000001">
    <ele>459.97</ele>
   </trkpt>
   <trkpt lat="34.42058" lon="-118.43479">
    <ele>461.37000000000006</ele>
   </trkpt>
   <trkpt lat="34.42071" lon="-118.43457000000001">
    <ele>462.69000000000005</ele>
   </trkpt>
   <trkpt lat="34.421130000000005" lon="-118.43407">
    <ele>466.89000000000004</ele>
   </trkpt>
   <trkpt lat="34.421350000000004" lon="-118.43389">
    <ele>467.71</ele>
   </trkpt>
   <trkpt lat="34.421820000000004" lon="-118.43357">
    <ele>470.32</ele>
   </trkpt>
   <trkpt lat="34.42260333493957" lon="-118.43312334171317">
    <ele>474.0</ele>
   </trkpt>
   <trkpt lat="34.42338666825544" lon="-118.43267667505658">
    <ele>474.66</ele>
   </trkpt>
   <trkpt lat="34.424170000000004" lon="-118.43223">
    <ele>475.90000000000003</ele>
   </trkpt>
   <trkpt lat="34.424820000000004" lon="-118.43169">
    <ele>476.91</ele>
   </trkpt>
   <trkpt lat="34.425090000000004" lon="-118.43135000000001">
    <ele>477.31</ele>
   </trkpt>
   <trkpt lat="34.425380000000004" lon="-118.43097000000002">
    <ele>477.93</ele>
   </trkpt>
   <trkpt lat="34.42564" lon="-118.43048">
    <ele>478.62000000000006</ele>
   </trkpt>
   <trkpt lat="34.425830000000005" lon="-118.43004">
    <ele>478.98</ele>
   </trkpt>
   <trkpt lat="34.42597" lon="-118.42962000000001">
    <ele>479.51000000000005</ele>
   </trkpt>
   <trkpt lat="34.426120000000004" lon="-118.42906">
    <ele>480.33000000000004</ele>
   </trkpt>
   <trkpt lat="34.4262533376771" lon="-118.428330002293">
    <ele>480.88</ele>
   </trkpt>
   <trkpt lat="34.426386671016964" lon="-118.42760000225731">
    <ele>481.14</ele>
   </trkpt>
   <trkpt lat="34.426520000000004" lon="-118.42687000000001">
    <ele>481.45000000000005</ele>
   </trkpt>
   <trkpt lat="34.42665500185667" lon="-118.42620000093376">
    <ele>481.65000000000003</ele>
   </trkpt>
   <trkpt lat="34.426790000000004" lon="-118.42553000000001">
    <ele>482.24000000000007</ele>
   </trkpt>
   <trkpt lat="34.426835001208765" lon="-118.42498500029326">
    <ele>482.05</ele>
   </trkpt>
   <trkpt lat="34.426880000000004" lon="-118.42444">
    <ele>482.52000000000004</ele>
   </trkpt>
   <trkpt lat="34.42691" lon="-118.42343000000001">
    <ele>483.02000000000004</ele>
   </trkpt>
   <trkpt lat="34.42691000241281" lon="-118.42266000001021">
    <ele>483.16</ele>
   </trkpt>
   <trkpt lat="34.42691" lon="-118.42189">
    <ele>485.55</ele>
   </trkpt>
   <trkpt lat="34.426930000000006" lon="-118.42149">
    <ele>486.36</ele>
   </trkpt>
   <trkpt lat="34.42698" lon="-118.42108">
    <ele>487.36</ele>
   </trkpt>
   <trkpt lat="34.427060000000004" lon="-118.42073">
    <ele>488.17</ele>
   </trkpt>
   <trkpt lat="34.427260000000004" lon="-118.4201">
    <ele>488.4100000000001</ele>
   </trkpt>
   <trkpt lat="34.42753000181589" lon="-118.41943000219125">
    <ele>486.34000000000003</ele>
   </trkpt>
   <trkpt lat="34.427800000000005" lon="-118.41876">
    <ele>483.28000000000003</ele>
   </trkpt>
   <trkpt lat="34.427910000000004" lon="-118.41844">
    <ele>479.76</ele>
   </trkpt>
   <trkpt lat="34.428020000000004" lon="-118.41804">
    <ele>477.64000000000004</ele>
   </trkpt>
   <trkpt lat="34.428110000000004" lon="-118.41755">
    <ele>475.6</ele>
   </trkpt>
   <trkpt lat="34.428160000000005" lon="-118.41666000000001">
    <ele>475.09</ele>
   </trkpt>
   <trkpt lat="34.42813288184004" lon="-118.41565428375009">
    <ele>476.06</ele>
   </trkpt>
   <trkpt lat="34.42810575544763" lon="-118.41464856815281">
    <ele>476.86000000000007</ele>
   </trkpt>
   <trkpt lat="34.428078620822745" lon="-118.41364285320836">
    <ele>477.57000000000005</ele>
   </trkpt>
   <trkpt lat="34.42805147796544" lon="-118.41263713891698">
    <ele>478.53000000000003</ele>
   </trkpt>
   <trkpt lat="34.4280243268757" lon="-118.41163142527878">
    <ele>480.17</ele>
   </trkpt>
   <trkpt lat="34.42799716755354" lon="-118.41062571229403">
    <ele>480.96000000000004</ele>
   </trkpt>
   <trkpt lat="34.42797" lon="-118.40962">
    <ele>482.35</ele>
   </trkpt>
   <trkpt lat="34.42799" lon="-118.40895">
    <ele>483.75</ele>
   </trkpt>
   <trkpt lat="34.428060001827994" lon="-118.40828000054995">
    <ele>484.56000000000006</ele>
   </trkpt>
   <trkpt lat="34.42813" lon="-118.40761">
    <ele>486.79</ele>
   </trkpt>
   <trkpt lat="34.428220001413386" lon="-118.40702000065654">
    <ele>488.3500000000001</ele>
   </trkpt>
   <trkpt lat="34.42831" lon="-118.40643000000001">
    <ele>489.98</ele>
   </trkpt>
   <trkpt lat="34.428470000000004" lon="-118.40564">
    <ele>494.71000000000004</ele>
   </trkpt>
   <trkpt lat="34.42859" lon="-118.40514">
    <ele>497.1700000000001</ele>
   </trkpt>
   <trkpt lat="34.428735001197914" lon="-118.40460500080601">
    <ele>499.55</ele>
   </trkpt>
   <trkpt lat="34.42888" lon="-118.40407">
    <ele>500.85</ele>
   </trkpt>
   <trkpt lat="34.42916" lon="-118.40317">
    <ele>502.9800000000001</ele>
   </trkpt>
   <trkpt lat="34.42941500174524" lon="-118.40252000191722">
    <ele>503.96000000000004</ele>
   </trkpt>
   <trkpt lat="34.42967" lon="-118.40187000000002">
    <ele>505.44</ele>
   </trkpt>
   <trkpt lat="34.430031679850146" lon="-118.40106501742252">
    <ele>507.06000000000006</ele>
   </trkpt>
   <trkpt lat="34.43039335442596" lon="-118.40026002787853">
    <ele>508.74000000000007</ele>
   </trkpt>
   <trkpt lat="34.430755023727315" lon="-118.399455031368">
    <ele>511.34000000000003</ele>
   </trkpt>
   <trkpt lat="34.43111668775412" lon="-118.39865002789087">
    <ele>513.35</ele>
   </trkpt>
   <trkpt lat="34.43147834650624" lon="-118.39784501744707">
    <ele>515.46</ele>
   </trkpt>
   <trkpt lat="34.43184" lon="-118.39704">
    <ele>516.35</ele>
   </trkpt>
   <trkpt lat="34.43209" lon="-118.39651">
    <ele>515.95</ele>
   </trkpt>
   <trkpt lat="34.432300000000005" lon="-118.39615">
    <ele>515.14</ele>
   </trkpt>
   <trkpt lat="34.432480000000005" lon="-118.39588">
    <ele>514.61</ele>
   </trkpt>
   <trkpt lat="34.43297000565518" lon="-118.39520001194747">
    <ele>510.76</ele>
   </trkpt>
   <trkpt lat="34.43346000754663" lon="-118.39452001592127">
    <ele>507.48</ele>
   </trkpt>
   <trkpt lat="34.433950005674276" lon="-118.39384001192127">
    <ele>505.53000000000003</ele>
   </trkpt>
   <trkpt lat="34.43444" lon="-118.39316000000001">
    <ele>505.58000000000004</ele>
   </trkpt>
   <trkpt lat="34.434830000000005" lon="-118.39252">
    <ele>505.78</ele>
   </trkpt>
   <trkpt lat="34.43498" lon="-118.39219000000001">
    <ele>506.53999999999996</ele>
   </trkpt>
   <trkpt lat="34.43524" lon="-118.3914">
    <ele>509.50000000000006</ele>
   </trkpt>
   <trkpt lat="34.43535" lon="-118.39083000000001">
    <ele>511.6700000000001</ele>
   </trkpt>
   <trkpt lat="34.435410000000005" lon="-118.39038000000001">
    <ele>513.37</ele>
   </trkpt>
   <trkpt lat="34.435430000000004" lon="-118.38987000000002">
    <ele>514.12</ele>
   </trkpt>
   <trkpt lat="34.43538" lon="-118.3893">
    <ele>515.1800000000001</ele>
   </trkpt>
   <trkpt lat="34.43531" lon="-118.3888">
    <ele>515.6700000000001</ele>
   </trkpt>
   <trkpt lat="34.435210000000005" lon="-118.3884">
    <ele>515.9200000000001</ele>
   </trkpt>
   <trkpt lat="34.435" lon="-118.38777">
    <ele>515.7400000000001</ele>
   </trkpt>
   <trkpt lat="34.434720000000006" lon="-118.3872">
    <ele>514.9100000000001</ele>
   </trkpt>
   <trkpt lat="34.4345" lon="-118.38683">
    <ele>513.58</ele>
   </trkpt>
   <trkpt lat="34.43431" lon="-118.38659000000001">
    <ele>513.14</ele>
   </trkpt>
   <trkpt lat="34.43379" lon="-118.38598">
    <ele>511.86000000000007</ele>
   </trkpt>
   <trkpt lat="34.43346000086411" lon="-118.38551499814149">
    <ele>510.02000000000004</ele>
   </trkpt>
   <trkpt lat="34.433130000000006" lon="-118.38505">
    <ele>509.53000000000003</ele>
   </trkpt>
   <trkpt lat="34.432700000000004" lon="-118.38416000000001">
    <ele>510.19</ele>
   </trkpt>
   <trkpt lat="34.43244" lon="-118.38356">
    <ele>510.53999999999996</ele>
   </trkpt>
   <trkpt lat="34.43234" lon="-118.38326">
    <ele>510.31000000000006</ele>
   </trkpt>
   <trkpt lat="34.43227" lon="-118.38289">
    <ele>510.27</ele>
   </trkpt>
   <trkpt lat="34.43226" lon="-118.38267">
    <ele>510.45000000000005</ele>
   </trkpt>
   <trkpt lat="34.432280000000006" lon="-118.38245">
    <ele>510.59</ele>
   </trkpt>
   <trkpt lat="34.43233" lon="-118.38223">
    <ele>510.82000000000005</ele>
   </trkpt>
   <trkpt lat="34.43244" lon="-118.38195">
    <ele>511.13000000000005</ele>
   </trkpt>
   <trkpt lat="34.432520000000004" lon="-118.38177">
    <ele>511.55000000000007</ele>
   </trkpt>
   <trkpt lat="34.43263" lon="-118.3816">
    <ele>511.55000000000007</ele>
   </trkpt>
   <trkpt lat="34.433147504158185" lon="-118.3810175108034">
    <ele>513.1</ele>
   </trkpt>
   <trkpt lat="34.43366500555458" lon="-118.38043501439311">
    <ele>514.82</ele>
   </trkpt>
   <trkpt lat="34.434182504189096" lon="-118.3798525107689">
    <ele>518.1300000000001</ele>
   </trkpt>
   <trkpt lat="34.4347" lon="-118.37927">
    <ele>524.24</ele>
   </trkpt>
   <trkpt lat="34.434940000000005" lon="-118.37891">
    <ele>527.48</ele>
   </trkpt>
   <trkpt lat="34.4352" lon="-118.37842">
    <ele>532.71</ele>
   </trkpt>
   <trkpt lat="34.43533" lon="-118.37805000000002">
    <ele>534.1600000000001</ele>
   </trkpt>
   <trkpt lat="34.435590006644475" lon="-118.3771466722802">
    <ele>539.25</ele>
   </trkpt>
   <trkpt lat="34.435850006646675" lon="-118.37624333893932">
    <ele>542.48</ele>
   </trkpt>
   <trkpt lat="34.43611" lon="-118.37534000000001">
    <ele>544.88</ele>
   </trkpt>
   <trkpt lat="34.43627" lon="-118.37457">
    <ele>546.59</ele>
   </trkpt>
   <trkpt lat="34.436370001421196" lon="-118.3739850005344">
    <ele>547.47</ele>
   </trkpt>
   <trkpt lat="34.43647" lon="-118.3734">
    <ele>548.13</ele>
   </trkpt>
   <trkpt lat="34.43658" lon="-118.37291">
    <ele>548.73</ele>
   </trkpt>
   <trkpt lat="34.4367400011574" lon="-118.37239500073528">
    <ele>549.03</ele>
   </trkpt>
   <trkpt lat="34.4369" lon="-118.37188">
    <ele>548.01</ele>
   </trkpt>
   <trkpt lat="34.4370950013243" lon="-118.37132000116915">
    <ele>545.94</ele>
   </trkpt>
   <trkpt lat="34.437290000000004" lon="-118.37076">
    <ele>542.22</ele>
   </trkpt>
   <trkpt lat="34.43742" lon="-118.3705">
    <ele>539.95</ele>
   </trkpt>
   <trkpt lat="34.43777" lon="-118.36995">
    <ele>533.75</ele>
   </trkpt>
   <trkpt lat="34.437990000000006" lon="-118.36952000000001">
    <ele>531.74</ele>
   </trkpt>
   <trkpt lat="34.43809" lon="-118.36928">
    <ele>530.6200000000001</ele>
   </trkpt>
   <trkpt lat="34.438350003991644" lon="-118.36829500290317">
    <ele>528.11</ele>
   </trkpt>
   <trkpt lat="34.438610000000004" lon="-118.36731">
    <ele>530.07</ele>
   </trkpt>
   <trkpt lat="34.438700000000004" lon="-118.36669">
    <ele>531.93</ele>
   </trkpt>
   <trkpt lat="34.438700000000004" lon="-118.36637">
    <ele>532.48</ele>
   </trkpt>
   <trkpt lat="34.43862" lon="-118.36584">
    <ele>535.03</ele>
   </trkpt>
   <trkpt lat="34.43855" lon="-118.36558000000001">
    <ele>536.03</ele>
   </trkpt>
   <trkpt lat="34.438410000000005" lon="-118.36524000000001">
    <ele>536.8900000000001</ele>
   </trkpt>
   <trkpt lat="34.43824" lon="-118.36491000000001">
    <ele>537.76</ele>
   </trkpt>
   <trkpt lat="34.43795" lon="-118.36455000000001">
    <ele>538.5699999999999</ele>
   </trkpt>
   <trkpt lat="34.43779" lon="-118.3644">
    <ele>538.9200000000001</ele>
   </trkpt>
   <trkpt lat="34.4376" lon="-118.36427">
    <ele>538.98</ele>
   </trkpt>
   <trkpt lat="34.4371" lon="-118.36404">
    <ele>538.81</ele>
   </trkpt>
   <trkpt lat="34.436820000000004" lon="-118.36395">
    <ele>538.5600000000001</ele>
   </trkpt>
   <trkpt lat="34.436120000178825" lon="-118.36381499888935">
    <ele>537.45</ele>
   </trkpt>
   <trkpt lat="34.43542" lon="-118.36368000000002">
    <ele>536.4000000000001</ele>
   </trkpt>
   <trkpt lat="34.43478999993962" lon="-118.3635749991909">
    <ele>535.54</ele>
   </trkpt>
   <trkpt lat="34.434160000000006" lon="-118.36347">
    <ele>537.74</ele>
   </trkpt>
   <trkpt lat="34.43383" lon="-118.36341000000002">
    <ele>540.2900000000001</ele>
   </trkpt>
   <trkpt lat="34.433510000000005" lon="-118.36324">
    <ele>543.2600000000001</ele>
   </trkpt>
   <trkpt lat="34.43334" lon="-118.36306">
    <ele>545.52</ele>
   </trkpt>
   <trkpt lat="34.4332" lon="-118.36288">
    <ele>546.91</ele>
   </trkpt>
   <trkpt lat="34.43312" lon="-118.36262">
    <ele>549.84</ele>
   </trkpt>
   <trkpt lat="34.4331" lon="-118.36243">
    <ele>549.84</ele>
   </trkpt>
   <trkpt lat="34.4331" lon="-118.36217">
    <ele>551.27</ele>
   </trkpt>
   <trkpt lat="34.433150000000005" lon="-118.36194">
    <ele>552.33</ele>
   </trkpt>
   <trkpt lat="34.433400000000006" lon="-118.36113">
    <ele>555.84</ele>
   </trkpt>
   <trkpt lat="34.43345" lon="-118.36087">
    <ele>556.24</ele>
   </trkpt>
   <trkpt lat="34.43347" lon="-118.36064">
    <ele>556.6800000000001</ele>
   </trkpt>
   <trkpt lat="34.43347" lon="-118.36037">
    <ele>556.9200000000001</ele>
   </trkpt>
   <trkpt lat="34.43343" lon="-118.36006">
    <ele>557.1700000000001</ele>
   </trkpt>
   <trkpt lat="34.43326000169828" lon="-118.3594099985966">
    <ele>557.82</ele>
   </trkpt>
   <trkpt lat="34.43309" lon="-118.35876">
    <ele>558.69</ele>
   </trkpt>
   <trkpt lat="34.432860000000005" lon="-118.35824000000001">
    <ele>561.25</ele>
   </trkpt>
   <trkpt lat="34.43271" lon="-118.35804">
    <ele>563.3100000000001</ele>
   </trkpt>
   <trkpt lat="34.4323250005299" lon="-118.35761499781573">
    <ele>566.1400000000001</ele>
   </trkpt>
   <trkpt lat="34.431940000000004" lon="-118.35719">
    <ele>569.6600000000001</ele>
   </trkpt>
   <trkpt lat="34.4317" lon="-118.35688">
    <ele>572.77</ele>
   </trkpt>
   <trkpt lat="34.43131" lon="-118.3563">
    <ele>576.1500000000001</ele>
   </trkpt>
   <trkpt lat="34.431110000000004" lon="-118.35580000000002">
    <ele>580.1400000000001</ele>
   </trkpt>
   <trkpt lat="34.431070000000005" lon="-118.35558">
    <ele>580.9200000000001</ele>
   </trkpt>
   <trkpt lat="34.43106" lon="-118.35537000000001">
    <ele>581.87</ele>
   </trkpt>
   <trkpt lat="34.43108" lon="-118.35518">
    <ele>582.79</ele>
   </trkpt>
   <trkpt lat="34.431160000000006" lon="-118.35479000000001">
    <ele>582.79</ele>
   </trkpt>
   <trkpt lat="34.43131" lon="-118.35424">
    <ele>587.1700000000001</ele>
   </trkpt>
   <trkpt lat="34.43139" lon="-118.35383000000002">
    <ele>588.8800000000001</ele>
   </trkpt>
   <trkpt lat="34.43146" lon="-118.35280000000002">
    <ele>595.8800000000001</ele>
   </trkpt>
   <trkpt lat="34.43144" lon="-118.35231">
    <ele>598.0000000000001</ele>
   </trkpt>
   <trkpt lat="34.431505001264256" lon="-118.35175000053904">
    <ele>598.4</ele>
   </trkpt>
   <trkpt lat="34.43157" lon="-118.35119000000002">
    <ele>597.6800000000001</ele>
   </trkpt>
   <trkpt lat="34.43173" lon="-118.35048">
    <ele>598.04</ele>
   </trkpt>
   <trkpt lat="34.43187" lon="-118.35000000000001">
    <ele>597.8500000000001</ele>
   </trkpt>
   <trkpt lat="34.43209" lon="-118.34945">
    <ele>596.7800000000001</ele>
   </trkpt>
   <trkpt lat="34.43236" lon="-118.34901">
    <ele>594.6800000000001</ele>
   </trkpt>
   <trkpt lat="34.43273" lon="-118.34833">
    <ele>589.8100000000001</ele>
   </trkpt>
   <trkpt lat="34.43309500138971" lon="-118.34775000250033">
    <ele>584.7800000000001</ele>
   </trkpt>
   <trkpt lat="34.433460000000004" lon="-118.34717">
    <ele>578.25</ele>
   </trkpt>
   <trkpt lat="34.43372" lon="-118.34689000000002">
    <ele>576.1400000000001</ele>
   </trkpt>
   <trkpt lat="34.43433" lon="-118.3464">
    <ele>571.5600000000001</ele>
   </trkpt>
   <trkpt lat="34.43468" lon="-118.34609">
    <ele>570.3000000000001</ele>
   </trkpt>
   <trkpt lat="34.43484" lon="-118.34577000000002">
    <ele>570.12</ele>
   </trkpt>
   <trkpt lat="34.43509500248067" lon="-118.34499500225496">
    <ele>572.59</ele>
   </trkpt>
   <trkpt lat="34.43535" lon="-118.34422">
    <ele>578.11</ele>
   </trkpt>
   <trkpt lat="34.43552500415466" lon="-118.34321000209854">
    <ele>585.14</ele>
   </trkpt>
   <trkpt lat="34.435700000000004" lon="-118.3422">
    <ele>591.0000000000001</ele>
   </trkpt>
   <trkpt lat="34.435880000000004" lon="-118.34131000000001">
    <ele>594.65</ele>
   </trkpt>
   <trkpt lat="34.436020000000006" lon="-118.34099">
    <ele>596.4</ele>
   </trkpt>
   <trkpt lat="34.43616" lon="-118.34077">
    <ele>597.0000000000001</ele>
   </trkpt>
   <trkpt lat="34.43657000027899" lon="-118.34052000121159">
    <ele>596.9100000000001</ele>
   </trkpt>
   <trkpt lat="34.436980000000005" lon="-118.34027">
    <ele>595.9000000000001</ele>
   </trkpt>
   <trkpt lat="34.43732" lon="-118.33996">
    <ele>594.8</ele>
   </trkpt>
   <trkpt lat="34.43762" lon="-118.33955">
    <ele>593.7900000000001</ele>
   </trkpt>
   <trkpt lat="34.437810000000006" lon="-118.33907">
    <ele>593.0600000000001</ele>
   </trkpt>
   <trkpt lat="34.438100000000006" lon="-118.33817">
    <ele>592.04</ele>
   </trkpt>
   <trkpt lat="34.438190000000006" lon="-118.33763">
    <ele>592.34</ele>
   </trkpt>
   <trkpt lat="34.43816" lon="-118.33709">
    <ele>593.8</ele>
   </trkpt>
   <trkpt lat="34.438100000000006" lon="-118.33675000000001">
    <ele>595.49</ele>
   </trkpt>
   <trkpt lat="34.43788" lon="-118.33621000000001">
    <ele>597.0500000000001</ele>
   </trkpt>
   <trkpt lat="34.43757" lon="-118.33564000000001">
    <ele>597.7</ele>
   </trkpt>
   <trkpt lat="34.43711500320342" lon="-118.33475499521154">
    <ele>596.97</ele>
   </trkpt>
   <trkpt lat="34.43666" lon="-118.33387">
    <ele>596.28</ele>
   </trkpt>
   <trkpt lat="34.43656" lon="-118.33364">
    <ele>596.63</ele>
   </trkpt>
   <trkpt lat="34.43654" lon="-118.33347">
    <ele>597.11</ele>
   </trkpt>
   <trkpt lat="34.43656" lon="-118.33319000000002">
    <ele>597.92</ele>
   </trkpt>
   <trkpt lat="34.43661" lon="-118.33302">
    <ele>598.59</ele>
   </trkpt>
   <trkpt lat="34.43694000200072" lon="-118.33233000259324">
    <ele>602.24</ele>
   </trkpt>
   <trkpt lat="34.437270000000005" lon="-118.33164000000001">
    <ele>603.2900000000001</ele>
   </trkpt>
   <trkpt lat="34.43735" lon="-118.33142000000001">
    <ele>603.2900000000001</ele>
   </trkpt>
   <trkpt lat="34.437400000000004" lon="-118.33118">
    <ele>602.94</ele>
   </trkpt>
   <trkpt lat="34.437400000000004" lon="-118.33084000000001">
    <ele>601.75</ele>
   </trkpt>
   <trkpt lat="34.437290000000004" lon="-118.33016">
    <ele>600.32</ele>
   </trkpt>
   <trkpt lat="34.43726" lon="-118.32979">
    <ele>599.7600000000001</ele>
   </trkpt>
   <trkpt lat="34.437290000000004" lon="-118.32939">
    <ele>598.1800000000001</ele>
   </trkpt>
   <trkpt lat="34.437360000000005" lon="-118.32894">
    <ele>596.98</ele>
   </trkpt>
   <trkpt lat="34.43764250951076" lon="-118.32805750894663">
    <ele>594.7300000000001</ele>
   </trkpt>
   <trkpt lat="34.43792501268196" lon="-118.32717501192612">
    <ele>596.96</ele>
   </trkpt>
   <trkpt lat="34.43820750951349" lon="-118.32629250893842">
    <ele>603.36</ele>
   </trkpt>
   <trkpt lat="34.43849" lon="-118.32541">
    <ele>609.0500000000001</ele>
   </trkpt>
   <trkpt lat="34.43862" lon="-118.32487">
    <ele>613.84</ele>
   </trkpt>
   <trkpt lat="34.43864" lon="-118.32451">
    <ele>614.4900000000001</ele>
   </trkpt>
   <trkpt lat="34.438610000000004" lon="-118.32421000000001">
    <ele>616.3100000000001</ele>
   </trkpt>
   <trkpt lat="34.438570000000006" lon="-118.32402">
    <ele>616.7</ele>
   </trkpt>
   <trkpt lat="34.438500000000005" lon="-118.3238">
    <ele>617.46</ele>
   </trkpt>
   <trkpt lat="34.43836" lon="-118.32353">
    <ele>618.0000000000001</ele>
   </trkpt>
   <trkpt lat="34.43824" lon="-118.32334000000002">
    <ele>618.26</ele>
   </trkpt>
   <trkpt lat="34.43804" lon="-118.32314000000001">
    <ele>618.21</ele>
   </trkpt>
   <trkpt lat="34.437940000000005" lon="-118.32308">
    <ele>617.86</ele>
   </trkpt>
   <trkpt lat="34.43733" lon="-118.32287000000001">
    <ele>616.65</ele>
   </trkpt>
   <trkpt lat="34.43712" lon="-118.32277">
    <ele>616.21</ele>
   </trkpt>
   <trkpt lat="34.436980000000005" lon="-118.32268">
    <ele>615.9100000000001</ele>
   </trkpt>
   <trkpt lat="34.43674" lon="-118.32240000000002">
    <ele>614.99</ele>
   </trkpt>
   <trkpt lat="34.43659" lon="-118.32206000000001">
    <ele>613.41</ele>
   </trkpt>
   <trkpt lat="34.43652" lon="-118.32183">
    <ele>612.2</ele>
   </trkpt>
   <trkpt lat="34.436400000000006" lon="-118.32093">
    <ele>609.72</ele>
   </trkpt>
   <trkpt lat="34.43639" lon="-118.32062">
    <ele>609.3400000000001</ele>
   </trkpt>
   <trkpt lat="34.436400000000006" lon="-118.32029000000001">
    <ele>609.1</ele>
   </trkpt>
   <trkpt lat="34.436460000000004" lon="-118.32003">
    <ele>608.8800000000001</ele>
   </trkpt>
   <trkpt lat="34.436530000000005" lon="-118.31981">
    <ele>608.7</ele>
   </trkpt>
   <trkpt lat="34.43665" lon="-118.31955">
    <ele>608.48</ele>
   </trkpt>
   <trkpt lat="34.43712" lon="-118.31874">
    <ele>611.41</ele>
   </trkpt>
   <trkpt lat="34.4373" lon="-118.31833">
    <ele>615.2500000000001</ele>
   </trkpt>
   <trkpt lat="34.43758000118065" lon="-118.31781500153964">
    <ele>620.58</ele>
   </trkpt>
   <trkpt lat="34.43786" lon="-118.3173">
    <ele>624.14</ele>
   </trkpt>
   <trkpt lat="34.43802" lon="-118.3169">
    <ele>625.6600000000001</ele>
   </trkpt>
   <trkpt lat="34.43807" lon="-118.31668">
    <ele>626.1300000000001</ele>
   </trkpt>
   <trkpt lat="34.43809" lon="-118.31642000000001">
    <ele>626.36</ele>
   </trkpt>
   <trkpt lat="34.43802" lon="-118.3156">
    <ele>624.5</ele>
   </trkpt>
   <trkpt lat="34.438050000000004" lon="-118.3152">
    <ele>621.77</ele>
   </trkpt>
   <trkpt lat="34.438120000000005" lon="-118.31484">
    <ele>620.4900000000001</ele>
   </trkpt>
   <trkpt lat="34.43837500238264" lon="-118.31406500255352">
    <ele>618.0300000000001</ele>
   </trkpt>
   <trkpt lat="34.43863" lon="-118.31329000000001">
    <ele>618.1600000000001</ele>
   </trkpt>
   <trkpt lat="34.438750000000006" lon="-118.31306000000001">
    <ele>618.1600000000001</ele>
   </trkpt>
   <trkpt lat="34.43889" lon="-118.31284000000001">
    <ele>618.7900000000001</ele>
   </trkpt>
   <trkpt lat="34.4392" lon="-118.31248000000001">
    <ele>620.09</ele>
   </trkpt>
   <trkpt lat="34.439690000000006" lon="-118.31188000000002">
    <ele>622.2500000000001</ele>
   </trkpt>
   <trkpt lat="34.43995" lon="-118.31145000000001">
    <ele>623.7600000000001</ele>
   </trkpt>
   <trkpt lat="34.440110000000004" lon="-118.31112000000002">
    <ele>624.8</ele>
   </trkpt>
   <trkpt lat="34.440250000000006" lon="-118.31072">
    <ele>626.1600000000001</ele>
   </trkpt>
   <trkpt lat="34.44033" lon="-118.31037">
    <ele>627.32</ele>
   </trkpt>
   <trkpt lat="34.44049000379202" lon="-118.30940500183776">
    <ele>630.47</ele>
   </trkpt>
   <trkpt lat="34.440650000000005" lon="-118.30844">
    <ele>633.34</ele>
   </trkpt>
   <trkpt lat="34.440690000000004" lon="-118.30799">
    <ele>634.58</ele>
   </trkpt>
   <trkpt lat="34.44068" lon="-118.30777">
    <ele>634.83</ele>
   </trkpt>
   <trkpt lat="34.440630000000006" lon="-118.30736">
    <ele>634.84</ele>
   </trkpt>
   <trkpt lat="34.440540000000006" lon="-118.30705">
    <ele>634.7</ele>
   </trkpt>
   <trkpt lat="34.44041" lon="-118.30674">
    <ele>634.6400000000001</ele>
   </trkpt>
   <trkpt lat="34.44006500175571" lon="-118.30607999724174">
    <ele>634.41</ele>
   </trkpt>
   <trkpt lat="34.43972" lon="-118.30542000000001">
    <ele>634.35</ele>
   </trkpt>
   <trkpt lat="34.439310000000006" lon="-118.30472">
    <ele>634.51</ele>
   </trkpt>
   <trkpt lat="34.4392" lon="-118.30459">
    <ele>634.5400000000001</ele>
   </trkpt>
   <trkpt lat="34.43864" lon="-118.30418000000002">
    <ele>635.53</ele>
   </trkpt>
   <trkpt lat="34.4384" lon="-118.30396">
    <ele>636.24</ele>
   </trkpt>
   <trkpt lat="34.43811" lon="-118.3036">
    <ele>636.57</ele>
   </trkpt>
   <trkpt lat="34.437960000000004" lon="-118.30338">
    <ele>637.6200000000001</ele>
   </trkpt>
   <trkpt lat="34.43777" lon="-118.30303">
    <ele>637.6200000000001</ele>
   </trkpt>
   <trkpt lat="34.43762" lon="-118.30269000000001">
    <ele>638.05</ele>
   </trkpt>
   <trkpt lat="34.437490000000004" lon="-118.30223000000001">
    <ele>638.8000000000001</ele>
   </trkpt>
   <trkpt lat="34.437430000000006" lon="-118.30195">
    <ele>639.6200000000001</ele>
   </trkpt>
   <trkpt lat="34.43739" lon="-118.30159">
    <ele>639.6200000000001</ele>
   </trkpt>
   <trkpt lat="34.43741" lon="-118.30097">
    <ele>640.49</ele>
   </trkpt>
   <trkpt lat="34.43746" lon="-118.30066000000001">
    <ele>641.3199999999999</ele>
   </trkpt>
   <trkpt lat="34.43757" lon="-118.30024000000002">
    <ele>642.33</ele>
   </trkpt>
   <trkpt lat="34.43777" lon="-118.29975">
    <ele>642.76</ele>
   </trkpt>
   <trkpt lat="34.43789" lon="-118.29953">
    <ele>643.1300000000001</ele>
   </trkpt>
   <trkpt lat="34.43802" lon="-118.29932000000001">
    <ele>643.5300000000001</ele>
   </trkpt>
   <trkpt lat="34.43859333807177" lon="-118.29855334391627">
    <ele>645.12</ele>
   </trkpt>
   <trkpt lat="34.439166671358905" lon="-118.29778667731154">
    <ele>646.8600000000001</ele>
   </trkpt>
   <trkpt lat="34.43974" lon="-118.29702">
    <ele>648.4300000000001</ele>
   </trkpt>
   <trkpt lat="34.43994" lon="-118.29666">
    <ele>648.72</ele>
   </trkpt>
   <trkpt lat="34.440020000000004" lon="-118.29645000000001">
    <ele>648.76</ele>
   </trkpt>
   <trkpt lat="34.44012" lon="-118.29608">
    <ele>648.7900000000001</ele>
   </trkpt>
   <trkpt lat="34.44014" lon="-118.29586">
    <ele>648.94</ele>
   </trkpt>
   <trkpt lat="34.44013" lon="-118.29569000000001">
    <ele>648.9</ele>
   </trkpt>
   <trkpt lat="34.4401" lon="-118.29528">
    <ele>649.26</ele>
   </trkpt>
   <trkpt lat="34.43997333820239" lon="-118.29450666432622">
    <ele>650.0400000000001</ele>
   </trkpt>
   <trkpt lat="34.43984667153642" lon="-118.29373333099717">
    <ele>650.94</ele>
   </trkpt>
   <trkpt lat="34.43972" lon="-118.29296000000001">
    <ele>652.72</ele>
   </trkpt>
   <trkpt lat="34.43952" lon="-118.29217000000001">
    <ele>655.7700000000001</ele>
   </trkpt>
   <trkpt lat="34.43938" lon="-118.29187">
    <ele>656.5200000000001</ele>
   </trkpt>
   <trkpt lat="34.438965002195665" lon="-118.29113499634391">
    <ele>658.22</ele>
   </trkpt>
   <trkpt lat="34.43855" lon="-118.2904">
    <ele>659.21</ele>
   </trkpt>
   <trkpt lat="34.4384" lon="-118.29">
    <ele>659.5200000000001</ele>
   </trkpt>
   <trkpt lat="34.43831" lon="-118.28964">
    <ele>659.72</ele>
   </trkpt>
   <trkpt lat="34.438280000000006" lon="-118.28929000000001">
    <ele>659.81</ele>
   </trkpt>
   <trkpt lat="34.438280000000006" lon="-118.2891">
    <ele>660.1</ele>
   </trkpt>
   <trkpt lat="34.43835" lon="-118.28852">
    <ele>660.12</ele>
   </trkpt>
   <trkpt lat="34.438460000000006" lon="-118.2882">
    <ele>660.22</ele>
   </trkpt>
   <trkpt lat="34.43871000090914" lon="-118.28773000138733">
    <ele>660.94</ele>
   </trkpt>
   <trkpt lat="34.43896" lon="-118.28726">
    <ele>661.5000000000001</ele>
   </trkpt>
   <trkpt lat="34.4391" lon="-118.28689000000001">
    <ele>661.5500000000001</ele>
   </trkpt>
   <trkpt lat="34.43916" lon="-118.28655">
    <ele>662.8000000000001</ele>
   </trkpt>
   <trkpt lat="34.43922001050071" lon="-118.28562250205219">
    <ele>663.19</ele>
   </trkpt>
   <trkpt lat="34.43928001399864" lon="-118.2846950027722">
    <ele>663.84</ele>
   </trkpt>
   <trkpt lat="34.439340010493744" lon="-118.28376750216017">
    <ele>665.5600000000001</ele>
   </trkpt>
   <trkpt lat="34.439400000000006" lon="-118.28284000000001">
    <ele>666.49</ele>
   </trkpt>
   <trkpt lat="34.43939" lon="-118.28256">
    <ele>666.5500000000001</ele>
   </trkpt>
   <trkpt lat="34.439370000000004" lon="-118.28238">
    <ele>666.57</ele>
   </trkpt>
   <trkpt lat="34.43921667087935" lon="-118.28165999732319">
    <ele>666.54</ele>
   </trkpt>
   <trkpt lat="34.439063337538705" lon="-118.28093999728891">
    <ele>666.6800000000001</ele>
   </trkpt>
   <trkpt lat="34.43891" lon="-118.28022000000001">
    <ele>667.12</ele>
   </trkpt>
   <trkpt lat="34.43869" lon="-118.27934">
    <ele>669.9200000000001</ele>
   </trkpt>
   <trkpt lat="34.438610000000004" lon="-118.27913000000001">
    <ele>671.36</ele>
   </trkpt>
   <trkpt lat="34.438370000000006" lon="-118.27875000000002">
    <ele>672.5699999999999</ele>
   </trkpt>
   <trkpt lat="34.437850000000005" lon="-118.27806000000001">
    <ele>677.37</ele>
   </trkpt>
   <trkpt lat="34.437580000000004" lon="-118.27764">
    <ele>678.3100000000001</ele>
   </trkpt>
   <trkpt lat="34.43748" lon="-118.27745000000002">
    <ele>678.6600000000001</ele>
   </trkpt>
   <trkpt lat="34.43741" lon="-118.27724">
    <ele>678.6700000000001</ele>
   </trkpt>
   <trkpt lat="34.437340000000006" lon="-118.27697">
    <ele>678.62</ele>
   </trkpt>
   <trkpt lat="34.437290000000004" lon="-118.27666">
    <ele>678.51</ele>
   </trkpt>
   <trkpt lat="34.437290000000004" lon="-118.27626000000001">
    <ele>678.2900000000001</ele>
   </trkpt>
   <trkpt lat="34.43738000437098" lon="-118.27522500098819">
    <ele>679.6300000000001</ele>
   </trkpt>
   <trkpt lat="34.437470000000005" lon="-118.27419">
    <ele>682.85</ele>
   </trkpt>
   <trkpt lat="34.437510001778264" lon="-118.2735300002279">
    <ele>684.46</ele>
   </trkpt>
   <trkpt lat="34.43755" lon="-118.27287000000001">
    <ele>686.0200000000001</ele>
   </trkpt>
   <trkpt lat="34.43755" lon="-118.27226">
    <ele>687.71</ele>
   </trkpt>
   <trkpt lat="34.43751" lon="-118.27204">
    <ele>688.15</ele>
   </trkpt>
   <trkpt lat="34.437270000000005" lon="-118.27102000000001">
    <ele>689.33</ele>
   </trkpt>
   <trkpt lat="34.43726" lon="-118.27088">
    <ele>689.46</ele>
   </trkpt>
   <trkpt lat="34.437270000000005" lon="-118.27053000000001">
    <ele>689.5300000000001</ele>
   </trkpt>
   <trkpt lat="34.437400000000004" lon="-118.26961000000001">
    <ele>689.9200000000001</ele>
   </trkpt>
   <trkpt lat="34.437430000000006" lon="-118.26917">
    <ele>690.2900000000001</ele>
   </trkpt>
   <trkpt lat="34.43744" lon="-118.26819">
    <ele>690.69</ele>
   </trkpt>
   <trkpt lat="34.437500003402285" lon="-118.26727500073794">
    <ele>691.4300000000001</ele>
   </trkpt>
   <trkpt lat="34.437560000000005" lon="-118.26636">
    <ele>691.07</ele>
   </trkpt>
   <trkpt lat="34.437580001607365" lon="-118.26573000040457">
    <ele>690.69</ele>
   </trkpt>
   <trkpt lat="34.4376" lon="-118.2651">
    <ele>690.71</ele>
   </trkpt>
   <trkpt lat="34.437650000000005" lon="-118.26461">
    <ele>690.9200000000001</ele>
   </trkpt>
   <trkpt lat="34.437720000000006" lon="-118.26416">
    <ele>691.3100000000001</ele>
   </trkpt>
   <trkpt lat="34.43789500185217" lon="-118.2634900013071">
    <ele>692.12</ele>
   </trkpt>
   <trkpt lat="34.43807" lon="-118.26282">
    <ele>692.8100000000001</ele>
   </trkpt>
   <trkpt lat="34.438140000000004" lon="-118.2625">
    <ele>692.8100000000001</ele>
   </trkpt>
   <trkpt lat="34.438210000000005" lon="-118.26197">
    <ele>693.37</ele>
   </trkpt>
   <trkpt lat="34.43826500213623" lon="-118.26125000012995">
    <ele>694.4200000000001</ele>
   </trkpt>
   <trkpt lat="34.438320000000004" lon="-118.26053">
    <ele>695.12</ele>
   </trkpt>
   <trkpt lat="34.438280000000006" lon="-118.26004">
    <ele>695.9200000000001</ele>
   </trkpt>
   <trkpt lat="34.43813000674544" lon="-118.25912999676008">
    <ele>697.01</ele>
   </trkpt>
   <trkpt lat="34.437980006749896" lon="-118.25821999678725">
    <ele>699.12</ele>
   </trkpt>
   <trkpt lat="34.437830000000005" lon="-118.25731">
    <ele>700.6600000000001</ele>
   </trkpt>
   <trkpt lat="34.43782" lon="-118.25709">
    <ele>701.1700000000001</ele>
   </trkpt>
   <trkpt lat="34.437830000000005" lon="-118.25661000000001">
    <ele>702.0200000000001</ele>
   </trkpt>
   <trkpt lat="34.437850000000005" lon="-118.25642">
    <ele>702.22</ele>
   </trkpt>
   <trkpt lat="34.437940000000005" lon="-118.25606">
    <ele>702.73</ele>
   </trkpt>
   <trkpt lat="34.43808" lon="-118.2557">
    <ele>703.82</ele>
   </trkpt>
   <trkpt lat="34.43818" lon="-118.25552">
    <ele>703.82</ele>
   </trkpt>
   <trkpt lat="34.4384" lon="-118.25520000000002">
    <ele>704.9200000000001</ele>
   </trkpt>
   <trkpt lat="34.438610000000004" lon="-118.25496000000001">
    <ele>705.77</ele>
   </trkpt>
   <trkpt lat="34.438790000000004" lon="-118.2548">
    <ele>705.95</ele>
   </trkpt>
   <trkpt lat="34.4393" lon="-118.2544">
    <ele>709.1800000000001</ele>
   </trkpt>
   <trkpt lat="34.43957" lon="-118.25410000000001">
    <ele>711.74</ele>
   </trkpt>
   <trkpt lat="34.43966" lon="-118.25395">
    <ele>712.86</ele>
   </trkpt>
   <trkpt lat="34.439750000000004" lon="-118.25365000000001">
    <ele>714.19</ele>
   </trkpt>
   <trkpt lat="34.439780000000006" lon="-118.25342">
    <ele>715.19</ele>
   </trkpt>
   <trkpt lat="34.43976" lon="-118.2532">
    <ele>715.46</ele>
   </trkpt>
   <trkpt lat="34.439690000000006" lon="-118.25283">
    <ele>716.34</ele>
   </trkpt>
   <trkpt lat="34.43943" lon="-118.25213000000001">
    <ele>717.3100000000001</ele>
   </trkpt>
   <trkpt lat="34.43921" lon="-118.25131">
    <ele>718.44</ele>
   </trkpt>
   <trkpt lat="34.43907" lon="-118.251">
    <ele>718.7500000000001</ele>
   </trkpt>
   <trkpt lat="34.43885" lon="-118.25064">
    <ele>719.0500000000001</ele>
   </trkpt>
   <trkpt lat="34.43855" lon="-118.25024">
    <ele>720.65</ele>
   </trkpt>
   <trkpt lat="34.438460000000006" lon="-118.25007000000001">
    <ele>721.28</ele>
   </trkpt>
   <trkpt lat="34.43835" lon="-118.24977000000001">
    <ele>721.6700000000001</ele>
   </trkpt>
   <trkpt lat="34.43829" lon="-118.24946000000001">
    <ele>721.82</ele>
   </trkpt>
   <trkpt lat="34.438280000000006" lon="-118.24925">
    <ele>722.1800000000001</ele>
   </trkpt>
   <trkpt lat="34.43831" lon="-118.24895000000001">
    <ele>722.7800000000001</ele>
   </trkpt>
   <trkpt lat="34.43849" lon="-118.24819000000001">
    <ele>723.2700000000001</ele>
   </trkpt>
   <trkpt lat="34.438610000000004" lon="-118.24759000000002">
    <ele>725.01</ele>
   </trkpt>
   <trkpt lat="34.43863" lon="-118.24732000000002">
    <ele>725.4200000000001</ele>
   </trkpt>
   <trkpt lat="34.43852000134854" lon="-118.24674499925797">
    <ele>726.94</ele>
   </trkpt>
   <trkpt lat="34.438410000000005" lon="-118.24617">
    <ele>728.38</ele>
   </trkpt>
   <trkpt lat="34.43838" lon="-118.24572">
    <ele>730.23</ele>
   </trkpt>
   <trkpt lat="34.438410000000005" lon="-118.24537000000001">
    <ele>731.1800000000001</ele>
   </trkpt>
   <trkpt lat="34.43845" lon="-118.24504">
    <ele>731.6600000000001</ele>
   </trkpt>
   <trkpt lat="34.43863500274192" lon="-118.24421500195297">
    <ele>732.74</ele>
   </trkpt>
   <trkpt lat="34.43882" lon="-118.24339">
    <ele>733.9000000000001</ele>
   </trkpt>
   <trkpt lat="34.439015002367434" lon="-118.24262500184236">
    <ele>734.92</ele>
   </trkpt>
   <trkpt lat="34.43921" lon="-118.24186">
    <ele>736.07</ele>
   </trkpt>
   <trkpt lat="34.43927" lon="-118.24151">
    <ele>737.16</ele>
   </trkpt>
   <trkpt lat="34.43929" lon="-118.24094000000001">
    <ele>738.44</ele>
   </trkpt>
   <trkpt lat="34.439260000000004" lon="-118.24048">
    <ele>739.3700000000001</ele>
   </trkpt>
   <trkpt lat="34.43919" lon="-118.24004000000001">
    <ele>739.63</ele>
   </trkpt>
   <trkpt lat="34.438950000000006" lon="-118.23918">
    <ele>737.58</ele>
   </trkpt>
   <trkpt lat="34.43867" lon="-118.23864">
    <ele>736.0500000000001</ele>
   </trkpt>
   <trkpt lat="34.43813" lon="-118.23779">
    <ele>738.4900000000001</ele>
   </trkpt>
   <trkpt lat="34.43782" lon="-118.23712">
    <ele>740.19</ele>
   </trkpt>
   <trkpt lat="34.43769" lon="-118.23658">
    <ele>741.0000000000001</ele>
   </trkpt>
   <trkpt lat="34.437690017412415" lon="-118.23565500000241">
    <ele>742.5600000000001</ele>
   </trkpt>
   <trkpt lat="34.437690027859865" lon="-118.23473000000453">
    <ele>743.02</ele>
   </trkpt>
   <trkpt lat="34.43769003134234" lon="-118.2338050000065">
    <ele>744.3400000000001</ele>
   </trkpt>
   <trkpt lat="34.437690027859865" lon="-118.23288000000845">
    <ele>745.1500000000001</ele>
   </trkpt>
   <trkpt lat="34.437690017412415" lon="-118.2319550000106">
    <ele>746.62</ele>
   </trkpt>
   <trkpt lat="34.43769" lon="-118.23103">
    <ele>747.99</ele>
   </trkpt>
   <trkpt lat="34.437760000000004" lon="-118.2305">
    <ele>748.6600000000001</ele>
   </trkpt>
   <trkpt lat="34.4380725118538" lon="-118.22951501102935">
    <ele>750.1500000000001</ele>
   </trkpt>
   <trkpt lat="34.43838501580985" lon="-118.22853001469099">
    <ele>751.9</ele>
   </trkpt>
   <trkpt lat="34.43869751186799" lon="-118.22754501098503">
    <ele>754.08</ele>
   </trkpt>
   <trkpt lat="34.43901" lon="-118.22656">
    <ele>755.8800000000001</ele>
   </trkpt>
   <trkpt lat="34.439080000000004" lon="-118.22611">
    <ele>756.4300000000001</ele>
   </trkpt>
   <trkpt lat="34.439130000000006" lon="-118.22561">
    <ele>756.9</ele>
   </trkpt>
   <trkpt lat="34.43912" lon="-118.22476">
    <ele>757.47</ele>
   </trkpt>
   <trkpt lat="34.43909" lon="-118.22414">
    <ele>758.24</ele>
   </trkpt>
   <trkpt lat="34.439040000000006" lon="-118.22361000000001">
    <ele>759.84</ele>
   </trkpt>
   <trkpt lat="34.438880000000005" lon="-118.22287000000001">
    <ele>762.2800000000001</ele>
   </trkpt>
   <trkpt lat="34.438715001574174" lon="-118.22224499870624">
    <ele>766.24</ele>
   </trkpt>
   <trkpt lat="34.43855" lon="-118.22162000000002">
    <ele>769.8900000000001</ele>
   </trkpt>
   <trkpt lat="34.438460000000006" lon="-118.2211">
    <ele>771.97</ele>
   </trkpt>
   <trkpt lat="34.438430000000004" lon="-118.22055">
    <ele>772.46</ele>
   </trkpt>
   <trkpt lat="34.43845" lon="-118.21992000000002">
    <ele>772.09</ele>
   </trkpt>
   <trkpt lat="34.4386" lon="-118.21895">
    <ele>770.51</ele>
   </trkpt>
   <trkpt lat="34.43878" lon="-118.2184">
    <ele>769.66</ele>
   </trkpt>
   <trkpt lat="34.43903" lon="-118.21782">
    <ele>769.1000000000001</ele>
   </trkpt>
   <trkpt lat="34.43941" lon="-118.21719000000002">
    <ele>769.8000000000001</ele>
   </trkpt>
   <trkpt lat="34.440020000000004" lon="-118.21652">
    <ele>771.83</ele>
   </trkpt>
   <trkpt lat="34.440380000000005" lon="-118.21621">
    <ele>772.9300000000001</ele>
   </trkpt>
   <trkpt lat="34.44093" lon="-118.21589000000002">
    <ele>773.44</ele>
   </trkpt>
   <trkpt lat="34.44167" lon="-118.21555000000001">
    <ele>775.4700000000001</ele>
   </trkpt>
   <trkpt lat="34.442190000000004" lon="-118.21536">
    <ele>777.08</ele>
   </trkpt>
   <trkpt lat="34.442440000000005" lon="-118.21524000000001">
    <ele>777.93</ele>
   </trkpt>
   <trkpt lat="34.44296500009391" lon="-118.21503000135391">
    <ele>781.2900000000001</ele>
   </trkpt>
   <trkpt lat="34.443490000000004" lon="-118.21482">
    <ele>785.8900000000001</ele>
   </trkpt>
   <trkpt lat="34.444340000456336" lon="-118.21451000313043">
    <ele>792.37</ele>
   </trkpt>
   <trkpt lat="34.445190000000004" lon="-118.2142">
    <ele>797.57</ele>
   </trkpt>
   <trkpt lat="34.44574000016698" lon="-118.21395000168573">
    <ele>803.83</ele>
   </trkpt>
   <trkpt lat="34.446290000000005" lon="-118.2137">
    <ele>807.0400000000001</ele>
   </trkpt>
   <trkpt lat="34.44679" lon="-118.21335">
    <ele>808.09</ele>
   </trkpt>
   <trkpt lat="34.447070000000004" lon="-118.21312">
    <ele>807.5300000000001</ele>
   </trkpt>
   <trkpt lat="34.44729" lon="-118.21278000000001">
    <ele>805.2300000000001</ele>
   </trkpt>
   <trkpt lat="34.447590000000005" lon="-118.21241">
    <ele>804.2900000000001</ele>
   </trkpt>
   <trkpt lat="34.4478" lon="-118.21205">
    <ele>804.22</ele>
   </trkpt>
   <trkpt lat="34.44809" lon="-118.21115">
    <ele>805.19</ele>
   </trkpt>
   <trkpt lat="34.44823" lon="-118.21016000000002">
    <ele>806.96</ele>
   </trkpt>
   <trkpt lat="34.4481800026057" lon="-118.20935999952853">
    <ele>808.2900000000001</ele>
   </trkpt>
   <trkpt lat="34.448130000000006" lon="-118.20856">
    <ele>810.88</ele>
   </trkpt>
   <trkpt lat="34.448170000000005" lon="-118.20821000000001">
    <ele>811.73</ele>
   </trkpt>
   <trkpt lat="34.448350000000005" lon="-118.20757">
    <ele>812.9200000000001</ele>
   </trkpt>
   <trkpt lat="34.448620000000005" lon="-118.20707000000002">
    <ele>813.9200000000001</ele>
   </trkpt>
   <trkpt lat="34.44903666956038" lon="-118.20647333929315">
    <ele>813.36</ele>
   </trkpt>
   <trkpt lat="34.44945333622233" lon="-118.20587667263331">
    <ele>811.57</ele>
   </trkpt>
   <trkpt lat="34.449870000000004" lon="-118.20528000000002">
    <ele>809.6700000000001</ele>
   </trkpt>
   <trkpt lat="34.45036" lon="-118.20453">
    <ele>807.03</ele>
   </trkpt>
   <trkpt lat="34.45065" lon="-118.20417">
    <ele>806.4300000000001</ele>
   </trkpt>
   <trkpt lat="34.45125000133449" lon="-118.20361000396905">
    <ele>808.46</ele>
   </trkpt>
   <trkpt lat="34.45185" lon="-118.20305">
    <ele>812.18</ele>
   </trkpt>
   <trkpt lat="34.45234500069907" lon="-118.20262500255015">
    <ele>813.57</ele>
   </trkpt>
   <trkpt lat="34.45284" lon="-118.2022">
    <ele>814.13</ele>
   </trkpt>
   <trkpt lat="34.453255000572334" lon="-118.20179500210568">
    <ele>814.46</ele>
   </trkpt>
   <trkpt lat="34.45367" lon="-118.20139">
    <ele>815.12</ele>
   </trkpt>
   <trkpt lat="34.454273335832525" lon="-118.20083667465641">
    <ele>817.44</ele>
   </trkpt>
   <trkpt lat="34.45487666917217" lon="-118.2002833413174">
    <ele>822.3600000000001</ele>
   </trkpt>
   <trkpt lat="34.45548" lon="-118.19973000000002">
    <ele>828.09</ele>
   </trkpt>
   <trkpt lat="34.45615" lon="-118.19907">
    <ele>836.1700000000001</ele>
   </trkpt>
   <trkpt lat="34.456590000000006" lon="-118.19875">
    <ele>838.72</ele>
   </trkpt>
   <trkpt lat="34.456990000000005" lon="-118.19853">
    <ele>839.6600000000001</ele>
   </trkpt>
   <trkpt lat="34.45759" lon="-118.19835">
    <ele>838.77</ele>
   </trkpt>
   <trkpt lat="34.45847142897512" lon="-118.19822143671541">
    <ele>832.25</ele>
   </trkpt>
   <trkpt lat="34.45935285781566" lon="-118.19809287071641">
    <ele>827.0200000000001</ele>
   </trkpt>
   <trkpt lat="34.4602342865216" lon="-118.19796430200284">
    <ele>821.1700000000001</ele>
   </trkpt>
   <trkpt lat="34.46111571509294" lon="-118.19783573057461">
    <ele>821.22</ele>
   </trkpt>
   <trkpt lat="34.46199714352967" lon="-118.19770715643148">
    <ele>823.2800000000001</ele>
   </trkpt>
   <trkpt lat="34.462878571831794" lon="-118.19757857957336">
    <ele>825.0400000000001</ele>
   </trkpt>
   <trkpt lat="34.46376" lon="-118.19745">
    <ele>825.95</ele>
   </trkpt>
   <trkpt lat="34.464340000017486" lon="-118.19738500045159">
    <ele>825.91</ele>
   </trkpt>
   <trkpt lat="34.46492" lon="-118.19732">
    <ele>825.28</ele>
   </trkpt>
   <trkpt lat="34.46547" lon="-118.19718">
    <ele>823.5300000000001</ele>
   </trkpt>
   <trkpt lat="34.46586" lon="-118.19704000000002">
    <ele>823.1</ele>
   </trkpt>
   <trkpt lat="34.466570000000004" lon="-118.19651">
    <ele>822.88</ele>
   </trkpt>
   <trkpt lat="34.46717" lon="-118.19598">
    <ele>823.3100000000001</ele>
   </trkpt>
   <trkpt lat="34.46765500103335" lon="-118.19552500246525">
    <ele>824.01</ele>
   </trkpt>
   <trkpt lat="34.468140000000005" lon="-118.19507000000002">
    <ele>824.5100000000001</ele>
   </trkpt>
   <trkpt lat="34.46856000146542" lon="-118.19449500273032">
    <ele>825.0200000000001</ele>
   </trkpt>
   <trkpt lat="34.46898" lon="-118.19392">
    <ele>825.3600000000001</ele>
   </trkpt>
   <trkpt lat="34.46940500171904" lon="-118.19327500324646">
    <ele>825.82</ele>
   </trkpt>
   <trkpt lat="34.46983" lon="-118.19263000000001">
    <ele>826.2600000000001</ele>
   </trkpt>
   <trkpt lat="34.470120000796655" lon="-118.19217500165374">
    <ele>826.6000000000001</ele>
   </trkpt>
   <trkpt lat="34.47041" lon="-118.19172">
    <ele>827.4</ele>
   </trkpt>
   <trkpt lat="34.470655001051284" lon="-118.19122500134492">
    <ele>829.89</ele>
   </trkpt>
   <trkpt lat="34.4709" lon="-118.19073000000002">
    <ele>831.5300000000001</ele>
   </trkpt>
   <trkpt lat="34.47126" lon="-118.18979000000002">
    <ele>836.1700000000001</ele>
   </trkpt>
   <trkpt lat="34.47141667140112" lon="-118.1890266695853">
    <ele>837.94</ele>
   </trkpt>
   <trkpt lat="34.471573338057" lon="-118.1882633363046">
    <ele>839.0400000000001</ele>
   </trkpt>
   <trkpt lat="34.47173" lon="-118.18750000000001">
    <ele>840.1</ele>
   </trkpt>
   <trkpt lat="34.47189333922113" lon="-118.18665000330752">
    <ele>841.89</ele>
   </trkpt>
   <trkpt lat="34.472056672558274" lon="-118.1858000032878">
    <ele>842.8800000000001</ele>
   </trkpt>
   <trkpt lat="34.47222" lon="-118.18495000000001">
    <ele>844.2400000000001</ele>
   </trkpt>
   <trkpt lat="34.47229" lon="-118.18423000000001">
    <ele>845.2</ele>
   </trkpt>
   <trkpt lat="34.47231" lon="-118.18341000000001">
    <ele>846.4200000000001</ele>
   </trkpt>
   <trkpt lat="34.47224" lon="-118.18271000000001">
    <ele>847.19</ele>
   </trkpt>
   <trkpt lat="34.47215333762979" lon="-118.18198333179114">
    <ele>848.4100000000001</ele>
   </trkpt>
   <trkpt lat="34.472066670959194" lon="-118.18125666509154">
    <ele>849.6600000000001</ele>
   </trkpt>
   <trkpt lat="34.47198" lon="-118.18053">
    <ele>850.89</ele>
   </trkpt>
   <trkpt lat="34.47184334248316" lon="-118.17946999652271">
    <ele>852.7000000000002</ele>
   </trkpt>
   <trkpt lat="34.471706675815746" lon="-118.17840999651708">
    <ele>856.8800000000001</ele>
   </trkpt>
   <trkpt lat="34.47157" lon="-118.17735">
    <ele>858.16</ele>
   </trkpt>
   <trkpt lat="34.471560000000004" lon="-118.17677">
    <ele>860.11</ele>
   </trkpt>
   <trkpt lat="34.47158" lon="-118.17645">
    <ele>860.8000000000001</ele>
   </trkpt>
   <trkpt lat="34.471740000000004" lon="-118.17574">
    <ele>860.75</ele>
   </trkpt>
   <trkpt lat="34.47187" lon="-118.17539000000001">
    <ele>859.95</ele>
   </trkpt>
   <trkpt lat="34.472030000000004" lon="-118.17507">
    <ele>859.2</ele>
   </trkpt>
   <trkpt lat="34.47214" lon="-118.17489">
    <ele>858.13</ele>
   </trkpt>
   <trkpt lat="34.47234" lon="-118.17462">
    <ele>857.4200000000001</ele>
   </trkpt>
   <trkpt lat="34.472805001019104" lon="-118.1741250027355">
    <ele>856.5300000000001</ele>
   </trkpt>
   <trkpt lat="34.47327" lon="-118.17363">
    <ele>857.07</ele>
   </trkpt>
   <trkpt lat="34.47390500149382" lon="-118.17303000453944">
    <ele>857.4200000000001</ele>
   </trkpt>
   <trkpt lat="34.474540000000005" lon="-118.17243">
    <ele>857.5800000000002</ele>
   </trkpt>
   <trkpt lat="34.47507500146144" lon="-118.17182500391188">
    <ele>858.0600000000001</ele>
   </trkpt>
   <trkpt lat="34.47561" lon="-118.17122">
    <ele>858.6</ele>
   </trkpt>
   <trkpt lat="34.47623333668149" lon="-118.17058334279788">
    <ele>859.53</ele>
   </trkpt>
   <trkpt lat="34.4768566700617" lon="-118.16994667608348">
    <ele>861.25</ele>
   </trkpt>
   <trkpt lat="34.47748" lon="-118.16931000000001">
    <ele>864.1800000000001</ele>
   </trkpt>
   <trkpt lat="34.47802750400216" lon="-118.16873751127254">
    <ele>866.36</ele>
   </trkpt>
   <trkpt lat="34.47857500533495" lon="-118.16816501503158">
    <ele>869.0200000000001</ele>
   </trkpt>
   <trkpt lat="34.479122503998276" lon="-118.16759251127692">
    <ele>872.1500000000001</ele>
   </trkpt>
   <trkpt lat="34.479670000000006" lon="-118.16702000000001">
    <ele>875.2</ele>
   </trkpt>
   <trkpt lat="34.47992" lon="-118.16674">
    <ele>876.0100000000001</ele>
   </trkpt>
   <trkpt lat="34.480180000000004" lon="-118.16635000000001">
    <ele>876.83</ele>
   </trkpt>
   <trkpt lat="34.480500000000006" lon="-118.16575">
    <ele>877.77</ele>
   </trkpt>
   <trkpt lat="34.48069" lon="-118.16523000000001">
    <ele>878.2900000000001</ele>
   </trkpt>
   <trkpt lat="34.48078" lon="-118.1649">
    <ele>878.6100000000001</ele>
   </trkpt>
   <trkpt lat="34.48093" lon="-118.16409000000002">
    <ele>878.97</ele>
   </trkpt>
   <trkpt lat="34.480970000000006" lon="-118.16361">
    <ele>879.26</ele>
   </trkpt>
   <trkpt lat="34.480970000000006" lon="-118.16287000000001">
    <ele>879.5400000000001</ele>
   </trkpt>
   <trkpt lat="34.48095333787559" lon="-118.16212333309545">
    <ele>879.83</ele>
   </trkpt>
   <trkpt lat="34.480936671210266" lon="-118.1613766664892">
    <ele>880.33</ele>
   </trkpt>
   <trkpt lat="34.480920000000005" lon="-118.16063000000001">
    <ele>880.84</ele>
   </trkpt>
   <trkpt lat="34.480907815856995" lon="-118.15954888761766">
    <ele>882.32</ele>
   </trkpt>
   <trkpt lat="34.480895622194154" lon="-118.15846777555116">
    <ele>884.57</ele>
   </trkpt>
   <trkpt lat="34.480883419011484" lon="-118.15738666380085">
    <ele>887.2500000000001</ele>
   </trkpt>
   <trkpt lat="34.480871206309" lon="-118.15630555236693">
    <ele>889.7700000000001</ele>
   </trkpt>
   <trkpt lat="34.48085898408669" lon="-118.15522444124967">
    <ele>892.07</ele>
   </trkpt>
   <trkpt lat="34.48084675234457" lon="-118.1541433304493">
    <ele>894.7100000000002</ele>
   </trkpt>
   <trkpt lat="34.48083451108266" lon="-118.15306221996609">
    <ele>897.02</ele>
   </trkpt>
   <trkpt lat="34.48082226030096" lon="-118.15198110980029">
    <ele>899.97</ele>
   </trkpt>
   <trkpt lat="34.480810000000005" lon="-118.15090000000001">
    <ele>902.33</ele>
   </trkpt>
   <trkpt lat="34.48082" lon="-118.15017">
    <ele>904.0400000000001</ele>
   </trkpt>
   <trkpt lat="34.48084" lon="-118.14995">
    <ele>904.0400000000001</ele>
   </trkpt>
   <trkpt lat="34.480990000000006" lon="-118.14932">
    <ele>906.4900000000001</ele>
   </trkpt>
   <trkpt lat="34.48114" lon="-118.14892">
    <ele>907.2800000000001</ele>
   </trkpt>
   <trkpt lat="34.48162388621315" lon="-118.14801467840243">
    <ele>911.5300000000001</ele>
   </trkpt>
   <trkpt lat="34.48210776575049" lon="-118.14710934630241">
    <ele>913.87</ele>
   </trkpt>
   <trkpt lat="34.48259163861185" lon="-118.14620400369986">
    <ele>917.39</ele>
   </trkpt>
   <trkpt lat="34.483075504797014" lon="-118.14529865059453">
    <ele>920.8100000000001</ele>
   </trkpt>
   <trkpt lat="34.48355936430579" lon="-118.14439328698631">
    <ele>923.76</ele>
   </trkpt>
   <trkpt lat="34.48404321713799" lon="-118.14348791287503">
    <ele>926.3500000000001</ele>
   </trkpt>
   <trkpt lat="34.48452706329339" lon="-118.14258252826048">
    <ele>928.46</ele>
   </trkpt>
   <trkpt lat="34.48501090277182" lon="-118.14167713314252">
    <ele>929.9900000000001</ele>
   </trkpt>
   <trkpt lat="34.48549473557307" lon="-118.14077172752098">
    <ele>932.7900000000001</ele>
   </trkpt>
   <trkpt lat="34.485978561696925" lon="-118.13986631139572">
    <ele>935.03</ele>
   </trkpt>
   <trkpt lat="34.48646238114322" lon="-118.13896088476653">
    <ele>937.88</ele>
   </trkpt>
   <trkpt lat="34.48694619391173" lon="-118.13805544763328">
    <ele>939.9300000000001</ele>
   </trkpt>
   <trkpt lat="34.48743" lon="-118.13715">
    <ele>943.6000000000001</ele>
   </trkpt>
   <trkpt lat="34.487570000000005" lon="-118.13698000000001">
    <ele>944.7900000000001</ele>
   </trkpt>
   <trkpt lat="34.487820000000006" lon="-118.13677000000001">
    <ele>946.21</ele>
   </trkpt>
   <trkpt lat="34.488020000000006" lon="-118.1367">
    <ele>946.82</ele>
   </trkpt>
   <trkpt lat="34.48823" lon="-118.1367">
    <ele>946.96</ele>
   </trkpt>
   <trkpt lat="34.488633348868916" lon="-118.13582668777708">
    <ele>951.22</ele>
   </trkpt>
   <trkpt lat="34.4890366915252" lon="-118.13495336710707">
    <ele>956.9300000000001</ele>
   </trkpt>
   <trkpt lat="34.48944002796869" lon="-118.13408003798996">
    <ele>959.2900000000001</ele>
   </trkpt>
   <trkpt lat="34.489843358199224" lon="-118.13320670042559">
    <ele>961.82</ele>
   </trkpt>
   <trkpt lat="34.49024668221667" lon="-118.13233335441387">
    <ele>964.0400000000001</ele>
   </trkpt>
   <trkpt lat="34.49065" lon="-118.13146">
    <ele>966.37</ele>
   </trkpt>
   <trkpt lat="34.49081" lon="-118.13106">
    <ele>967.11</ele>
   </trkpt>
   <trkpt lat="34.49105" lon="-118.13025">
    <ele>969.74</ele>
   </trkpt>
   <trkpt lat="34.491210002609684" lon="-118.12945000152025">
    <ele>972.32</ele>
   </trkpt>
   <trkpt lat="34.49137" lon="-118.12865000000001">
    <ele>973.5400000000001</ele>
   </trkpt>
   <trkpt lat="34.49156" lon="-118.12815">
    <ele>973.1800000000001</ele>
   </trkpt>
   <trkpt lat="34.491780000000006" lon="-118.12776000000001">
    <ele>971.57</ele>
   </trkpt>
   <trkpt lat="34.49197" lon="-118.12748">
    <ele>969.3600000000001</ele>
   </trkpt>
   <trkpt lat="34.49248500463409" lon="-118.12686501137966">
    <ele>964.9100000000001</ele>
   </trkpt>
   <trkpt lat="34.49300000618716" lon="-118.12625001516312">
    <ele>960.83</ele>
   </trkpt>
   <trkpt lat="34.49351500465912" lon="-118.1256350113501">
    <ele>959.4100000000001</ele>
   </trkpt>
   <trkpt lat="34.49403" lon="-118.12502">
    <ele>960.67</ele>
   </trkpt>
   <trkpt lat="34.49434" lon="-118.1247">
    <ele>961.4800000000001</ele>
   </trkpt>
   <trkpt lat="34.495020000000004" lon="-118.12404000000001">
    <ele>965.2400000000001</ele>
   </trkpt>
   <trkpt lat="34.49554000127967" lon="-118.12348000348999">
    <ele>966.8700000000001</ele>
   </trkpt>
   <trkpt lat="34.49606" lon="-118.12292000000001">
    <ele>969.2</ele>
   </trkpt>
   <trkpt lat="34.49672333659879" lon="-118.12228334349919">
    <ele>971.67</ele>
   </trkpt>
   <trkpt lat="34.49738666989544" lon="-118.12164667686791">
    <ele>974.46</ele>
   </trkpt>
   <trkpt lat="34.498050000000006" lon="-118.12101000000001">
    <ele>977.23</ele>
   </trkpt>
   <trkpt lat="34.498713336496785" lon="-118.12038667658774">
    <ele>980.52</ele>
   </trkpt>
   <trkpt lat="34.499376669828166" lon="-118.11976334325638">
    <ele>983.9100000000001</ele>
   </trkpt>
   <trkpt lat="34.500040000000006" lon="-118.11914000000002">
    <ele>985.2900000000001</ele>
   </trkpt>
   <trkpt lat="34.5003900006748" lon="-118.11877000142961">
    <ele>985.5</ele>
   </trkpt>
   <trkpt lat="34.50074" lon="-118.11840000000001">
    <ele>985.5</ele>
   </trkpt>
   <trkpt lat="34.501430000000006" lon="-118.11775000000002">
    <ele>984.77</ele>
   </trkpt>
   <trkpt lat="34.50203000117522" lon="-118.11719500406834">
    <ele>983.3100000000001</ele>
   </trkpt>
   <trkpt lat="34.50263" lon="-118.11664">
    <ele>981.99</ele>
   </trkpt>
   <trkpt lat="34.50325500395326" lon="-118.11607001283754">
    <ele>979.7900000000001</ele>
   </trkpt>
   <trkpt lat="34.503880005259504" lon="-118.11550001712747">
    <ele>978.0500000000001</ele>
   </trkpt>
   <trkpt lat="34.50450500391864" lon="-118.1149300128695">
    <ele>977.25</ele>
   </trkpt>
   <trkpt lat="34.50513" lon="-118.11436">
    <ele>976.3000000000001</ele>
   </trkpt>
   <trkpt lat="34.50582500142353" lon="-118.11378000479203">
    <ele>976.33</ele>
   </trkpt>
   <trkpt lat="34.50652" lon="-118.1132">
    <ele>976.3900000000001</ele>
   </trkpt>
   <trkpt lat="34.50709750242044" lon="-118.11275500925031">
    <ele>976.59</ele>
   </trkpt>
   <trkpt lat="34.50767500322745" lon="-118.11231001233377">
    <ele>978.7300000000001</ele>
   </trkpt>
   <trkpt lat="34.50825250242097" lon="-118.11186500925014">
    <ele>979.44</ele>
   </trkpt>
   <trkpt lat="34.50883" lon="-118.11142000000001">
    <ele>979.47</ele>
   </trkpt>
   <trkpt lat="34.509520007600976" lon="-118.1109037799215">
    <ele>979.34</ele>
   </trkpt>
   <trkpt lat="34.51021001303061" lon="-118.1103875512946">
    <ele>977.69</ele>
   </trkpt>
   <trkpt lat="34.51090001628877" lon="-118.10987131411883">
    <ele>974.96</ele>
   </trkpt>
   <trkpt lat="34.51159001737541" lon="-118.109355068394">
    <ele>970.28</ele>
   </trkpt>
   <trkpt lat="34.5122800162904" lon="-118.10883881411966">
    <ele>965.2100000000002</ele>
   </trkpt>
   <trkpt lat="34.51297001303368" lon="-118.10832255129552">
    <ele>959.9200000000001</ele>
   </trkpt>
   <trkpt lat="34.513660007605125" lon="-118.10780627992123">
    <ele>956.22</ele>
   </trkpt>
   <trkpt lat="34.51435" lon="-118.10729">
    <ele>951.1</ele>
   </trkpt>
   <trkpt lat="34.5148" lon="-118.10688">
    <ele>948.2300000000001</ele>
   </trkpt>
   <trkpt lat="34.515130000000006" lon="-118.10648">
    <ele>945.49</ele>
   </trkpt>
   <trkpt lat="34.51541" lon="-118.10608">
    <ele>943.36</ele>
   </trkpt>
   <trkpt lat="34.51568" lon="-118.10563">
    <ele>942.19</ele>
   </trkpt>
   <trkpt lat="34.516072509253334" lon="-118.1047600122922">
    <ele>938.6700000000001</ele>
   </trkpt>
   <trkpt lat="34.516465012338976" lon="-118.10389001638723">
    <ele>934.51</ele>
   </trkpt>
   <trkpt lat="34.51685750925677" lon="-118.103020012285">
    <ele>932.1700000000001</ele>
   </trkpt>
   <trkpt lat="34.517250000000004" lon="-118.10215000000001">
    <ele>929.0</ele>
   </trkpt>
   <trkpt lat="34.517520000000005" lon="-118.10173">
    <ele>927.3000000000001</ele>
   </trkpt>
   <trkpt lat="34.517720000000004" lon="-118.10147">
    <ele>925.7700000000001</ele>
   </trkpt>
   <trkpt lat="34.51825" lon="-118.10092000000002">
    <ele>923.5300000000001</ele>
   </trkpt>
   <trkpt lat="34.51874000081372" lon="-118.10045500279891">
    <ele>920.54</ele>
   </trkpt>
   <trkpt lat="34.51923" lon="-118.09999">
    <ele>917.78</ele>
   </trkpt>
   <trkpt lat="34.519855001429214" lon="-118.09941000429724">
    <ele>915.09</ele>
   </trkpt>
   <trkpt lat="34.520480000000006" lon="-118.09883">
    <ele>913.0600000000001</ele>
   </trkpt>
   <trkpt lat="34.52097333494524" lon="-118.09838667190868">
    <ele>911.66</ele>
   </trkpt>
   <trkpt lat="34.52146666828879" lon="-118.09794333856622">
    <ele>910.2</ele>
   </trkpt>
   <trkpt lat="34.52196" lon="-118.09750000000001">
    <ele>908.1800000000001</ele>
   </trkpt>
   <trkpt lat="34.522543335447196" lon="-118.09699000714836">
    <ele>906.0400000000001</ele>
   </trkpt>
   <trkpt lat="34.52312666877472" lon="-118.09648000715356">
    <ele>902.6600000000001</ele>
   </trkpt>
   <trkpt lat="34.52371" lon="-118.09597000000001">
    <ele>900.72</ele>
   </trkpt>
   <trkpt lat="34.52436000493635" lon="-118.09542001716433">
    <ele>898.85</ele>
   </trkpt>
   <trkpt lat="34.52501000740752" lon="-118.09487002574433">
    <ele>898.7</ele>
   </trkpt>
   <trkpt lat="34.52566000741345" lon="-118.0943200257397">
    <ele>900.2800000000001</ele>
   </trkpt>
   <trkpt lat="34.52631000495401" lon="-118.09377001715016">
    <ele>903.23</ele>
   </trkpt>
   <trkpt lat="34.52696" lon="-118.09322000000002">
    <ele>907.05</ele>
   </trkpt>
   <trkpt lat="34.52762400544252" lon="-118.09264201843685">
    <ele>909.88</ele>
   </trkpt>
   <trkpt lat="34.52828800816237" lon="-118.09206402765696">
    <ele>911.2900000000001</ele>
   </trkpt>
   <trkpt lat="34.52895200815942" lon="-118.09148602765994">
    <ele>911.95</ele>
   </trkpt>
   <trkpt lat="34.5296160054336" lon="-118.09090801844546">
    <ele>914.6400000000001</ele>
   </trkpt>
   <trkpt lat="34.530280000000005" lon="-118.09033000000001">
    <ele>915.6400000000001</ele>
   </trkpt>
   <trkpt lat="34.530940007765" lon="-118.08964002187197">
    <ele>916.95</ele>
   </trkpt>
   <trkpt lat="34.53160001164978" lon="-118.0889500328061">
    <ele>918.21</ele>
   </trkpt>
   <trkpt lat="34.53226001165418" lon="-118.08826003280204">
    <ele>917.07</ele>
   </trkpt>
   <trkpt lat="34.53292000777804" lon="-118.0875700218594">
    <ele>914.46</ele>
   </trkpt>
   <trkpt lat="34.53358" lon="-118.08688000000001">
    <ele>909.4300000000001</ele>
   </trkpt>
   <trkpt lat="34.534133335906475" lon="-118.08632000742617">
    <ele>905.6400000000001</ele>
   </trkpt>
   <trkpt lat="34.53468666925689" lon="-118.08576000740896">
    <ele>903.4100000000001</ele>
   </trkpt>
   <trkpt lat="34.53524" lon="-118.08520000000001">
    <ele>900.32</ele>
   </trkpt>
   <trkpt lat="34.53582000299069" lon="-118.08459667504847">
    <ele>895.7600000000001</ele>
   </trkpt>
   <trkpt lat="34.5364000030144" lon="-118.0839933416906">
    <ele>889.7</ele>
   </trkpt>
   <trkpt lat="34.53698" lon="-118.08339000000001">
    <ele>884.26</ele>
   </trkpt>
   <trkpt lat="34.53767500155929" lon="-118.08278000505504">
    <ele>883.51</ele>
   </trkpt>
   <trkpt lat="34.53837" lon="-118.08217">
    <ele>881.9300000000001</ele>
   </trkpt>
   <trkpt lat="34.538940000000004" lon="-118.08158000000002">
    <ele>881.19</ele>
   </trkpt>
   <trkpt lat="34.53949" lon="-118.08091">
    <ele>879.9800000000001</ele>
   </trkpt>
   <trkpt lat="34.53976" lon="-118.08052">
    <ele>879.3100000000001</ele>
   </trkpt>
   <trkpt lat="34.54001" lon="-118.08011">
    <ele>878.95</ele>
   </trkpt>
   <trkpt lat="34.540330000000004" lon="-118.07948">
    <ele>879.5400000000001</ele>
   </trkpt>
   <trkpt lat="34.54059" lon="-118.07882000000001">
    <ele>880.02</ele>
   </trkpt>
   <trkpt lat="34.540780000000005" lon="-118.07831000000002">
    <ele>880.23</ele>
   </trkpt>
   <trkpt lat="34.54106" lon="-118.07729">
    <ele>880.7900000000001</ele>
   </trkpt>
   <trkpt lat="34.541230017879265" lon="-118.0763533428982">
    <ele>880.8100000000001</ele>
   </trkpt>
   <trkpt lat="34.54140002860695" lon="-118.07541668197014">
    <ele>879.3100000000001</ele>
   </trkpt>
   <trkpt lat="34.54157003218299" lon="-118.0744800172159">
    <ele>875.95</ele>
   </trkpt>
   <trkpt lat="34.541740028607315" lon="-118.0735433486356">
    <ele>873.94</ele>
   </trkpt>
   <trkpt lat="34.54191001787984" lon="-118.07260667622937">
    <ele>871.4200000000001</ele>
   </trkpt>
   <trkpt lat="34.542080000000006" lon="-118.07167000000001">
    <ele>867.9000000000001</ele>
   </trkpt>
   <trkpt lat="34.54221333802737" lon="-118.07091000251663">
    <ele>865.19</ele>
   </trkpt>
   <trkpt lat="34.54234667134639" lon="-118.07015000259833">
    <ele>862.7900000000001</ele>
   </trkpt>
   <trkpt lat="34.542480000000005" lon="-118.06939000000001">
    <ele>859.92</ele>
   </trkpt>
   <trkpt lat="34.542585002318866" lon="-118.06863500098456">
    <ele>860.28</ele>
   </trkpt>
   <trkpt lat="34.54269" lon="-118.06788000000002">
    <ele>860.99</ele>
   </trkpt>
   <trkpt lat="34.5427" lon="-118.06739">
    <ele>858.72</ele>
   </trkpt>
   <trkpt lat="34.54270558715574" lon="-118.06640555608189">
    <ele>853.6600000000001</ele>
   </trkpt>
   <trkpt lat="34.542711166411436" lon="-118.06542111203173">
    <ele>853.0200000000001</ele>
   </trkpt>
   <trkpt lat="34.54271673776708" lon="-118.06443666784966">
    <ele>852.5400000000001</ele>
   </trkpt>
   <trkpt lat="34.54272230122269" lon="-118.06345222353589">
    <ele>853.48</ele>
   </trkpt>
   <trkpt lat="34.54272785677826" lon="-118.06246777909062">
    <ele>852.6</ele>
   </trkpt>
   <trkpt lat="34.542733404433775" lon="-118.06148333451405">
    <ele>852.2</ele>
   </trkpt>
   <trkpt lat="34.542738944189246" lon="-118.0604988898063">
    <ele>851.07</ele>
   </trkpt>
   <trkpt lat="34.54274447604466" lon="-118.05951444496765">
    <ele>850.96</ele>
   </trkpt>
   <trkpt lat="34.542750000000005" lon="-118.05853">
    <ele>850.9100000000001</ele>
   </trkpt>
   <trkpt lat="34.54274000454495" lon="-118.05778333317532">
    <ele>850.8500000000001</ele>
   </trkpt>
   <trkpt lat="34.54273000454523" lon="-118.05703666653001">
    <ele>850.5400000000001</ele>
   </trkpt>
   <trkpt lat="34.54272" lon="-118.05629">
    <ele>850.5</ele>
   </trkpt>
   <trkpt lat="34.54271859330056" lon="-118.05534428561623">
    <ele>850.47</ele>
   </trkpt>
   <trkpt lat="34.54271717931046" lon="-118.05439857126449">
    <ele>849.6800000000001</ele>
   </trkpt>
   <trkpt lat="34.542715758029686" lon="-118.05345285694499">
    <ele>848.07</ele>
   </trkpt>
   <trkpt lat="34.54271432945826" lon="-118.05250714265786">
    <ele>846.16</ele>
   </trkpt>
   <trkpt lat="34.54271289359616" lon="-118.05156142840326">
    <ele>844.8100000000001</ele>
   </trkpt>
   <trkpt lat="34.542711450443406" lon="-118.05061571418139">
    <ele>844.4800000000001</ele>
   </trkpt>
   <trkpt lat="34.54271" lon="-118.04967">
    <ele>844.5400000000001</ele>
   </trkpt>
   <trkpt lat="34.54271004490899" lon="-118.04866916667179">
    <ele>844.22</ele>
   </trkpt>
   <trkpt lat="34.542710081652714" lon="-118.04766833334263">
    <ele>844.0400000000001</ele>
   </trkpt>
   <trkpt lat="34.54271011023116" lon="-118.04666750001262">
    <ele>843.6300000000001</ele>
   </trkpt>
   <trkpt lat="34.54271013064433" lon="-118.04566666668208">
    <ele>843.64</ele>
   </trkpt>
   <trkpt lat="34.54271014289225" lon="-118.04466583335112">
    <ele>843.1400000000001</ele>
   </trkpt>
   <trkpt lat="34.54271014697488" lon="-118.04366500001996">
    <ele>842.64</ele>
   </trkpt>
   <trkpt lat="34.54271014289225" lon="-118.04266416668881">
    <ele>842.1400000000001</ele>
   </trkpt>
   <trkpt lat="34.54271013064433" lon="-118.04166333335785">
    <ele>841.86</ele>
   </trkpt>
   <trkpt lat="34.54271011023117" lon="-118.04066250002727">
    <ele>841.73</ele>
   </trkpt>
   <trkpt lat="34.542710081652714" lon="-118.0396616666973">
    <ele>841.35</ele>
   </trkpt>
   <trkpt lat="34.54271004490899" lon="-118.03866083336813">
    <ele>840.82</ele>
   </trkpt>
   <trkpt lat="34.54271" lon="-118.03766000000002">
    <ele>840.49</ele>
   </trkpt>
   <trkpt lat="34.542730000000006" lon="-118.03713">
    <ele>840.34</ele>
   </trkpt>
   <trkpt lat="34.54269" lon="-118.03699">
    <ele>840.34</ele>
   </trkpt>
   <trkpt lat="34.5426850019699" lon="-118.03629500011974">
    <ele>839.89</ele>
   </trkpt>
   <trkpt lat="34.542680000000004" lon="-118.03560000000002">
    <ele>840.0900000000001</ele>
   </trkpt>
   <trkpt lat="34.54274" lon="-118.03544000000001">
    <ele>840.0400000000001</ele>
   </trkpt>
   <trkpt lat="34.54274500125226" lon="-118.03488500038884">
    <ele>840.0400000000001</ele>
   </trkpt>
   <trkpt lat="34.542750000000005" lon="-118.03433000000001">
    <ele>840.01</ele>
   </trkpt>
   <trkpt lat="34.54274000626457" lon="-118.03345333308992">
    <ele>839.9000000000001</ele>
   </trkpt>
   <trkpt lat="34.542730006264186" lon="-118.0325766663904">
    <ele>840.1700000000001</ele>
   </trkpt>
   <trkpt lat="34.54272" lon="-118.03170000000001">
    <ele>841.0600000000001</ele>
   </trkpt>
   <trkpt lat="34.54272319442521" lon="-118.03063437560577">
    <ele>841.3100000000001</ele>
   </trkpt>
   <trkpt lat="34.54272637959372" lon="-118.02956875112987">
    <ele>841.32</ele>
   </trkpt>
   <trkpt lat="34.54272955550555" lon="-118.02850312657253">
    <ele>842.13</ele>
   </trkpt>
   <trkpt lat="34.542732722160686" lon="-118.02743750193397">
    <ele>842.38</ele>
   </trkpt>
   <trkpt lat="34.54273587955914" lon="-118.02637187721446">
    <ele>842.4800000000001</ele>
   </trkpt>
   <trkpt lat="34.5427390277009" lon="-118.02530625241421">
    <ele>842.76</ele>
   </trkpt>
   <trkpt lat="34.542742166585946" lon="-118.02424062753347">
    <ele>843.1</ele>
   </trkpt>
   <trkpt lat="34.54274529621432" lon="-118.02317500257249">
    <ele>843.8500000000001</ele>
   </trkpt>
   <trkpt lat="34.54274841658599" lon="-118.02210937753146">
    <ele>844.45</ele>
   </trkpt>
   <trkpt lat="34.54275152770094" lon="-118.02104375241066">
    <ele>844.95</ele>
   </trkpt>
   <trkpt lat="34.54275462955921" lon="-118.0199781272103">
    <ele>845.19</ele>
   </trkpt>
   <trkpt lat="34.54275772216077" lon="-118.01891250193067">
    <ele>846.11</ele>
   </trkpt>
   <trkpt lat="34.54276080550562" lon="-118.01784687657195">
    <ele>846.74</ele>
   </trkpt>
   <trkpt lat="34.54276387959377" lon="-118.01678125113439">
    <ele>847.7300000000001</ele>
   </trkpt>
   <trkpt lat="34.54276694442521" lon="-118.01571562561826">
    <ele>848.7000000000002</ele>
   </trkpt>
   <trkpt lat="34.542770000000004" lon="-118.01465">
    <ele>848.07</ele>
   </trkpt>
   <trkpt lat="34.54276780973566" lon="-118.01365999978806">
    <ele>847.6800000000001</ele>
   </trkpt>
   <trkpt lat="34.542765611481826" lon="-118.0126699996283">
    <ele>847.74</ele>
   </trkpt>
   <trkpt lat="34.54276340523854" lon="-118.01167999952095">
    <ele>847.62</ele>
   </trkpt>
   <trkpt lat="34.54276119100577" lon="-118.01068999946614">
    <ele>847.64</ele>
   </trkpt>
   <trkpt lat="34.54275896878355" lon="-118.00969999946413">
    <ele>848.0900000000001</ele>
   </trkpt>
   <trkpt lat="34.542756738571846" lon="-118.00870999951508">
    <ele>848.08</ele>
   </trkpt>
   <trkpt lat="34.5427545003707" lon="-118.00771999961917">
    <ele>847.94</ele>
   </trkpt>
   <trkpt lat="34.54275225418007" lon="-118.00672999977661">
    <ele>847.71</ele>
   </trkpt>
   <trkpt lat="34.542750000000005" lon="-118.00574">
    <ele>847.46</ele>
   </trkpt>
   <trkpt lat="34.5427600338199" lon="-118.00465125091094">
    <ele>847.1200000000001</ele>
   </trkpt>
   <trkpt lat="34.54277005797701" lon="-118.0035625015595">
    <ele>847.0900000000001</ele>
   </trkpt>
   <trkpt lat="34.542780072471295" lon="-118.00247375194594">
    <ele>846.8000000000001</ele>
   </trkpt>
   <trkpt lat="34.54279007730278" lon="-118.00138500207053">
    <ele>846.4200000000001</ele>
   </trkpt>
   <trkpt lat="34.54280007247143" lon="-118.00029625193348">
    <ele>846.1400000000001</ele>
   </trkpt>
   <trkpt lat="34.542810057977256" lon="-117.9992075015351">
    <ele>846.2</ele>
   </trkpt>
   <trkpt lat="34.54282003382025" lon="-117.99811875087556">
    <ele>846.33</ele>
   </trkpt>
   <trkpt lat="34.54283" lon="-117.99703000000001">
    <ele>845.6</ele>
   </trkpt>
   <trkpt lat="34.542833127809196" lon="-117.99601000045357">
    <ele>845.21</ele>
   </trkpt>
   <trkpt lat="34.542836247137394" lon="-117.99499000083055">
    <ele>844.22</ele>
   </trkpt>
   <trkpt lat="34.542839357984555" lon="-117.99397000113122">
    <ele>843.9000000000001</ele>
   </trkpt>
   <trkpt lat="34.54284246035072" lon="-117.99295000135574">
    <ele>843.58</ele>
   </trkpt>
   <trkpt lat="34.542845554235846" lon="-117.99193000150429">
    <ele>843.23</ele>
   </trkpt>
   <trkpt lat="34.54284863963997" lon="-117.99091000157715">
    <ele>843.2700000000001</ele>
   </trkpt>
   <trkpt lat="34.542851716563064" lon="-117.98989000157445">
    <ele>842.5</ele>
   </trkpt>
   <trkpt lat="34.542854785005126" lon="-117.98887000149648">
    <ele>842.0900000000001</ele>
   </trkpt>
   <trkpt lat="34.54285784496617" lon="-117.9878500013434">
    <ele>842.9100000000001</ele>
   </trkpt>
   <trkpt lat="34.54286089644618" lon="-117.98683000111542">
    <ele>843.5100000000001</ele>
   </trkpt>
   <trkpt lat="34.54286393944517" lon="-117.98581000081276">
    <ele>843.8100000000001</ele>
   </trkpt>
   <trkpt lat="34.542866973963115" lon="-117.98479000043564">
    <ele>844.33</ele>
   </trkpt>
   <trkpt lat="34.54287" lon="-117.98377">
    <ele>844.9300000000001</ele>
   </trkpt>
   <trkpt lat="34.54288000756519" lon="-117.98280666686809">
    <ele>844.8700000000001</ele>
   </trkpt>
   <trkpt lat="34.5428900075655" lon="-117.98184333350461">
    <ele>845.2700000000001</ele>
   </trkpt>
   <trkpt lat="34.5429" lon="-117.98088000000001">
    <ele>845.34</ele>
   </trkpt>
   <trkpt lat="34.5428950025428" lon="-117.9800899998039">
    <ele>845.6500000000001</ele>
   </trkpt>
   <trkpt lat="34.54289" lon="-117.97930000000001">
    <ele>845.8800000000001</ele>
   </trkpt>
   <trkpt lat="34.54289601279825" lon="-117.97841400023202">
    <ele>846.25</ele>
   </trkpt>
   <trkpt lat="34.54290201919747" lon="-117.9775280003361">
    <ele>846.47</ele>
   </trkpt>
   <trkpt lat="34.54290801919763" lon="-117.97664200031238">
    <ele>846.99</ele>
   </trkpt>
   <trkpt lat="34.54291401279875" lon="-117.97575600016098">
    <ele>847.4100000000001</ele>
   </trkpt>
   <trkpt lat="34.54292" lon="-117.97487000000001">
    <ele>847.6300000000001</ele>
   </trkpt>
   <trkpt lat="34.54292148619648" lon="-117.97382714309482">
    <ele>847.94</ele>
   </trkpt>
   <trkpt lat="34.54292296352755" lon="-117.97278428615249">
    <ele>848.6300000000001</ele>
   </trkpt>
   <trkpt lat="34.54292443199325" lon="-117.97174142917326">
    <ele>849.0500000000001</ele>
   </trkpt>
   <trkpt lat="34.542925891593555" lon="-117.97069857215735">
    <ele>849.25</ele>
   </trkpt>
   <trkpt lat="34.54292734232847" lon="-117.96965571510495">
    <ele>850.4200000000001</ele>
   </trkpt>
   <trkpt lat="34.54292878419798" lon="-117.96861285801633">
    <ele>851.4200000000001</ele>
   </trkpt>
   <trkpt lat="34.54293021720212" lon="-117.96757000089167">
    <ele>852.38</ele>
   </trkpt>
   <trkpt lat="34.54293164134085" lon="-117.96652714373123">
    <ele>853.26</ele>
   </trkpt>
   <trkpt lat="34.54293305661419" lon="-117.9654842865352">
    <ele>853.82</ele>
   </trkpt>
   <trkpt lat="34.542934463022135" lon="-117.96444142930383">
    <ele>854.7</ele>
   </trkpt>
   <trkpt lat="34.54293586056469" lon="-117.9633985720373">
    <ele>855.11</ele>
   </trkpt>
   <trkpt lat="34.542937249241845" lon="-117.96235571473588">
    <ele>855.09</ele>
   </trkpt>
   <trkpt lat="34.5429386290536" lon="-117.9613128573998">
    <ele>854.9700000000001</ele>
   </trkpt>
   <trkpt lat="34.54294" lon="-117.96027000000001">
    <ele>854.7600000000001</ele>
   </trkpt>
   <trkpt lat="34.542945004493006" lon="-117.95922000019546">
    <ele>854.59</ele>
   </trkpt>
   <trkpt lat="34.542950000000005" lon="-117.95817000000001">
    <ele>853.1</ele>
   </trkpt>
   <trkpt lat="34.54298" lon="-117.95713">
    <ele>852.74</ele>
   </trkpt>
   <trkpt lat="34.54308" lon="-117.95615000000001">
    <ele>853.21</ele>
   </trkpt>
   <trkpt lat="34.5431550012501" lon="-117.95559500053982">
    <ele>853.5400000000001</ele>
   </trkpt>
   <trkpt lat="34.54323" lon="-117.95504000000001">
    <ele>853.07</ele>
   </trkpt>
   <trkpt lat="34.54331500195469" lon="-117.95434500082477">
    <ele>853.0200000000001</ele>
   </trkpt>
   <trkpt lat="34.543400000000005" lon="-117.95365000000001">
    <ele>854.4100000000001</ele>
   </trkpt>
   <trkpt lat="34.54346" lon="-117.95305">
    <ele>855.13</ele>
   </trkpt>
   <trkpt lat="34.543470000000006" lon="-117.95275000000001">
    <ele>855.2700000000001</ele>
   </trkpt>
   <trkpt lat="34.54345" lon="-117.95181000000001">
    <ele>855.71</ele>
   </trkpt>
   <trkpt lat="34.543380000000006" lon="-117.95103">
    <ele>855.0000000000001</ele>
   </trkpt>
   <trkpt lat="34.54325000788788" lon="-117.95004666363727">
    <ele>853.94</ele>
   </trkpt>
   <trkpt lat="34.54312000789345" lon="-117.9490633303462">
    <ele>853.1400000000001</ele>
   </trkpt>
   <trkpt lat="34.54299" lon="-117.94808">
    <ele>853.74</ele>
   </trkpt>
   <trkpt lat="34.54294" lon="-117.94754">
    <ele>853.98</ele>
   </trkpt>
   <trkpt lat="34.542910000000006" lon="-117.94666000000001">
    <ele>854.1700000000001</ele>
   </trkpt>
   <trkpt lat="34.54290878115652" lon="-117.9456149998914">
    <ele>854.5800000000002</ele>
   </trkpt>
   <trkpt lat="34.54290755341117" lon="-117.94456999981354">
    <ele>854.5400000000001</ele>
   </trkpt>
   <trkpt lat="34.54290631676397" lon="-117.94352499976662">
    <ele>855.07</ele>
   </trkpt>
   <trkpt lat="34.5429050712149" lon="-117.94247999975087">
    <ele>855.5400000000001</ele>
   </trkpt>
   <trkpt lat="34.54290381676396" lon="-117.94143499976649">
    <ele>856.2</ele>
   </trkpt>
   <trkpt lat="34.54290255341118" lon="-117.94038999981373">
    <ele>856.04</ele>
   </trkpt>
   <trkpt lat="34.54290128115652" lon="-117.93934499989282">
    <ele>855.6600000000001</ele>
   </trkpt>
   <trkpt lat="34.5429" lon="-117.93830000000001">
    <ele>855.59</ele>
   </trkpt>
   <trkpt lat="34.542893393713676" lon="-117.93727133218137">
    <ele>855.7500000000001</ele>
   </trkpt>
   <trkpt lat="34.54288677880159" lon="-117.93624266452613">
    <ele>855.96</ele>
   </trkpt>
   <trkpt lat="34.5428801552637" lon="-117.9352139970345">
    <ele>856.2700000000001</ele>
   </trkpt>
   <trkpt lat="34.542873523100056" lon="-117.9341853297067">
    <ele>856.28</ele>
   </trkpt>
   <trkpt lat="34.54286688231063" lon="-117.93315666254293">
    <ele>856.6100000000001</ele>
   </trkpt>
   <trkpt lat="34.542860232895436" lon="-117.93212799554342">
    <ele>856.59</ele>
   </trkpt>
   <trkpt lat="34.54285357485449" lon="-117.93109932870837">
    <ele>856.28</ele>
   </trkpt>
   <trkpt lat="34.54284690818778" lon="-117.93007066203802">
    <ele>855.77</ele>
   </trkpt>
   <trkpt lat="34.5428402328953" lon="-117.92904199553254">
    <ele>855.0200000000001</ele>
   </trkpt>
   <trkpt lat="34.542833548977086" lon="-117.9280133291922">
    <ele>855.45</ele>
   </trkpt>
   <trkpt lat="34.542826856433116" lon="-117.92698466301714">
    <ele>855.84</ele>
   </trkpt>
   <trkpt lat="34.5428201552634" lon="-117.92595599700762">
    <ele>856.77</ele>
   </trkpt>
   <trkpt lat="34.54281344546796" lon="-117.92492733116384">
    <ele>857.32</ele>
   </trkpt>
   <trkpt lat="34.54280672704676" lon="-117.92389866548605">
    <ele>857.87</ele>
   </trkpt>
   <trkpt lat="34.5428" lon="-117.92287">
    <ele>858.16</ele>
   </trkpt>
   <trkpt lat="34.542801245734644" lon="-117.92183941200103">
    <ele>858.59</ele>
   </trkpt>
   <trkpt lat="34.5428024828113" lon="-117.9208088239713">
    <ele>859.1200000000001</ele>
   </trkpt>
   <trkpt lat="34.54280371122993" lon="-117.91977823591104">
    <ele>859.7600000000001</ele>
   </trkpt>
   <trkpt lat="34.54280493099057" lon="-117.91874764782044">
    <ele>860.32</ele>
   </trkpt>
   <trkpt lat="34.5428061420932" lon="-117.91771705969977">
    <ele>860.8800000000001</ele>
   </trkpt>
   <trkpt lat="34.54280734453781" lon="-117.9166864715492">
    <ele>861.1</ele>
   </trkpt>
   <trkpt lat="34.54280853832444" lon="-117.91565588336898">
    <ele>861.87</ele>
   </trkpt>
   <trkpt lat="34.54280972345304" lon="-117.91462529515928">
    <ele>862.1</ele>
   </trkpt>
   <trkpt lat="34.54281089992364" lon="-117.91359470692035">
    <ele>862.3700000000001</ele>
   </trkpt>
   <trkpt lat="34.54281206773622" lon="-117.9125641186524">
    <ele>862.8000000000001</ele>
   </trkpt>
   <trkpt lat="34.5428132268908" lon="-117.91153353035564">
    <ele>863.44</ele>
   </trkpt>
   <trkpt lat="34.54281437738737" lon="-117.91050294203026">
    <ele>864.14</ele>
   </trkpt>
   <trkpt lat="34.542815519225925" lon="-117.9094723536765">
    <ele>864.6400000000001</ele>
   </trkpt>
   <trkpt lat="34.542816652406465" lon="-117.90844176529458">
    <ele>865.35</ele>
   </trkpt>
   <trkpt lat="34.542817776929006" lon="-117.90741117688472">
    <ele>865.8800000000001</ele>
   </trkpt>
   <trkpt lat="34.54281889279351" lon="-117.90638058844709">
    <ele>866.33</ele>
   </trkpt>
   <trkpt lat="34.542820000000006" lon="-117.90535000000001">
    <ele>866.84</ele>
   </trkpt>
   <trkpt lat="34.54281503366469" lon="-117.90426374953213">
    <ele>867.4000000000001</ele>
   </trkpt>
   <trkpt lat="34.54281005771088" lon="-117.903177499194">
    <ele>868.16</ele>
   </trkpt>
   <trkpt lat="34.54280507213857" lon="-117.90209124898588">
    <ele>868.4900000000001</ele>
   </trkpt>
   <trkpt lat="34.542800076947756" lon="-117.90100499890796">
    <ele>868.6800000000001</ele>
   </trkpt>
   <trkpt lat="34.542795072138446" lon="-117.8999187489606">
    <ele>869.01</ele>
   </trkpt>
   <trkpt lat="34.54279005771063" lon="-117.898832499144">
    <ele>869.2500000000001</ele>
   </trkpt>
   <trkpt lat="34.54278503366434" lon="-117.8977462494584">
    <ele>869.7600000000001</ele>
   </trkpt>
   <trkpt lat="34.54278" lon="-117.89666000000001">
    <ele>870.1800000000001</ele>
   </trkpt>
   <trkpt lat="34.54277859310281" lon="-117.8957185713373">
    <ele>870.19</ele>
   </trkpt>
   <trkpt lat="34.54277717898086" lon="-117.89477714270649">
    <ele>870.6800000000001</ele>
   </trkpt>
   <trkpt lat="34.542775757634175" lon="-117.89383571410771">
    <ele>871.11</ele>
   </trkpt>
   <trkpt lat="34.54277432906276" lon="-117.8928942855412">
    <ele>871.6400000000001</ele>
   </trkpt>
   <trkpt lat="34.5427728932666" lon="-117.89195285700708">
    <ele>872.1</ele>
   </trkpt>
   <trkpt lat="34.542771450245695" lon="-117.89101142850554">
    <ele>872.2200000000001</ele>
   </trkpt>
   <trkpt lat="34.542770000000004" lon="-117.89007000000001">
    <ele>872.33</ele>
   </trkpt>
   <trkpt lat="34.542773338041506" lon="-117.88931000011894">
    <ele>872.57</ele>
   </trkpt>
   <trkpt lat="34.54277667137458" lon="-117.88855000017696">
    <ele>872.6700000000001</ele>
   </trkpt>
   <trkpt lat="34.54278" lon="-117.88779000000001">
    <ele>872.86</ele>
   </trkpt>
   <trkpt lat="34.54277577649799" lon="-117.8867064278532">
    <ele>873.5400000000001</ele>
   </trkpt>
   <trkpt lat="34.54277154342486" lon="-117.8856228558165">
    <ele>874.58</ele>
   </trkpt>
   <trkpt lat="34.5427673007806" lon="-117.8845392838901">
    <ele>875.6700000000001</ele>
   </trkpt>
   <trkpt lat="34.54276304856523" lon="-117.88345571207432">
    <ele>876.14</ele>
   </trkpt>
   <trkpt lat="34.54275878677872" lon="-117.8823721403694">
    <ele>876.85</ele>
   </trkpt>
   <trkpt lat="34.5427545154211" lon="-117.88128856877552">
    <ele>877.5</ele>
   </trkpt>
   <trkpt lat="34.54275023449237" lon="-117.88020499729302">
    <ele>878.09</ele>
   </trkpt>
   <trkpt lat="34.54274594399253" lon="-117.87912142592208">
    <ele>877.96</ele>
   </trkpt>
   <trkpt lat="34.54274164392156" lon="-117.87803785466298">
    <ele>878.7600000000001</ele>
   </trkpt>
   <trkpt lat="34.5427373342795" lon="-117.87695428351599">
    <ele>879.26</ele>
   </trkpt>
   <trkpt lat="34.54273301506633" lon="-117.87587071248129">
    <ele>879.8</ele>
   </trkpt>
   <trkpt lat="34.54272868628206" lon="-117.87478714155924">
    <ele>880.2800000000001</ele>
   </trkpt>
   <trkpt lat="34.54272434792669" lon="-117.87370357074997">
    <ele>880.2</ele>
   </trkpt>
   <trkpt lat="34.54272" lon="-117.87262000000001">
    <ele>881.7300000000001</ele>
   </trkpt>
   <trkpt lat="34.54270804082859" lon="-117.8715649986291">
    <ele>882.38</ele>
   </trkpt>
   <trkpt lat="34.54269607258412" lon="-117.87050999756148">
    <ele>882.72</ele>
   </trkpt>
   <trkpt lat="34.54268409526661" lon="-117.86945499679739">
    <ele>883.07</ele>
   </trkpt>
   <trkpt lat="34.542672108876076" lon="-117.86839999633702">
    <ele>883.58</ele>
   </trkpt>
   <trkpt lat="34.54266011341252" lon="-117.86734499618065">
    <ele>883.87</ele>
   </trkpt>
   <trkpt lat="34.54264810887595" lon="-117.86628999632845">
    <ele>883.8600000000001</ele>
   </trkpt>
   <trkpt lat="34.54263609526636" lon="-117.8652349967807">
    <ele>884.58</ele>
   </trkpt>
   <trkpt lat="34.54262407258378" lon="-117.86417999753763">
    <ele>884.63</ele>
   </trkpt>
   <trkpt lat="34.542612040828196" lon="-117.86312499859945">
    <ele>885.38</ele>
   </trkpt>
   <trkpt lat="34.5426" lon="-117.86207">
    <ele>885.1800000000001</ele>
   </trkpt>
   <trkpt lat="34.54258604090595" lon="-117.86101399840045">
    <ele>885.5600000000001</ele>
   </trkpt>
   <trkpt lat="34.542572072721676" lon="-117.85995799715522">
    <ele>885.71</ele>
   </trkpt>
   <trkpt lat="34.54255809544717" lon="-117.85890199626454">
    <ele>886.2</ele>
   </trkpt>
   <trkpt lat="34.542544109082414" lon="-117.85784599572862">
    <ele>886.75</ele>
   </trkpt>
   <trkpt lat="34.542530113627464" lon="-117.85678999554773">
    <ele>886.8300000000002</ele>
   </trkpt>
   <trkpt lat="34.54251610908229" lon="-117.85573399572208">
    <ele>887.34</ele>
   </trkpt>
   <trkpt lat="34.54250209544693" lon="-117.85467799625191">
    <ele>887.51</ele>
   </trkpt>
   <trkpt lat="34.54248807272137" lon="-117.85362199713742">
    <ele>887.57</ele>
   </trkpt>
   <trkpt lat="34.54247404090562" lon="-117.85256599837888">
    <ele>888.2</ele>
   </trkpt>
   <trkpt lat="34.542460000000005" lon="-117.85151">
    <ele>888.7400000000001</ele>
   </trkpt>
   <trkpt lat="34.54245877608894" lon="-117.85055374988939">
    <ele>887.85</ele>
   </trkpt>
   <trkpt lat="34.542457544723895" lon="-117.84959749980698">
    <ele>888.6700000000001</ele>
   </trkpt>
   <trkpt lat="34.54245630590486" lon="-117.84864124975297">
    <ele>889.14</ele>
   </trkpt>
   <trkpt lat="34.54245505963183" lon="-117.8476849997275">
    <ele>889.3000000000001</ele>
   </trkpt>
   <trkpt lat="34.54245380590482" lon="-117.84672874973074">
    <ele>889.6</ele>
   </trkpt>
   <trkpt lat="34.54245254472383" lon="-117.84577249976289">
    <ele>890.09</ele>
   </trkpt>
   <trkpt lat="34.54245127608885" lon="-117.8448162498241">
    <ele>890.2200000000001</ele>
   </trkpt>
   <trkpt lat="34.54245" lon="-117.84386">
    <ele>890.4200000000001</ele>
   </trkpt>
   <trkpt lat="34.54244878056287" lon="-117.84282499988106">
    <ele>890.0400000000001</ele>
   </trkpt>
   <trkpt lat="34.54244755239349" lon="-117.84178999979257">
    <ele>890.9100000000001</ele>
   </trkpt>
   <trkpt lat="34.54244631549185" lon="-117.84075499973474">
    <ele>890.96</ele>
   </trkpt>
   <trkpt lat="34.54244506985797" lon="-117.83971999970778">
    <ele>891.12</ele>
   </trkpt>
   <trkpt lat="34.54244381549183" lon="-117.83868499971192">
    <ele>891.2</ele>
   </trkpt>
   <trkpt lat="34.54244255239344" lon="-117.83764999974734">
    <ele>891.1600000000001</ele>
   </trkpt>
   <trkpt lat="34.542441280562784" lon="-117.83661499981429">
    <ele>891.4000000000001</ele>
   </trkpt>
   <trkpt lat="34.542440000000006" lon="-117.83558000000001">
    <ele>891.11</ele>
   </trkpt>
   <trkpt lat="34.54290000001707" lon="-117.83558000000001">
    <ele>889.84</ele>
   </trkpt>
   <trkpt lat="34.54336" lon="-117.83558000000001">
    <ele>888.73</ele>
   </trkpt>
   <trkpt lat="34.54365" lon="-117.83557">
    <ele>888.5500000000001</ele>
   </trkpt>
   <trkpt lat="34.54404" lon="-117.83548">
    <ele>888.36</ele>
   </trkpt>
   <trkpt lat="34.544650000000004" lon="-117.83527000000001">
    <ele>887.8600000000001</ele>
   </trkpt>
   <trkpt lat="34.545030000000004" lon="-117.83512">
    <ele>887.4200000000001</ele>
   </trkpt>
   <trkpt lat="34.5454" lon="-117.83491000000001">
    <ele>887.12</ele>
   </trkpt>
   <trkpt lat="34.54576" lon="-117.83468">
    <ele>886.5400000000001</ele>
   </trkpt>
   <trkpt lat="34.546110000000006" lon="-117.83442000000001">
    <ele>885.8800000000001</ele>
   </trkpt>
   <trkpt lat="34.546575000867136" lon="-117.83394000275636">
    <ele>885.3400000000001</ele>
   </trkpt>
   <trkpt lat="34.54704" lon="-117.83346000000002">
    <ele>884.8600000000001</ele>
   </trkpt>
   <trkpt lat="34.54744000130782" lon="-117.83288000287976">
    <ele>884.58</ele>
   </trkpt>
   <trkpt lat="34.54784" lon="-117.8323">
    <ele>884.09</ele>
   </trkpt>
   <trkpt lat="34.54832250515933" lon="-117.8316500113163">
    <ele>883.5</ele>
   </trkpt>
   <trkpt lat="34.54880500687439" lon="-117.83100001509492">
    <ele>882.96</ele>
   </trkpt>
   <trkpt lat="34.54928750514509" lon="-117.83035001133577">
    <ele>882.5400000000001</ele>
   </trkpt>
   <trkpt lat="34.54977" lon="-117.8297">
    <ele>882.0100000000001</ele>
   </trkpt>
   <trkpt lat="34.55006" lon="-117.82935">
    <ele>881.1800000000001</ele>
   </trkpt>
   <trkpt lat="34.550740000000005" lon="-117.82868">
    <ele>879.87</ele>
   </trkpt>
   <trkpt lat="34.55136" lon="-117.82820000000001">
    <ele>879.41</ele>
   </trkpt>
   <trkpt lat="34.552020000000006" lon="-117.82774">
    <ele>878.9100000000001</ele>
   </trkpt>
   <trkpt lat="34.55244500005189" lon="-117.82751000126346">
    <ele>878.5600000000001</ele>
   </trkpt>
   <trkpt lat="34.552870000000006" lon="-117.82728000000002">
    <ele>878.0600000000001</ele>
   </trkpt>
   <trkpt lat="34.553390000101956" lon="-117.82706000141535">
    <ele>877.1000000000001</ele>
   </trkpt>
   <trkpt lat="34.55391" lon="-117.82684">
    <ele>876.45</ele>
   </trkpt>
   <trkpt lat="34.55441000001348" lon="-117.82671000079569">
    <ele>876.08</ele>
   </trkpt>
   <trkpt lat="34.55491" lon="-117.82658">
    <ele>875.7</ele>
   </trkpt>
   <trkpt lat="34.555409999817954" lon="-117.82653000031972">
    <ele>875.1200000000001</ele>
   </trkpt>
   <trkpt lat="34.555910000000004" lon="-117.82648">
    <ele>874.5500000000001</ele>
   </trkpt>
   <trkpt lat="34.55659666658622" lon="-117.82647666672209">
    <ele>874.14</ele>
   </trkpt>
   <trkpt lat="34.55728333317234" lon="-117.82647333338915">
    <ele>873.35</ele>
   </trkpt>
   <trkpt lat="34.557970000000005" lon="-117.82647000000001">
    <ele>872.5400000000001</ele>
   </trkpt>
   <trkpt lat="34.55796819591324" lon="-117.82539312464154">
    <ele>872.5400000000001</ele>
   </trkpt>
   <trkpt lat="34.557966382371376" lon="-117.82431624932988">
    <ele>872.4000000000001</ele>
   </trkpt>
   <trkpt lat="34.55796455937441" lon="-117.82323937406532">
    <ele>872.4000000000001</ele>
   </trkpt>
   <trkpt lat="34.55796272692235" lon="-117.8221624988481">
    <ele>872.5</ele>
   </trkpt>
   <trkpt lat="34.557960885015184" lon="-117.8210856236784">
    <ele>872.5</ele>
   </trkpt>
   <trkpt lat="34.55795903365292" lon="-117.82000874855652">
    <ele>872.5</ele>
   </trkpt>
   <trkpt lat="34.55795717283556" lon="-117.81893187348273">
    <ele>872.5</ele>
   </trkpt>
   <trkpt lat="34.557955302563094" lon="-117.81785499845722">
    <ele>872.5</ele>
   </trkpt>
   <trkpt lat="34.55795342283554" lon="-117.81677812348026">
    <ele>872.5</ele>
   </trkpt>
   <trkpt lat="34.55795153365289" lon="-117.81570124855207">
    <ele>873.32</ele>
   </trkpt>
   <trkpt lat="34.55794963501514" lon="-117.81462437367293">
    <ele>873.32</ele>
   </trkpt>
   <trkpt lat="34.5579477269223" lon="-117.81354749884309">
    <ele>873.32</ele>
   </trkpt>
   <trkpt lat="34.557945809374374" lon="-117.81247062406273">
    <ele>873.32</ele>
   </trkpt>
   <trkpt lat="34.55794388237136" lon="-117.81139374933218">
    <ele>873.32</ele>
   </trkpt>
   <trkpt lat="34.55794194591324" lon="-117.81031687465163">
    <ele>873.53</ele>
   </trkpt>
   <trkpt lat="34.55794" lon="-117.80924">
    <ele>873.53</ele>
   </trkpt>
   <trkpt lat="34.557930000000006" lon="-117.80877000000001">
    <ele>873.6600000000001</ele>
   </trkpt>
   <trkpt lat="34.557931281686805" lon="-117.80771625011823">
    <ele>874.0400000000001</ele>
   </trkpt>
   <trkpt lat="34.557932554320224" lon="-117.80666250020414">
    <ele>874.0400000000001</ele>
   </trkpt>
   <trkpt lat="34.55793381790027" lon="-117.8056087502579">
    <ele>874.0400000000001</ele>
   </trkpt>
   <trkpt lat="34.55793507242696" lon="-117.80455500027978">
    <ele>873.2900000000001</ele>
   </trkpt>
   <trkpt lat="34.557936317900264" lon="-117.80350125026996">
    <ele>873.2900000000001</ele>
   </trkpt>
   <trkpt lat="34.557937554320205" lon="-117.80244750022874">
    <ele>873.2500000000001</ele>
   </trkpt>
   <trkpt lat="34.55793878168676" lon="-117.80139375015627">
    <ele>873.6600000000001</ele>
   </trkpt>
   <trkpt lat="34.55794" lon="-117.80034">
    <ele>873.6600000000001</ele>
   </trkpt>
   <trkpt lat="34.557950005002" lon="-117.79955666693235">
    <ele>873.6600000000001</ele>
   </trkpt>
   <trkpt lat="34.55796000500101" lon="-117.79877333367631">
    <ele>873.71</ele>
   </trkpt>
   <trkpt lat="34.557970000000005" lon="-117.79799000000001">
    <ele>873.71</ele>
   </trkpt>
   <trkpt lat="34.5579050040764" lon="-117.7969899992147">
    <ele>874.2200000000001</ele>
   </trkpt>
   <trkpt lat="34.557840000000006" lon="-117.79599">
    <ele>874.2200000000001</ele>
   </trkpt>
   <trkpt lat="34.55787001374075" lon="-117.79493000117759">
    <ele>874.2200000000001</ele>
   </trkpt>
   <trkpt lat="34.557900018320424" lon="-117.79387000159042">
    <ele>877.24</ele>
   </trkpt>
   <trkpt lat="34.55793001373903" lon="-117.79281000123868">
    <ele>877.24</ele>
   </trkpt>
   <trkpt lat="34.55796" lon="-117.79175000000001">
    <ele>877.24</ele>
   </trkpt>
   <trkpt lat="34.557975033904384" lon="-117.79066000137944">
    <ele>877.5</ele>
   </trkpt>
   <trkpt lat="34.55799005812182" lon="-117.78957000236498">
    <ele>877.5</ele>
   </trkpt>
   <trkpt lat="34.55800507265227" lon="-117.78848000295694">
    <ele>877.5</ele>
   </trkpt>
   <trkpt lat="34.55802007749574" lon="-117.78739000315556">
    <ele>877.5</ele>
   </trkpt>
   <trkpt lat="34.558035072652245" lon="-117.78630000296106">
    <ele>877.5</ele>
   </trkpt>
   <trkpt lat="34.558050058121744" lon="-117.7852100023737">
    <ele>877.5</ele>
   </trkpt>
   <trkpt lat="34.55806503390423" lon="-117.78412000139377">
    <ele>884.94</ele>
   </trkpt>
   <trkpt lat="34.558080000000004" lon="-117.78303000000001">
    <ele>884.94</ele>
   </trkpt>
   <trkpt lat="34.558110000000006" lon="-117.78274">
    <ele>884.94</ele>
   </trkpt>
   <trkpt lat="34.55810944707045" lon="-117.78165437488062">
    <ele>884.94</ele>
   </trkpt>
   <trkpt lat="34.5581088845315" lon="-117.78056874977577">
    <ele>884.94</ele>
   </trkpt>
   <trkpt lat="34.558108312383155" lon="-117.77948312468575">
    <ele>884.94</ele>
   </trkpt>
   <trkpt lat="34.55810773062541" lon="-117.77839749961079">
    <ele>884.94</ele>
   </trkpt>
   <trkpt lat="34.55810713925828" lon="-117.77731187455112">
    <ele>884.94</ele>
   </trkpt>
   <trkpt lat="34.55810653828176" lon="-117.77622624950702">
    <ele>884.94</ele>
   </trkpt>
   <trkpt lat="34.55810592769584" lon="-117.77514062447875">
    <ele>887.6600000000001</ele>
   </trkpt>
   <trkpt lat="34.55810530750053" lon="-117.7740549994665">
    <ele>887.6600000000001</ele>
   </trkpt>
   <trkpt lat="34.55810467769582" lon="-117.7729693744706">
    <ele>887.6600000000001</ele>
   </trkpt>
   <trkpt lat="34.55810403828173" lon="-117.77188374949127">
    <ele>888.26</ele>
   </trkpt>
   <trkpt lat="34.55810338925825" lon="-117.77079812452875">
    <ele>888.26</ele>
   </trkpt>
   <trkpt lat="34.55810273062538" lon="-117.76971249958329">
    <ele>888.26</ele>
   </trkpt>
   <trkpt lat="34.558102062383114" lon="-117.76862687465515">
    <ele>888.26</ele>
   </trkpt>
   <trkpt lat="34.558101384531454" lon="-117.76754124974457">
    <ele>891.36</ele>
   </trkpt>
   <trkpt lat="34.558100697070415" lon="-117.7664556248518">
    <ele>891.36</ele>
   </trkpt>
   <trkpt lat="34.5581" lon="-117.76537">
    <ele>891.36</ele>
   </trkpt>
   <trkpt lat="34.55809333881499" lon="-117.76454999978831">
    <ele>891.36</ele>
   </trkpt>
   <trkpt lat="34.55808667214768" lon="-117.76372999970799">
    <ele>891.36</ele>
   </trkpt>
   <trkpt lat="34.558080000000004" lon="-117.76291">
    <ele>891.36</ele>
   </trkpt>
   <trkpt lat="34.55824145474021" lon="-117.76187572631166">
    <ele>891.36</ele>
   </trkpt>
   <trkpt lat="34.55840290075856" lon="-117.76084144860853">
    <ele>891.36</ele>
   </trkpt>
   <trkpt lat="34.55856433805493" lon="-117.75980716689078">
    <ele>894.0300000000001</ele>
   </trkpt>
   <trkpt lat="34.55872576662927" lon="-117.75877288115859">
    <ele>894.0300000000001</ele>
   </trkpt>
   <trkpt lat="34.558887186481485" lon="-117.75773859141215">
    <ele>894.0300000000001</ele>
   </trkpt>
   <trkpt lat="34.55904859761147" lon="-117.75670429765164">
    <ele>894.0300000000001</ele>
   </trkpt>
   <trkpt lat="34.55921" lon="-117.75567000000001">
    <ele>894.0300000000001</ele>
   </trkpt>
   <trkpt lat="34.55937377623158" lon="-117.75471126321116">
    <ele>894.0300000000001</ele>
   </trkpt>
   <trkpt lat="34.55953754496865" lon="-117.75375252264708">
    <ele>894.0300000000001</ele>
   </trkpt>
   <trkpt lat="34.5597013062111" lon="-117.75279377830783">
    <ele>896.99</ele>
   </trkpt>
   <trkpt lat="34.55986505995889" lon="-117.75183503019362">
    <ele>896.99</ele>
   </trkpt>
   <trkpt lat="34.56002880621192" lon="-117.75087627830456">
    <ele>897.0500000000001</ele>
   </trkpt>
   <trkpt lat="34.560192544970135" lon="-117.74991752264076">
    <ele>897.0500000000001</ele>
   </trkpt>
   <trkpt lat="34.56035627623344" lon="-117.74895876320238">
    <ele>898.38</ele>
   </trkpt>
   <trkpt lat="34.560520000000004" lon="-117.748">
    <ele>898.38</ele>
   </trkpt>
   <trkpt lat="34.560672881185766" lon="-117.7470085823635">
    <ele>898.2800000000001</ele>
   </trkpt>
   <trkpt lat="34.560825754357225" lon="-117.7460171610826">
    <ele>898.2800000000001</ele>
   </trkpt>
   <trkpt lat="34.56097861951431" lon="-117.74502573615746">
    <ele>898.2800000000001</ele>
   </trkpt>
   <trkpt lat="34.561131476656925" lon="-117.7440343075882">
    <ele>898.2800000000001</ele>
   </trkpt>
   <trkpt lat="34.56128432578502" lon="-117.74304287537501">
    <ele>898.2800000000001</ele>
   </trkpt>
   <trkpt lat="34.56143716689851" lon="-117.74205143951805">
    <ele>898.2800000000001</ele>
   </trkpt>
   <trkpt lat="34.56159" lon="-117.74106">
    <ele>900.87</ele>
   </trkpt>
   <trkpt lat="34.561760046043204" lon="-117.73999729445268">
    <ele>900.87</ele>
   </trkpt>
   <trkpt lat="34.56193008287798" lon="-117.73893458456013">
    <ele>900.87</ele>
   </trkpt>
   <trkpt lat="34.562100110504254" lon="-117.73787187032248">
    <ele>900.87</ele>
   </trkpt>
   <trkpt lat="34.56227012892191" lon="-117.73680915174003">
    <ele>900.87</ele>
   </trkpt>
   <trkpt lat="34.56244013813085" lon="-117.73574642881289">
    <ele>900.87</ele>
   </trkpt>
   <trkpt lat="34.562610138131014" lon="-117.73468370154131">
    <ele>900.87</ele>
   </trkpt>
   <trkpt lat="34.562780128922256" lon="-117.73362096992544">
    <ele>900.87</ele>
   </trkpt>
   <trkpt lat="34.5629501105045" lon="-117.73255823396548">
    <ele>900.87</ele>
   </trkpt>
   <trkpt lat="34.56312008287767" lon="-117.73149549366161">
    <ele>902.12</ele>
   </trkpt>
   <trkpt lat="34.563290046041644" lon="-117.73043274901404">
    <ele>902.12</ele>
   </trkpt>
   <trkpt lat="34.563460000000006" lon="-117.72937">
    <ele>902.12</ele>
   </trkpt>
   <trkpt lat="34.56344500232131" lon="-117.72861499972944">
    <ele>902.12</ele>
   </trkpt>
   <trkpt lat="34.563430000000004" lon="-117.72786">
    <ele>902.12</ele>
   </trkpt>
   <trkpt lat="34.563590000000005" lon="-117.72763">
    <ele>902.12</ele>
   </trkpt>
   <trkpt lat="34.56378" lon="-117.72742000000001">
    <ele>901.85</ele>
   </trkpt>
   <trkpt lat="34.56394" lon="-117.72728000000001">
    <ele>901.85</ele>
   </trkpt>
   <trkpt lat="34.56418" lon="-117.72691">
    <ele>901.85</ele>
   </trkpt>
   <trkpt lat="34.56432" lon="-117.72677000000002">
    <ele>901.85</ele>
   </trkpt>
   <trkpt lat="34.56472" lon="-117.72610000000002">
    <ele>901.85</ele>
   </trkpt>
   <trkpt lat="34.56479" lon="-117.72593">
    <ele>901.85</ele>
   </trkpt>
   <trkpt lat="34.564890000000005" lon="-117.72521">
    <ele>901.85</ele>
   </trkpt>
   <trkpt lat="34.56497" lon="-117.72495">
    <ele>901.85</ele>
   </trkpt>
   <trkpt lat="34.56501" lon="-117.72476">
    <ele>901.85</ele>
   </trkpt>
   <trkpt lat="34.565020000000004" lon="-117.72431">
    <ele>901.85</ele>
   </trkpt>
   <trkpt lat="34.56501500125513" lon="-117.72375499988811">
    <ele>904.7700000000001</ele>
   </trkpt>
   <trkpt lat="34.56501" lon="-117.7232">
    <ele>904.7700000000001</ele>
   </trkpt>
   <trkpt lat="34.56503" lon="-117.72266">
    <ele>904.7700000000001</ele>
   </trkpt>
   <trkpt lat="34.5650333385086" lon="-117.72186333338787">
    <ele>904.7700000000001</ele>
   </trkpt>
   <trkpt lat="34.56503667184197" lon="-117.72106666671183">
    <ele>904.7700000000001</ele>
   </trkpt>
   <trkpt lat="34.56504" lon="-117.72027000000001">
    <ele>904.7700000000001</ele>
   </trkpt>
   <trkpt lat="34.565906666670976" lon="-117.72027666611088">
    <ele>904.7700000000001</ele>
   </trkpt>
   <trkpt lat="34.566773333341594" lon="-117.72028333236067">
    <ele>904.7700000000001</ele>
   </trkpt>
   <trkpt lat="34.56764000001184" lon="-117.7202899987494">
    <ele>904.7700000000001</ele>
   </trkpt>
   <trkpt lat="34.568506666681735" lon="-117.72029666527709">
    <ele>904.7700000000001</ele>
   </trkpt>
   <trkpt lat="34.56937333335125" lon="-117.72030333194377">
    <ele>895.8600000000001</ele>
   </trkpt>
   <trkpt lat="34.57024000002041" lon="-117.7203099987494">
    <ele>895.8600000000001</ele>
   </trkpt>
   <trkpt lat="34.57110666668922" lon="-117.72031666569403">
    <ele>895.8600000000001</ele>
   </trkpt>
   <trkpt lat="34.57197333335766" lon="-117.72032333277761">
    <ele>895.8600000000001</ele>
   </trkpt>
   <trkpt lat="34.57284" lon="-117.72033">
    <ele>895.8600000000001</ele>
   </trkpt>
   <trkpt lat="34.57335499980708" lon="-117.72033499996716">
    <ele>895.8600000000001</ele>
   </trkpt>
   <trkpt lat="34.57387" lon="-117.72034000000001">
    <ele>895.8600000000001</ele>
   </trkpt>
   <trkpt lat="34.574714285709916" lon="-117.72033000060947">
    <ele>895.8600000000001</ele>
   </trkpt>
   <trkpt lat="34.57555857141903" lon="-117.72032000101579">
    <ele>895.8600000000001</ele>
   </trkpt>
   <trkpt lat="34.576402857127306" lon="-117.72031000121902">
    <ele>887.9300000000001</ele>
   </trkpt>
   <trkpt lat="34.57724714283478" lon="-117.72030000121914">
    <ele>887.9300000000001</ele>
   </trkpt>
   <trkpt lat="34.57809142854145" lon="-117.7202900010161">
    <ele>887.9300000000001</ele>
   </trkpt>
   <trkpt lat="34.57893571424729" lon="-117.72028000060992">
    <ele>887.9300000000001</ele>
   </trkpt>
   <trkpt lat="34.57978" lon="-117.72027000000001">
    <ele>887.9300000000001</ele>
   </trkpt>
   <trkpt lat="34.58057750002458" lon="-117.72027249992814">
    <ele>887.9300000000001</ele>
   </trkpt>
   <trkpt lat="34.581375000049114" lon="-117.72027499990422">
    <ele>887.9300000000001</ele>
   </trkpt>
   <trkpt lat="34.582172500073604" lon="-117.72027749992829">
    <ele>887.9300000000001</ele>
   </trkpt>
   <trkpt lat="34.58297" lon="-117.72028000000002">
    <ele>887.9300000000001</ele>
   </trkpt>
   <trkpt lat="34.58379200000928" lon="-117.72026200071211">
    <ele>881.5200000000001</ele>
   </trkpt>
   <trkpt lat="34.58461400001593" lon="-117.7202440010681">
    <ele>881.5200000000001</ele>
   </trkpt>
   <trkpt lat="34.58543600001994" lon="-117.72022600106804">
    <ele>881.5200000000001</ele>
   </trkpt>
   <trkpt lat="34.5862580000213" lon="-117.72020800071186">
    <ele>881.5200000000001</ele>
   </trkpt>
   <trkpt lat="34.58708" lon="-117.72019000000002">
    <ele>881.5200000000001</ele>
   </trkpt>
   <trkpt lat="34.5879166666701" lon="-117.72017833392073">
    <ele>881.5200000000001</ele>
   </trkpt>
   <trkpt lat="34.58875333333907" lon="-117.72016666760649">
    <ele>881.5200000000001</ele>
   </trkpt>
   <trkpt lat="34.58959000000695" lon="-117.7201550010573">
    <ele>876.95</ele>
   </trkpt>
   <trkpt lat="34.59042666667371" lon="-117.72014333427319">
    <ele>876.95</ele>
   </trkpt>
   <trkpt lat="34.59126333333936" lon="-117.72013166725405">
    <ele>876.95</ele>
   </trkpt>
   <trkpt lat="34.5921" lon="-117.72012000000001">
    <ele>876.95</ele>
   </trkpt>
   <trkpt lat="34.592813333309394" lon="-117.72010333362017">
    <ele>876.95</ele>
   </trkpt>
   <trkpt lat="34.593526666616505" lon="-117.7200866669541">
    <ele>875.23</ele>
   </trkpt>
   <trkpt lat="34.594240000000006" lon="-117.72007">
    <ele>875.23</ele>
   </trkpt>
   <trkpt lat="34.594962499994594" lon="-117.7200749998695">
    <ele>875.23</ele>
   </trkpt>
   <trkpt lat="34.59568499998899" lon="-117.72007999982597">
    <ele>872.86</ele>
   </trkpt>
   <trkpt lat="34.59640749998317" lon="-117.72008499986943">
    <ele>872.86</ele>
   </trkpt>
   <trkpt lat="34.59713" lon="-117.72009000000001">
    <ele>872.86</ele>
   </trkpt>
   <trkpt lat="34.597930000000005" lon="-117.72012000000001">
    <ele>872.19</ele>
   </trkpt>
   <trkpt lat="34.59880500003231" lon="-117.72012999989502">
    <ele>870.95</ele>
   </trkpt>
   <trkpt lat="34.59968" lon="-117.72014000000001">
    <ele>870.95</ele>
   </trkpt>
   <trkpt lat="34.60028333330959" lon="-117.72014000000003">
    <ele>870.95</ele>
   </trkpt>
   <trkpt lat="34.60088666661917" lon="-117.72014000000003">
    <ele>871.72</ele>
   </trkpt>
   <trkpt lat="34.601490000000005" lon="-117.72014000000001">
    <ele>871.72</ele>
   </trkpt>
   <trkpt lat="34.601506541178175" lon="-117.71910000330634">
    <ele>871.72</ele>
   </trkpt>
   <trkpt lat="34.60152307353265" lon="-117.7180600061985">
    <ele>871.72</ele>
   </trkpt>
   <trkpt lat="34.6015395970634" lon="-117.7170200086767">
    <ele>871.72</ele>
   </trkpt>
   <trkpt lat="34.60155611177044" lon="-117.71598001074118">
    <ele>871.72</ele>
   </trkpt>
   <trkpt lat="34.60157261765376" lon="-117.71494001239216">
    <ele>872.7600000000001</ele>
   </trkpt>
   <trkpt lat="34.60158911471333" lon="-117.71390001362988">
    <ele>872.7600000000001</ele>
   </trkpt>
   <trkpt lat="34.60160560294916" lon="-117.7128600144545">
    <ele>872.7600000000001</ele>
   </trkpt>
   <trkpt lat="34.60162208236124" lon="-117.71182001486633">
    <ele>872.7600000000001</ele>
   </trkpt>
   <trkpt lat="34.60163855294955" lon="-117.71078001486552">
    <ele>872.7600000000001</ele>
   </trkpt>
   <trkpt lat="34.60165501471409" lon="-117.70974001445232">
    <ele>872.7600000000001</ele>
   </trkpt>
   <trkpt lat="34.60167146765485" lon="-117.70870001362694">
    <ele>872.7600000000001</ele>
   </trkpt>
   <trkpt lat="34.601687911771826" lon="-117.70766001238957">
    <ele>872.7600000000001</ele>
   </trkpt>
   <trkpt lat="34.601704347064995" lon="-117.70662001074047">
    <ele>872.7600000000001</ele>
   </trkpt>
   <trkpt lat="34.60172077353435" lon="-117.70558000867987">
    <ele>874.4900000000001</ele>
   </trkpt>
   <trkpt lat="34.60173719117991" lon="-117.70454000620798">
    <ele>874.4900000000001</ele>
   </trkpt>
   <trkpt lat="34.60175360000162" lon="-117.703500003325">
    <ele>874.4900000000001</ele>
   </trkpt>
   <trkpt lat="34.60177" lon="-117.70246000000002">
    <ele>874.4900000000001</ele>
   </trkpt>
   <trkpt lat="34.60192" lon="-117.70243">
    <ele>874.5200000000001</ele>
   </trkpt>
   <trkpt lat="34.601921247061" lon="-117.70139000024152">
    <ele>875.1200000000001</ele>
   </trkpt>
   <trkpt lat="34.6019224852982" lon="-117.70035000045188">
    <ele>875.8</ele>
   </trkpt>
   <trkpt lat="34.601923714711596" lon="-117.69931000063136">
    <ele>876.5</ele>
   </trkpt>
   <trkpt lat="34.601924935301206" lon="-117.69827000078013">
    <ele>876.7300000000001</ele>
   </trkpt>
   <trkpt lat="34.601926147067005" lon="-117.69723000089847">
    <ele>877.87</ele>
   </trkpt>
   <trkpt lat="34.601927350009" lon="-117.69619000098658">
    <ele>878.3700000000001</ele>
   </trkpt>
   <trkpt lat="34.601928544127205" lon="-117.69515000104464">
    <ele>878.97</ele>
   </trkpt>
   <trkpt lat="34.60192972942159" lon="-117.69411000107293">
    <ele>879.23</ele>
   </trkpt>
   <trkpt lat="34.601930905892196" lon="-117.69307000107162">
    <ele>879.74</ele>
   </trkpt>
   <trkpt lat="34.60193207353899" lon="-117.69203000104096">
    <ele>880.08</ele>
   </trkpt>
   <trkpt lat="34.60193323236198" lon="-117.69099000098116">
    <ele>880.48</ele>
   </trkpt>
   <trkpt lat="34.60193438236115" lon="-117.68995000089247">
    <ele>881.4200000000001</ele>
   </trkpt>
   <trkpt lat="34.60193552353654" lon="-117.68891000077508">
    <ele>881.84</ele>
   </trkpt>
   <trkpt lat="34.60193665588811" lon="-117.68787000062923">
    <ele>882.65</ele>
   </trkpt>
   <trkpt lat="34.60193777941587" lon="-117.68683000045509">
    <ele>883.36</ele>
   </trkpt>
   <trkpt lat="34.60193889411984" lon="-117.68579000025296">
    <ele>884.58</ele>
   </trkpt>
   <trkpt lat="34.601940000000006" lon="-117.68475000000001">
    <ele>884.8600000000001</ele>
   </trkpt>
   <trkpt lat="34.60195801938528" lon="-117.68366000094625">
    <ele>884.7300000000001</ele>
   </trkpt>
   <trkpt lat="34.60197602907792" lon="-117.68257000141965">
    <ele>884.5500000000001</ele>
   </trkpt>
   <trkpt lat="34.6019940290779" lon="-117.68148000142038">
    <ele>885.6100000000001</ele>
   </trkpt>
   <trkpt lat="34.60201201938525" lon="-117.68039000094878">
    <ele>885.9300000000001</ele>
   </trkpt>
   <trkpt lat="34.602030000000006" lon="-117.67930000000001">
    <ele>886.12</ele>
   </trkpt>
   <trkpt lat="34.60204004706457" lon="-117.67827583468716">
    <ele>886.5500000000001</ele>
   </trkpt>
   <trkpt lat="34.60205008557196" lon="-117.67725166912663">
    <ele>887.1600000000001</ele>
   </trkpt>
   <trkpt lat="34.60206011552218" lon="-117.67622750331861">
    <ele>887.62</ele>
   </trkpt>
   <trkpt lat="34.602070136915216" lon="-117.67520333726328">
    <ele>888.23</ele>
   </trkpt>
   <trkpt lat="34.60208014975107" lon="-117.67417917096091">
    <ele>888.2200000000001</ele>
   </trkpt>
   <trkpt lat="34.602090154029746" lon="-117.6731550044117">
    <ele>888.1500000000001</ele>
   </trkpt>
   <trkpt lat="34.60210014975123" lon="-117.67213083761582">
    <ele>887.7800000000001</ele>
   </trkpt>
   <trkpt lat="34.602110136915506" lon="-117.67110667057352">
    <ele>888.1300000000001</ele>
   </trkpt>
   <trkpt lat="34.60212011552259" lon="-117.67008250328503">
    <ele>888.32</ele>
   </trkpt>
   <trkpt lat="34.602130085572455" lon="-117.66905833575049">
    <ele>888.7400000000001</ele>
   </trkpt>
   <trkpt lat="34.60214004706512" lon="-117.66803416797016">
    <ele>888.9200000000001</ele>
   </trkpt>
   <trkpt lat="34.60215" lon="-117.66701">
    <ele>889.2500000000001</ele>
   </trkpt>
   <trkpt lat="34.60215431233138" lon="-117.66596714319175">
    <ele>888.8900000000001</ele>
   </trkpt>
   <trkpt lat="34.60215861579037" lon="-117.6649242862753">
    <ele>888.0600000000001</ele>
   </trkpt>
   <trkpt lat="34.602162910377004" lon="-117.66388142925088">
    <ele>888.69</ele>
   </trkpt>
   <trkpt lat="34.602167196091244" lon="-117.66283857211872">
    <ele>889.6100000000001</ele>
   </trkpt>
   <trkpt lat="34.60217147293311" lon="-117.66179571487906">
    <ele>890.19</ele>
   </trkpt>
   <trkpt lat="34.60217574090259" lon="-117.66075285753209">
    <ele>890.1800000000001</ele>
   </trkpt>
   <trkpt lat="34.602180000000004" lon="-117.65971">
    <ele>890.07</ele>
   </trkpt>
   <trkpt lat="34.60216500449728" lon="-117.6586599998181">
    <ele>890.0500000000001</ele>
   </trkpt>
   <trkpt lat="34.60215" lon="-117.65761">
    <ele>889.69</ele>
   </trkpt>
   <trkpt lat="34.60216000626927" lon="-117.65673333359803">
    <ele>889.6700000000001</ele>
   </trkpt>
   <trkpt lat="34.602170006268665" lon="-117.65585666698486">
    <ele>889.0100000000001</ele>
   </trkpt>
   <trkpt lat="34.602180000000004" lon="-117.65498000000001">
    <ele>888.6</ele>
   </trkpt>
   <trkpt lat="34.602173337963826" lon="-117.65422666661951">
    <ele>888.24</ele>
   </trkpt>
   <trkpt lat="34.60216667129781" lon="-117.6534733333599">
    <ele>888.41</ele>
   </trkpt>
   <trkpt lat="34.602160000000005" lon="-117.65272000000002">
    <ele>888.87</ele>
   </trkpt>
   <trkpt lat="34.60216751018913" lon="-117.65180750027719">
    <ele>888.8300000000002</ele>
   </trkpt>
   <trkpt lat="34.602175013585345" lon="-117.6508950003894">
    <ele>889.1800000000001</ele>
   </trkpt>
   <trkpt lat="34.602182510188634" lon="-117.64998250033679">
    <ele>889.41</ele>
   </trkpt>
   <trkpt lat="34.60219" lon="-117.64907000000001">
    <ele>888.62</ele>
   </trkpt>
   <trkpt lat="34.60218851261852" lon="-117.64804846131615">
    <ele>888.38</ele>
   </trkpt>
   <trkpt lat="34.60218701672368" lon="-117.64702692266897">
    <ele>888.47</ele>
   </trkpt>
   <trkpt lat="34.60218551231552" lon="-117.64600538405868">
    <ele>887.9</ele>
   </trkpt>
   <trkpt lat="34.602183999394" lon="-117.64498384548553">
    <ele>887.75</ele>
   </trkpt>
   <trkpt lat="34.60218247795915" lon="-117.64396230694969">
    <ele>888.34</ele>
   </trkpt>
   <trkpt lat="34.60218094801095" lon="-117.64294076845138">
    <ele>888.38</ele>
   </trkpt>
   <trkpt lat="34.60217940954941" lon="-117.6419192299908">
    <ele>888.65</ele>
   </trkpt>
   <trkpt lat="34.602177862574536" lon="-117.6408976915682">
    <ele>888.6800000000001</ele>
   </trkpt>
   <trkpt lat="34.60217630708632" lon="-117.63987615318376">
    <ele>888.6400000000001</ele>
   </trkpt>
   <trkpt lat="34.602174743084746" lon="-117.63885461483765">
    <ele>889.41</ele>
   </trkpt>
   <trkpt lat="34.60217317056986" lon="-117.6378330765302">
    <ele>890.09</ele>
   </trkpt>
   <trkpt lat="34.60217158954163" lon="-117.63681153826148">
    <ele>890.21</ele>
   </trkpt>
   <trkpt lat="34.60217" lon="-117.63579000000001">
    <ele>889.53</ele>
   </trkpt>
   <trkpt lat="34.6021720130405" lon="-117.63489600010745">
    <ele>889.1500000000001</ele>
   </trkpt>
   <trkpt lat="34.60217401956072" lon="-117.6340020001716">
    <ele>888.6400000000001</ele>
   </trkpt>
   <trkpt lat="34.60217601956068" lon="-117.63310800019266">
    <ele>888.53</ele>
   </trkpt>
   <trkpt lat="34.602178013040366" lon="-117.63221400017072">
    <ele>888.33</ele>
   </trkpt>
   <trkpt lat="34.602180000000004" lon="-117.63132000000002">
    <ele>888.0600000000001</ele>
   </trkpt>
   <trkpt lat="34.6021700190583" lon="-117.63035333275096">
    <ele>888.0600000000001</ele>
   </trkpt>
   <trkpt lat="34.60216003049326" lon="-117.62938666573434">
    <ele>887.72</ele>
   </trkpt>
   <trkpt lat="34.6021500343049" lon="-117.62841999895038">
    <ele>887.59</ele>
   </trkpt>
   <trkpt lat="34.60214003049322" lon="-117.62745333239914">
    <ele>887.6600000000001</ele>
   </trkpt>
   <trkpt lat="34.60213001905824" lon="-117.62648666608094">
    <ele>887.7900000000001</ele>
   </trkpt>
   <trkpt lat="34.60212" lon="-117.62552000000001">
    <ele>887.9100000000001</ele>
   </trkpt>
   <trkpt lat="34.602115591914576" lon="-117.62446444398984">
    <ele>887.58</ele>
   </trkpt>
   <trkpt lat="34.60211117473939" lon="-117.62340888809183">
    <ele>887.63</ele>
   </trkpt>
   <trkpt lat="34.60210674847444" lon="-117.62235333230625">
    <ele>887.6</ele>
   </trkpt>
   <trkpt lat="34.60210231311973" lon="-117.62129777663328">
    <ele>887.82</ele>
   </trkpt>
   <trkpt lat="34.60209786867527" lon="-117.62024222107318">
    <ele>887.47</ele>
   </trkpt>
   <trkpt lat="34.60209341514104" lon="-117.61918666562617">
    <ele>887.1600000000001</ele>
   </trkpt>
   <trkpt lat="34.60208895251706" lon="-117.61813111029248">
    <ele>887.1600000000001</ele>
   </trkpt>
   <trkpt lat="34.60208448080333" lon="-117.61707555507236">
    <ele>887.29</ele>
   </trkpt>
   <trkpt lat="34.60208" lon="-117.61602">
    <ele>887.47</ele>
   </trkpt>
   <trkpt lat="34.602073337679855" lon="-117.61528999978027">
    <ele>887.5600000000001</ele>
   </trkpt>
   <trkpt lat="34.60206667101225" lon="-117.61455999967772">
    <ele>888.0500000000001</ele>
   </trkpt>
   <trkpt lat="34.60206" lon="-117.61383000000001">
    <ele>888.46</ele>
   </trkpt>
   <trkpt lat="34.60205780983267" lon="-117.61283888867345">
    <ele>888.62</ele>
   </trkpt>
   <trkpt lat="34.60205561165163" lon="-117.61184777739926">
    <ele>888.35</ele>
   </trkpt>
   <trkpt lat="34.60205340545685" lon="-117.61085666617763">
    <ele>887.9800000000001</ele>
   </trkpt>
   <trkpt lat="34.60205119124834" lon="-117.60986555500874">
    <ele>887.0100000000001</ele>
   </trkpt>
   <trkpt lat="34.6020489690261" lon="-117.6088744438928">
    <ele>886.69</ele>
   </trkpt>
   <trkpt lat="34.60204673879014" lon="-117.60788333283">
    <ele>886.9500000000002</ele>
   </trkpt>
   <trkpt lat="34.60204450054046" lon="-117.60689222182053">
    <ele>886.6</ele>
   </trkpt>
   <trkpt lat="34.60204225427706" lon="-117.6059011108646">
    <ele>887.12</ele>
   </trkpt>
   <trkpt lat="34.60204" lon="-117.60491">
    <ele>887.4300000000001</ele>
   </trkpt>
   <trkpt lat="34.602030004670446" lon="-117.60415333311832">
    <ele>887.4900000000001</ele>
   </trkpt>
   <trkpt lat="34.60202000467002" lon="-117.6033966664188">
    <ele>887.57</ele>
   </trkpt>
   <trkpt lat="34.60201" lon="-117.60264000000001">
    <ele>887.5500000000001</ele>
   </trkpt>
   <trkpt lat="34.602004307143" lon="-117.60170428531947">
    <ele>887.36</ele>
   </trkpt>
   <trkpt lat="34.60199860714308" lon="-117.6007685707673">
    <ele>887.24</ele>
   </trkpt>
   <trkpt lat="34.60199290000023" lon="-117.59983285634368">
    <ele>886.99</ele>
   </trkpt>
   <trkpt lat="34.60198718571446" lon="-117.59889714204871">
    <ele>887.08</ele>
   </trkpt>
   <trkpt lat="34.60198146428577" lon="-117.59796142788261">
    <ele>887.4200000000001</ele>
   </trkpt>
   <trkpt lat="34.60197573571415" lon="-117.59702571384551">
    <ele>886.8300000000002</ele>
   </trkpt>
   <trkpt lat="34.60197" lon="-117.59609">
    <ele>886.41</ele>
   </trkpt>
   <trkpt lat="34.601969483155955" lon="-117.59504411753355">
    <ele>886.5200000000001</ele>
   </trkpt>
   <trkpt lat="34.601968957388024" lon="-117.59399823508022">
    <ele>886.35</ele>
   </trkpt>
   <trkpt lat="34.60196842269615" lon="-117.59295235264025">
    <ele>886.44</ele>
   </trkpt>
   <trkpt lat="34.601967879080384" lon="-117.59190647021383">
    <ele>885.85</ele>
   </trkpt>
   <trkpt lat="34.60196732654072" lon="-117.59086058780127">
    <ele>885.5600000000001</ele>
   </trkpt>
   <trkpt lat="34.601966765077144" lon="-117.5898147054027">
    <ele>884.96</ele>
   </trkpt>
   <trkpt lat="34.60196619468966" lon="-117.5887688230184">
    <ele>885.11</ele>
   </trkpt>
   <trkpt lat="34.60196561537828" lon="-117.58772294064855">
    <ele>885.36</ele>
   </trkpt>
   <trkpt lat="34.60196502714297" lon="-117.58667705829343">
    <ele>885.33</ele>
   </trkpt>
   <trkpt lat="34.60196442998377" lon="-117.58563117595324">
    <ele>885.21</ele>
   </trkpt>
   <trkpt lat="34.60196382390066" lon="-117.5845852936282">
    <ele>884.99</ele>
   </trkpt>
   <trkpt lat="34.60196320889365" lon="-117.58353941131854">
    <ele>885.02</ele>
   </trkpt>
   <trkpt lat="34.60196258496273" lon="-117.58249352902448">
    <ele>884.7800000000001</ele>
   </trkpt>
   <trkpt lat="34.6019619521079" lon="-117.58144764674624">
    <ele>884.4300000000001</ele>
   </trkpt>
   <trkpt lat="34.60196131032918" lon="-117.58040176448405">
    <ele>884.0400000000001</ele>
   </trkpt>
   <trkpt lat="34.60196065962655" lon="-117.57935588223815">
    <ele>884.08</ele>
   </trkpt>
   <trkpt lat="34.601960000000005" lon="-117.57831000000002">
    <ele>883.63</ele>
   </trkpt>
   <trkpt lat="34.6019565421402" lon="-117.57726294046941">
    <ele>883.6700000000001</ele>
   </trkpt>
   <trkpt lat="34.60195307533638" lon="-117.57621588102609">
    <ele>883.6400000000001</ele>
   </trkpt>
   <trkpt lat="34.60194959958857" lon="-117.5751688216703">
    <ele>883.84</ele>
   </trkpt>
   <trkpt lat="34.601946114896755" lon="-117.57412176240231">
    <ele>883.96</ele>
   </trkpt>
   <trkpt lat="34.601942621260946" lon="-117.57307470322228">
    <ele>884.1700000000001</ele>
   </trkpt>
   <trkpt lat="34.60193911868113" lon="-117.57202764413043">
    <ele>883.7300000000001</ele>
   </trkpt>
   <trkpt lat="34.60193560715732" lon="-117.57098058512702">
    <ele>883.57</ele>
   </trkpt>
   <trkpt lat="34.60193208668953" lon="-117.5699335262123">
    <ele>883.5400000000001</ele>
   </trkpt>
   <trkpt lat="34.60192855727774" lon="-117.5688864673864">
    <ele>883.8000000000001</ele>
   </trkpt>
   <trkpt lat="34.60192501892197" lon="-117.56783940864966">
    <ele>884.19</ele>
   </trkpt>
   <trkpt lat="34.601921471622205" lon="-117.56679235000225">
    <ele>884.24</ele>
   </trkpt>
   <trkpt lat="34.60191791537847" lon="-117.5657452914444">
    <ele>884.0600000000001</ele>
   </trkpt>
   <trkpt lat="34.601914350190725" lon="-117.56469823297631">
    <ele>884.02</ele>
   </trkpt>
   <trkpt lat="34.60191077605902" lon="-117.56365117459825">
    <ele>883.7</ele>
   </trkpt>
   <trkpt lat="34.60190719298333" lon="-117.56260411631041">
    <ele>883.8100000000001</ele>
   </trkpt>
   <trkpt lat="34.60190360096366" lon="-117.56155705811305">
    <ele>883.14</ele>
   </trkpt>
   <trkpt lat="34.6019" lon="-117.56051000000001">
    <ele>882.75</ele>
   </trkpt>
   <trkpt lat="34.60191065890552" lon="-117.55946941389347">
    <ele>882.59</ele>
   </trkpt>
   <trkpt lat="34.60192130897728" lon="-117.55842882751996">
    <ele>883.45</ele>
   </trkpt>
   <trkpt lat="34.60193195021529" lon="-117.55738824087965">
    <ele>884.6</ele>
   </trkpt>
   <trkpt lat="34.60194258261954" lon="-117.55634765397281">
    <ele>884.2</ele>
   </trkpt>
   <trkpt lat="34.601953206190025" lon="-117.55530706679961">
    <ele>884.9300000000001</ele>
   </trkpt>
   <trkpt lat="34.60196382092673" lon="-117.55426647936031">
    <ele>884.08</ele>
   </trkpt>
   <trkpt lat="34.60197442682965" lon="-117.55322589165512">
    <ele>883.9500000000002</ele>
   </trkpt>
   <trkpt lat="34.60198502389878" lon="-117.55218530368425">
    <ele>883.62</ele>
   </trkpt>
   <trkpt lat="34.60199561213413" lon="-117.55114471544795">
    <ele>884.26</ele>
   </trkpt>
   <trkpt lat="34.60200619153568" lon="-117.55010412694641">
    <ele>883.38</ele>
   </trkpt>
   <trkpt lat="34.602016762103425" lon="-117.54906353817988">
    <ele>882.97</ele>
   </trkpt>
   <trkpt lat="34.60202732383736" lon="-117.54802294914856">
    <ele>882.3100000000001</ele>
   </trkpt>
   <trkpt lat="34.602037876737484" lon="-117.54698235985265">
    <ele>882.7800000000001</ele>
   </trkpt>
   <trkpt lat="34.6020484208038" lon="-117.54594177029243">
    <ele>882.68</ele>
   </trkpt>
   <trkpt lat="34.60205895603627" lon="-117.54490118046809">
    <ele>882.9500000000002</ele>
   </trkpt>
   <trkpt lat="34.60206948243491" lon="-117.54386059037984">
    <ele>883.5</ele>
   </trkpt>
   <trkpt lat="34.60208" lon="-117.54282">
    <ele>883.6100000000001</ele>
   </trkpt>
   <trkpt lat="34.602058637932686" lon="-117.54175888176624">
    <ele>883.2800000000001</ele>
   </trkpt>
   <trkpt lat="34.60203726667955" lon="-117.5406977640785">
    <ele>882.9300000000001</ele>
   </trkpt>
   <trkpt lat="34.60201588624064" lon="-117.53963664693698">
    <ele>881.6700000000001</ele>
   </trkpt>
   <trkpt lat="34.601994496615944" lon="-117.53857553034196">
    <ele>881.32</ele>
   </trkpt>
   <trkpt lat="34.601973097805484" lon="-117.53751441429363">
    <ele>883.38</ele>
   </trkpt>
   <trkpt lat="34.60195168980926" lon="-117.53645329879224">
    <ele>882.9200000000001</ele>
   </trkpt>
   <trkpt lat="34.60193027262729" lon="-117.53539218383803">
    <ele>882.2500000000001</ele>
   </trkpt>
   <trkpt lat="34.60190884625961" lon="-117.53433106943125">
    <ele>882.3000000000001</ele>
   </trkpt>
   <trkpt lat="34.60188741070618" lon="-117.53326995557211">
    <ele>882.0000000000001</ele>
   </trkpt>
   <trkpt lat="34.601865965967065" lon="-117.53220884226081">
    <ele>882.33</ele>
   </trkpt>
   <trkpt lat="34.60184451204224" lon="-117.53114772949766">
    <ele>882.14</ele>
   </trkpt>
   <trkpt lat="34.60182304893174" lon="-117.53008661728286">
    <ele>880.2</ele>
   </trkpt>
   <trkpt lat="34.601801576635566" lon="-117.52902550561663">
    <ele>878.5</ele>
   </trkpt>
   <trkpt lat="34.60178009515374" lon="-117.52796439449922">
    <ele>876.2700000000001</ele>
   </trkpt>
   <trkpt lat="34.60175860448626" lon="-117.52690328393085">
    <ele>874.9300000000001</ele>
   </trkpt>
   <trkpt lat="34.60173710463314" lon="-117.52584217391178">
    <ele>873.7300000000001</ele>
   </trkpt>
   <trkpt lat="34.6017155955944" lon="-117.52478106444221">
    <ele>872.8500000000001</ele>
   </trkpt>
   <trkpt lat="34.601694077370055" lon="-117.52371995552238">
    <ele>872.21</ele>
   </trkpt>
   <trkpt lat="34.60167254996011" lon="-117.52265884715256">
    <ele>873.3000000000001</ele>
   </trkpt>
   <trkpt lat="34.601651013364574" lon="-117.52159773933296">
    <ele>873.7600000000001</ele>
   </trkpt>
   <trkpt lat="34.601629467583464" lon="-117.5205366320638">
    <ele>873.5200000000001</ele>
   </trkpt>
   <trkpt lat="34.60160791261679" lon="-117.51947552534533">
    <ele>873.74</ele>
   </trkpt>
   <trkpt lat="34.601586348464586" lon="-117.51841441917779">
    <ele>873.6400000000001</ele>
   </trkpt>
   <trkpt lat="34.60156477512682" lon="-117.51735331356139">
    <ele>873.26</ele>
   </trkpt>
   <trkpt lat="34.601543192603536" lon="-117.5162922084964">
    <ele>873.3900000000001</ele>
   </trkpt>
   <trkpt lat="34.601521600894735" lon="-117.51523110398298">
    <ele>872.69</ele>
   </trkpt>
   <trkpt lat="34.6015" lon="-117.51417000000001">
    <ele>872.75</ele>
   </trkpt>
   <trkpt lat="34.60148430833691" lon="-117.51320857034062">
    <ele>872.0600000000001</ele>
   </trkpt>
   <trkpt lat="34.60146860913294" lon="-117.51224714104464">
    <ele>871.6400000000001</ele>
   </trkpt>
   <trkpt lat="34.601452902388125" lon="-117.51128571211223">
    <ele>871.7</ele>
   </trkpt>
   <trkpt lat="34.60143718810245" lon="-117.51032428354354">
    <ele>870.7900000000001</ele>
   </trkpt>
   <trkpt lat="34.60142146627592" lon="-117.5093628553388">
    <ele>870.98</ele>
   </trkpt>
   <trkpt lat="34.60140573690856" lon="-117.50840142749816">
    <ele>871.1700000000001</ele>
   </trkpt>
   <trkpt lat="34.60139" lon="-117.50744">
    <ele>870.6800000000001</ele>
   </trkpt>
   <trkpt lat="34.601403353188346" lon="-117.50645333411529">
    <ele>870.6600000000001</ele>
   </trkpt>
   <trkpt lat="34.60141669843475" lon="-117.50546666791344">
    <ele>870.2200000000001</ele>
   </trkpt>
   <trkpt lat="34.601430035739206" lon="-117.50448000139457">
    <ele>870.2200000000001</ele>
   </trkpt>
   <trkpt lat="34.601443365101716" lon="-117.5034933345589">
    <ele>870.0600000000001</ele>
   </trkpt>
   <trkpt lat="34.60145668652226" lon="-117.50250666740659">
    <ele>869.7300000000001</ele>
   </trkpt>
   <trkpt lat="34.601470000000006" lon="-117.50152000000001">
    <ele>869.69</ele>
   </trkpt>
   <trkpt lat="34.601480026836136" lon="-117.50047285789739">
    <ele>869.3900000000001</ele>
   </trkpt>
   <trkpt lat="34.601490044726916" lon="-117.49942571554209">
    <ele>869.0000000000001</ele>
   </trkpt>
   <trkpt lat="34.60150005367232" lon="-117.49837857293426">
    <ele>868.72</ele>
   </trkpt>
   <trkpt lat="34.60151005367236" lon="-117.49733143007414">
    <ele>868.0500000000001</ele>
   </trkpt>
   <trkpt lat="34.60152004472701" lon="-117.49628428696197">
    <ele>867.9000000000001</ele>
   </trkpt>
   <trkpt lat="34.60153002683628" lon="-117.49523714359796">
    <ele>867.48</ele>
   </trkpt>
   <trkpt lat="34.60154" lon="-117.49419">
    <ele>867.11</ele>
   </trkpt>
   <trkpt lat="34.601532012750276" lon="-117.49330599965317">
    <ele>866.7</ele>
   </trkpt>
   <trkpt lat="34.60152401912537" lon="-117.49242199947649">
    <ele>866.3000000000001</ele>
   </trkpt>
   <trkpt lat="34.60151601912532" lon="-117.49153799947001">
    <ele>865.7600000000001</ele>
   </trkpt>
   <trkpt lat="34.601508012750095" lon="-117.49065399963392">
    <ele>865.3700000000001</ele>
   </trkpt>
   <trkpt lat="34.6015" lon="-117.48977000000001">
    <ele>865.11</ele>
   </trkpt>
   <trkpt lat="34.60150501751354" lon="-117.48884333361178">
    <ele>864.9300000000001</ele>
   </trkpt>
   <trkpt lat="34.60151002802166" lon="-117.4879166671117">
    <ele>864.5500000000001</ele>
   </trkpt>
   <trkpt lat="34.60151503152438" lon="-117.48699000049986">
    <ele>864.53</ele>
   </trkpt>
   <trkpt lat="34.601520028021675" lon="-117.48606333377647">
    <ele>864.0600000000001</ele>
   </trkpt>
   <trkpt lat="34.601525017513566" lon="-117.48513666694164">
    <ele>864.01</ele>
   </trkpt>
   <trkpt lat="34.601530000000004" lon="-117.48421">
    <ele>864.0000000000001</ele>
   </trkpt>
   <trkpt lat="34.601560000000006" lon="-117.48343000000001">
    <ele>863.95</ele>
   </trkpt>
   <trkpt lat="34.60155000622293" lon="-117.48255666651566">
    <ele>863.92</ele>
   </trkpt>
   <trkpt lat="34.60154000622361" lon="-117.48168333324159">
    <ele>863.65</ele>
   </trkpt>
   <trkpt lat="34.601530000000004" lon="-117.48081">
    <ele>863.4300000000001</ele>
   </trkpt>
   <trkpt lat="34.60154667635835" lon="-117.47972000049685">
    <ele>863.38</ele>
   </trkpt>
   <trkpt lat="34.60156334302411" lon="-117.47863000055611">
    <ele>862.8100000000001</ele>
   </trkpt>
   <trkpt lat="34.601580000000006" lon="-117.47754">
    <ele>862.2400000000001</ele>
   </trkpt>
   <trkpt lat="34.601576671215206" lon="-117.47679333334465">
    <ele>862.0600000000001</ele>
   </trkpt>
   <trkpt lat="34.601573337882186" lon="-117.47604666674917">
    <ele>861.6600000000001</ele>
   </trkpt>
   <trkpt lat="34.60157" lon="-117.4753">
    <ele>861.1700000000001</ele>
   </trkpt>
   <trkpt lat="34.60159500172492" lon="-117.47465000015596">
    <ele>860.7300000000001</ele>
   </trkpt>
   <trkpt lat="34.601620000000004" lon="-117.474">
    <ele>860.4600000000002</ele>
   </trkpt>
   <trkpt lat="34.601580000000006" lon="-117.47328">
    <ele>860.82</ele>
   </trkpt>
   <trkpt lat="34.601605002143806" lon="-117.47255500022528">
    <ele>860.2400000000001</ele>
   </trkpt>
   <trkpt lat="34.60163" lon="-117.47183000000001">
    <ele>860.25</ele>
   </trkpt>
   <trkpt lat="34.60163628118083" lon="-117.47078500055612">
    <ele>859.99</ele>
   </trkpt>
   <trkpt lat="34.60164255345284" lon="-117.46974000095422">
    <ele>859.6700000000001</ele>
   </trkpt>
   <trkpt lat="34.60164881681604" lon="-117.46869500119465">
    <ele>859.6400000000001</ele>
   </trkpt>
   <trkpt lat="34.601655071270436" lon="-117.46765000127753">
    <ele>859.48</ele>
   </trkpt>
   <trkpt lat="34.601661316816006" lon="-117.46660500120315">
    <ele>859.0500000000001</ele>
   </trkpt>
   <trkpt lat="34.60166755345276" lon="-117.46556000097169">
    <ele>859.3900000000001</ele>
   </trkpt>
   <trkpt lat="34.601673781180686" lon="-117.4645150005834">
    <ele>859.6100000000001</ele>
   </trkpt>
   <trkpt lat="34.60168" lon="-117.46347000000002">
    <ele>858.62</ele>
   </trkpt>
   <trkpt lat="34.601681684815865" lon="-117.46252666678359">
    <ele>858.71</ele>
   </trkpt>
   <trkpt lat="34.601683362372015" lon="-117.4615833335289">
    <ele>859.7900000000001</ele>
   </trkpt>
   <trkpt lat="34.6016850326685" lon="-117.46064000023622">
    <ele>859.9700000000001</ele>
   </trkpt>
   <trkpt lat="34.60168669570529" lon="-117.4596966669057">
    <ele>860.14</ele>
   </trkpt>
   <trkpt lat="34.60168835148238" lon="-117.45875333353744">
    <ele>859.19</ele>
   </trkpt>
   <trkpt lat="34.601690000000005" lon="-117.45781000000001">
    <ele>858.94</ele>
   </trkpt>
   <trkpt lat="34.60169751181276" lon="-117.4568275002414">
    <ele>860.16</ele>
   </trkpt>
   <trkpt lat="34.60170501575046" lon="-117.45584500030513">
    <ele>859.62</ele>
   </trkpt>
   <trkpt lat="34.60171251181313" lon="-117.45486250019144">
    <ele>859.94</ele>
   </trkpt>
   <trkpt lat="34.60172" lon="-117.45388000000001">
    <ele>860.07</ele>
   </trkpt>
   <trkpt lat="34.60169601491142" lon="-117.45292399887481">
    <ele>859.83</ele>
   </trkpt>
   <trkpt lat="34.601672022366856" lon="-117.45196799830188">
    <ele>859.3600000000001</ele>
   </trkpt>
   <trkpt lat="34.601648022366334" lon="-117.45101199828143">
    <ele>859.16</ele>
   </trkpt>
   <trkpt lat="34.60162401490986" lon="-117.4500559988136">
    <ele>859.26</ele>
   </trkpt>
   <trkpt lat="34.601600000000005" lon="-117.44910000000002">
    <ele>859.28</ele>
   </trkpt>
   <trkpt lat="34.60159333873051" lon="-117.44828666660057">
    <ele>859.5100000000001</ele>
   </trkpt>
   <trkpt lat="34.60158667206438" lon="-117.44747333333166">
    <ele>859.4600000000002</ele>
   </trkpt>
   <trkpt lat="34.601580000000006" lon="-117.44666000000001">
    <ele>859.8500000000001</ele>
   </trkpt>
   <trkpt lat="34.60159500319558" lon="-117.44577500011437">
    <ele>859.77</ele>
   </trkpt>
   <trkpt lat="34.60161" lon="-117.44489000000002">
    <ele>859.5100000000001</ele>
   </trkpt>
   <trkpt lat="34.6016166721085" lon="-117.44407333335955">
    <ele>859.3000000000001</ele>
   </trkpt>
   <trkpt lat="34.60162333877603" lon="-117.44325666658791">
    <ele>858.94</ele>
   </trkpt>
   <trkpt lat="34.60163" lon="-117.44244">
    <ele>858.9300000000001</ele>
   </trkpt>
   <trkpt lat="34.601608356538286" lon="-117.4413733319312">
    <ele>858.95</ele>
   </trkpt>
   <trkpt lat="34.60158670379448" lon="-117.44030666441849">
    <ele>859.45</ele>
   </trkpt>
   <trkpt lat="34.601565041768595" lon="-117.43923999746208">
    <ele>860.0000000000001</ele>
   </trkpt>
   <trkpt lat="34.601543370460654" lon="-117.43817333106227">
    <ele>860.1700000000001</ele>
   </trkpt>
   <trkpt lat="34.601521689870665" lon="-117.43710666521923">
    <ele>860.83</ele>
   </trkpt>
   <trkpt lat="34.6015" lon="-117.43604">
    <ele>860.6100000000001</ele>
   </trkpt>
   <trkpt lat="34.60145000815696" lon="-117.43503999877413">
    <ele>860.6300000000001</ele>
   </trkpt>
   <trkpt lat="34.60140000815585" lon="-117.43403999875225">
    <ele>860.1500000000001</ele>
   </trkpt>
   <trkpt lat="34.601350000000004" lon="-117.43304">
    <ele>860.4300000000001</ele>
   </trkpt>
   <trkpt lat="34.60133000250945" lon="-117.43225499964825">
    <ele>860.94</ele>
   </trkpt>
   <trkpt lat="34.601310000000005" lon="-117.43147">
    <ele>860.7600000000001</ele>
   </trkpt>
   <trkpt lat="34.60126000432271" lon="-117.43043999928263">
    <ele>860.4600000000002</ele>
   </trkpt>
   <trkpt lat="34.60121" lon="-117.42941">
    <ele>860.89</ele>
   </trkpt>
   <trkpt lat="34.60117203627192" lon="-117.42841599590768">
    <ele>859.62</ele>
   </trkpt>
   <trkpt lat="34.60113406448335" lon="-117.42742199272422">
    <ele>859.7300000000001</ele>
   </trkpt>
   <trkpt lat="34.601096084634314" lon="-117.42642799044978">
    <ele>861.04</ele>
   </trkpt>
   <trkpt lat="34.601058096724856" lon="-117.42543398908458">
    <ele>860.8000000000001</ele>
   </trkpt>
   <trkpt lat="34.601020100754965" lon="-117.42443998862875">
    <ele>861.38</ele>
   </trkpt>
   <trkpt lat="34.600982096724685" lon="-117.42344598908254">
    <ele>860.1700000000001</ele>
   </trkpt>
   <trkpt lat="34.60094408463402" lon="-117.42245199044612">
    <ele>859.14</ele>
   </trkpt>
   <trkpt lat="34.60090606448298" lon="-117.42145799271971">
    <ele>859.5800000000002</ele>
   </trkpt>
   <trkpt lat="34.600868036271606" lon="-117.42046399590345">
    <ele>861.59</ele>
   </trkpt>
   <trkpt lat="34.60083" lon="-117.41947">
    <ele>862.94</ele>
   </trkpt>
   <trkpt lat="34.60084001351111" lon="-117.4185600004518">
    <ele>862.7900000000001</ele>
   </trkpt>
   <trkpt lat="34.60085002026659" lon="-117.41765000068422">
    <ele>862.7900000000001</ele>
   </trkpt>
   <trkpt lat="34.60086002026645" lon="-117.41674000069742">
    <ele>862.95</ele>
   </trkpt>
   <trkpt lat="34.60087001351067" lon="-117.41583000049155">
    <ele>862.7</ele>
   </trkpt>
   <trkpt lat="34.600880000000004" lon="-117.41492000000001">
    <ele>863.23</ele>
   </trkpt>
   <trkpt lat="34.60090401798845" lon="-117.4138700012104">
    <ele>862.8000000000001</ele>
   </trkpt>
   <trkpt lat="34.60092802698272" lon="-117.41282000181363">
    <ele>862.96</ele>
   </trkpt>
   <trkpt lat="34.60095202698282" lon="-117.41177000180991">
    <ele>863.4000000000001</ele>
   </trkpt>
   <trkpt lat="34.600976017988714" lon="-117.41072000119945">
    <ele>863.4300000000001</ele>
   </trkpt>
   <trkpt lat="34.601000000000006" lon="-117.40967">
    <ele>864.0600000000001</ele>
   </trkpt>
   <trkpt lat="34.60101780897543" lon="-117.40869222390576">
    <ele>864.22</ele>
   </trkpt>
   <trkpt lat="34.60103561015142" lon="-117.4077144473922">
    <ele>864.19</ele>
   </trkpt>
   <trkpt lat="34.601053403527985" lon="-117.40673667045965">
    <ele>864.5500000000001</ele>
   </trkpt>
   <trkpt lat="34.601071189105106" lon="-117.4057588931082">
    <ele>864.25</ele>
   </trkpt>
   <trkpt lat="34.601088966882756" lon="-117.40478111533807">
    <ele>864.5100000000001</ele>
   </trkpt>
   <trkpt lat="34.601106736860956" lon="-117.4038033371494">
    <ele>864.32</ele>
   </trkpt>
   <trkpt lat="34.60112449903967" lon="-117.40282555854242">
    <ele>864.6</ele>
   </trkpt>
   <trkpt lat="34.6011422534189" lon="-117.40184777951728">
    <ele>865.1800000000001</ele>
   </trkpt>
   <trkpt lat="34.60116" lon="-117.40087000000001">
    <ele>865.58</ele>
   </trkpt>
   <trkpt lat="34.60197555555596" lon="-117.40086111180949">
    <ele>865.11</ele>
   </trkpt>
   <trkpt lat="34.60279111111127" lon="-117.40085222344443">
    <ele>864.83</ele>
   </trkpt>
   <trkpt lat="34.603606666665954" lon="-117.40084333490478">
    <ele>863.82</ele>
   </trkpt>
   <trkpt lat="34.60442222221998" lon="-117.40083444619054">
    <ele>863.3000000000001</ele>
   </trkpt>
   <trkpt lat="34.60523777777336" lon="-117.40082555730169">
    <ele>862.4600000000002</ele>
   </trkpt>
   <trkpt lat="34.606053333326095" lon="-117.40081666823825">
    <ele>862.45</ele>
   </trkpt>
   <trkpt lat="34.60686888887819" lon="-117.40080777900019">
    <ele>861.57</ele>
   </trkpt>
   <trkpt lat="34.60768444442964" lon="-117.40079888958752">
    <ele>860.89</ele>
   </trkpt>
   <trkpt lat="34.6085" lon="-117.40079000000001">
    <ele>859.9000000000001</ele>
   </trkpt>
   <trkpt lat="34.60922800001306" lon="-117.40079399985979">
    <ele>859.04</ele>
   </trkpt>
   <trkpt lat="34.609956000025996" lon="-117.40079799978972">
    <ele>858.04</ele>
   </trkpt>
   <trkpt lat="34.610684000038795" lon="-117.40080199978976">
    <ele>857.5600000000001</ele>
   </trkpt>
   <trkpt lat="34.61141200005148" lon="-117.40080599985998">
    <ele>857.4200000000001</ele>
   </trkpt>
   <trkpt lat="34.612140000000004" lon="-117.40081">
    <ele>857.6</ele>
   </trkpt>
   <trkpt lat="34.61298583333263" lon="-117.40080916676007">
    <ele>858.0300000000001</ele>
   </trkpt>
   <trkpt lat="34.61383166666524" lon="-117.40080833350315">
    <ele>858.33</ele>
   </trkpt>
   <trkpt lat="34.614677499997846" lon="-117.40080750022928">
    <ele>858.1500000000001</ele>
   </trkpt>
   <trkpt lat="34.61552333333046" lon="-117.40080666693841">
    <ele>857.96</ele>
   </trkpt>
   <trkpt lat="34.61636916666306" lon="-117.40080583363057">
    <ele>857.7</ele>
   </trkpt>
   <trkpt lat="34.61721499999565" lon="-117.40080500030571">
    <ele>857.44</ele>
   </trkpt>
   <trkpt lat="34.61806083332825" lon="-117.4008041669639">
    <ele>856.84</ele>
   </trkpt>
   <trkpt lat="34.618906666660834" lon="-117.4008033336051">
    <ele>855.98</ele>
   </trkpt>
   <trkpt lat="34.61975249999341" lon="-117.40080250022932">
    <ele>854.82</ele>
   </trkpt>
   <trkpt lat="34.62059833332597" lon="-117.40080166683654">
    <ele>854.5100000000001</ele>
   </trkpt>
   <trkpt lat="34.62144416665855" lon="-117.40080083342676">
    <ele>854.0500000000001</ele>
   </trkpt>
   <trkpt lat="34.62229" lon="-117.4008">
    <ele>853.32</ele>
   </trkpt>
   <trkpt lat="34.623000000000005" lon="-117.40076">
    <ele>853.0500000000001</ele>
   </trkpt>
   <trkpt lat="34.623660000075596" lon="-117.40074333359661">
    <ele>852.99</ele>
   </trkpt>
   <trkpt lat="34.62432000014892" lon="-117.4007266669281">
    <ele>852.69</ele>
   </trkpt>
   <trkpt lat="34.62498" lon="-117.40071">
    <ele>851.5600000000001</ele>
   </trkpt>
   <trkpt lat="34.62576285713093" lon="-117.4007199994337">
    <ele>850.23</ele>
   </trkpt>
   <trkpt lat="34.62654571426105" lon="-117.40072999905613">
    <ele>849.52</ele>
   </trkpt>
   <trkpt lat="34.62732857139035" lon="-117.40073999886721">
    <ele>848.6700000000001</ele>
   </trkpt>
   <trkpt lat="34.628111428518835" lon="-117.400749998867">
    <ele>848.0200000000001</ele>
   </trkpt>
   <trkpt lat="34.628894285646496" lon="-117.40075999905552">
    <ele>847.35</ele>
   </trkpt>
   <trkpt lat="34.62967714277334" lon="-117.40076999943277">
    <ele>846.7300000000001</ele>
   </trkpt>
   <trkpt lat="34.63046" lon="-117.40078000000001">
    <ele>846.38</ele>
   </trkpt>
   <trkpt lat="34.63053" lon="-117.40041000000001">
    <ele>846.33</ele>
   </trkpt>
   <trkpt lat="34.63053" lon="-117.39981000000002">
    <ele>846.6800000000001</ele>
   </trkpt>
   <trkpt lat="34.63052000298332" lon="-117.3989549999229">
    <ele>847.98</ele>
   </trkpt>
   <trkpt lat="34.63051" lon="-117.39810000000001">
    <ele>848.96</ele>
   </trkpt>
   <trkpt lat="34.63051148963055" lon="-117.39702714309949">
    <ele>849.47</ele>
   </trkpt>
   <trkpt lat="34.630512969867404" lon="-117.39595428616055">
    <ele>850.0000000000001</ele>
   </trkpt>
   <trkpt lat="34.630514440710535" lon="-117.39488142918343">
    <ele>850.1400000000001</ele>
   </trkpt>
   <trkpt lat="34.63051590215996" lon="-117.3938085721684">
    <ele>850.44</ele>
   </trkpt>
   <trkpt lat="34.63051735421568" lon="-117.39273571511568">
    <ele>851.44</ele>
   </trkpt>
   <trkpt lat="34.63051879687767" lon="-117.39166285802555">
    <ele>852.45</ele>
   </trkpt>
   <trkpt lat="34.630520230145976" lon="-117.39059000089821">
    <ele>853.0200000000001</ele>
   </trkpt>
   <trkpt lat="34.630521654020555" lon="-117.38951714373393">
    <ele>852.57</ele>
   </trkpt>
   <trkpt lat="34.63052306850141" lon="-117.38844428653293">
    <ele>852.26</ele>
   </trkpt>
   <trkpt lat="34.630524473588565" lon="-117.38737142929547">
    <ele>851.84</ele>
   </trkpt>
   <trkpt lat="34.63052586928201" lon="-117.38629857202179">
    <ele>852.5100000000001</ele>
   </trkpt>
   <trkpt lat="34.63052725558173" lon="-117.38522571471213">
    <ele>852.48</ele>
   </trkpt>
   <trkpt lat="34.63052863248773" lon="-117.38415285736676">
    <ele>851.7500000000001</ele>
   </trkpt>
   <trkpt lat="34.63053" lon="-117.38308">
    <ele>851.1400000000001</ele>
   </trkpt>
   <trkpt lat="34.63052573876927" lon="-117.38207999968765">
    <ele>850.5400000000001</ele>
   </trkpt>
   <trkpt lat="34.63052146937736" lon="-117.3810799994781">
    <ele>851.25</ele>
   </trkpt>
   <trkpt lat="34.63051719182425" lon="-117.38007999937162">
    <ele>851.5100000000001</ele>
   </trkpt>
   <trkpt lat="34.63051290610995" lon="-117.37907999936836">
    <ele>851.43</ele>
   </trkpt>
   <trkpt lat="34.63050861223446" lon="-117.37807999946845">
    <ele>851.13</ele>
   </trkpt>
   <trkpt lat="34.63050431019777" lon="-117.37707999967223">
    <ele>851.28</ele>
   </trkpt>
   <trkpt lat="34.630500000000005" lon="-117.37608000000002">
    <ele>851.19</ele>
   </trkpt>
   <trkpt lat="34.63048500167039" lon="-117.37543999984042">
    <ele>851.3000000000001</ele>
   </trkpt>
   <trkpt lat="34.63047" lon="-117.37480000000001">
    <ele>850.96</ele>
   </trkpt>
   <trkpt lat="34.63134000018079" lon="-117.37489332843946">
    <ele>851.26</ele>
   </trkpt>
   <trkpt lat="34.632210000290485" lon="-117.37498665883648">
    <ele>852.5</ele>
   </trkpt>
   <trkpt lat="34.63308000032909" lon="-117.37507999119111">
    <ele>851.9000000000001</ele>
   </trkpt>
   <trkpt lat="34.63395000029659" lon="-117.37517332550351">
    <ele>852.1500000000001</ele>
   </trkpt>
   <trkpt lat="34.634820000193" lon="-117.37526666177378">
    <ele>851.71</ele>
   </trkpt>
   <trkpt lat="34.635690000000004" lon="-117.37536000000001">
    <ele>850.99</ele>
   </trkpt>
   <trkpt lat="34.63646500008424" lon="-117.37545499911815">
    <ele>850.43</ele>
   </trkpt>
   <trkpt lat="34.637240000000006" lon="-117.37555">
    <ele>849.89</ele>
   </trkpt>
   <trkpt lat="34.63806000005365" lon="-117.37562499926129">
    <ele>849.26</ele>
   </trkpt>
   <trkpt lat="34.63888" lon="-117.37570000000001">
    <ele>848.8700000000001</ele>
   </trkpt>
   <trkpt lat="34.63967000012114" lon="-117.37578749750244">
    <ele>849.0000000000001</ele>
   </trkpt>
   <trkpt lat="34.6404600001798" lon="-117.37587499667191">
    <ele>849.2900000000001</ele>
   </trkpt>
   <trkpt lat="34.641250000175965" lon="-117.37596249750847">
    <ele>848.9000000000001</ele>
   </trkpt>
   <trkpt lat="34.64204" lon="-117.37605">
    <ele>848.82</ele>
   </trkpt>
   <trkpt lat="34.642545000129715" lon="-117.37606999988327">
    <ele>848.35</ele>
   </trkpt>
   <trkpt lat="34.64305" lon="-117.37609">
    <ele>847.86</ele>
   </trkpt>
   <trkpt lat="34.64393000000238" lon="-117.37621999861052">
    <ele>847.4200000000001</ele>
   </trkpt>
   <trkpt lat="34.64481" lon="-117.37635000000002">
    <ele>847.0300000000001</ele>
   </trkpt>
   <trkpt lat="34.64518" lon="-117.37636">
    <ele>846.6800000000001</ele>
   </trkpt>
   <trkpt lat="34.64555" lon="-117.37641">
    <ele>846.5600000000001</ele>
   </trkpt>
   <trkpt lat="34.646190000000004" lon="-117.37648000000002">
    <ele>846.04</ele>
   </trkpt>
   <trkpt lat="34.64698000016939" lon="-117.3765549949982">
    <ele>845.3900000000001</ele>
   </trkpt>
   <trkpt lat="34.64777000029286" lon="-117.37662999142557">
    <ele>844.77</ele>
   </trkpt>
   <trkpt lat="34.64856000037041" lon="-117.37670498928219">
    <ele>844.34</ele>
   </trkpt>
   <trkpt lat="34.64935000040205" lon="-117.37677998856815">
    <ele>844.0600000000001</ele>
   </trkpt>
   <trkpt lat="34.65014000038778" lon="-117.3768549892835">
    <ele>843.73</ele>
   </trkpt>
   <trkpt lat="34.650930000327584" lon="-117.3769299914283">
    <ele>843.44</ele>
   </trkpt>
   <trkpt lat="34.65172000022145" lon="-117.37700499500266">
    <ele>842.73</ele>
   </trkpt>
   <trkpt lat="34.65251" lon="-117.37708">
    <ele>842.28</ele>
   </trkpt>
   <trkpt lat="34.65323600014144" lon="-117.37716999684801">
    <ele>841.99</ele>
   </trkpt>
   <trkpt lat="34.653962000216765" lon="-117.37725999527248">
    <ele>841.3100000000001</ele>
   </trkpt>
   <trkpt lat="34.65468800022597" lon="-117.37734999527358">
    <ele>840.5400000000001</ele>
   </trkpt>
   <trkpt lat="34.65541400016903" lon="-117.37743999685128">
    <ele>840.1200000000001</ele>
   </trkpt>
   <trkpt lat="34.65614" lon="-117.37753000000001">
    <ele>840.0500000000001</ele>
   </trkpt>
   <trkpt lat="34.65688200015872" lon="-117.37762799649069">
    <ele>839.8100000000001</ele>
   </trkpt>
   <trkpt lat="34.65762400023903" lon="-117.37772599473607">
    <ele>839.3000000000001</ele>
   </trkpt>
   <trkpt lat="34.65836600024095" lon="-117.37782399473623">
    <ele>838.84</ele>
   </trkpt>
   <trkpt lat="34.65910800016444" lon="-117.37792199649127">
    <ele>838.0600000000001</ele>
   </trkpt>
   <trkpt lat="34.659850000000006" lon="-117.37802">
    <ele>837.83</ele>
   </trkpt>
   <trkpt lat="34.66070000004206" lon="-117.37807499830784">
    <ele>837.2700000000001</ele>
   </trkpt>
   <trkpt lat="34.66155000005943" lon="-117.37812999774395">
    <ele>837.1200000000001</ele>
   </trkpt>
   <trkpt lat="34.662400000052074" lon="-117.37818499830843">
    <ele>836.9000000000001</ele>
   </trkpt>
   <trkpt lat="34.663250000000005" lon="-117.37824">
    <ele>836.19</ele>
   </trkpt>
   <trkpt lat="34.66396" lon="-117.37837">
    <ele>835.35</ele>
   </trkpt>
   <trkpt lat="34.66485" lon="-117.37837">
    <ele>834.67</ele>
   </trkpt>
   <trkpt lat="34.665693333472326" lon="-117.37850333061799">
    <ele>834.8100000000001</ele>
   </trkpt>
   <trkpt lat="34.6665366667995" lon="-117.37863666395029">
    <ele>834.86</ele>
   </trkpt>
   <trkpt lat="34.66738" lon="-117.37877">
    <ele>834.6000000000001</ele>
   </trkpt>
   <trkpt lat="34.66814500004369" lon="-117.37885999917017">
    <ele>835.07</ele>
   </trkpt>
   <trkpt lat="34.668910000000004" lon="-117.37895">
    <ele>834.73</ele>
   </trkpt>
   <trkpt lat="34.6696" lon="-117.379">
    <ele>834.76</ele>
   </trkpt>
   <trkpt lat="34.66987334200893" lon="-117.37797000674864">
    <ele>834.76</ele>
   </trkpt>
   <trkpt lat="34.67014667535519" lon="-117.37694000670004">
    <ele>834.76</ele>
   </trkpt>
   <trkpt lat="34.67042" lon="-117.37591">
    <ele>834.76</ele>
   </trkpt>
   <trkpt lat="34.67071002151862" lon="-117.37488335129919">
    <ele>834.76</ele>
   </trkpt>
   <trkpt lat="34.67100003443067" lon="-117.37385669540957">
    <ele>832.69</ele>
   </trkpt>
   <trkpt lat="34.67129003873598" lon="-117.37283003233121">
    <ele>832.69</ele>
   </trkpt>
   <trkpt lat="34.67158003443442" lon="-117.3718033620642">
    <ele>832.69</ele>
   </trkpt>
   <trkpt lat="34.671870021525805" lon="-117.3707766846086">
    <ele>832.69</ele>
   </trkpt>
   <trkpt lat="34.672160000000005" lon="-117.36975000000001">
    <ele>832.69</ele>
   </trkpt>
   <trkpt lat="34.67231" lon="-117.36966000000001">
    <ele>831.76</ele>
   </trkpt>
   <trkpt lat="34.67259500829481" lon="-117.3688375084654">
    <ele>831.76</ele>
   </trkpt>
   <trkpt lat="34.672880011065544" lon="-117.36801501127066">
    <ele>831.76</ele>
   </trkpt>
   <trkpt lat="34.6731650083121" lon="-117.36719250841577">
    <ele>831.76</ele>
   </trkpt>
   <trkpt lat="34.67345" lon="-117.36637">
    <ele>831.76</ele>
   </trkpt>
   <trkpt lat="34.67380000241701" lon="-117.36559500335308">
    <ele>779.6500000000001</ele>
   </trkpt>
   <trkpt lat="34.674150000000004" lon="-117.36482000000001">
    <ele>779.6500000000001</ele>
   </trkpt>
   <trkpt lat="34.67473667094708" lon="-117.3640966769042">
    <ele>779.6500000000001</ele>
   </trkpt>
   <trkpt lat="34.6753233376217" lon="-117.36337334356124">
    <ele>779.6500000000001</ele>
   </trkpt>
   <trkpt lat="34.67591" lon="-117.36265000000002">
    <ele>779.6500000000001</ele>
   </trkpt>
   <trkpt lat="34.676010000000005" lon="-117.36261">
    <ele>779.48</ele>
   </trkpt>
   <trkpt lat="34.676280000000006" lon="-117.36238000000002">
    <ele>779.6200000000001</ele>
   </trkpt>
   <trkpt lat="34.676480000000005" lon="-117.36216">
    <ele>779.32</ele>
   </trkpt>
   <trkpt lat="34.67651" lon="-117.36207">
    <ele>779.2500000000001</ele>
   </trkpt>
   <trkpt lat="34.67654" lon="-117.36181">
    <ele>779.21</ele>
   </trkpt>
   <trkpt lat="34.67651" lon="-117.36158">
    <ele>779.21</ele>
   </trkpt>
   <trkpt lat="34.676460000000006" lon="-117.36146000000001">
    <ele>779.21</ele>
   </trkpt>
   <trkpt lat="34.6759250000153" lon="-117.36148000012867">
    <ele>779.21</ele>
   </trkpt>
   <trkpt lat="34.67539" lon="-117.3615">
    <ele>768.4000000000001</ele>
   </trkpt>
   <trkpt lat="34.67503" lon="-117.36149">
    <ele>768.4000000000001</ele>
   </trkpt>
   <trkpt lat="34.67486" lon="-117.36137000000001">
    <ele>768.4000000000001</ele>
   </trkpt>
   <trkpt lat="34.67477" lon="-117.36129000000001">
    <ele>768.4000000000001</ele>
   </trkpt>
   <trkpt lat="34.674670000000006" lon="-117.36110000000001">
    <ele>768.48</ele>
   </trkpt>
   <trkpt lat="34.67464000194201" lon="-117.36040999970648">
    <ele>765.4900000000001</ele>
   </trkpt>
   <trkpt lat="34.67461" lon="-117.35972000000001">
    <ele>765.22</ele>
   </trkpt>
   <trkpt lat="34.674606689102625" lon="-117.35867166645345">
    <ele>765.22</ele>
   </trkpt>
   <trkpt lat="34.67460336923086" lon="-117.35762333299078">
    <ele>765.22</ele>
   </trkpt>
   <trkpt lat="34.6746000403847" lon="-117.3565749996123">
    <ele>765.6800000000001</ele>
   </trkpt>
   <trkpt lat="34.67459670256418" lon="-117.35552666631818">
    <ele>765.6800000000001</ele>
   </trkpt>
   <trkpt lat="34.67459335576926" lon="-117.3544783331087">
    <ele>765.7400000000001</ele>
   </trkpt>
   <trkpt lat="34.67459" lon="-117.35343">
    <ele>765.8800000000001</ele>
   </trkpt>
   <trkpt lat="34.67461" lon="-117.35294">
    <ele>765.8800000000001</ele>
   </trkpt>
   <trkpt lat="34.67461750986648" lon="-117.35204250025467">
    <ele>765.8800000000001</ele>
   </trkpt>
   <trkpt lat="34.67462501315525" lon="-117.35114500034666">
    <ele>767.45</ele>
   </trkpt>
   <trkpt lat="34.674632509866306" lon="-117.3502475002761">
    <ele>767.45</ele>
   </trkpt>
   <trkpt lat="34.674640000000004" lon="-117.34935000000002">
    <ele>767.45</ele>
   </trkpt>
   <trkpt lat="34.674605004168335" lon="-117.34833999966816">
    <ele>768.0</ele>
   </trkpt>
   <trkpt lat="34.67457" lon="-117.34733000000001">
    <ele>768.51</ele>
   </trkpt>
   <trkpt lat="34.67463000282326" lon="-117.34650000045599">
    <ele>770.0300000000001</ele>
   </trkpt>
   <trkpt lat="34.674690000000005" lon="-117.34567000000001">
    <ele>770.0300000000001</ele>
   </trkpt>
   <trkpt lat="34.67548111244923" lon="-117.34546779323095">
    <ele>770.0300000000001</ele>
   </trkpt>
   <trkpt lat="34.67627222456457" lon="-117.34526558259887">
    <ele>770.0300000000001</ele>
   </trkpt>
   <trkpt lat="34.67706333634601" lon="-117.3450633681036">
    <ele>768.7600000000001</ele>
   </trkpt>
   <trkpt lat="34.677854447793514" lon="-117.34486114974497">
    <ele>768.7600000000001</ele>
   </trkpt>
   <trkpt lat="34.678645558907064" lon="-117.34465892752277">
    <ele>768.7600000000001</ele>
   </trkpt>
   <trkpt lat="34.679436669686666" lon="-117.3444567014368">
    <ele>768.7600000000001</ele>
   </trkpt>
   <trkpt lat="34.68022778013228" lon="-117.34425447148689">
    <ele>768.85</ele>
   </trkpt>
   <trkpt lat="34.68101889024391" lon="-117.34405223767284">
    <ele>768.85</ele>
   </trkpt>
   <trkpt lat="34.681810000000006" lon="-117.34385">
    <ele>768.85</ele>
   </trkpt>
   <trkpt lat="34.68211" lon="-117.34367">
    <ele>768.85</ele>
   </trkpt>
   <trkpt lat="34.68290444575031" lon="-117.3434700153528">
    <ele>768.82</ele>
   </trkpt>
   <trkpt lat="34.683698891174" lon="-117.34327002686788">
    <ele>768.82</ele>
   </trkpt>
   <trkpt lat="34.68449333627103" lon="-117.34307003454508">
    <ele>768.82</ele>
   </trkpt>
   <trkpt lat="34.685287781041396" lon="-117.34287003838419">
    <ele>768.82</ele>
   </trkpt>
   <trkpt lat="34.6860822254851" lon="-117.342670038385">
    <ele>768.82</ele>
   </trkpt>
   <trkpt lat="34.686876669602114" lon="-117.34247003454736">
    <ele>764.46</ele>
   </trkpt>
   <trkpt lat="34.687671113392405" lon="-117.34227002687108">
    <ele>764.46</ele>
   </trkpt>
   <trkpt lat="34.68846555685598" lon="-117.34207001535594">
    <ele>764.46</ele>
   </trkpt>
   <trkpt lat="34.689260000000004" lon="-117.34187000000001">
    <ele>764.46</ele>
   </trkpt>
   <trkpt lat="34.69012" lon="-117.34161">
    <ele>764.46</ele>
   </trkpt>
   <trkpt lat="34.69064999992882" lon="-117.34148000086677">
    <ele>764.46</ele>
   </trkpt>
   <trkpt lat="34.69118" lon="-117.34135">
    <ele>764.46</ele>
   </trkpt>
   <trkpt lat="34.691770000000005" lon="-117.34117">
    <ele>764.46</ele>
   </trkpt>
   <trkpt lat="34.692339999937595" lon="-117.34105500081544">
    <ele>764.46</ele>
   </trkpt>
   <trkpt lat="34.692910000000005" lon="-117.34094">
    <ele>764.46</ele>
   </trkpt>
   <trkpt lat="34.693674286671765" lon="-117.34074286806486">
    <ele>764.46</ele>
   </trkpt>
   <trkpt lat="34.69443857302609" lon="-117.34054573248889">
    <ele>760.9100000000001</ele>
   </trkpt>
   <trkpt lat="34.69520285906299" lon="-117.34034859327191">
    <ele>760.9100000000001</ele>
   </trkpt>
   <trkpt lat="34.69596714478243" lon="-117.34015145041381">
    <ele>760.9100000000001</ele>
   </trkpt>
   <trkpt lat="34.69673143018441" lon="-117.33995430391434">
    <ele>760.9100000000001</ele>
   </trkpt>
   <trkpt lat="34.69749571526889" lon="-117.33975715377339">
    <ele>760.9100000000001</ele>
   </trkpt>
   <trkpt lat="34.698260000000005" lon="-117.33956">
    <ele>760.9100000000001</ele>
   </trkpt>
   <trkpt lat="34.69811" lon="-117.33866">
    <ele>764.36</ele>
   </trkpt>
   <trkpt lat="34.69879750070802" lon="-117.33841750604876">
    <ele>764.22</ele>
   </trkpt>
   <trkpt lat="34.699485000935674" lon="-117.33817500806803">
    <ele>764.0400000000001</ele>
   </trkpt>
   <trkpt lat="34.70017250068298" lon="-117.33793250605775">
    <ele>763.62</ele>
   </trkpt>
   <trkpt lat="34.700860000000006" lon="-117.33769000000001">
    <ele>763.0600000000001</ele>
   </trkpt>
   <trkpt lat="34.70168875236622" lon="-117.33740252015754">
    <ele>762.6600000000001</ele>
   </trkpt>
   <trkpt lat="34.702517504057326" lon="-117.33711503455606">
    <ele>762.3100000000001</ele>
   </trkpt>
   <trkpt lat="34.703346255073264" lon="-117.33682754319527">
    <ele>762.45</ele>
   </trkpt>
   <trkpt lat="34.704175005413994" lon="-117.33654004607487">
    <ele>761.96</ele>
   </trkpt>
   <trkpt lat="34.70500375507951" lon="-117.33625254319462">
    <ele>760.8300000000002</ele>
   </trkpt>
   <trkpt lat="34.70583250406977" lon="-117.33596503455414">
    <ele>759.8000000000001</ele>
   </trkpt>
   <trkpt lat="34.70666125238472" lon="-117.33567752015321">
    <ele>759.14</ele>
   </trkpt>
   <trkpt lat="34.70749" lon="-117.33539">
    <ele>759.57</ele>
   </trkpt>
   <trkpt lat="34.708347501060366" lon="-117.33509750909249">
    <ele>760.6700000000001</ele>
   </trkpt>
   <trkpt lat="34.709205001421815" lon="-117.33480501212084">
    <ele>761.48</ele>
   </trkpt>
   <trkpt lat="34.71006250108427" lon="-117.33451250908469">
    <ele>761.1800000000001</ele>
   </trkpt>
   <trkpt lat="34.71092" lon="-117.33422000000002">
    <ele>760.85</ele>
   </trkpt>
   <trkpt lat="34.711560000423255" lon="-117.3339850017458">
    <ele>761.11</ele>
   </trkpt>
   <trkpt lat="34.7122" lon="-117.33375000000001">
    <ele>760.9100000000001</ele>
   </trkpt>
   <trkpt lat="34.71285750062771" lon="-117.33352250542815">
    <ele>761.45</ele>
   </trkpt>
   <trkpt lat="34.71351500083258" lon="-117.33329500723909">
    <ele>761.7900000000001</ele>
   </trkpt>
   <trkpt lat="34.714172500614595" lon="-117.3330675054328">
    <ele>762.0300000000001</ele>
   </trkpt>
   <trkpt lat="34.714830000000006" lon="-117.33284">
    <ele>762.1800000000001</ele>
   </trkpt>
   <trkpt lat="34.714800000000004" lon="-117.33239">
    <ele>762.94</ele>
   </trkpt>
   <trkpt lat="34.71439" lon="-117.33217">
    <ele>764.53</ele>
   </trkpt>
   <trkpt lat="34.714290000000005" lon="-117.33217">
    <ele>764.53</ele>
   </trkpt>
   <trkpt lat="34.71405" lon="-117.33225000000002">
    <ele>764.53</ele>
   </trkpt>
   <trkpt lat="34.71401" lon="-117.33224000000001">
    <ele>764.53</ele>
   </trkpt>
   <trkpt lat="34.71405" lon="-117.33225000000002">
    <ele>764.5400000000001</ele>
   </trkpt>
   <trkpt lat="34.714290000000005" lon="-117.33217">
    <ele>764.5400000000001</ele>
   </trkpt>
   <trkpt lat="34.71439" lon="-117.33217">
    <ele>764.5400000000001</ele>
   </trkpt>
   <trkpt lat="34.714800000000004" lon="-117.33239">
    <ele>762.94</ele>
   </trkpt>
   <trkpt lat="34.714830000000006" lon="-117.33284">
    <ele>762.1800000000001</ele>
   </trkpt>
   <trkpt lat="34.7156342876336" lon="-117.33256001634044">
    <ele>762.0500000000001</ele>
   </trkpt>
   <trkpt lat="34.71643857462669" lon="-117.3322800272348">
    <ele>761.47</ele>
   </trkpt>
   <trkpt lat="34.717242860979276" lon="-117.33200003268279">
    <ele>759.23</ele>
   </trkpt>
   <trkpt lat="34.7180471466913" lon="-117.33172003268413">
    <ele>758.26</ele>
   </trkpt>
   <trkpt lat="34.71885143176272" lon="-117.33144002723856">
    <ele>757.8600000000001</ele>
   </trkpt>
   <trkpt lat="34.71965571619354" lon="-117.33116001634583">
    <ele>756.51</ele>
   </trkpt>
   <trkpt lat="34.72046" lon="-117.33088000000001">
    <ele>757.3100000000001</ele>
   </trkpt>
   <trkpt lat="34.72127571624488" lon="-117.33059715960233">
    <ele>759.9800000000001</ele>
   </trkpt>
   <trkpt lat="34.72209143183608" lon="-117.3303143136236">
    <ele>760.6</ele>
   </trkpt>
   <trkpt lat="34.72290714677356" lon="-117.33003146206359">
    <ele>760.58</ele>
   </trkpt>
   <trkpt lat="34.72372286105731" lon="-117.32974860492199">
    <ele>759.62</ele>
   </trkpt>
   <trkpt lat="34.72453857468727" lon="-117.32946574219854">
    <ele>759.72</ele>
   </trkpt>
   <trkpt lat="34.725354287663436" lon="-117.32918287389295">
    <ele>760.3700000000001</ele>
   </trkpt>
   <trkpt lat="34.72617" lon="-117.3289">
    <ele>762.3100000000001</ele>
   </trkpt>
   <trkpt lat="34.72666500005557" lon="-117.32872000110581">
    <ele>762.29</ele>
   </trkpt>
   <trkpt lat="34.727160000000005" lon="-117.32854">
    <ele>761.96</ele>
   </trkpt>
   <trkpt lat="34.72791750126883" lon="-117.32821750886896">
    <ele>760.9200000000001</ele>
   </trkpt>
   <trkpt lat="34.72867500168777" lon="-117.32789501182715">
    <ele>758.62</ele>
   </trkpt>
   <trkpt lat="34.72943250125681" lon="-117.32757250887434">
    <ele>758.39</ele>
   </trkpt>
   <trkpt lat="34.73019" lon="-117.32725">
    <ele>758.78</ele>
   </trkpt>
   <trkpt lat="34.73100300414719" lon="-117.32691402974953">
    <ele>757.11</ele>
   </trkpt>
   <trkpt lat="34.73181600737195" lon="-117.3265780528893">
    <ele>753.62</ele>
   </trkpt>
   <trkpt lat="34.73262900967422" lon="-117.32624206941898">
    <ele>752.8100000000001</ele>
   </trkpt>
   <trkpt lat="34.73344201105397" lon="-117.32590607933832">
    <ele>752.84</ele>
   </trkpt>
   <trkpt lat="34.73425501151113" lon="-117.32557008264692">
    <ele>753.6400000000001</ele>
   </trkpt>
   <trkpt lat="34.73506801104567" lon="-117.32523407934447">
    <ele>751.7800000000001</ele>
   </trkpt>
   <trkpt lat="34.73588100965755" lon="-117.32489806943069">
    <ele>748.41</ele>
   </trkpt>
   <trkpt lat="34.736694007346706" lon="-117.3245620529052">
    <ele>746.2</ele>
   </trkpt>
   <trkpt lat="34.737507004113105" lon="-117.32422602976773">
    <ele>745.14</ele>
   </trkpt>
   <trkpt lat="34.73832" lon="-117.32389">
    <ele>745.5200000000001</ele>
   </trkpt>
   <trkpt lat="34.73909500020619" lon="-117.32363000246221">
    <ele>747.73</ele>
   </trkpt>
   <trkpt lat="34.73987" lon="-117.32337000000001">
    <ele>747.35</ele>
   </trkpt>
   <trkpt lat="34.74055750049266" lon="-117.3231725049262">
    <ele>746.2800000000001</ele>
   </trkpt>
   <trkpt lat="34.74124500066653" lon="-117.32297500656558">
    <ele>745.51</ele>
   </trkpt>
   <trkpt lat="34.74193250052161" lon="-117.32277750491804">
    <ele>744.3400000000001</ele>
   </trkpt>
   <trkpt lat="34.74262" lon="-117.32258000000002">
    <ele>744.14</ele>
   </trkpt>
   <trkpt lat="34.74309" lon="-117.32245">
    <ele>745.53</ele>
   </trkpt>
   <trkpt lat="34.74370333350113" lon="-117.32233666833793">
    <ele>745.99</ele>
   </trkpt>
   <trkpt lat="34.74431666689729" lon="-117.322223334993">
    <ele>744.7900000000001</ele>
   </trkpt>
   <trkpt lat="34.744930000000004" lon="-117.32211000000001">
    <ele>744.41</ele>
   </trkpt>
   <trkpt lat="34.74537" lon="-117.322">
    <ele>745.1300000000001</ele>
   </trkpt>
   <trkpt lat="34.74613500067998" lon="-117.3215750039683">
    <ele>744.4900000000001</ele>
   </trkpt>
   <trkpt lat="34.746900000000004" lon="-117.32115">
    <ele>748.85</ele>
   </trkpt>
   <trkpt lat="34.747240000000005" lon="-117.32093">
    <ele>749.94</ele>
   </trkpt>
   <trkpt lat="34.74754" lon="-117.32067">
    <ele>749.68</ele>
   </trkpt>
   <trkpt lat="34.747890000000005" lon="-117.3203">
    <ele>749.96</ele>
   </trkpt>
   <trkpt lat="34.7481" lon="-117.31999">
    <ele>749.9300000000001</ele>
   </trkpt>
   <trkpt lat="34.748310000000004" lon="-117.31959">
    <ele>749.5</ele>
   </trkpt>
   <trkpt lat="34.74865401036113" lon="-117.31879401325428">
    <ele>750.4900000000001</ele>
   </trkpt>
   <trkpt lat="34.74899801554328" lon="-117.317998019878">
    <ele>753.0300000000001</ele>
   </trkpt>
   <trkpt lat="34.74934201554636" lon="-117.31720201987116">
    <ele>757.0500000000001</ele>
   </trkpt>
   <trkpt lat="34.74968601037027" lon="-117.3164060132337">
    <ele>758.2800000000001</ele>
   </trkpt>
   <trkpt lat="34.75003" lon="-117.31561">
    <ele>755.48</ele>
   </trkpt>
   <trkpt lat="34.750240000000005" lon="-117.31511">
    <ele>755.68</ele>
   </trkpt>
   <trkpt lat="34.750350000000005" lon="-117.31471">
    <ele>756.6600000000001</ele>
   </trkpt>
   <trkpt lat="34.75043" lon="-117.3143">
    <ele>757.8300000000002</ele>
   </trkpt>
   <trkpt lat="34.75052" lon="-117.31323">
    <ele>761.7900000000001</ele>
   </trkpt>
   <trkpt lat="34.75054500126261" lon="-117.31267500008585">
    <ele>764.9100000000001</ele>
   </trkpt>
   <trkpt lat="34.75057" lon="-117.31212000000001">
    <ele>766.99</ele>
   </trkpt>
   <trkpt lat="34.75056" lon="-117.31181000000001">
    <ele>767.8900000000001</ele>
   </trkpt>
   <trkpt lat="34.75052" lon="-117.31148">
    <ele>770.02</ele>
   </trkpt>
   <trkpt lat="34.750440000000005" lon="-117.31112">
    <ele>770.6200000000001</ele>
   </trkpt>
   <trkpt lat="34.750310000000006" lon="-117.31076000000002">
    <ele>772.3000000000001</ele>
   </trkpt>
   <trkpt lat="34.750150000000005" lon="-117.31042000000001">
    <ele>774.05</ele>
   </trkpt>
   <trkpt lat="34.74978000326156" lon="-117.30978666096293">
    <ele>776.6</ele>
   </trkpt>
   <trkpt lat="34.749410003244414" lon="-117.30915332760031">
    <ele>779.49</ele>
   </trkpt>
   <trkpt lat="34.74904" lon="-117.30852000000002">
    <ele>783.1800000000001</ele>
   </trkpt>
   <trkpt lat="34.74877" lon="-117.3079">
    <ele>785.6800000000001</ele>
   </trkpt>
   <trkpt lat="34.748540004322166" lon="-117.30716999582756">
    <ele>788.8900000000001</ele>
   </trkpt>
   <trkpt lat="34.74831000428846" lon="-117.30643999572065">
    <ele>791.48</ele>
   </trkpt>
   <trkpt lat="34.74808" lon="-117.30571">
    <ele>796.1700000000001</ele>
   </trkpt>
   <trkpt lat="34.74797" lon="-117.3053">
    <ele>797.09</ele>
   </trkpt>
   <trkpt lat="34.7479" lon="-117.30495">
    <ele>798.3500000000001</ele>
   </trkpt>
   <trkpt lat="34.74785" lon="-117.30423">
    <ele>799.1300000000001</ele>
   </trkpt>
   <trkpt lat="34.74788" lon="-117.30387">
    <ele>798.4300000000001</ele>
   </trkpt>
   <trkpt lat="34.74795" lon="-117.30343">
    <ele>796.27</ele>
   </trkpt>
   <trkpt lat="34.748185739726736" lon="-117.30241144601091">
    <ele>794.4000000000001</ele>
   </trkpt>
   <trkpt lat="34.74842147097349" lon="-117.30139288620782">
    <ele>793.1</ele>
   </trkpt>
   <trkpt lat="34.74865719374013" lon="-117.30037432059085">
    <ele>797.0500000000001</ele>
   </trkpt>
   <trkpt lat="34.74889290802653" lon="-117.29935574916011">
    <ele>799.5200000000001</ele>
   </trkpt>
   <trkpt lat="34.749128613832575" lon="-117.29833717191575">
    <ele>798.94</ele>
   </trkpt>
   <trkpt lat="34.749364311158125" lon="-117.29731858885788">
    <ele>799.7400000000001</ele>
   </trkpt>
   <trkpt lat="34.7496" lon="-117.29630000000002">
    <ele>798.5000000000001</ele>
   </trkpt>
   <trkpt lat="34.74973" lon="-117.29591">
    <ele>797.6500000000001</ele>
   </trkpt>
   <trkpt lat="34.749990000000004" lon="-117.29533">
    <ele>796.8700000000001</ele>
   </trkpt>
   <trkpt lat="34.75021" lon="-117.29505">
    <ele>795.9100000000001</ele>
   </trkpt>
   <trkpt lat="34.750846151889554" lon="-117.29428398921065">
    <ele>793.3800000000001</ele>
   </trkpt>
   <trkpt lat="34.7514822989827" lon="-117.29351796662071">
    <ele>791.03</ele>
   </trkpt>
   <trkpt lat="34.75211844127926" lon="-117.29275193222973">
    <ele>789.73</ele>
   </trkpt>
   <trkpt lat="34.752754578779026" lon="-117.29198588603737">
    <ele>787.93</ele>
   </trkpt>
   <trkpt lat="34.75339071148182" lon="-117.29121982804325">
    <ele>786.49</ele>
   </trkpt>
   <trkpt lat="34.75402683938746" lon="-117.290453758247">
    <ele>784.0100000000001</ele>
   </trkpt>
   <trkpt lat="34.75466296249575" lon="-117.28968767664824">
    <ele>783.24</ele>
   </trkpt>
   <trkpt lat="34.755299080806495" lon="-117.28892158324659">
    <ele>781.76</ele>
   </trkpt>
   <trkpt lat="34.75593519431953" lon="-117.28815547804172">
    <ele>779.19</ele>
   </trkpt>
   <trkpt lat="34.75657130303464" lon="-117.28738936103319">
    <ele>778.27</ele>
   </trkpt>
   <trkpt lat="34.757207406951665" lon="-117.2866232322207">
    <ele>777.0</ele>
   </trkpt>
   <trkpt lat="34.7578435060704" lon="-117.28585709160383">
    <ele>774.87</ele>
   </trkpt>
   <trkpt lat="34.75847960039066" lon="-117.2850909391822">
    <ele>773.34</ele>
   </trkpt>
   <trkpt lat="34.759115689912264" lon="-117.2843247749555">
    <ele>771.9200000000001</ele>
   </trkpt>
   <trkpt lat="34.75975177463502" lon="-117.28355859892329">
    <ele>770.9</ele>
   </trkpt>
   <trkpt lat="34.76038785455873" lon="-117.28279241108523">
    <ele>769.22</ele>
   </trkpt>
   <trkpt lat="34.76102392968322" lon="-117.28202621144091">
    <ele>768.22</ele>
   </trkpt>
   <trkpt lat="34.761660000000006" lon="-117.28126">
    <ele>767.48</ele>
   </trkpt>
   <trkpt lat="34.762240005893005" lon="-117.28056751458148">
    <ele>766.53</ele>
   </trkpt>
   <trkpt lat="34.7628200078656" lon="-117.2798750194324">
    <ele>765.6200000000001</ele>
   </trkpt>
   <trkpt lat="34.763400005917646" lon="-117.27918251455252">
    <ele>765.8100000000001</ele>
   </trkpt>
   <trkpt lat="34.763980000000004" lon="-117.27849">
    <ele>765.96</ele>
   </trkpt>
   <trkpt lat="34.764603343733" lon="-117.2777766936008">
    <ele>765.29</ele>
   </trkpt>
   <trkpt lat="34.76522668330618" lon="-117.27706337642863">
    <ele>765.2500000000001</ele>
   </trkpt>
   <trkpt lat="34.76585001871935" lon="-117.27635004848311">
    <ele>764.6500000000001</ele>
   </trkpt>
   <trkpt lat="34.766473349972365" lon="-117.2756367097639">
    <ele>763.2800000000001</ele>
   </trkpt>
   <trkpt lat="34.76709667706505" lon="-117.27492336027069">
    <ele>761.59</ele>
   </trkpt>
   <trkpt lat="34.767720000000004" lon="-117.27421000000001">
    <ele>761.1300000000001</ele>
   </trkpt>
   <trkpt lat="34.76836003468507" lon="-117.27348185506708">
    <ele>761.6</ele>
   </trkpt>
   <trkpt lat="34.76900006503521" lon="-117.27275369884099">
    <ele>760.0500000000001</ele>
   </trkpt>
   <trkpt lat="34.76964009105024" lon="-117.2720255313214">
    <ele>758.57</ele>
   </trkpt>
   <trkpt lat="34.77028011273002" lon="-117.27129735250791">
    <ele>757.3000000000001</ele>
   </trkpt>
   <trkpt lat="34.77092013007437" lon="-117.27056916240018">
    <ele>756.38</ele>
   </trkpt>
   <trkpt lat="34.77156014308311" lon="-117.26984096099784">
    <ele>756.24</ele>
   </trkpt>
   <trkpt lat="34.77220015175607" lon="-117.26911274830054">
    <ele>756.47</ele>
   </trkpt>
   <trkpt lat="34.77284015609308" lon="-117.26838452430786">
    <ele>756.8300000000002</ele>
   </trkpt>
   <trkpt lat="34.773480156093996" lon="-117.26765628901944">
    <ele>755.0400000000001</ele>
   </trkpt>
   <trkpt lat="34.774120151758595" lon="-117.26692804243498">
    <ele>751.9300000000001</ele>
   </trkpt>
   <trkpt lat="34.77476014308675" lon="-117.26619978455403">
    <ele>749.7900000000001</ele>
   </trkpt>
   <trkpt lat="34.775400130078275" lon="-117.26547151537628">
    <ele>749.1300000000001</ele>
   </trkpt>
   <trkpt lat="34.77604011273299" lon="-117.26474323490129">
    <ele>749.0500000000001</ele>
   </trkpt>
   <trkpt lat="34.77668009105076" lon="-117.26401494312879">
    <ele>750.02</ele>
   </trkpt>
   <trkpt lat="34.77732006503137" lon="-117.26328664005835">
    <ele>748.92</ele>
   </trkpt>
   <trkpt lat="34.77796003467468" lon="-117.26255832568961">
    <ele>746.0600000000001</ele>
   </trkpt>
   <trkpt lat="34.778600000000004" lon="-117.26183">
    <ele>744.89</ele>
   </trkpt>
   <trkpt lat="34.77893" lon="-117.26143">
    <ele>744.57</ele>
   </trkpt>
   <trkpt lat="34.77929" lon="-117.26089">
    <ele>743.5400000000001</ele>
   </trkpt>
   <trkpt lat="34.77977376658317" lon="-117.26012878125022">
    <ele>742.2800000000001</ele>
   </trkpt>
   <trkpt lat="34.78025752842796" lon="-117.25936755357307">
    <ele>742.1200000000001</ele>
   </trkpt>
   <trkpt lat="34.78074128553427" lon="-117.2586063169684">
    <ele>741.9300000000001</ele>
   </trkpt>
   <trkpt lat="34.78122503790195" lon="-117.25784507143604">
    <ele>742.59</ele>
   </trkpt>
   <trkpt lat="34.78170878553084" lon="-117.25708381697581">
    <ele>741.7900000000001</ele>
   </trkpt>
   <trkpt lat="34.78219252842081" lon="-117.25632255358751">
    <ele>741.1700000000001</ele>
   </trkpt>
   <trkpt lat="34.782676266571734" lon="-117.25556128127099">
    <ele>740.6700000000001</ele>
   </trkpt>
   <trkpt lat="34.78316" lon="-117.2548">
    <ele>739.82</ele>
   </trkpt>
   <trkpt lat="34.7834450013359" lon="-117.25424000182937">
    <ele>738.8100000000001</ele>
   </trkpt>
   <trkpt lat="34.783730000000006" lon="-117.25368">
    <ele>737.24</ele>
   </trkpt>
   <trkpt lat="34.784096681208005" lon="-117.25283668540777">
    <ele>735.7</ele>
   </trkpt>
   <trkpt lat="34.78446335660019" lon="-117.25199336331792">
    <ele>733.33</ele>
   </trkpt>
   <trkpt lat="34.784830026176415" lon="-117.25115003373041">
    <ele>731.5200000000001</ele>
   </trkpt>
   <trkpt lat="34.78519668993657" lon="-117.25030669664518">
    <ele>730.1700000000001</ele>
   </trkpt>
   <trkpt lat="34.785563347880505" lon="-117.24946335206222">
    <ele>729.6300000000001</ele>
   </trkpt>
   <trkpt lat="34.78593" lon="-117.24862">
    <ele>729.23</ele>
   </trkpt>
   <trkpt lat="34.786346672148866" lon="-117.24780000831758">
    <ele>727.8800000000001</ele>
   </trkpt>
   <trkpt lat="34.786763338798984" lon="-117.24698000835029">
    <ele>723.3000000000001</ele>
   </trkpt>
   <trkpt lat="34.78718" lon="-117.24616">
    <ele>717.86</ele>
   </trkpt>
   <trkpt lat="34.787642509554296" lon="-117.24527751484527">
    <ele>718.1</ele>
   </trkpt>
   <trkpt lat="34.788105012739635" lon="-117.24439501979295">
    <ele>719.8000000000001</ele>
   </trkpt>
   <trkpt lat="34.788567509555854" lon="-117.24351251484278">
    <ele>721.08</ele>
   </trkpt>
   <trkpt lat="34.789030000000004" lon="-117.24263">
    <ele>723.77</ele>
   </trkpt>
   <trkpt lat="34.78947801439612" lon="-117.24169202037164">
    <ele>721.92</ele>
   </trkpt>
   <trkpt lat="34.789926021596905" lon="-117.24075403055224">
    <ele>721.86</ele>
   </trkpt>
   <trkpt lat="34.79037402160219" lon="-117.23981603054173">
    <ele>720.37</ele>
   </trkpt>
   <trkpt lat="34.79082201441175" lon="-117.23887802033994">
    <ele>720.87</ele>
   </trkpt>
   <trkpt lat="34.791270000000004" lon="-117.23794000000001">
    <ele>721.2400000000001</ele>
   </trkpt>
   <trkpt lat="34.791595002116516" lon="-117.237220002845">
    <ele>720.4200000000001</ele>
   </trkpt>
   <trkpt lat="34.791920000000005" lon="-117.2365">
    <ele>719.7</ele>
   </trkpt>
   <trkpt lat="34.792308715403" lon="-117.23557739422196">
    <ele>718.65</ele>
   </trkpt>
   <trkpt lat="34.79269742384437" lon="-117.2346547797458">
    <ele>717.7300000000001</ele>
   </trkpt>
   <trkpt lat="34.79308612532396" lon="-117.23373215657146">
    <ele>716.9700000000001</ele>
   </trkpt>
   <trkpt lat="34.793474819841585" lon="-117.23280952469892">
    <ele>715.5600000000001</ele>
   </trkpt>
   <trkpt lat="34.79386350739708" lon="-117.2318868841281">
    <ele>714.74</ele>
   </trkpt>
   <trkpt lat="34.79425218799028" lon="-117.23096423485894">
    <ele>714.13</ele>
   </trkpt>
   <trkpt lat="34.79464086162103" lon="-117.23004157689145">
    <ele>713.2900000000001</ele>
   </trkpt>
   <trkpt lat="34.79502952828915" lon="-117.22911891022551">
    <ele>711.8800000000001</ele>
   </trkpt>
   <trkpt lat="34.795418187994485" lon="-117.22819623486106">
    <ele>711.44</ele>
   </trkpt>
   <trkpt lat="34.79580684073686" lon="-117.22727355079809">
    <ele>710.4200000000001</ele>
   </trkpt>
   <trkpt lat="34.796195486516105" lon="-117.22635085803657">
    <ele>710.8000000000001</ele>
   </trkpt>
   <trkpt lat="34.79658412533207" lon="-117.22542815657636">
    <ele>711.62</ele>
   </trkpt>
   <trkpt lat="34.79697275718457" lon="-117.2245054464175">
    <ele>713.0300000000001</ele>
   </trkpt>
   <trkpt lat="34.797361382073454" lon="-117.2235827275599">
    <ele>713.94</ele>
   </trkpt>
   <trkpt lat="34.79775" lon="-117.22266">
    <ele>713.95</ele>
   </trkpt>
   <trkpt lat="34.79807" lon="-117.22181">
    <ele>714.2400000000001</ele>
   </trkpt>
   <trkpt lat="34.79838669902189" lon="-117.2208155861104">
    <ele>714.48</ele>
   </trkpt>
   <trkpt lat="34.79870338995569" lon="-117.21982116458092">
    <ele>713.99</ele>
   </trkpt>
   <trkpt lat="34.79902007280123" lon="-117.21882673541157">
    <ele>712.73</ele>
   </trkpt>
   <trkpt lat="34.79933674755836" lon="-117.21783229860242">
    <ele>711.0000000000001</ele>
   </trkpt>
   <trkpt lat="34.79965341422692" lon="-117.2168378541535">
    <ele>709.16</ele>
   </trkpt>
   <trkpt lat="34.79997007280676" lon="-117.2158434020649">
    <ele>707.61</ele>
   </trkpt>
   <trkpt lat="34.80028672329771" lon="-117.21484894233662">
    <ele>708.04</ele>
   </trkpt>
   <trkpt lat="34.80060336569964" lon="-117.21385447496873">
    <ele>708.44</ele>
   </trkpt>
   <trkpt lat="34.800920000000005" lon="-117.21286">
    <ele>709.2600000000001</ele>
   </trkpt>
   <trkpt lat="34.80115" lon="-117.21223">
    <ele>709.04</ele>
   </trkpt>
   <trkpt lat="34.8014" lon="-117.21165">
    <ele>708.64</ele>
   </trkpt>
   <trkpt lat="34.80172000356604" lon="-117.21099000511795">
    <ele>708.1700000000001</ele>
   </trkpt>
   <trkpt lat="34.802040003569104" lon="-117.2103300051117">
    <ele>707.8700000000001</ele>
   </trkpt>
   <trkpt lat="34.80236" lon="-117.20967">
    <ele>707.37</ele>
   </trkpt>
   <trkpt lat="34.802620000000005" lon="-117.20919">
    <ele>707.07</ele>
   </trkpt>
   <trkpt lat="34.80285" lon="-117.20883">
    <ele>706.58</ele>
   </trkpt>
   <trkpt lat="34.8033" lon="-117.20828000000002">
    <ele>705.99</ele>
   </trkpt>
   <trkpt lat="34.803930468117066" lon="-117.20754054678592">
    <ele>704.6500000000001</ele>
   </trkpt>
   <trkpt lat="34.80456093176146" lon="-117.20680108225979">
    <ele>703.86</ele>
   </trkpt>
   <trkpt lat="34.80519139093299" lon="-117.20606160642117">
    <ele>702.57</ele>
   </trkpt>
   <trkpt lat="34.8058218456315" lon="-117.20532211926977">
    <ele>701.55</ele>
   </trkpt>
   <trkpt lat="34.8064522958568" lon="-117.20458262080523">
    <ele>700.49</ele>
   </trkpt>
   <trkpt lat="34.80708274160874" lon="-117.20384311102715">
    <ele>700.84</ele>
   </trkpt>
   <trkpt lat="34.80771318288713" lon="-117.20310358993518">
    <ele>700.64</ele>
   </trkpt>
   <trkpt lat="34.80834361969179" lon="-117.202364057529">
    <ele>700.84</ele>
   </trkpt>
   <trkpt lat="34.80897405202256" lon="-117.2016245138082">
    <ele>700.9000000000001</ele>
   </trkpt>
   <trkpt lat="34.80960447987927" lon="-117.20088495877249">
    <ele>701.34</ele>
   </trkpt>
   <trkpt lat="34.81023490326172" lon="-117.20014539242142">
    <ele>701.97</ele>
   </trkpt>
   <trkpt lat="34.810865322169775" lon="-117.1994058147547">
    <ele>701.83</ele>
   </trkpt>
   <trkpt lat="34.811495736603234" lon="-117.19866622577196">
    <ele>700.73</ele>
   </trkpt>
   <trkpt lat="34.81212614656193" lon="-117.19792662547283">
    <ele>699.2400000000001</ele>
   </trkpt>
   <trkpt lat="34.8127565520457" lon="-117.19718701385695">
    <ele>697.7500000000001</ele>
   </trkpt>
   <trkpt lat="34.81338695305434" lon="-117.19644739092398">
    <ele>696.8700000000001</ele>
   </trkpt>
   <trkpt lat="34.814017349587715" lon="-117.19570775667351">
    <ele>695.57</ele>
   </trkpt>
   <trkpt lat="34.81464774164563" lon="-117.19496811110527">
    <ele>695.03</ele>
   </trkpt>
   <trkpt lat="34.81527812922791" lon="-117.19422845421882">
    <ele>695.13</ele>
   </trkpt>
   <trkpt lat="34.815908512334396" lon="-117.19348878601382">
    <ele>694.8000000000001</ele>
   </trkpt>
   <trkpt lat="34.8165388909649" lon="-117.19274910648996">
    <ele>695.2</ele>
   </trkpt>
   <trkpt lat="34.81716926511926" lon="-117.19200941564684">
    <ele>695.28</ele>
   </trkpt>
   <trkpt lat="34.8177996347973" lon="-117.19126971348408">
    <ele>694.7700000000001</ele>
   </trkpt>
   <trkpt lat="34.81843" lon="-117.19053000000001">
    <ele>694.9200000000001</ele>
   </trkpt>
   <trkpt lat="34.818800000633765" lon="-117.19014000173946">
    <ele>694.9200000000001</ele>
   </trkpt>
   <trkpt lat="34.81917" lon="-117.18975">
    <ele>695.21</ele>
   </trkpt>
   <trkpt lat="34.81969" lon="-117.18927000000001">
    <ele>695.4300000000001</ele>
   </trkpt>
   <trkpt lat="34.820350000000005" lon="-117.18878000000001">
    <ele>695.9200000000001</ele>
   </trkpt>
   <trkpt lat="34.82107111741507" lon="-117.18834114184932">
    <ele>695.6000000000001</ele>
   </trkpt>
   <trkpt lat="34.82179223325437" lon="-117.18790227601478">
    <ele>694.84</ele>
   </trkpt>
   <trkpt lat="34.82251334751784" lon="-117.18746340249612">
    <ele>694.5600000000001</ele>
   </trkpt>
   <trkpt lat="34.8232344602054" lon="-117.18702452129295">
    <ele>694.8000000000001</ele>
   </trkpt>
   <trkpt lat="34.823955571316965" lon="-117.18658563240503">
    <ele>695.58</ele>
   </trkpt>
   <trkpt lat="34.82467668085249" lon="-117.18614673583195">
    <ele>696.3600000000001</ele>
   </trkpt>
   <trkpt lat="34.82539778881191" lon="-117.18570783157341">
    <ele>697.4300000000001</ele>
   </trkpt>
   <trkpt lat="34.82611889519513" lon="-117.18526891962912">
    <ele>698.4200000000001</ele>
   </trkpt>
   <trkpt lat="34.826840000000004" lon="-117.18483">
    <ele>699.79</ele>
   </trkpt>
   <trkpt lat="34.827040000000004" lon="-117.18469">
    <ele>700.4100000000001</ele>
   </trkpt>
   <trkpt lat="34.82734" lon="-117.18442">
    <ele>701.5100000000001</ele>
   </trkpt>
   <trkpt lat="34.82761" lon="-117.18416">
    <ele>701.79</ele>
   </trkpt>
   <trkpt lat="34.82788" lon="-117.1838">
    <ele>702.1400000000001</ele>
   </trkpt>
   <trkpt lat="34.828340000000004" lon="-117.18313">
    <ele>703.07</ele>
   </trkpt>
   <trkpt lat="34.82882333748247" lon="-117.18241667506153">
    <ele>702.64</ele>
   </trkpt>
   <trkpt lat="34.829306670801415" lon="-117.18170334174955">
    <ele>703.4200000000001</ele>
   </trkpt>
   <trkpt lat="34.82979" lon="-117.18099000000001">
    <ele>704.5</ele>
   </trkpt>
   <trkpt lat="34.83025" lon="-117.18026">
    <ele>706.9000000000001</ele>
   </trkpt>
   <trkpt lat="34.83065500163031" lon="-117.1796100033547">
    <ele>709.6800000000001</ele>
   </trkpt>
   <trkpt lat="34.83106" lon="-117.17896">
    <ele>711.3100000000001</ele>
   </trkpt>
   <trkpt lat="34.83154167996924" lon="-117.17815335694209">
    <ele>713.77</ele>
   </trkpt>
   <trkpt lat="34.83202335461417" lon="-117.17734670444676">
    <ele>716.7500000000001</ele>
   </trkpt>
   <trkpt lat="34.832505023934644" lon="-117.17654004251384">
    <ele>719.7300000000001</ele>
   </trkpt>
   <trkpt lat="34.832986687930486" lon="-117.17573337114312">
    <ele>721.7500000000001</ele>
   </trkpt>
   <trkpt lat="34.83346834660154" lon="-117.17492669033447">
    <ele>724.1700000000001</ele>
   </trkpt>
   <trkpt lat="34.83395" lon="-117.17412000000002">
    <ele>725.37</ele>
   </trkpt>
   <trkpt lat="34.8342" lon="-117.17364">
    <ele>725.5600000000001</ele>
   </trkpt>
   <trkpt lat="34.8344" lon="-117.17320000000001">
    <ele>725.49</ele>
   </trkpt>
   <trkpt lat="34.83469000263852" lon="-117.17240000276281">
    <ele>725.16</ele>
   </trkpt>
   <trkpt lat="34.83498" lon="-117.17160000000001">
    <ele>725.0500000000001</ele>
   </trkpt>
   <trkpt lat="34.83527250877463" lon="-117.17075500897674">
    <ele>725.98</ele>
   </trkpt>
   <trkpt lat="34.83556501170643" lon="-117.16991001194917">
    <ele>725.01</ele>
   </trkpt>
   <trkpt lat="34.8358575087953" lon="-117.16906500891733">
    <ele>725.23</ele>
   </trkpt>
   <trkpt lat="34.83615" lon="-117.16822">
    <ele>724.31</ele>
   </trkpt>
   <trkpt lat="34.836420000000004" lon="-117.16756000000001">
    <ele>723.4</ele>
   </trkpt>
   <trkpt lat="34.83666" lon="-117.16714">
    <ele>722.9100000000001</ele>
   </trkpt>
   <trkpt lat="34.83695" lon="-117.16669">
    <ele>722.0300000000001</ele>
   </trkpt>
   <trkpt lat="34.8375096444407" lon="-117.1658842926694">
    <ele>719.34</ele>
   </trkpt>
   <trkpt lat="34.83806928356901" lon="-117.16507857438407">
    <ele>717.57</ele>
   </trkpt>
   <trkpt lat="34.83862891738476" lon="-117.16427284514377">
    <ele>716.1200000000001</ele>
   </trkpt>
   <trkpt lat="34.839188545887765" lon="-117.16346710494824">
    <ele>715.71</ele>
   </trkpt>
   <trkpt lat="34.839748169077836" lon="-117.1626613537972">
    <ele>716.08</ele>
   </trkpt>
   <trkpt lat="34.84030778695479" lon="-117.16185559169035">
    <ele>715.2700000000001</ele>
   </trkpt>
   <trkpt lat="34.84086739951847" lon="-117.16104981862743">
    <ele>715.3100000000001</ele>
   </trkpt>
   <trkpt lat="34.84142700676864" lon="-117.16024403460821">
    <ele>713.7900000000001</ele>
   </trkpt>
   <trkpt lat="34.84198660870516" lon="-117.15943823963237">
    <ele>714.25</ele>
   </trkpt>
   <trkpt lat="34.84254620532784" lon="-117.15863243369962">
    <ele>713.16</ele>
   </trkpt>
   <trkpt lat="34.84310579663651" lon="-117.15782661680971">
    <ele>711.52</ele>
   </trkpt>
   <trkpt lat="34.84366538263094" lon="-117.15702078896241">
    <ele>710.57</ele>
   </trkpt>
   <trkpt lat="34.84422496331099" lon="-117.15621495015736">
    <ele>710.1</ele>
   </trkpt>
   <trkpt lat="34.84478453867646" lon="-117.15540910039437">
    <ele>710.7800000000001</ele>
   </trkpt>
   <trkpt lat="34.84534410872717" lon="-117.15460323967312">
    <ele>710.67</ele>
   </trkpt>
   <trkpt lat="34.845903673462935" lon="-117.15379736799335">
    <ele>710.8100000000001</ele>
   </trkpt>
   <trkpt lat="34.84646323288359" lon="-117.15299148535478">
    <ele>710.8800000000001</ele>
   </trkpt>
   <trkpt lat="34.84702278698892" lon="-117.15218559175712">
    <ele>709.5300000000001</ele>
   </trkpt>
   <trkpt lat="34.84758233577876" lon="-117.15137968720013">
    <ele>711.01</ele>
   </trkpt>
   <trkpt lat="34.84814187925294" lon="-117.15057377168355">
    <ele>713.84</ele>
   </trkpt>
   <trkpt lat="34.84870141741125" lon="-117.14976784520705">
    <ele>716.38</ele>
   </trkpt>
   <trkpt lat="34.84926095025353" lon="-117.14896190777041">
    <ele>716.1</ele>
   </trkpt>
   <trkpt lat="34.84982047777958" lon="-117.14815595937333">
    <ele>715.8100000000001</ele>
   </trkpt>
   <trkpt lat="34.85038" lon="-117.14735">
    <ele>714.8000000000001</ele>
   </trkpt>
   <trkpt lat="34.85094876627409" lon="-117.1465962864733">
    <ele>713.82</ele>
   </trkpt>
   <trkpt lat="34.85151752789849" lon="-117.14584256252652">
    <ele>713.2900000000001</ele>
   </trkpt>
   <trkpt lat="34.85208628487305" lon="-117.14508882815944">
    <ele>711.35</ele>
   </trkpt>
   <trkpt lat="34.852655037197614" lon="-117.14433508337181">
    <ele>710.22</ele>
   </trkpt>
   <trkpt lat="34.85322378487201" lon="-117.14358132816332">
    <ele>708.72</ele>
   </trkpt>
   <trkpt lat="34.85379252789608" lon="-117.14282756253368">
    <ele>707.5600000000001</ele>
   </trkpt>
   <trkpt lat="34.85436126626967" lon="-117.14207378648263">
    <ele>706.57</ele>
   </trkpt>
   <trkpt lat="34.85493" lon="-117.14132000000001">
    <ele>705.98</ele>
   </trkpt>
   <trkpt lat="34.85551788007192" lon="-117.14054577391497">
    <ele>704.76</ele>
   </trkpt>
   <trkpt lat="34.85610575523733" lon="-117.13977153676473">
    <ele>704.38</ele>
   </trkpt>
   <trkpt lat="34.856693625496064" lon="-117.138997288549">
    <ele>704.5600000000001</ele>
   </trkpt>
   <trkpt lat="34.85728149084795" lon="-117.13822302926748">
    <ele>702.96</ele>
   </trkpt>
   <trkpt lat="34.857869351292806" lon="-117.13744875891985">
    <ele>701.3100000000001</ele>
   </trkpt>
   <trkpt lat="34.858457206830465" lon="-117.13667447750575">
    <ele>700.1</ele>
   </trkpt>
   <trkpt lat="34.859045057460726" lon="-117.13590018502494">
    <ele>698.0400000000001</ele>
   </trkpt>
   <trkpt lat="34.85963290318343" lon="-117.13512588147711">
    <ele>697.3900000000001</ele>
   </trkpt>
   <trkpt lat="34.86022074399839" lon="-117.13435156686191">
    <ele>696.08</ele>
   </trkpt>
   <trkpt lat="34.860808579905445" lon="-117.13357724117908">
    <ele>695.8000000000001</ele>
   </trkpt>
   <trkpt lat="34.8613964109044" lon="-117.13280290442829">
    <ele>695.03</ele>
   </trkpt>
   <trkpt lat="34.861984236995085" lon="-117.1320285566092">
    <ele>693.2</ele>
   </trkpt>
   <trkpt lat="34.86257205817732" lon="-117.13125419772153">
    <ele>692.03</ele>
   </trkpt>
   <trkpt lat="34.86315987445093" lon="-117.130479827765">
    <ele>690.88</ele>
   </trkpt>
   <trkpt lat="34.86374768581573" lon="-117.12970544673927">
    <ele>689.98</ele>
   </trkpt>
   <trkpt lat="34.86433549227155" lon="-117.12893105464403">
    <ele>689.61</ele>
   </trkpt>
   <trkpt lat="34.864923293818215" lon="-117.12815665147896">
    <ele>689.73</ele>
   </trkpt>
   <trkpt lat="34.86551109045554" lon="-117.12738223724381">
    <ele>688.8700000000001</ele>
   </trkpt>
   <trkpt lat="34.86609888218334" lon="-117.12660781193821">
    <ele>685.07</ele>
   </trkpt>
   <trkpt lat="34.86668666900145" lon="-117.1258333755619">
    <ele>683.8100000000001</ele>
   </trkpt>
   <trkpt lat="34.86727445090971" lon="-117.12505892811453">
    <ele>683.71</ele>
   </trkpt>
   <trkpt lat="34.86786222790791" lon="-117.1242844695958">
    <ele>683.8900000000001</ele>
   </trkpt>
   <trkpt lat="34.86845" lon="-117.12351000000001">
    <ele>684.23</ele>
   </trkpt>
   <trkpt lat="34.86902001412842" lon="-117.12275146012858">
    <ele>684.4300000000001</ele>
   </trkpt>
   <trkpt lat="34.869590023546316" lon="-117.12199290974033">
    <ele>684.6000000000001</ele>
   </trkpt>
   <trkpt lat="34.87016002825353" lon="-117.12123434883495">
    <ele>684.5600000000001</ele>
   </trkpt>
   <trkpt lat="34.87073002824992" lon="-117.12047577741221">
    <ele>684.7200000000001</ele>
   </trkpt>
   <trkpt lat="34.871300023535284" lon="-117.1197171954718">
    <ele>684.76</ele>
   </trkpt>
   <trkpt lat="34.871870014109476" lon="-117.11895860301344">
    <ele>686.4300000000001</ele>
   </trkpt>
   <trkpt lat="34.872440000000005" lon="-117.11820000000002">
    <ele>686.0400000000001</ele>
   </trkpt>
   <trkpt lat="34.87256" lon="-117.11802000000002">
    <ele>686.09</ele>
   </trkpt>
   <trkpt lat="34.872933336742825" lon="-117.11737667247317">
    <ele>685.86</ele>
   </trkpt>
   <trkpt lat="34.873306670097236" lon="-117.11673333910359">
    <ele>685.5000000000001</ele>
   </trkpt>
   <trkpt lat="34.87368" lon="-117.11609000000001">
    <ele>686.44</ele>
   </trkpt>
   <trkpt lat="34.87394500107823" lon="-117.11559000150827">
    <ele>686.44</ele>
   </trkpt>
   <trkpt lat="34.874210000000005" lon="-117.11509000000001">
    <ele>686.3100000000001</ele>
   </trkpt>
   <trkpt lat="34.87465167960293" lon="-117.11429502135607">
    <ele>686.3</ele>
   </trkpt>
   <trkpt lat="34.875093354031534" lon="-117.11350003416989">
    <ele>686.13</ele>
   </trkpt>
   <trkpt lat="34.87553502328571" lon="-117.11270503844132">
    <ele>685.96</ele>
   </trkpt>
   <trkpt lat="34.87597668736529" lon="-117.1119100341702">
    <ele>685.8000000000001</ele>
   </trkpt>
   <trkpt lat="34.876418346270114" lon="-117.11111502135644">
    <ele>685.71</ele>
   </trkpt>
   <trkpt lat="34.87686" lon="-117.11032000000002">
    <ele>684.91</ele>
   </trkpt>
   <trkpt lat="34.87719500320062" lon="-117.10944000350642">
    <ele>683.7800000000001</ele>
   </trkpt>
   <trkpt lat="34.87753" lon="-117.10856000000001">
    <ele>683.44</ele>
   </trkpt>
   <trkpt lat="34.87784500781751" lon="-117.10776250915202">
    <ele>683.09</ele>
   </trkpt>
   <trkpt lat="34.87816001042776" lon="-117.10696501219171">
    <ele>682.42</ele>
   </trkpt>
   <trkpt lat="34.878475007830644" lon="-117.10616750911906">
    <ele>682.59</ele>
   </trkpt>
   <trkpt lat="34.87879" lon="-117.10537000000001">
    <ele>682.6700000000001</ele>
   </trkpt>
   <trkpt lat="34.87911401042686" lon="-117.10457201258507">
    <ele>682.8900000000001</ele>
   </trkpt>
   <trkpt lat="34.879438015639856" lon="-117.1037740188789">
    <ele>683.82</ele>
   </trkpt>
   <trkpt lat="34.879762015638924" lon="-117.10297601888145">
    <ele>684.7500000000001</ele>
   </trkpt>
   <trkpt lat="34.880086010423966" lon="-117.10217801259276">
    <ele>685.8000000000001</ele>
   </trkpt>
   <trkpt lat="34.880410000000005" lon="-117.10138">
    <ele>685.47</ele>
   </trkpt>
   <trkpt lat="34.880770000000005" lon="-117.10044">
    <ele>685.7700000000001</ele>
   </trkpt>
   <trkpt lat="34.88089" lon="-117.10008">
    <ele>686.1400000000001</ele>
   </trkpt>
   <trkpt lat="34.88109" lon="-117.09931">
    <ele>686.19</ele>
   </trkpt>
   <trkpt lat="34.881243339242346" lon="-117.09846000320904">
    <ele>685.8900000000001</ele>
   </trkpt>
   <trkpt lat="34.881396672568954" lon="-117.09761000324644">
    <ele>684.7700000000001</ele>
   </trkpt>
   <trkpt lat="34.881550000000004" lon="-117.09676">
    <ele>683.2</ele>
   </trkpt>
   <trkpt lat="34.88180000412347" lon="-117.09575500310355">
    <ele>681.2600000000001</ele>
   </trkpt>
   <trkpt lat="34.88205" lon="-117.09475">
    <ele>679.44</ele>
   </trkpt>
   <trkpt lat="34.882298352793214" lon="-117.0937750147285">
    <ele>678.8100000000001</ele>
   </trkpt>
   <trkpt lat="34.88254669780287" lon="-117.09280002356455">
    <ele>678.2</ele>
   </trkpt>
   <trkpt lat="34.88279503502885" lon="-117.09182502650825">
    <ele>678.5600000000001</ele>
   </trkpt>
   <trkpt lat="34.88304336447103" lon="-117.09085002355971">
    <ele>679.4</ele>
   </trkpt>
   <trkpt lat="34.88329168612929" lon="-117.08987501471897">
    <ele>680.0400000000001</ele>
   </trkpt>
   <trkpt lat="34.88354" lon="-117.08890000000001">
    <ele>680.46</ele>
   </trkpt>
   <trkpt lat="34.8837760133252" lon="-117.08799801035615">
    <ele>680.1600000000001</ele>
   </trkpt>
   <trkpt lat="34.884012019988575" lon="-117.0870960155316">
    <ele>680.19</ele>
   </trkpt>
   <trkpt lat="34.884248019990025" lon="-117.08619401552636">
    <ele>680.5000000000001</ele>
   </trkpt>
   <trkpt lat="34.88448401332944" lon="-117.08529201034054">
    <ele>680.98</ele>
   </trkpt>
   <trkpt lat="34.88472" lon="-117.08439000000001">
    <ele>681.25</ele>
   </trkpt>
   <trkpt lat="34.88496558609276" lon="-117.08342446752067">
    <ele>680.98</ele>
   </trkpt>
   <trkpt lat="34.88521116455192" lon="-117.08245892927047">
    <ele>680.07</ele>
   </trkpt>
   <trkpt lat="34.88545673537732" lon="-117.0814933852495">
    <ele>679.36</ele>
   </trkpt>
   <trkpt lat="34.885702298568866" lon="-117.08052783545779">
    <ele>678.0600000000001</ele>
   </trkpt>
   <trkpt lat="34.88594785412644" lon="-117.07956227989548">
    <ele>676.85</ele>
   </trkpt>
   <trkpt lat="34.88619340204993" lon="-117.07859671856271">
    <ele>677.2900000000001</ele>
   </trkpt>
   <trkpt lat="34.88643894233922" lon="-117.07763115145949">
    <ele>678.08</ele>
   </trkpt>
   <trkpt lat="34.88668447499418" lon="-117.07666557858592">
    <ele>678.8000000000001</ele>
   </trkpt>
   <trkpt lat="34.88693" lon="-117.07570000000001">
    <ele>678.79</ele>
   </trkpt>
   <trkpt lat="34.88718004421394" lon="-117.07470919983228">
    <ele>678.32</ele>
   </trkpt>
   <trkpt lat="34.88743008038925" lon="-117.07371839363465">
    <ele>679.32</ele>
   </trkpt>
   <trkpt lat="34.8876801085258" lon="-117.07272758140721">
    <ele>678.18</ele>
   </trkpt>
   <trkpt lat="34.8879301286235" lon="-117.0717367631501">
    <ele>678.0200000000001</ele>
   </trkpt>
   <trkpt lat="34.8881801406822" lon="-117.07074593886338">
    <ele>676.86</ele>
   </trkpt>
   <trkpt lat="34.888430144701786" lon="-117.06975510854717">
    <ele>675.0400000000001</ele>
   </trkpt>
   <trkpt lat="34.88868014068213" lon="-117.06876427220155">
    <ele>674.25</ele>
   </trkpt>
   <trkpt lat="34.888930128623095" lon="-117.06777342982664">
    <ele>674.39</ele>
   </trkpt>
   <trkpt lat="34.889180108524585" lon="-117.06678258142256">
    <ele>674.52</ele>
   </trkpt>
   <trkpt lat="34.88943008038646" lon="-117.06579172698939">
    <ele>674.3800000000001</ele>
   </trkpt>
   <trkpt lat="34.889680044208596" lon="-117.06480086652722">
    <ele>673.42</ele>
   </trkpt>
   <trkpt lat="34.88993" lon="-117.06381">
    <ele>672.1600000000001</ele>
   </trkpt>
   <trkpt lat="34.890187546095675" lon="-117.06279836821156">
    <ele>671.0200000000001</ele>
   </trkpt>
   <trkpt lat="34.89044508381083" lon="-117.06178673008102">
    <ele>671.0200000000001</ele>
   </trkpt>
   <trkpt lat="34.890702613145336" lon="-117.0607750856085">
    <ele>671.2600000000001</ele>
   </trkpt>
   <trkpt lat="34.89096013409903" lon="-117.05976343479408">
    <ele>671.1400000000001</ele>
   </trkpt>
   <trkpt lat="34.89121764667181" lon="-117.05875177763787">
    <ele>670.6899999999999</ele>
   </trkpt>
   <trkpt lat="34.89147515086354" lon="-117.05774011414003">
    <ele>669.64</ele>
   </trkpt>
   <trkpt lat="34.89173264667407" lon="-117.05672844430057">
    <ele>668.83</ele>
   </trkpt>
   <trkpt lat="34.89199013410328" lon="-117.05571676811967">
    <ele>668.5600000000001</ele>
   </trkpt>
   <trkpt lat="34.89224761315103" lon="-117.05470508559738">
    <ele>669.09</ele>
   </trkpt>
   <trkpt lat="34.892505083817184" lon="-117.05369339673386">
    <ele>668.78</ele>
   </trkpt>
   <trkpt lat="34.89276254610162" lon="-117.05268170152921">
    <ele>667.3800000000001</ele>
   </trkpt>
   <trkpt lat="34.89302" lon="-117.05167000000002">
    <ele>665.3800000000001</ele>
   </trkpt>
   <trkpt lat="34.89327127873556" lon="-117.05066877142878">
    <ele>663.9200000000001</ele>
   </trkpt>
   <trkpt lat="34.893522549261746" lon="-117.04966753673267">
    <ele>663.3500000000001</ele>
   </trkpt>
   <trkpt lat="34.89377381157843" lon="-117.04866629591189">
    <ele>661.84</ele>
   </trkpt>
   <trkpt lat="34.89402506568549" lon="-117.04766504896644">
    <ele>660.37</ele>
   </trkpt>
   <trkpt lat="34.89427631158279" lon="-117.04666379589649">
    <ele>658.1</ele>
   </trkpt>
   <trkpt lat="34.89452754927022" lon="-117.04566253670214">
    <ele>657.09</ele>
   </trkpt>
   <trkpt lat="34.894778778747636" lon="-117.04466127138345">
    <ele>657.5500000000001</ele>
   </trkpt>
   <trkpt lat="34.895030000000006" lon="-117.04366">
    <ele>657.95</ele>
   </trkpt>
   <trkpt lat="34.89526000630208" lon="-117.04278333821136">
    <ele>658.25</ele>
   </trkpt>
   <trkpt lat="34.89549000631028" lon="-117.04190667151354">
    <ele>658.4000000000001</ele>
   </trkpt>
   <trkpt lat="34.895720000000004" lon="-117.04103">
    <ele>658.4100000000001</ele>
   </trkpt>
   <trkpt lat="34.89592750836082" lon="-117.04020500625248">
    <ele>658.6500000000001</ele>
   </trkpt>
   <trkpt lat="34.89613501114774" lon="-117.03938000833686">
    <ele>659.1300000000001</ele>
   </trkpt>
   <trkpt lat="34.89634250836069" lon="-117.03855500625323">
    <ele>660.3800000000001</ele>
   </trkpt>
   <trkpt lat="34.896550000000005" lon="-117.03773000000001">
    <ele>661.72</ele>
   </trkpt>
   <trkpt lat="34.89681500381775" lon="-117.03676000325761">
    <ele>663.48</ele>
   </trkpt>
   <trkpt lat="34.89708" lon="-117.03579">
    <ele>666.15</ele>
   </trkpt>
   <trkpt lat="34.897333339118724" lon="-117.03495000515892">
    <ele>670.37</ele>
   </trkpt>
   <trkpt lat="34.897586672458885" lon="-117.03411000513638">
    <ele>674.44</ele>
   </trkpt>
   <trkpt lat="34.89784" lon="-117.03327000000002">
    <ele>677.1400000000001</ele>
   </trkpt>
   <trkpt lat="34.898" lon="-117.03269000000002">
    <ele>677.5000000000001</ele>
   </trkpt>
   <trkpt lat="34.89817000220587" lon="-117.03195000169033">
    <ele>676.22</ele>
   </trkpt>
   <trkpt lat="34.898340000000005" lon="-117.03121000000002">
    <ele>673.6800000000001</ele>
   </trkpt>
   <trkpt lat="34.89853000333523" lon="-117.03030500218196">
    <ele>668.3100000000001</ele>
   </trkpt>
   <trkpt lat="34.898720000000004" lon="-117.02940000000001">
    <ele>664.83</ele>
   </trkpt>
   <trkpt lat="34.89876" lon="-117.02900000000001">
    <ele>664.66</ele>
   </trkpt>
   <trkpt lat="34.8987600018382" lon="-117.02832999989921">
    <ele>663.58</ele>
   </trkpt>
   <trkpt lat="34.89876" lon="-117.02766000000001">
    <ele>662.8900000000001</ele>
   </trkpt>
   <trkpt lat="34.89865" lon="-117.02766000000001">
    <ele>662.8900000000001</ele>
   </trkpt>
   <trkpt lat="34.89864" lon="-117.02758000000001">
    <ele>662.8900000000001</ele>
   </trkpt>
   <trkpt lat="34.89866" lon="-117.02756000000001">
    <ele>662.8900000000001</ele>
   </trkpt>
   <trkpt lat="34.89866" lon="-117.02732">
    <ele>662.8900000000001</ele>
   </trkpt>
   <trkpt lat="34.89866" lon="-117.02721000000001">
    <ele>662.81</ele>
   </trkpt>
   <trkpt lat="34.89875" lon="-117.02720000000001">
    <ele>662.96</ele>
   </trkpt>
   <trkpt lat="34.89923" lon="-117.02721000000001">
    <ele>660.33</ele>
   </trkpt>
   <trkpt lat="34.8997549997933" lon="-117.0272000000679">
    <ele>658.07</ele>
   </trkpt>
   <trkpt lat="34.90028" lon="-117.02719">
    <ele>656.5300000000001</ele>
   </trkpt>
   <trkpt lat="34.90080499959184" lon="-117.02719499996414">
    <ele>655.05</ele>
   </trkpt>
   <trkpt lat="34.90133" lon="-117.02720000000001">
    <ele>652.5600000000001</ele>
   </trkpt>
   <trkpt lat="34.90202" lon="-117.02773">
    <ele>652.5600000000001</ele>
   </trkpt>
   <trkpt lat="34.90288" lon="-117.0279">
    <ele>652.5600000000001</ele>
   </trkpt>
   <trkpt lat="34.903490000005114" lon="-117.02790666656769">
    <ele>652.5600000000001</ele>
   </trkpt>
   <trkpt lat="34.904100000009876" lon="-117.02791333323441">
    <ele>641.09</ele>
   </trkpt>
   <trkpt lat="34.90471" lon="-117.02792000000001">
    <ele>641.09</ele>
   </trkpt>
   <trkpt lat="34.90529" lon="-117.02737">
    <ele>641.09</ele>
   </trkpt>
   <trkpt lat="34.9055" lon="-117.02642000000002">
    <ele>641.09</ele>
   </trkpt>
   <trkpt lat="34.9055" lon="-117.02560000000001">
    <ele>641.09</ele>
   </trkpt>
   <trkpt lat="34.90547000188091" lon="-117.02491999946285">
    <ele>640.19</ele>
   </trkpt>
   <trkpt lat="34.905440000000006" lon="-117.02424">
    <ele>640.84</ele>
   </trkpt>
   <trkpt lat="34.90532" lon="-117.02389000000001">
    <ele>641.09</ele>
   </trkpt>
   <trkpt lat="34.905330000000006" lon="-117.02366">
    <ele>641.3100000000001</ele>
   </trkpt>
   <trkpt lat="34.905480000000004" lon="-117.02316">
    <ele>642.7900000000001</ele>
   </trkpt>
   <trkpt lat="34.90556" lon="-117.02299000000001">
    <ele>643.63</ele>
   </trkpt>
   <trkpt lat="34.905730000000005" lon="-117.02277000000001">
    <ele>644.19</ele>
   </trkpt>
   <trkpt lat="34.906265001002325" lon="-117.02229000307473">
    <ele>644.9100000000001</ele>
   </trkpt>
   <trkpt lat="34.906800000000004" lon="-117.02181000000002">
    <ele>643.6200000000001</ele>
   </trkpt>
   <trkpt lat="34.90752500170038" lon="-117.02119000536659">
    <ele>641.38</ele>
   </trkpt>
   <trkpt lat="34.90825" lon="-117.02057">
    <ele>640.8100000000001</ele>
   </trkpt>
   <trkpt lat="34.9087633351496" lon="-117.0200966726028">
    <ele>640.6</ele>
   </trkpt>
   <trkpt lat="34.9092766684641" lon="-117.0196233392869">
    <ele>640.1</ele>
   </trkpt>
   <trkpt lat="34.90979" lon="-117.01915000000001">
    <ele>639.4300000000001</ele>
   </trkpt>
   <trkpt lat="34.91050286619191" lon="-117.01854288878195">
    <ele>638.9100000000001</ele>
   </trkpt>
   <trkpt lat="34.911215729364685" lon="-117.01793576702076">
    <ele>638.23</ele>
   </trkpt>
   <trkpt lat="34.9119285895182" lon="-117.01732863471607">
    <ele>638.1500000000001</ele>
   </trkpt>
   <trkpt lat="34.91264144665233" lon="-117.01672149186741">
    <ele>638.5900000000001</ele>
   </trkpt>
   <trkpt lat="34.91335430076693" lon="-117.0161143384744">
    <ele>638.5900000000001</ele>
   </trkpt>
   <trkpt lat="34.914067151861886" lon="-117.01550717453661">
    <ele>638.6200000000001</ele>
   </trkpt>
   <trkpt lat="34.91478" lon="-117.01490000000001">
    <ele>638.29</ele>
   </trkpt>
   <trkpt lat="34.915195000404296" lon="-117.0145550018134">
    <ele>638.5200000000001</ele>
   </trkpt>
   <trkpt lat="34.91561" lon="-117.01421">
    <ele>638.4200000000001</ele>
   </trkpt>
   <trkpt lat="34.91631" lon="-117.01353">
    <ele>638.27</ele>
   </trkpt>
   <trkpt lat="34.916740000000004" lon="-117.01296">
    <ele>639.34</ele>
   </trkpt>
   <trkpt lat="34.916920000000005" lon="-117.01269">
    <ele>639.82</ele>
   </trkpt>
   <trkpt lat="34.91722" lon="-117.0121">
    <ele>640.3100000000001</ele>
   </trkpt>
   <trkpt lat="34.91747" lon="-117.01153000000001">
    <ele>640.7</ele>
   </trkpt>
   <trkpt lat="34.917570000000005" lon="-117.01126000000001">
    <ele>640.99</ele>
   </trkpt>
   <trkpt lat="34.917790000000004" lon="-117.01037000000001">
    <ele>641.4300000000001</ele>
   </trkpt>
   <trkpt lat="34.91794" lon="-117.00940000000001">
    <ele>641.85</ele>
   </trkpt>
   <trkpt lat="34.91800500130087" lon="-117.00884000030227">
    <ele>642.1600000000001</ele>
   </trkpt>
   <trkpt lat="34.91807" lon="-117.00828000000001">
    <ele>642.6200000000001</ele>
   </trkpt>
   <trkpt lat="34.91818" lon="-117.00727">
    <ele>642.8000000000001</ele>
   </trkpt>
   <trkpt lat="34.91821500126336" lon="-117.00671500020941">
    <ele>642.69</ele>
   </trkpt>
   <trkpt lat="34.91825" lon="-117.00616000000001">
    <ele>642.6500000000001</ele>
   </trkpt>
   <trkpt lat="34.91825" lon="-117.00539">
    <ele>642.21</ele>
   </trkpt>
   <trkpt lat="34.918220000000005" lon="-117.00474000000001">
    <ele>641.6800000000001</ele>
   </trkpt>
   <trkpt lat="34.91818500136447" lon="-117.00415999953074">
    <ele>641.41</ele>
   </trkpt>
   <trkpt lat="34.918150000000004" lon="-117.00358000000001">
    <ele>641.0300000000001</ele>
   </trkpt>
   <trkpt lat="34.91807" lon="-117.00295000000001">
    <ele>640.26</ele>
   </trkpt>
   <trkpt lat="34.9179700014357" lon="-117.00235499918963">
    <ele>639.39</ele>
   </trkpt>
   <trkpt lat="34.91787" lon="-117.00176">
    <ele>639.08</ele>
   </trkpt>
   <trkpt lat="34.91766334073188" lon="-117.00080999524117">
    <ele>638.61</ele>
   </trkpt>
   <trkpt lat="34.91745667407067" lon="-116.99985999526635">
    <ele>638.33</ele>
   </trkpt>
   <trkpt lat="34.91725" lon="-116.99891000000001">
    <ele>638.4399999999999</ele>
   </trkpt>
   <trkpt lat="34.91706500264028" lon="-116.99810499812496">
    <ele>638.27</ele>
   </trkpt>
   <trkpt lat="34.916880000000006" lon="-116.99730000000001">
    <ele>638.12</ele>
   </trkpt>
   <trkpt lat="34.91673500138298" lon="-116.99671499889105">
    <ele>637.9200000000001</ele>
   </trkpt>
   <trkpt lat="34.91659" lon="-116.99613000000001">
    <ele>637.7700000000001</ele>
   </trkpt>
   <trkpt lat="34.91643000125473" lon="-116.99558499906766">
    <ele>637.14</ele>
   </trkpt>
   <trkpt lat="34.916270000000004" lon="-116.99504">
    <ele>636.97</ele>
   </trkpt>
   <trkpt lat="34.91596430742664" lon="-116.99409997898857">
    <ele>637.33</ele>
   </trkpt>
   <trkpt lat="34.915658607614944" lon="-116.99315996497887">
    <ele>637.1300000000001</ele>
   </trkpt>
   <trkpt lat="34.91535290056502" lon="-116.99221995797085">
    <ele>637.7400000000001</ele>
   </trkpt>
   <trkpt lat="34.915047186277036" lon="-116.99127995796465">
    <ele>638.3700000000001</ele>
   </trkpt>
   <trkpt lat="34.91474146475111" lon="-116.99033996496024">
    <ele>639.41</ele>
   </trkpt>
   <trkpt lat="34.91443573598738" lon="-116.98939997895765">
    <ele>640.2800000000001</ele>
   </trkpt>
   <trkpt lat="34.91413" lon="-116.98846">
    <ele>640.35</ele>
   </trkpt>
   <trkpt lat="34.91391" lon="-116.98850000000002">
    <ele>640.26</ele>
   </trkpt>
   <trkpt lat="34.913070000000005" lon="-116.98853000000001">
    <ele>639.6400000000001</ele>
   </trkpt>
   <trkpt lat="34.91226400000103" lon="-116.9885340001571">
    <ele>639.17</ele>
   </trkpt>
   <trkpt lat="34.91145800000194" lon="-116.98853800023564">
    <ele>639.0400000000001</ele>
   </trkpt>
   <trkpt lat="34.9106520000027" lon="-116.98854200023563">
    <ele>638.39</ele>
   </trkpt>
   <trkpt lat="34.90984600000334" lon="-116.98854600015707">
    <ele>637.95</ele>
   </trkpt>
   <trkpt lat="34.909040000000005" lon="-116.98855">
    <ele>637.95</ele>
   </trkpt>
   <trkpt lat="34.908730000000006" lon="-116.98856">
    <ele>637.5500000000001</ele>
   </trkpt>
   <trkpt lat="34.90831" lon="-116.98865">
    <ele>637.9</ele>
   </trkpt>
   <trkpt lat="34.907700000000006" lon="-116.98895">
    <ele>635.97</ele>
   </trkpt>
   <trkpt lat="34.90746" lon="-116.98901000000001">
    <ele>634.7900000000001</ele>
   </trkpt>
   <trkpt lat="34.907030000000006" lon="-116.98906000000001">
    <ele>632.66</ele>
   </trkpt>
   <trkpt lat="34.906800000000004" lon="-116.98904">
    <ele>631.7400000000001</ele>
   </trkpt>
   <trkpt lat="34.906600000000005" lon="-116.989">
    <ele>630.8100000000001</ele>
   </trkpt>
   <trkpt lat="34.90641" lon="-116.98892000000001">
    <ele>630.61</ele>
   </trkpt>
   <trkpt lat="34.90578500043486" lon="-116.98862499779169">
    <ele>630.72</ele>
   </trkpt>
   <trkpt lat="34.90516" lon="-116.98833">
    <ele>630.3000000000001</ele>
   </trkpt>
   <trkpt lat="34.904715000281406" lon="-116.98805999852648">
    <ele>630.23</ele>
   </trkpt>
   <trkpt lat="34.904270000000004" lon="-116.98779">
    <ele>631.45</ele>
   </trkpt>
   <trkpt lat="34.90374666767307" lon="-116.98741999520294">
    <ele>631.34</ele>
   </trkpt>
   <trkpt lat="34.90322333422485" lon="-116.9870499951218">
    <ele>630.6700000000001</ele>
   </trkpt>
   <trkpt lat="34.9027" lon="-116.98668">
    <ele>630.39</ele>
   </trkpt>
   <trkpt lat="34.90234" lon="-116.98641">
    <ele>631.1000000000001</ele>
   </trkpt>
   <trkpt lat="34.90184" lon="-116.98597000000001">
    <ele>631.0600000000001</ele>
   </trkpt>
   <trkpt lat="34.90119000543908" lon="-116.98530498421725">
    <ele>630.7900000000001</ele>
   </trkpt>
   <trkpt lat="34.9005400072562" lon="-116.98463997896089">
    <ele>630.07</ele>
   </trkpt>
   <trkpt lat="34.89989000545152" lon="-116.9839749842305">
    <ele>629.8900000000001</ele>
   </trkpt>
   <trkpt lat="34.899240000000006" lon="-116.98331">
    <ele>629.0300000000001</ele>
   </trkpt>
   <trkpt lat="34.89902" lon="-116.98306000000001">
    <ele>629.12</ele>
   </trkpt>
   <trkpt lat="34.89885" lon="-116.98283">
    <ele>629.45</ele>
   </trkpt>
   <trkpt lat="34.898680000000006" lon="-116.98251">
    <ele>629.97</ele>
   </trkpt>
   <trkpt lat="34.898590000000006" lon="-116.98211">
    <ele>631.1500000000001</ele>
   </trkpt>
   <trkpt lat="34.89856" lon="-116.98179">
    <ele>631.57</ele>
   </trkpt>
   <trkpt lat="34.89855" lon="-116.98091000000001">
    <ele>635.57</ele>
   </trkpt>
   <trkpt lat="34.8986" lon="-116.98027">
    <ele>640.8000000000001</ele>
   </trkpt>
   <trkpt lat="34.89858" lon="-116.98006000000001">
    <ele>641.7400000000001</ele>
   </trkpt>
   <trkpt lat="34.89851" lon="-116.97990000000001">
    <ele>642.66</ele>
   </trkpt>
   <trkpt lat="34.89865" lon="-116.97978">
    <ele>643.6400000000001</ele>
   </trkpt>
   <trkpt lat="34.89896" lon="-116.97974">
    <ele>645.46</ele>
   </trkpt>
   <trkpt lat="34.89942500060235" lon="-116.97940500179371">
    <ele>649.69</ele>
   </trkpt>
   <trkpt lat="34.899890000000006" lon="-116.97907000000001">
    <ele>655.5000000000001</ele>
   </trkpt>
   <trkpt lat="34.90053" lon="-116.9787">
    <ele>662.75</ele>
   </trkpt>
   <trkpt lat="34.90117" lon="-116.97799">
    <ele>669.61</ele>
   </trkpt>
   <trkpt lat="34.90182" lon="-116.97764000000001">
    <ele>675.0500000000001</ele>
   </trkpt>
   <trkpt lat="34.90207" lon="-116.97713">
    <ele>681.6500000000001</ele>
   </trkpt>
   <trkpt lat="34.902370000000005" lon="-116.97678">
    <ele>684.85</ele>
   </trkpt>
   <trkpt lat="34.90245000159971" lon="-116.97615500060829">
    <ele>682.39</ele>
   </trkpt>
   <trkpt lat="34.902530000000006" lon="-116.97553">
    <ele>685.44</ele>
   </trkpt>
   <trkpt lat="34.902080000000005" lon="-116.9749">
    <ele>691.33</ele>
   </trkpt>
   <trkpt lat="34.901770000000006" lon="-116.97422">
    <ele>695.57</ele>
   </trkpt>
   <trkpt lat="34.90175" lon="-116.97373">
    <ele>696.89</ele>
   </trkpt>
   <trkpt lat="34.90150500341864" lon="-116.97281499723371">
    <ele>700.08</ele>
   </trkpt>
   <trkpt lat="34.90126" lon="-116.9719">
    <ele>703.99</ele>
   </trkpt>
   <trkpt lat="34.901210000000006" lon="-116.97141">
    <ele>708.0300000000001</ele>
   </trkpt>
   <trkpt lat="34.901030000000006" lon="-116.971">
    <ele>710.96</ele>
   </trkpt>
   <trkpt lat="34.900980000000004" lon="-116.97057000000001">
    <ele>713.62</ele>
   </trkpt>
   <trkpt lat="34.900710000000004" lon="-116.96988">
    <ele>717.86</ele>
   </trkpt>
   <trkpt lat="34.90066" lon="-116.96885">
    <ele>720.45</ele>
   </trkpt>
   <trkpt lat="34.90093" lon="-116.96814">
    <ele>721.95</ele>
   </trkpt>
   <trkpt lat="34.90106" lon="-116.96796">
    <ele>720.65</ele>
   </trkpt>
   <trkpt lat="34.90108" lon="-116.96778">
    <ele>718.9300000000001</ele>
   </trkpt>
   <trkpt lat="34.90090000104798" lon="-116.96725999868902">
    <ele>717.49</ele>
   </trkpt>
   <trkpt lat="34.90072" lon="-116.96674000000002">
    <ele>718.26</ele>
   </trkpt>
   <trkpt lat="34.900740000000006" lon="-116.96661">
    <ele>718.65</ele>
   </trkpt>
   <trkpt lat="34.90095" lon="-116.96626">
    <ele>719.92</ele>
   </trkpt>
   <trkpt lat="34.90088" lon="-116.96585">
    <ele>719.99</ele>
   </trkpt>
   <trkpt lat="34.90041" lon="-116.96519">
    <ele>720.62</ele>
   </trkpt>
   <trkpt lat="34.90041" lon="-116.96455">
    <ele>717.7300000000001</ele>
   </trkpt>
   <trkpt lat="34.90077000280141" lon="-116.9637250035836">
    <ele>713.7900000000001</ele>
   </trkpt>
   <trkpt lat="34.90113" lon="-116.9629">
    <ele>709.2600000000001</ele>
   </trkpt>
   <trkpt lat="34.90152000183075" lon="-116.96225000291902">
    <ele>705.5400000000001</ele>
   </trkpt>
   <trkpt lat="34.90191" lon="-116.9616">
    <ele>703.2900000000001</ele>
   </trkpt>
   <trkpt lat="34.90206500345883" lon="-116.96068000177922">
    <ele>702.34</ele>
   </trkpt>
   <trkpt lat="34.90222" lon="-116.95976">
    <ele>701.9000000000001</ele>
   </trkpt>
   <trkpt lat="34.90243500133546" lon="-116.95920000133258">
    <ele>701.45</ele>
   </trkpt>
   <trkpt lat="34.90265" lon="-116.95864">
    <ele>700.95</ele>
   </trkpt>
   <trkpt lat="34.90260000172064" lon="-116.95799499982634">
    <ele>700.4800000000001</ele>
   </trkpt>
   <trkpt lat="34.902550000000005" lon="-116.95735">
    <ele>699.2600000000001</ele>
   </trkpt>
   <trkpt lat="34.90229" lon="-116.95636">
    <ele>700.91</ele>
   </trkpt>
   <trkpt lat="34.902280000000005" lon="-116.95548000000001">
    <ele>700.23</ele>
   </trkpt>
   <trkpt lat="34.902080000000005" lon="-116.95479">
    <ele>699.52</ele>
   </trkpt>
   <trkpt lat="34.901680000000006" lon="-116.95431">
    <ele>699.4300000000001</ele>
   </trkpt>
   <trkpt lat="34.90156" lon="-116.95404">
    <ele>697.89</ele>
   </trkpt>
   <trkpt lat="34.90156" lon="-116.95332">
    <ele>690.44</ele>
   </trkpt>
   <trkpt lat="34.90162000183644" lon="-116.95265000050979">
    <ele>681.83</ele>
   </trkpt>
   <trkpt lat="34.901680000000006" lon="-116.95198">
    <ele>676.74</ele>
   </trkpt>
   <trkpt lat="34.901630000000004" lon="-116.95170000000002">
    <ele>673.5600000000001</ele>
   </trkpt>
   <trkpt lat="34.90151" lon="-116.95154000000001">
    <ele>672.63</ele>
   </trkpt>
   <trkpt lat="34.90142" lon="-116.95145000000001">
    <ele>671.0600000000001</ele>
   </trkpt>
   <trkpt lat="34.900870000000005" lon="-116.95113">
    <ele>668.08</ele>
   </trkpt>
   <trkpt lat="34.90052" lon="-116.95064">
    <ele>665.9300000000001</ele>
   </trkpt>
   <trkpt lat="34.900090000000006" lon="-116.95014">
    <ele>664.1600000000001</ele>
   </trkpt>
   <trkpt lat="34.899730000000005" lon="-116.9496">
    <ele>663.9200000000001</ele>
   </trkpt>
   <trkpt lat="34.899680000000004" lon="-116.94929">
    <ele>663.7</ele>
   </trkpt>
   <trkpt lat="34.899680000000004" lon="-116.94907">
    <ele>663.83</ele>
   </trkpt>
   <trkpt lat="34.8999400013261" lon="-116.94850500174755">
    <ele>664.88</ele>
   </trkpt>
   <trkpt lat="34.900200000000005" lon="-116.94794">
    <ele>665.9200000000001</ele>
   </trkpt>
   <trkpt lat="34.900270000000006" lon="-116.94732">
    <ele>667.07</ele>
   </trkpt>
   <trkpt lat="34.90064" lon="-116.9466">
    <ele>667.9900000000001</ele>
   </trkpt>
   <trkpt lat="34.90077" lon="-116.9462">
    <ele>668.8900000000001</ele>
   </trkpt>
   <trkpt lat="34.90081" lon="-116.94597">
    <ele>669.82</ele>
   </trkpt>
   <trkpt lat="34.90077" lon="-116.94548">
    <ele>670.6500000000001</ele>
   </trkpt>
   <trkpt lat="34.900830000000006" lon="-116.94513">
    <ele>671.2600000000001</ele>
   </trkpt>
   <trkpt lat="34.90091" lon="-116.94419">
    <ele>672.27</ele>
   </trkpt>
   <trkpt lat="34.90088000161936" lon="-116.94355999964519">
    <ele>673.73</ele>
   </trkpt>
   <trkpt lat="34.900850000000005" lon="-116.94293">
    <ele>674.2900000000001</ele>
   </trkpt>
   <trkpt lat="34.90064500119776" lon="-116.94239499873163">
    <ele>675.21</ele>
   </trkpt>
   <trkpt lat="34.90044" lon="-116.94186">
    <ele>677.19</ele>
   </trkpt>
   <trkpt lat="34.900490000000005" lon="-116.94087">
    <ele>683.27</ele>
   </trkpt>
   <trkpt lat="34.90043" lon="-116.93983000000001">
    <ele>682.2600000000001</ele>
   </trkpt>
   <trkpt lat="34.90023" lon="-116.93909000000001">
    <ele>678.6800000000001</ele>
   </trkpt>
   <trkpt lat="34.899890000000006" lon="-116.93833000000001">
    <ele>678.7500000000001</ele>
   </trkpt>
   <trkpt lat="34.8994" lon="-116.93779">
    <ele>677.39</ele>
   </trkpt>
   <trkpt lat="34.89911" lon="-116.93702">
    <ele>678.4300000000001</ele>
   </trkpt>
   <trkpt lat="34.8988" lon="-116.93649">
    <ele>677.5300000000001</ele>
   </trkpt>
   <trkpt lat="34.898365000315465" lon="-116.93626499886433">
    <ele>675.27</ele>
   </trkpt>
   <trkpt lat="34.89793" lon="-116.93604">
    <ele>671.0100000000001</ele>
   </trkpt>
   <trkpt lat="34.897760000000005" lon="-116.93559">
    <ele>668.97</ele>
   </trkpt>
   <trkpt lat="34.897580000000005" lon="-116.93529000000001">
    <ele>668.2800000000001</ele>
   </trkpt>
   <trkpt lat="34.89724000097577" lon="-116.93483499828798">
    <ele>667.2</ele>
   </trkpt>
   <trkpt lat="34.8969" lon="-116.93438">
    <ele>664.72</ele>
   </trkpt>
   <trkpt lat="34.896820000000005" lon="-116.93422000000001">
    <ele>664.5500000000001</ele>
   </trkpt>
   <trkpt lat="34.896460000000005" lon="-116.93354000000001">
    <ele>663.9200000000001</ele>
   </trkpt>
   <trkpt lat="34.896460000000005" lon="-116.93326">
    <ele>663.44</ele>
   </trkpt>
   <trkpt lat="34.89678" lon="-116.9325">
    <ele>662.5200000000001</ele>
   </trkpt>
   <trkpt lat="34.896820000000005" lon="-116.93236">
    <ele>661.9100000000001</ele>
   </trkpt>
   <trkpt lat="34.896840000000005" lon="-116.93200000000002">
    <ele>660.8900000000001</ele>
   </trkpt>
   <trkpt lat="34.89681" lon="-116.93164000000002">
    <ele>659.7700000000001</ele>
   </trkpt>
   <trkpt lat="34.896730000000005" lon="-116.93134">
    <ele>658.72</ele>
   </trkpt>
   <trkpt lat="34.896550000000005" lon="-116.93089">
    <ele>657.81</ele>
   </trkpt>
   <trkpt lat="34.89652" lon="-116.93071">
    <ele>656.94</ele>
   </trkpt>
   <trkpt lat="34.89652" lon="-116.93053">
    <ele>655.93</ele>
   </trkpt>
   <trkpt lat="34.896660000000004" lon="-116.92981">
    <ele>654.84</ele>
   </trkpt>
   <trkpt lat="34.89672" lon="-116.92960000000001">
    <ele>654.46</ele>
   </trkpt>
   <trkpt lat="34.89681" lon="-116.92942000000001">
    <ele>654.0</ele>
   </trkpt>
   <trkpt lat="34.896930000000005" lon="-116.92927">
    <ele>653.66</ele>
   </trkpt>
   <trkpt lat="34.897270000000006" lon="-116.92899000000001">
    <ele>652.82</ele>
   </trkpt>
   <trkpt lat="34.89781" lon="-116.92865">
    <ele>652.3500000000001</ele>
   </trkpt>
   <trkpt lat="34.897960000000005" lon="-116.9286">
    <ele>652.3100000000001</ele>
   </trkpt>
   <trkpt lat="34.898230000000005" lon="-116.92856">
    <ele>651.9200000000001</ele>
   </trkpt>
   <trkpt lat="34.89869" lon="-116.9286">
    <ele>652.02</ele>
   </trkpt>
   <trkpt lat="34.89882" lon="-116.92856">
    <ele>652.44</ele>
   </trkpt>
   <trkpt lat="34.89893" lon="-116.92851">
    <ele>652.84</ele>
   </trkpt>
   <trkpt lat="34.89904" lon="-116.92843">
    <ele>653.0400000000001</ele>
   </trkpt>
   <trkpt lat="34.899170000000005" lon="-116.92830000000001">
    <ele>652.96</ele>
   </trkpt>
   <trkpt lat="34.89949" lon="-116.92788000000002">
    <ele>653.36</ele>
   </trkpt>
   <trkpt lat="34.89976" lon="-116.92762">
    <ele>654.02</ele>
   </trkpt>
   <trkpt lat="34.90003" lon="-116.92745000000001">
    <ele>656.4100000000001</ele>
   </trkpt>
   <trkpt lat="34.900650000000006" lon="-116.92713">
    <ele>658.4300000000001</ele>
   </trkpt>
   <trkpt lat="34.90081" lon="-116.927">
    <ele>659.3000000000001</ele>
   </trkpt>
   <trkpt lat="34.90099" lon="-116.92681">
    <ele>659.1300000000001</ele>
   </trkpt>
   <trkpt lat="34.90099" lon="-116.92668">
    <ele>658.5000000000001</ele>
   </trkpt>
   <trkpt lat="34.90093" lon="-116.92645">
    <ele>658.0400000000001</ele>
   </trkpt>
   <trkpt lat="34.900920000000006" lon="-116.92636">
    <ele>657.66</ele>
   </trkpt>
   <trkpt lat="34.9009850018303" lon="-116.92569000061218">
    <ele>653.0</ele>
   </trkpt>
   <trkpt lat="34.901050000000005" lon="-116.92502">
    <ele>650.2800000000001</ele>
   </trkpt>
   <trkpt lat="34.901070000000004" lon="-116.92457">
    <ele>647.26</ele>
   </trkpt>
   <trkpt lat="34.9011" lon="-116.9235">
    <ele>640.9100000000001</ele>
   </trkpt>
   <trkpt lat="34.90111000791976" lon="-116.92251666685887">
    <ele>636.82</ele>
   </trkpt>
   <trkpt lat="34.901120007920255" lon="-116.92153333347814">
    <ele>633.41</ele>
   </trkpt>
   <trkpt lat="34.90113" lon="-116.92055">
    <ele>630.4000000000001</ele>
   </trkpt>
   <trkpt lat="34.901113592186114" lon="-116.91946149585138">
    <ele>628.0</ele>
   </trkpt>
   <trkpt lat="34.901097174668365" lon="-116.91837299213786">
    <ele>625.1000000000001</ele>
   </trkpt>
   <trkpt lat="34.90108074744678" lon="-116.91728448885962">
    <ele>622.0300000000001</ele>
   </trkpt>
   <trkpt lat="34.90106431052134" lon="-116.91619598601699">
    <ele>618.14</ele>
   </trkpt>
   <trkpt lat="34.901047863892074" lon="-116.91510748361016">
    <ele>615.33</ele>
   </trkpt>
   <trkpt lat="34.901031407558975" lon="-116.91401898163942">
    <ele>612.84</ele>
   </trkpt>
   <trkpt lat="34.90101494152207" lon="-116.91293048010502">
    <ele>611.01</ele>
   </trkpt>
   <trkpt lat="34.900998465781356" lon="-116.91184197900719">
    <ele>607.89</ele>
   </trkpt>
   <trkpt lat="34.900981980336844" lon="-116.91075347834628">
    <ele>606.2700000000001</ele>
   </trkpt>
   <trkpt lat="34.900965485188564" lon="-116.90966497812245">
    <ele>606.3100000000001</ele>
   </trkpt>
   <trkpt lat="34.9009489803365" lon="-116.90857647833597">
    <ele>603.8100000000001</ele>
   </trkpt>
   <trkpt lat="34.90093246578067" lon="-116.90748797898715">
    <ele>601.7300000000001</ele>
   </trkpt>
   <trkpt lat="34.900915941521085" lon="-116.90639948007617">
    <ele>599.57</ele>
   </trkpt>
   <trkpt lat="34.90089940755776" lon="-116.90531098160335">
    <ele>598.99</ele>
   </trkpt>
   <trkpt lat="34.90088286389071" lon="-116.90422248356894">
    <ele>597.3000000000001</ele>
   </trkpt>
   <trkpt lat="34.90086631051992" lon="-116.90313398597317">
    <ele>598.09</ele>
   </trkpt>
   <trkpt lat="34.90084974744542" lon="-116.90204548881631">
    <ele>598.71</ele>
   </trkpt>
   <trkpt lat="34.90083317466722" lon="-116.90095699209863">
    <ele>599.01</ele>
   </trkpt>
   <trkpt lat="34.90081659218531" lon="-116.89986849582036">
    <ele>599.08</ele>
   </trkpt>
   <trkpt lat="34.900800000000004" lon="-116.89878000000002">
    <ele>599.7800000000001</ele>
   </trkpt>
   <trkpt lat="34.90084" lon="-116.89785">
    <ele>599.95</ele>
   </trkpt>
   <trkpt lat="34.90092000708385" lon="-116.896920001808">
    <ele>600.1700000000001</ele>
   </trkpt>
   <trkpt lat="34.90100000708419" lon="-116.89599000180415">
    <ele>600.65</ele>
   </trkpt>
   <trkpt lat="34.90108" lon="-116.89506000000002">
    <ele>600.7900000000001</ele>
   </trkpt>
   <trkpt lat="34.90114000259218" lon="-116.89426500052735">
    <ele>600.0600000000001</ele>
   </trkpt>
   <trkpt lat="34.9012" lon="-116.89347000000001">
    <ele>599.7900000000001</ele>
   </trkpt>
   <trkpt lat="34.901230000000005" lon="-116.89275">
    <ele>599.7800000000001</ele>
   </trkpt>
   <trkpt lat="34.90122" lon="-116.89195000000001">
    <ele>600.21</ele>
   </trkpt>
   <trkpt lat="34.901250000000005" lon="-116.89117">
    <ele>599.83</ele>
   </trkpt>
   <trkpt lat="34.90123500285654" lon="-116.89033499992502">
    <ele>599.75</ele>
   </trkpt>
   <trkpt lat="34.90122" lon="-116.88950000000001">
    <ele>599.4200000000001</ele>
   </trkpt>
   <trkpt lat="34.901210000000006" lon="-116.88898">
    <ele>599.1700000000001</ele>
   </trkpt>
   <trkpt lat="34.90115" lon="-116.88871">
    <ele>599.1700000000001</ele>
   </trkpt>
   <trkpt lat="34.90115334174336" lon="-116.88769666670294">
    <ele>599.32</ele>
   </trkpt>
   <trkpt lat="34.901156675076834" lon="-116.88668333332353">
    <ele>599.1200000000001</ele>
   </trkpt>
   <trkpt lat="34.901160000000004" lon="-116.88567">
    <ele>599.26</ele>
   </trkpt>
   <trkpt lat="34.90111" lon="-116.88464">
    <ele>599.46</ele>
   </trkpt>
   <trkpt lat="34.901095495943416" lon="-116.88363454367101">
    <ele>599.1700000000001</ele>
   </trkpt>
   <trkpt lat="34.901080983607216" lon="-116.88262908769728">
    <ele>599.0500000000001</ele>
   </trkpt>
   <trkpt lat="34.90106646299138" lon="-116.88162363207896">
    <ele>598.86</ele>
   </trkpt>
   <trkpt lat="34.901051934095946" lon="-116.88061817681627">
    <ele>598.98</ele>
   </trkpt>
   <trkpt lat="34.901037396920906" lon="-116.87961272190944">
    <ele>599.04</ele>
   </trkpt>
   <trkpt lat="34.90102285146626" lon="-116.87860726735865">
    <ele>598.99</ele>
   </trkpt>
   <trkpt lat="34.901008297732005" lon="-116.8776018131641">
    <ele>598.9100000000001</ele>
   </trkpt>
   <trkpt lat="34.900993735718195" lon="-116.876596359326">
    <ele>598.96</ele>
   </trkpt>
   <trkpt lat="34.9009791654248" lon="-116.87559090584453">
    <ele>598.8500000000001</ele>
   </trkpt>
   <trkpt lat="34.90096458685184" lon="-116.87458545271997">
    <ele>598.87</ele>
   </trkpt>
   <trkpt lat="34.90095" lon="-116.87358">
    <ele>598.65</ele>
   </trkpt>
   <trkpt lat="34.90095908783448" lon="-116.87251750221863">
    <ele>598.69</ele>
   </trkpt>
   <trkpt lat="34.900968166423255" lon="-116.87145500420226">
    <ele>598.6400000000001</ele>
   </trkpt>
   <trkpt lat="34.90097723576631" lon="-116.87039250595112">
    <ele>598.59</ele>
   </trkpt>
   <trkpt lat="34.90098629586365" lon="-116.86933000746542">
    <ele>598.5100000000001</ele>
   </trkpt>
   <trkpt lat="34.90099534671529" lon="-116.86826750874542">
    <ele>598.23</ele>
   </trkpt>
   <trkpt lat="34.9010043883212" lon="-116.86720500979138">
    <ele>597.74</ele>
   </trkpt>
   <trkpt lat="34.90101342068137" lon="-116.8661425106035">
    <ele>597.04</ele>
   </trkpt>
   <trkpt lat="34.90102244379582" lon="-116.86508001118203">
    <ele>596.31</ele>
   </trkpt>
   <trkpt lat="34.90103145766452" lon="-116.86401751152722">
    <ele>595.8500000000001</ele>
   </trkpt>
   <trkpt lat="34.9010404622875" lon="-116.86295501163931">
    <ele>595.41</ele>
   </trkpt>
   <trkpt lat="34.9010494576647" lon="-116.86189251151852">
    <ele>595.47</ele>
   </trkpt>
   <trkpt lat="34.90105844379617" lon="-116.86083001116509">
    <ele>595.6600000000001</ele>
   </trkpt>
   <trkpt lat="34.90106742068186" lon="-116.85976751057932">
    <ele>595.57</ele>
   </trkpt>
   <trkpt lat="34.9010763883218" lon="-116.85870500976135">
    <ele>595.5</ele>
   </trkpt>
   <trkpt lat="34.901085346715966" lon="-116.8576425087115">
    <ele>595.34</ele>
   </trkpt>
   <trkpt lat="34.90109429586435" lon="-116.85658000742998">
    <ele>595.04</ele>
   </trkpt>
   <trkpt lat="34.90110323576697" lon="-116.855517505917">
    <ele>594.84</ele>
   </trkpt>
   <trkpt lat="34.90111216642379" lon="-116.85445500417286">
    <ele>594.3900000000001</ele>
   </trkpt>
   <trkpt lat="34.901121087834824" lon="-116.85339250219774">
    <ele>594.1899999999999</ele>
   </trkpt>
   <trkpt lat="34.90113" lon="-116.85233000000001">
    <ele>594.26</ele>
   </trkpt>
   <trkpt lat="34.901150001651345" lon="-116.85169500015031">
    <ele>594.2400000000001</ele>
   </trkpt>
   <trkpt lat="34.90117" lon="-116.85106">
    <ele>594.37</ele>
   </trkpt>
   <trkpt lat="34.9012350039262" lon="-116.85008000087609">
    <ele>594.6600000000001</ele>
   </trkpt>
   <trkpt lat="34.901300000000006" lon="-116.8491">
    <ele>594.3000000000001</ele>
   </trkpt>
   <trkpt lat="34.901410000000006" lon="-116.84804000000001">
    <ele>593.53</ele>
   </trkpt>
   <trkpt lat="34.901542531377714" lon="-116.8469937618187">
    <ele>593.08</ele>
   </trkpt>
   <trkpt lat="34.90167505379044" lon="-116.84594752026074">
    <ele>592.9100000000001</ele>
   </trkpt>
   <trkpt lat="34.9018075672381" lon="-116.8449012753264">
    <ele>592.5100000000001</ele>
   </trkpt>
   <trkpt lat="34.901940071720645" lon="-116.84385502701588">
    <ele>591.9100000000001</ele>
   </trkpt>
   <trkpt lat="34.902072567237965" lon="-116.84280877532933">
    <ele>591.71</ele>
   </trkpt>
   <trkpt lat="34.90220505379003" lon="-116.84176252026697">
    <ele>591.97</ele>
   </trkpt>
   <trkpt lat="34.90233753137672" lon="-116.84071626182903">
    <ele>592.36</ele>
   </trkpt>
   <trkpt lat="34.90247" lon="-116.83967000000001">
    <ele>592.1899999999999</ele>
   </trkpt>
   <trkpt lat="34.902565001976434" lon="-116.8389800006038">
    <ele>592.0200000000001</ele>
   </trkpt>
   <trkpt lat="34.902660000000004" lon="-116.83829000000001">
    <ele>591.9100000000001</ele>
   </trkpt>
   <trkpt lat="34.90272000136634" lon="-116.83771500030142">
    <ele>591.82</ele>
   </trkpt>
   <trkpt lat="34.90278" lon="-116.83714">
    <ele>591.71</ele>
   </trkpt>
   <trkpt lat="34.902840000000005" lon="-116.83637000000002">
    <ele>591.45</ele>
   </trkpt>
   <trkpt lat="34.90286500278069" lon="-116.83554500046684">
    <ele>591.07</ele>
   </trkpt>
   <trkpt lat="34.90289" lon="-116.83472">
    <ele>590.62</ele>
   </trkpt>
   <trkpt lat="34.90287000268643" lon="-116.83390999978754">
    <ele>590.38</ele>
   </trkpt>
   <trkpt lat="34.90285" lon="-116.83310000000002">
    <ele>590.33</ele>
   </trkpt>
   <trkpt lat="34.902813340988644" lon="-116.83213333252372">
    <ele>589.95</ele>
   </trkpt>
   <trkpt lat="34.902776674324" lon="-116.83116666591056">
    <ele>589.77</ele>
   </trkpt>
   <trkpt lat="34.90274" lon="-116.8302">
    <ele>590.01</ele>
   </trkpt>
   <trkpt lat="34.90274" lon="-116.82966">
    <ele>589.98</ele>
   </trkpt>
   <trkpt lat="34.902800000000006" lon="-116.82911000000001">
    <ele>589.92</ele>
   </trkpt>
   <trkpt lat="34.902900001387835" lon="-116.82853500050537">
    <ele>589.55</ele>
   </trkpt>
   <trkpt lat="34.903000000000006" lon="-116.82796">
    <ele>589.55</ele>
   </trkpt>
   <trkpt lat="34.90314500195924" lon="-116.82726500131731">
    <ele>589.19</ele>
   </trkpt>
   <trkpt lat="34.903290000000005" lon="-116.82657">
    <ele>589.2</ele>
   </trkpt>
   <trkpt lat="34.90349333734017" lon="-116.82587333667456">
    <ele>588.96</ele>
   </trkpt>
   <trkpt lat="34.90369667070525" lon="-116.82517666989916">
    <ele>588.67</ele>
   </trkpt>
   <trkpt lat="34.9039" lon="-116.82448000000001">
    <ele>588.65</ele>
   </trkpt>
   <trkpt lat="34.904171683315916" lon="-116.82357834824026">
    <ele>588.53</ele>
   </trkpt>
   <trkpt lat="34.90444335997324" lon="-116.82267669051447">
    <ele>588.43</ele>
   </trkpt>
   <trkpt lat="34.90471502997187" lon="-116.82177502682273">
    <ele>588.31</ele>
   </trkpt>
   <trkpt lat="34.904986693311685" lon="-116.82087335716504">
    <ele>587.99</ele>
   </trkpt>
   <trkpt lat="34.90525834999259" lon="-116.81997168154146">
    <ele>587.7900000000001</ele>
   </trkpt>
   <trkpt lat="34.905530000000006" lon="-116.81907000000001">
    <ele>587.5</ele>
   </trkpt>
   <trkpt lat="34.90574000172667" lon="-116.81842500157913">
    <ele>587.25</ele>
   </trkpt>
   <trkpt lat="34.905950000000004" lon="-116.81778000000001">
    <ele>587.1800000000001</ele>
   </trkpt>
   <trkpt lat="34.906150001884775" lon="-116.81710500158039">
    <ele>586.9700000000001</ele>
   </trkpt>
   <trkpt lat="34.90635" lon="-116.81643000000001">
    <ele>586.89</ele>
   </trkpt>
   <trkpt lat="34.90655500178592" lon="-116.81578000144636">
    <ele>586.7800000000001</ele>
   </trkpt>
   <trkpt lat="34.906760000000006" lon="-116.81513000000001">
    <ele>586.7800000000001</ele>
   </trkpt>
   <trkpt lat="34.90694500173214" lon="-116.81447500156376">
    <ele>586.71</ele>
   </trkpt>
   <trkpt lat="34.90713" lon="-116.81382">
    <ele>586.6</ele>
   </trkpt>
   <trkpt lat="34.90737500372611" lon="-116.8128650028844">
    <ele>586.38</ele>
   </trkpt>
   <trkpt lat="34.90762" lon="-116.81191000000001">
    <ele>585.55</ele>
   </trkpt>
   <trkpt lat="34.907810000000005" lon="-116.81103000000002">
    <ele>585.38</ele>
   </trkpt>
   <trkpt lat="34.90794" lon="-116.81059">
    <ele>585.5</ele>
   </trkpt>
   <trkpt lat="34.90809" lon="-116.81024000000001">
    <ele>585.8000000000001</ele>
   </trkpt>
   <trkpt lat="34.908300000000004" lon="-116.80991000000002">
    <ele>586.2700000000001</ele>
   </trkpt>
   <trkpt lat="34.90842" lon="-116.80974">
    <ele>586.23</ele>
   </trkpt>
   <trkpt lat="34.908280000000005" lon="-116.80926000000001">
    <ele>585.5</ele>
   </trkpt>
   <trkpt lat="34.908260000000006" lon="-116.80902">
    <ele>584.61</ele>
   </trkpt>
   <trkpt lat="34.90827" lon="-116.80881000000001">
    <ele>584.2400000000001</ele>
   </trkpt>
   <trkpt lat="34.90831" lon="-116.80857">
    <ele>583.7800000000001</ele>
   </trkpt>
   <trkpt lat="34.90852512889229" lon="-116.80751739273374">
    <ele>583.99</ele>
   </trkpt>
   <trkpt lat="34.9087402487093" lon="-116.8064647799516">
    <ele>585.0200000000001</ele>
   </trkpt>
   <trkpt lat="34.90895535945087" lon="-116.80541216165375">
    <ele>583.9300000000001</ele>
   </trkpt>
   <trkpt lat="34.90917046111691" lon="-116.80435953784033">
    <ele>583.6</ele>
   </trkpt>
   <trkpt lat="34.909385553707295" lon="-116.8033069085115">
    <ele>583.9000000000001</ele>
   </trkpt>
   <trkpt lat="34.90960063722189" lon="-116.80225427366743">
    <ele>583.73</ele>
   </trkpt>
   <trkpt lat="34.90981571166059" lon="-116.80120163330831">
    <ele>583.3600000000001</ele>
   </trkpt>
   <trkpt lat="34.910030777023266" lon="-116.80014898743426">
    <ele>583.11</ele>
   </trkpt>
   <trkpt lat="34.910245833309816" lon="-116.79909633604545">
    <ele>582.83</ele>
   </trkpt>
   <trkpt lat="34.91046088052009" lon="-116.79804367914201">
    <ele>583.5100000000001</ele>
   </trkpt>
   <trkpt lat="34.91067591865399" lon="-116.79699101672416">
    <ele>583.8000000000001</ele>
   </trkpt>
   <trkpt lat="34.91089094771139" lon="-116.79593834879203">
    <ele>584.7500000000001</ele>
   </trkpt>
   <trkpt lat="34.91110596769217" lon="-116.79488567534577">
    <ele>585.2700000000001</ele>
   </trkpt>
   <trkpt lat="34.91132097859621" lon="-116.79383299638555">
    <ele>585.5600000000001</ele>
   </trkpt>
   <trkpt lat="34.91153598042337" lon="-116.79278031191154">
    <ele>585.82</ele>
   </trkpt>
   <trkpt lat="34.911750973173575" lon="-116.79172762192387">
    <ele>586.2700000000001</ele>
   </trkpt>
   <trkpt lat="34.911965956846664" lon="-116.79067492642274">
    <ele>586.1500000000001</ele>
   </trkpt>
   <trkpt lat="34.912180931442535" lon="-116.78962222540827">
    <ele>586.21</ele>
   </trkpt>
   <trkpt lat="34.91239589696106" lon="-116.78856951888064">
    <ele>586.07</ele>
   </trkpt>
   <trkpt lat="34.91261085340213" lon="-116.78751680684003">
    <ele>585.16</ele>
   </trkpt>
   <trkpt lat="34.91282580076562" lon="-116.78646408928654">
    <ele>584.3900000000001</ele>
   </trkpt>
   <trkpt lat="34.913040739051404" lon="-116.7854113662204">
    <ele>583.95</ele>
   </trkpt>
   <trkpt lat="34.91325566825936" lon="-116.78435863764172">
    <ele>583.43</ele>
   </trkpt>
   <trkpt lat="34.913470588389394" lon="-116.78330590355068">
    <ele>582.69</ele>
   </trkpt>
   <trkpt lat="34.91368549944135" lon="-116.78225316394743">
    <ele>582.73</ele>
   </trkpt>
   <trkpt lat="34.91390040141512" lon="-116.78120041883216">
    <ele>582.72</ele>
   </trkpt>
   <trkpt lat="34.9141152943106" lon="-116.78014766820498">
    <ele>582.47</ele>
   </trkpt>
   <trkpt lat="34.91433017812765" lon="-116.7790949120661">
    <ele>582.2900000000001</ele>
   </trkpt>
   <trkpt lat="34.91454505286616" lon="-116.77804215041564">
    <ele>582.2900000000001</ele>
   </trkpt>
   <trkpt lat="34.91475991852601" lon="-116.7769893832538">
    <ele>582.19</ele>
   </trkpt>
   <trkpt lat="34.91497477510707" lon="-116.7759366105807">
    <ele>582.2400000000001</ele>
   </trkpt>
   <trkpt lat="34.91518962260922" lon="-116.77488383239651">
    <ele>582.0300000000001</ele>
   </trkpt>
   <trkpt lat="34.915404461032374" lon="-116.77383104870141">
    <ele>581.6600000000001</ele>
   </trkpt>
   <trkpt lat="34.91561929037637" lon="-116.77277825949555">
    <ele>581.61</ele>
   </trkpt>
   <trkpt lat="34.91583411064109" lon="-116.77172546477907">
    <ele>580.72</ele>
   </trkpt>
   <trkpt lat="34.91604892182645" lon="-116.77067266455217">
    <ele>578.13</ele>
   </trkpt>
   <trkpt lat="34.916263723932296" lon="-116.76961985881496">
    <ele>577.0300000000001</ele>
   </trkpt>
   <trkpt lat="34.91647851695852" lon="-116.76856704756766">
    <ele>576.85</ele>
   </trkpt>
   <trkpt lat="34.91669330090501" lon="-116.76751423081038">
    <ele>576.7500000000001</ele>
   </trkpt>
   <trkpt lat="34.91690807577162" lon="-116.76646140854328">
    <ele>576.34</ele>
   </trkpt>
   <trkpt lat="34.91712284155826" lon="-116.76540858076658">
    <ele>575.85</ele>
   </trkpt>
   <trkpt lat="34.917337598264794" lon="-116.76435574748035">
    <ele>575.1700000000001</ele>
   </trkpt>
   <trkpt lat="34.9175523458911" lon="-116.76330290868482">
    <ele>575.0200000000001</ele>
   </trkpt>
   <trkpt lat="34.917767084437074" lon="-116.76225006438013">
    <ele>574.87</ele>
   </trkpt>
   <trkpt lat="34.91798181390257" lon="-116.76119721456645">
    <ele>574.89</ele>
   </trkpt>
   <trkpt lat="34.91819653428749" lon="-116.76014435924391">
    <ele>574.85</ele>
   </trkpt>
   <trkpt lat="34.91841124559171" lon="-116.7590914984127">
    <ele>574.46</ele>
   </trkpt>
   <trkpt lat="34.9186259478151" lon="-116.75803863207294">
    <ele>574.1700000000001</ele>
   </trkpt>
   <trkpt lat="34.918840640957555" lon="-116.75698576022486">
    <ele>573.7500000000001</ele>
   </trkpt>
   <trkpt lat="34.91905532501894" lon="-116.75593288286855">
    <ele>573.8000000000001</ele>
   </trkpt>
   <trkpt lat="34.919270000000004" lon="-116.75488000000001">
    <ele>573.96</ele>
   </trkpt>
   <trkpt lat="34.91948176864109" lon="-116.75383964506086">
    <ele>573.2700000000001</ele>
   </trkpt>
   <trkpt lat="34.919693528415664" lon="-116.75279928475304">
    <ele>573.25</ele>
   </trkpt>
   <trkpt lat="34.91990527932363" lon="-116.75175891907664">
    <ele>573.28</ele>
   </trkpt>
   <trkpt lat="34.92011702136487" lon="-116.75071854803181">
    <ele>573.28</ele>
   </trkpt>
   <trkpt lat="34.920328754539256" lon="-116.74967817161877">
    <ele>573.04</ele>
   </trkpt>
   <trkpt lat="34.920540478846675" lon="-116.74863778983764">
    <ele>572.74</ele>
   </trkpt>
   <trkpt lat="34.92075219428702" lon="-116.74759740268858">
    <ele>572.25</ele>
   </trkpt>
   <trkpt lat="34.92096390086017" lon="-116.74655701017173">
    <ele>572.3000000000001</ele>
   </trkpt>
   <trkpt lat="34.92117559856601" lon="-116.74551661228728">
    <ele>572.35</ele>
   </trkpt>
   <trkpt lat="34.921387287404414" lon="-116.74447620903535">
    <ele>572.19</ele>
   </trkpt>
   <trkpt lat="34.92159896737528" lon="-116.7434358004161">
    <ele>572.21</ele>
   </trkpt>
   <trkpt lat="34.921810638478505" lon="-116.74239538642968">
    <ele>572.4800000000001</ele>
   </trkpt>
   <trkpt lat="34.92202230071395" lon="-116.74135496707628">
    <ele>572.59</ele>
   </trkpt>
   <trkpt lat="34.922233954081506" lon="-116.74031454235602">
    <ele>572.34</ele>
   </trkpt>
   <trkpt lat="34.92244559858106" lon="-116.73927411226907">
    <ele>572.2</ele>
   </trkpt>
   <trkpt lat="34.92265723421249" lon="-116.73823367681558">
    <ele>571.65</ele>
   </trkpt>
   <trkpt lat="34.92286886097569" lon="-116.73719323599569">
    <ele>571.03</ele>
   </trkpt>
   <trkpt lat="34.92308047887053" lon="-116.7361527898096">
    <ele>570.8000000000001</ele>
   </trkpt>
   <trkpt lat="34.92329208789691" lon="-116.73511233825741">
    <ele>570.61</ele>
   </trkpt>
   <trkpt lat="34.92350368805472" lon="-116.73407188133932">
    <ele>570.4800000000001</ele>
   </trkpt>
   <trkpt lat="34.923715279343824" lon="-116.73303141905544">
    <ele>570.37</ele>
   </trkpt>
   <trkpt lat="34.923926861764116" lon="-116.73199095140599">
    <ele>570.1400000000001</ele>
   </trkpt>
   <trkpt lat="34.92413843531548" lon="-116.73095047839105">
    <ele>570.16</ele>
   </trkpt>
   <trkpt lat="34.924350000000004" lon="-116.72991">
    <ele>569.86</ele>
   </trkpt>
   <trkpt lat="34.92456500392198" lon="-116.72893000262269">
    <ele>569.6500000000001</ele>
   </trkpt>
   <trkpt lat="34.924780000000005" lon="-116.72795">
    <ele>569.5</ele>
   </trkpt>
   <trkpt lat="34.92491500123533" lon="-116.727410000725">
    <ele>569.3000000000001</ele>
   </trkpt>
   <trkpt lat="34.925050000000006" lon="-116.72687">
    <ele>569.23</ele>
   </trkpt>
   <trkpt lat="34.925200001232255" lon="-116.7263350007647">
    <ele>569.0500000000001</ele>
   </trkpt>
   <trkpt lat="34.92535" lon="-116.7258">
    <ele>569.08</ele>
   </trkpt>
   <trkpt lat="34.9255866710215" lon="-116.725070004245">
    <ele>568.8000000000001</ele>
   </trkpt>
   <trkpt lat="34.925823337677194" lon="-116.72434000427889">
    <ele>568.2900000000001</ele>
   </trkpt>
   <trkpt lat="34.92606" lon="-116.72361000000001">
    <ele>568.03</ele>
   </trkpt>
   <trkpt lat="34.926280001429525" lon="-116.72302000157228">
    <ele>567.9000000000001</ele>
   </trkpt>
   <trkpt lat="34.926500000000004" lon="-116.72243">
    <ele>567.83</ele>
   </trkpt>
   <trkpt lat="34.926840000000006" lon="-116.72158">
    <ele>567.46</ele>
   </trkpt>
   <trkpt lat="34.92724530830033" lon="-116.72065437716846">
    <ele>567.38</ele>
   </trkpt>
   <trkpt lat="34.9276506095812" lon="-116.71972874519201">
    <ele>566.85</ele>
   </trkpt>
   <trkpt lat="34.92805590384247" lon="-116.71880310407064">
    <ele>566.3600000000001</ele>
   </trkpt>
   <trkpt lat="34.92846119108394" lon="-116.71787745380423">
    <ele>566.1400000000001</ele>
   </trkpt>
   <trkpt lat="34.92886647130543" lon="-116.71695179439276">
    <ele>565.91</ele>
   </trkpt>
   <trkpt lat="34.92927174450679" lon="-116.71602612583611">
    <ele>565.8100000000001</ele>
   </trkpt>
   <trkpt lat="34.92967701068783" lon="-116.71510044813425">
    <ele>566.07</ele>
   </trkpt>
   <trkpt lat="34.930082269848384" lon="-116.7141747612871">
    <ele>566.08</ele>
   </trkpt>
   <trkpt lat="34.930487521988255" lon="-116.71324906529459">
    <ele>565.79</ele>
   </trkpt>
   <trkpt lat="34.930892767107295" lon="-116.71232336015663">
    <ele>565.6800000000001</ele>
   </trkpt>
   <trkpt lat="34.93129800520532" lon="-116.71139764587316">
    <ele>565.4100000000001</ele>
   </trkpt>
   <trkpt lat="34.93170323628215" lon="-116.71047192244414">
    <ele>565.11</ele>
   </trkpt>
   <trkpt lat="34.9321084603376" lon="-116.70954618986949">
    <ele>565.07</ele>
   </trkpt>
   <trkpt lat="34.93251367737152" lon="-116.7086204481491">
    <ele>564.99</ele>
   </trkpt>
   <trkpt lat="34.93291888738372" lon="-116.7076946972829">
    <ele>564.71</ele>
   </trkpt>
   <trkpt lat="34.93332409037403" lon="-116.70676893727091">
    <ele>564.6</ele>
   </trkpt>
   <trkpt lat="34.933729286342256" lon="-116.70584316811295">
    <ele>564.62</ele>
   </trkpt>
   <trkpt lat="34.934134475288246" lon="-116.70491738980903">
    <ele>564.71</ele>
   </trkpt>
   <trkpt lat="34.93453965721182" lon="-116.70399160235904">
    <ele>564.5300000000001</ele>
   </trkpt>
   <trkpt lat="34.93494483211279" lon="-116.70306580576292">
    <ele>564.12</ele>
   </trkpt>
   <trkpt lat="34.93535" lon="-116.70214000000001">
    <ele>564.03</ele>
   </trkpt>
   <trkpt lat="34.935340000000004" lon="-116.70214000000001">
    <ele>564.03</ele>
   </trkpt>
   <trkpt lat="34.93575872088924" lon="-116.70118428789597">
    <ele>563.74</ele>
   </trkpt>
   <trkpt lat="34.93617743429445" lon="-116.70022856603421">
    <ele>563.73</ele>
   </trkpt>
   <trkpt lat="34.936596140215414" lon="-116.69927283441467">
    <ele>563.86</ele>
   </trkpt>
   <trkpt lat="34.93701483865197" lon="-116.69831709303729">
    <ele>563.88</ele>
   </trkpt>
   <trkpt lat="34.93743352960389" lon="-116.69736134190197">
    <ele>563.62</ele>
   </trkpt>
   <trkpt lat="34.937852213071" lon="-116.69640558100865">
    <ele>562.96</ele>
   </trkpt>
   <trkpt lat="34.93827088905311" lon="-116.69544981035723">
    <ele>562.6600000000001</ele>
   </trkpt>
   <trkpt lat="34.93868955755003" lon="-116.69449402994768">
    <ele>562.4300000000001</ele>
   </trkpt>
   <trkpt lat="34.93910821856155" lon="-116.69353823977985">
    <ele>562.36</ele>
   </trkpt>
   <trkpt lat="34.93952687208749" lon="-116.69258243985374">
    <ele>562.11</ele>
   </trkpt>
   <trkpt lat="34.939945518127644" lon="-116.69162663016924">
    <ele>561.98</ele>
   </trkpt>
   <trkpt lat="34.940364156681845" lon="-116.69067081072623">
    <ele>561.4200000000001</ele>
   </trkpt>
   <trkpt lat="34.94078278774987" lon="-116.6897149815247">
    <ele>561.1700000000001</ele>
   </trkpt>
   <trkpt lat="34.94120141133154" lon="-116.68875914256458">
    <ele>560.96</ele>
   </trkpt>
   <trkpt lat="34.941620027426666" lon="-116.6878032938457">
    <ele>560.72</ele>
   </trkpt>
   <trkpt lat="34.94203863603506" lon="-116.68684743536808">
    <ele>560.22</ele>
   </trkpt>
   <trkpt lat="34.9424572371565" lon="-116.68589156713162">
    <ele>559.5</ele>
   </trkpt>
   <trkpt lat="34.94287583079084" lon="-116.6849356891362">
    <ele>559.15</ele>
   </trkpt>
   <trkpt lat="34.94329441693785" lon="-116.68397980138178">
    <ele>558.96</ele>
   </trkpt>
   <trkpt lat="34.94371299559734" lon="-116.68302390386826">
    <ele>559.08</ele>
   </trkpt>
   <trkpt lat="34.94413156676913" lon="-116.68206799659559">
    <ele>559.0400000000001</ele>
   </trkpt>
   <trkpt lat="34.94455013045302" lon="-116.68111207956368">
    <ele>560.0500000000001</ele>
   </trkpt>
   <trkpt lat="34.94496868664881" lon="-116.68015615277247">
    <ele>561.1400000000001</ele>
   </trkpt>
   <trkpt lat="34.945387235356336" lon="-116.67920021622184">
    <ele>561.4100000000001</ele>
   </trkpt>
   <trkpt lat="34.94580577657537" lon="-116.67824426991177">
    <ele>561.27</ele>
   </trkpt>
   <trkpt lat="34.94622431030573" lon="-116.67728831384213">
    <ele>560.59</ele>
   </trkpt>
   <trkpt lat="34.946642836547234" lon="-116.67633234801289">
    <ele>559.4</ele>
   </trkpt>
   <trkpt lat="34.94706135529968" lon="-116.67537637242395">
    <ele>558.71</ele>
   </trkpt>
   <trkpt lat="34.94747986656288" lon="-116.67442038707523">
    <ele>558.6300000000001</ele>
   </trkpt>
   <trkpt lat="34.947898370336624" lon="-116.67346439196662">
    <ele>558.8100000000001</ele>
   </trkpt>
   <trkpt lat="34.94831686662075" lon="-116.67250838709812">
    <ele>558.79</ele>
   </trkpt>
   <trkpt lat="34.94873535541504" lon="-116.67155237246962">
    <ele>558.97</ele>
   </trkpt>
   <trkpt lat="34.94915383671931" lon="-116.67059634808102">
    <ele>558.5100000000001</ele>
   </trkpt>
   <trkpt lat="34.94957231053337" lon="-116.66964031393225">
    <ele>557.7</ele>
   </trkpt>
   <trkpt lat="34.949990776857014" lon="-116.66868427002325">
    <ele>557.3</ele>
   </trkpt>
   <trkpt lat="34.95040923569006" lon="-116.66772821635395">
    <ele>557.07</ele>
   </trkpt>
   <trkpt lat="34.950827687032316" lon="-116.66677215292424">
    <ele>556.57</ele>
   </trkpt>
   <trkpt lat="34.95124613088359" lon="-116.66581607973406">
    <ele>556.0</ele>
   </trkpt>
   <trkpt lat="34.951664567243675" lon="-116.66485999678333">
    <ele>555.21</ele>
   </trkpt>
   <trkpt lat="34.952082996112395" lon="-116.66390390407201">
    <ele>554.5</ele>
   </trkpt>
   <trkpt lat="34.95250141748955" lon="-116.66294780159998">
    <ele>554.4300000000001</ele>
   </trkpt>
   <trkpt lat="34.95291983137494" lon="-116.66199168936717">
    <ele>554.33</ele>
   </trkpt>
   <trkpt lat="34.95333823776838" lon="-116.66103556737349">
    <ele>553.8700000000001</ele>
   </trkpt>
   <trkpt lat="34.95375663666968" lon="-116.66007943561893">
    <ele>554.2</ele>
   </trkpt>
   <trkpt lat="34.954175028078645" lon="-116.65912329410332">
    <ele>553.49</ele>
   </trkpt>
   <trkpt lat="34.95459341199508" lon="-116.65816714282664">
    <ele>552.97</ele>
   </trkpt>
   <trkpt lat="34.95501178841879" lon="-116.65721098178881">
    <ele>552.5300000000001</ele>
   </trkpt>
   <trkpt lat="34.95543015734958" lon="-116.65625481098976">
    <ele>551.69</ele>
   </trkpt>
   <trkpt lat="34.95584851878727" lon="-116.6552986304294">
    <ele>551.52</ele>
   </trkpt>
   <trkpt lat="34.956266872731646" lon="-116.65434244010763">
    <ele>551.48</ele>
   </trkpt>
   <trkpt lat="34.95668521918253" lon="-116.6533862400244">
    <ele>550.21</ele>
   </trkpt>
   <trkpt lat="34.95710355813973" lon="-116.65243003017963">
    <ele>549.69</ele>
   </trkpt>
   <trkpt lat="34.95752188960305" lon="-116.65147381057325">
    <ele>550.03</ele>
   </trkpt>
   <trkpt lat="34.95794021357229" lon="-116.65051758120516">
    <ele>550.4100000000001</ele>
   </trkpt>
   <trkpt lat="34.95835853004727" lon="-116.64956134207534">
    <ele>549.27</ele>
   </trkpt>
   <trkpt lat="34.95877683902778" lon="-116.64860509318365">
    <ele>548.28</ele>
   </trkpt>
   <trkpt lat="34.95919514051364" lon="-116.64764883453002">
    <ele>548.32</ele>
   </trkpt>
   <trkpt lat="34.959613434504654" lon="-116.6466925661144">
    <ele>548.35</ele>
   </trkpt>
   <trkpt lat="34.96003172100065" lon="-116.64573628793671">
    <ele>548.3800000000001</ele>
   </trkpt>
   <trkpt lat="34.96045" lon="-116.64478000000001">
    <ele>548.51</ele>
   </trkpt>
   <trkpt lat="34.960868296941136" lon="-116.6438225492696">
    <ele>548.4</ele>
   </trkpt>
   <trkpt lat="34.961286586368566" lon="-116.6428650887645">
    <ele>548.4</ele>
   </trkpt>
   <trkpt lat="34.96170486828209" lon="-116.64190761848468">
    <ele>548.07</ele>
   </trkpt>
   <trkpt lat="34.962123142681534" lon="-116.64095013843001">
    <ele>547.44</ele>
   </trkpt>
   <trkpt lat="34.962541409566676" lon="-116.63999264860045">
    <ele>547.23</ele>
   </trkpt>
   <trkpt lat="34.962959668937344" lon="-116.63903514899594">
    <ele>546.98</ele>
   </trkpt>
   <trkpt lat="34.96337792079335" lon="-116.63807763961634">
    <ele>546.82</ele>
   </trkpt>
   <trkpt lat="34.9637961651345" lon="-116.63712012046165">
    <ele>546.7</ele>
   </trkpt>
   <trkpt lat="34.96421440196057" lon="-116.63616259153174">
    <ele>546.54</ele>
   </trkpt>
   <trkpt lat="34.964632631271385" lon="-116.63520505282654">
    <ele>546.62</ele>
   </trkpt>
   <trkpt lat="34.96505085306677" lon="-116.63424750434598">
    <ele>546.47</ele>
   </trkpt>
   <trkpt lat="34.96546906734651" lon="-116.63328994609">
    <ele>546.47</ele>
   </trkpt>
   <trkpt lat="34.96588727411042" lon="-116.63233237805852">
    <ele>547.44</ele>
   </trkpt>
   <trkpt lat="34.966305473358304" lon="-116.63137480025144">
    <ele>546.5500000000001</ele>
   </trkpt>
   <trkpt lat="34.96672366508996" lon="-116.63041721266872">
    <ele>545.9200000000001</ele>
   </trkpt>
   <trkpt lat="34.9671418493052" lon="-116.62945961531022">
    <ele>545.84</ele>
   </trkpt>
   <trkpt lat="34.96756002600383" lon="-116.62850200817597">
    <ele>545.8000000000001</ele>
   </trkpt>
   <trkpt lat="34.967978195185665" lon="-116.62754439126579">
    <ele>545.6</ele>
   </trkpt>
   <trkpt lat="34.968396356850505" lon="-116.62658676457966">
    <ele>545.13</ele>
   </trkpt>
   <trkpt lat="34.96881451099815" lon="-116.6256291281175">
    <ele>544.86</ele>
   </trkpt>
   <trkpt lat="34.969232657628424" lon="-116.62467148187922">
    <ele>544.98</ele>
   </trkpt>
   <trkpt lat="34.969650796741135" lon="-116.62371382586474">
    <ele>545.37</ele>
   </trkpt>
   <trkpt lat="34.97006892833605" lon="-116.62275616007399">
    <ele>545.4499999999999</ele>
   </trkpt>
   <trkpt lat="34.97048705241301" lon="-116.62179848450688">
    <ele>544.64</ele>
   </trkpt>
   <trkpt lat="34.970905168971825" lon="-116.62084079916337">
    <ele>544.34</ele>
   </trkpt>
   <trkpt lat="34.971323278012285" lon="-116.61988310404337">
    <ele>544.07</ele>
   </trkpt>
   <trkpt lat="34.9717413795342" lon="-116.6189253991468">
    <ele>543.85</ele>
   </trkpt>
   <trkpt lat="34.972159473537374" lon="-116.6179676844736">
    <ele>543.5000000000001</ele>
   </trkpt>
   <trkpt lat="34.97257756002162" lon="-116.61700996002364">
    <ele>543.1600000000001</ele>
   </trkpt>
   <trkpt lat="34.972995638986745" lon="-116.61605222579688">
    <ele>543.09</ele>
   </trkpt>
   <trkpt lat="34.973413710432546" lon="-116.61509448179326">
    <ele>542.75</ele>
   </trkpt>
   <trkpt lat="34.97383177435885" lon="-116.61413672801271">
    <ele>542.64</ele>
   </trkpt>
   <trkpt lat="34.97424983076544" lon="-116.61317896445509">
    <ele>542.62</ele>
   </trkpt>
   <trkpt lat="34.97466787965213" lon="-116.6122211911204">
    <ele>542.4300000000001</ele>
   </trkpt>
   <trkpt lat="34.97508592101873" lon="-116.61126340800854">
    <ele>542.0600000000001</ele>
   </trkpt>
   <trkpt lat="34.97550395486505" lon="-116.61030561511939">
    <ele>541.54</ele>
   </trkpt>
   <trkpt lat="34.975921981190886" lon="-116.60934781245294">
    <ele>541.23</ele>
   </trkpt>
   <trkpt lat="34.97634" lon="-116.60839000000001">
    <ele>541.0</ele>
   </trkpt>
   <trkpt lat="34.976330000000004" lon="-116.6084">
    <ele>541.0</ele>
   </trkpt>
   <trkpt lat="34.97674790588533" lon="-116.60744363487383">
    <ele>540.62</ele>
   </trkpt>
   <trkpt lat="34.97716580427244" lon="-116.60648725998742">
    <ele>540.12</ele>
   </trkpt>
   <trkpt lat="34.97758369516119" lon="-116.60553087534075">
    <ele>539.94</ele>
   </trkpt>
   <trkpt lat="34.97800157855134" lon="-116.60457448093368">
    <ele>539.2600000000001</ele>
   </trkpt>
   <trkpt lat="34.97841945444274" lon="-116.60361807676618">
    <ele>539.1600000000001</ele>
   </trkpt>
   <trkpt lat="34.97883732283516" lon="-116.60266166283814">
    <ele>538.79</ele>
   </trkpt>
   <trkpt lat="34.97925518372841" lon="-116.60170523914951">
    <ele>538.7</ele>
   </trkpt>
   <trkpt lat="34.979673037122346" lon="-116.60074880570023">
    <ele>538.86</ele>
   </trkpt>
   <trkpt lat="34.980090883016715" lon="-116.59979236249016">
    <ele>538.63</ele>
   </trkpt>
   <trkpt lat="34.98050872141134" lon="-116.5988359095193">
    <ele>538.32</ele>
   </trkpt>
   <trkpt lat="34.98092655230604" lon="-116.59787944678752">
    <ele>538.22</ele>
   </trkpt>
   <trkpt lat="34.98134437570063" lon="-116.59692297429476">
    <ele>538.1100000000001</ele>
   </trkpt>
   <trkpt lat="34.981762191594896" lon="-116.59596649204096">
    <ele>538.0500000000001</ele>
   </trkpt>
   <trkpt lat="34.98218" lon="-116.59501000000002">
    <ele>537.72</ele>
   </trkpt>
   <trkpt lat="34.98181" lon="-116.59478000000001">
    <ele>537.21</ele>
   </trkpt>
   <trkpt lat="34.98158" lon="-116.59460000000001">
    <ele>537.1400000000001</ele>
   </trkpt>
   <trkpt lat="34.9818" lon="-116.59399">
    <ele>536.5000000000001</ele>
   </trkpt>
   <trkpt lat="34.98198" lon="-116.59363">
    <ele>536.27</ele>
   </trkpt>
   <trkpt lat="34.98245" lon="-116.59287">
    <ele>536.09</ele>
   </trkpt>
   <trkpt lat="34.98273000189261" lon="-116.59219500224829">
    <ele>535.9200000000001</ele>
   </trkpt>
   <trkpt lat="34.98301" lon="-116.59152">
    <ele>535.73</ele>
   </trkpt>
   <trkpt lat="34.98328500147913" lon="-116.59092000200785">
    <ele>535.84</ele>
   </trkpt>
   <trkpt lat="34.983560000000004" lon="-116.59032">
    <ele>535.5600000000001</ele>
   </trkpt>
   <trkpt lat="34.98393" lon="-116.58946">
    <ele>535.45</ele>
   </trkpt>
   <trkpt lat="34.98413" lon="-116.58845000000001">
    <ele>535.2800000000001</ele>
   </trkpt>
   <trkpt lat="34.98436000846757" lon="-116.58743333907516">
    <ele>535.2</ele>
   </trkpt>
   <trkpt lat="34.98459000846086" lon="-116.58641667243825">
    <ele>535.09</ele>
   </trkpt>
   <trkpt lat="34.984820000000006" lon="-116.5854">
    <ele>534.6899999999999</ele>
   </trkpt>
   <trkpt lat="34.985046671627394" lon="-116.58462333758209">
    <ele>534.6899999999999</ele>
   </trkpt>
   <trkpt lat="34.98527333830917" lon="-116.58384667086364">
    <ele>534.6899999999999</ele>
   </trkpt>
   <trkpt lat="34.9855" lon="-116.58307">
    <ele>534.6899999999999</ele>
   </trkpt>
   <trkpt lat="34.985730000000004" lon="-116.58217">
    <ele>534.2</ele>
   </trkpt>
   <trkpt lat="34.98598333879588" lon="-116.58135333840573">
    <ele>534.2</ele>
   </trkpt>
   <trkpt lat="34.986236672123596" lon="-116.58053667175729">
    <ele>534.2</ele>
   </trkpt>
   <trkpt lat="34.98649" lon="-116.57972000000001">
    <ele>534.2</ele>
   </trkpt>
   <trkpt lat="34.98677" lon="-116.57908">
    <ele>534.2</ele>
   </trkpt>
   <trkpt lat="34.98702000329998" lon="-116.5781800028226">
    <ele>534.2</ele>
   </trkpt>
   <trkpt lat="34.98727" lon="-116.57728000000002">
    <ele>534.2</ele>
   </trkpt>
   <trkpt lat="34.98753500215662" lon="-116.57655000244027">
    <ele>534.2</ele>
   </trkpt>
   <trkpt lat="34.9878" lon="-116.57582000000001">
    <ele>534.2</ele>
   </trkpt>
   <trkpt lat="34.98812" lon="-116.57482">
    <ele>527.6200000000001</ele>
   </trkpt>
   <trkpt lat="34.98852" lon="-116.57406">
    <ele>527.6200000000001</ele>
   </trkpt>
   <trkpt lat="34.98881000089116" lon="-116.57361500145473">
    <ele>527.6200000000001</ele>
   </trkpt>
   <trkpt lat="34.9891" lon="-116.57317">
    <ele>527.6200000000001</ele>
   </trkpt>
   <trkpt lat="34.98926" lon="-116.57285">
    <ele>527.6200000000001</ele>
   </trkpt>
   <trkpt lat="34.98949500166643" lon="-116.57221000187212">
    <ele>527.6200000000001</ele>
   </trkpt>
   <trkpt lat="34.98973" lon="-116.57157000000001">
    <ele>527.6200000000001</ele>
   </trkpt>
   <trkpt lat="34.989990000000006" lon="-116.57053">
    <ele>527.6200000000001</ele>
   </trkpt>
   <trkpt lat="34.990030000000004" lon="-116.57020000000001">
    <ele>527.6200000000001</ele>
   </trkpt>
   <trkpt lat="34.990010000000005" lon="-116.56968">
    <ele>527.6200000000001</ele>
   </trkpt>
   <trkpt lat="34.989940000000004" lon="-116.56918">
    <ele>527.6200000000001</ele>
   </trkpt>
   <trkpt lat="34.98997" lon="-116.56848000000001">
    <ele>524.6</ele>
   </trkpt>
   <trkpt lat="34.98995" lon="-116.5682">
    <ele>524.6</ele>
   </trkpt>
   <trkpt lat="34.98996" lon="-116.56779000000002">
    <ele>524.6</ele>
   </trkpt>
   <trkpt lat="34.990010000000005" lon="-116.56717">
    <ele>524.6</ele>
   </trkpt>
   <trkpt lat="34.990105001467256" lon="-116.56656500091441">
    <ele>523.98</ele>
   </trkpt>
   <trkpt lat="34.9902" lon="-116.56596">
    <ele>523.98</ele>
   </trkpt>
   <trkpt lat="34.99018" lon="-116.56548000000001">
    <ele>523.98</ele>
   </trkpt>
   <trkpt lat="34.98993" lon="-116.56489">
    <ele>523.98</ele>
   </trkpt>
   <trkpt lat="34.98982" lon="-116.56454000000001">
    <ele>523.98</ele>
   </trkpt>
   <trkpt lat="34.98966" lon="-116.56426">
    <ele>523.98</ele>
   </trkpt>
   <trkpt lat="34.9895" lon="-116.56403">
    <ele>523.98</ele>
   </trkpt>
   <trkpt lat="34.989200000000004" lon="-116.56386">
    <ele>523.98</ele>
   </trkpt>
   <trkpt lat="34.988800000000005" lon="-116.56336">
    <ele>518.6200000000001</ele>
   </trkpt>
   <trkpt lat="34.98836" lon="-116.56265">
    <ele>518.6200000000001</ele>
   </trkpt>
   <trkpt lat="34.987770000000005" lon="-116.56193">
    <ele>518.6200000000001</ele>
   </trkpt>
   <trkpt lat="34.98748000113474" lon="-116.56139499803353">
    <ele>518.6200000000001</ele>
   </trkpt>
   <trkpt lat="34.987190000000005" lon="-116.56086">
    <ele>518.08</ele>
   </trkpt>
   <trkpt lat="34.98697" lon="-116.56036">
    <ele>518.08</ele>
   </trkpt>
   <trkpt lat="34.986850000000004" lon="-116.55962000000001">
    <ele>518.08</ele>
   </trkpt>
   <trkpt lat="34.987190000000005" lon="-116.55889">
    <ele>518.08</ele>
   </trkpt>
   <trkpt lat="34.987300000000005" lon="-116.55875">
    <ele>518.08</ele>
   </trkpt>
   <trkpt lat="34.987880000000004" lon="-116.55835">
    <ele>518.08</ele>
   </trkpt>
   <trkpt lat="34.98825" lon="-116.55795">
    <ele>518.08</ele>
   </trkpt>
   <trkpt lat="34.98862000392306" lon="-116.55696500459703">
    <ele>518.08</ele>
   </trkpt>
   <trkpt lat="34.98899" lon="-116.55598">
    <ele>532.5500000000001</ele>
   </trkpt>
   <trkpt lat="34.9895150013309" lon="-116.55539500383223">
    <ele>532.5500000000001</ele>
   </trkpt>
   <trkpt lat="34.99004" lon="-116.55481">
    <ele>532.5500000000001</ele>
   </trkpt>
   <trkpt lat="34.99062" lon="-116.55454">
    <ele>532.5500000000001</ele>
   </trkpt>
   <trkpt lat="34.991310000000006" lon="-116.55401">
    <ele>532.5500000000001</ele>
   </trkpt>
   <trkpt lat="34.99148" lon="-116.55369">
    <ele>532.5500000000001</ele>
   </trkpt>
   <trkpt lat="34.99180000386553" lon="-116.55300333870377">
    <ele>532.5500000000001</ele>
   </trkpt>
   <trkpt lat="34.99212000386492" lon="-116.55231667203849">
    <ele>532.5500000000001</ele>
   </trkpt>
   <trkpt lat="34.99244" lon="-116.55163">
    <ele>536.9</ele>
   </trkpt>
   <trkpt lat="34.99279000099475" lon="-116.55114000208081">
    <ele>536.9</ele>
   </trkpt>
   <trkpt lat="34.993140000000004" lon="-116.55065">
    <ele>536.9</ele>
   </trkpt>
   <trkpt lat="34.993610000000004" lon="-116.55029">
    <ele>536.9</ele>
   </trkpt>
   <trkpt lat="34.99376" lon="-116.55033000000002">
    <ele>536.9</ele>
   </trkpt>
   <trkpt lat="34.99382" lon="-116.54971">
    <ele>536.9</ele>
   </trkpt>
   <trkpt lat="34.99369500196128" lon="-116.54901999899771">
    <ele>536.9</ele>
   </trkpt>
   <trkpt lat="34.993570000000005" lon="-116.54833">
    <ele>536.9</ele>
   </trkpt>
   <trkpt lat="34.993465003499026" lon="-116.54740499873488">
    <ele>536.9</ele>
   </trkpt>
   <trkpt lat="34.99336" lon="-116.54648">
    <ele>536.9</ele>
   </trkpt>
   <trkpt lat="34.99335500343293" lon="-116.54556500002484">
    <ele>536.9</ele>
   </trkpt>
   <trkpt lat="34.99335" lon="-116.54465">
    <ele>543.32</ele>
   </trkpt>
   <trkpt lat="34.99328000678964" lon="-116.54373999843682">
    <ele>543.32</ele>
   </trkpt>
   <trkpt lat="34.99321000678912" lon="-116.54282999843016">
    <ele>543.32</ele>
   </trkpt>
   <trkpt lat="34.993140000000004" lon="-116.54192">
    <ele>543.32</ele>
   </trkpt>
   <trkpt lat="34.993036673022964" lon="-116.5410399978333">
    <ele>543.32</ele>
   </trkpt>
   <trkpt lat="34.99293333969611" lon="-116.54015999788857">
    <ele>543.32</ele>
   </trkpt>
   <trkpt lat="34.992830000000005" lon="-116.53928">
    <ele>543.32</ele>
   </trkpt>
   <trkpt lat="34.99281333907228" lon="-116.538443332949">
    <ele>543.32</ele>
   </trkpt>
   <trkpt lat="34.992796672404744" lon="-116.53760666623867">
    <ele>543.32</ele>
   </trkpt>
   <trkpt lat="34.99278" lon="-116.53677">
    <ele>543.32</ele>
   </trkpt>
   <trkpt lat="34.99282500491936" lon="-116.53567500051463">
    <ele>543.32</ele>
   </trkpt>
   <trkpt lat="34.99287" lon="-116.53458">
    <ele>550.64</ele>
   </trkpt>
   <trkpt lat="34.99293500401637" lon="-116.53359000081471">
    <ele>550.64</ele>
   </trkpt>
   <trkpt lat="34.993" lon="-116.53260000000002">
    <ele>550.64</ele>
   </trkpt>
   <trkpt lat="34.99325500887938" lon="-116.53175000796807">
    <ele>550.64</ele>
   </trkpt>
   <trkpt lat="34.99351001183458" lon="-116.5309000106396">
    <ele>550.64</ele>
   </trkpt>
   <trkpt lat="34.9937650088655" lon="-116.53005000801461">
    <ele>550.64</ele>
   </trkpt>
   <trkpt lat="34.994020000000006" lon="-116.5292">
    <ele>550.64</ele>
   </trkpt>
   <trkpt lat="34.99443250842311" lon="-116.52837251251044">
    <ele>550.64</ele>
   </trkpt>
   <trkpt lat="34.99484501123148" lon="-116.5275450166795">
    <ele>550.64</ele>
   </trkpt>
   <trkpt lat="34.99525750842498" lon="-116.5267175125071">
    <ele>550.64</ele>
   </trkpt>
   <trkpt lat="34.995670000000004" lon="-116.52589">
    <ele>550.64</ele>
   </trkpt>
   <trkpt lat="34.996082505364484" lon="-116.52523000996945">
    <ele>556.7800000000001</ele>
   </trkpt>
   <trkpt lat="34.99649500715716" lon="-116.52457001328557">
    <ele>556.7800000000001</ele>
   </trkpt>
   <trkpt lat="34.99690750537789" lon="-116.52391000994825">
    <ele>556.7800000000001</ele>
   </trkpt>
   <trkpt lat="34.99732" lon="-116.52325">
    <ele>556.7800000000001</ele>
   </trkpt>
   <trkpt lat="34.997800000000005" lon="-116.52235">
    <ele>556.7800000000001</ele>
   </trkpt>
   <trkpt lat="34.998295006500086" lon="-116.52162251321657">
    <ele>556.7800000000001</ele>
   </trkpt>
   <trkpt lat="34.99879000866028" lon="-116.52089501763194">
    <ele>556.7800000000001</ele>
   </trkpt>
   <trkpt lat="34.99928500648044" lon="-116.52016751324582">
    <ele>556.37</ele>
   </trkpt>
   <trkpt lat="34.99978" lon="-116.51944">
    <ele>556.37</ele>
   </trkpt>
   <trkpt lat="35.00003" lon="-116.51969000000001">
    <ele>557.1700000000001</ele>
   </trkpt>
   <trkpt lat="35.000240000000005" lon="-116.5198">
    <ele>557.1700000000001</ele>
   </trkpt>
   <trkpt lat="35.00058500127862" lon="-116.51926500209285">
    <ele>557.1700000000001</ele>
   </trkpt>
   <trkpt lat="35.000930000000004" lon="-116.51873">
    <ele>557.95</ele>
   </trkpt>
   <trkpt lat="35.001455001311854" lon="-116.51817000356542">
    <ele>557.95</ele>
   </trkpt>
   <trkpt lat="35.00198" lon="-116.51761">
    <ele>559.6300000000001</ele>
   </trkpt>
   <trkpt lat="35.00216" lon="-116.51756">
    <ele>559.6300000000001</ele>
   </trkpt>
   <trkpt lat="35.003006667164506" lon="-116.5173166716993">
    <ele>559.6300000000001</ele>
   </trkpt>
   <trkpt lat="35.00385333384345" lon="-116.51707333836252">
    <ele>563.4300000000001</ele>
   </trkpt>
   <trkpt lat="35.0047" lon="-116.51683000000001">
    <ele>563.4300000000001</ele>
   </trkpt>
   <trkpt lat="35.005280000000006" lon="-116.51707">
    <ele>564.5</ele>
   </trkpt>
   <trkpt lat="35.00555" lon="-116.51710000000001">
    <ele>564.5</ele>
   </trkpt>
   <trkpt lat="35.00622876260112" lon="-116.51776246152482">
    <ele>564.5</ele>
   </trkpt>
   <trkpt lat="35.006907521603125" lon="-116.51842493404263">
    <ele>564.5</ele>
   </trkpt>
   <trkpt lat="35.007586277005856" lon="-116.51908741755383">
    <ele>564.5</ele>
   </trkpt>
   <trkpt lat="35.00826502880917" lon="-116.51974991205881">
    <ele>575.97</ele>
   </trkpt>
   <trkpt lat="35.00894377701293" lon="-116.52041241755798">
    <ele>575.97</ele>
   </trkpt>
   <trkpt lat="35.009622521616954" lon="-116.52107493405173">
    <ele>575.97</ele>
   </trkpt>
   <trkpt lat="35.010301262621105" lon="-116.5217374615405">
    <ele>575.97</ele>
   </trkpt>
   <trkpt lat="35.01098" lon="-116.5224">
    <ele>576.08</ele>
   </trkpt>
   <trkpt lat="35.01121000793503" lon="-116.52141667217724">
    <ele>574.5100000000001</ele>
   </trkpt>
   <trkpt lat="35.011440007939676" lon="-116.52043333882418">
    <ele>572.9399999999999</ele>
   </trkpt>
   <trkpt lat="35.01167" lon="-116.51945">
    <ele>572.1500000000001</ele>
   </trkpt>
   <trkpt lat="35.01167" lon="-116.51946000000001">
    <ele>572.16</ele>
   </trkpt>
   <trkpt lat="35.01187500941177" lon="-116.51858500661032">
    <ele>570.83</ele>
   </trkpt>
   <trkpt lat="35.01208001254424" lon="-116.51771000883434">
    <ele>570.2900000000001</ele>
   </trkpt>
   <trkpt lat="35.01228500939734" lon="-116.51683500667211">
    <ele>569.8100000000001</ele>
   </trkpt>
   <trkpt lat="35.01249" lon="-116.51596">
    <ele>569.11</ele>
   </trkpt>
   <trkpt lat="35.01275250974492" lon="-116.51507000856921">
    <ele>568.67</ele>
   </trkpt>
   <trkpt lat="35.01301501299334" lon="-116.51418001142537">
    <ele>567.8000000000001</ele>
   </trkpt>
   <trkpt lat="35.0132775097452" lon="-116.51329000856853">
    <ele>566.01</ele>
   </trkpt>
   <trkpt lat="35.013540000000006" lon="-116.51240000000001">
    <ele>565.71</ele>
   </trkpt>
   <trkpt lat="35.01370500171965" lon="-116.51175500124823">
    <ele>565.6600000000001</ele>
   </trkpt>
   <trkpt lat="35.013870000000004" lon="-116.51111000000002">
    <ele>565.6500000000001</ele>
   </trkpt>
   <trkpt lat="35.01389" lon="-116.51027">
    <ele>564.9000000000001</ele>
   </trkpt>
   <trkpt lat="35.014140000000005" lon="-116.51">
    <ele>562.2</ele>
   </trkpt>
   <trkpt lat="35.01435" lon="-116.5096">
    <ele>558.06</ele>
   </trkpt>
   <trkpt lat="35.01475" lon="-116.50925000000001">
    <ele>557.62</ele>
   </trkpt>
   <trkpt lat="35.015" lon="-116.50875">
    <ele>561.57</ele>
   </trkpt>
   <trkpt lat="35.015480000000004" lon="-116.50812">
    <ele>563.52</ele>
   </trkpt>
   <trkpt lat="35.01572000261434" lon="-116.50731000263478">
    <ele>563.73</ele>
   </trkpt>
   <trkpt lat="35.01596" lon="-116.5065">
    <ele>562.6300000000001</ele>
   </trkpt>
   <trkpt lat="35.01630334976076" lon="-116.5056050187821">
    <ele>561.47</ele>
   </trkpt>
   <trkpt lat="35.016646692951674" lon="-116.50471003004888">
    <ele>561.08</ele>
   </trkpt>
   <trkpt lat="35.016990029572625" lon="-116.50381503380036">
    <ele>560.4800000000001</ele>
   </trkpt>
   <trkpt lat="35.01733335962346" lon="-116.50292003003653">
    <ele>559.71</ele>
   </trkpt>
   <trkpt lat="35.01767668310406" lon="-116.50202501875741">
    <ele>558.49</ele>
   </trkpt>
   <trkpt lat="35.01802" lon="-116.50113">
    <ele>557.5300000000001</ele>
   </trkpt>
   <trkpt lat="35.01822" lon="-116.5001">
    <ele>556.44</ele>
   </trkpt>
   <trkpt lat="35.018550000000005" lon="-116.49912">
    <ele>555.24</ele>
   </trkpt>
   <trkpt lat="35.0191" lon="-116.49841">
    <ele>553.67</ele>
   </trkpt>
   <trkpt lat="35.01946668563242" lon="-116.49744835489074">
    <ele>552.33</ele>
   </trkpt>
   <trkpt lat="35.01983336367952" lon="-116.49648670115653">
    <ele>550.62</ele>
   </trkpt>
   <trkpt lat="35.020200034141126" lon="-116.49552503879744">
    <ele>549.7700000000001</ele>
   </trkpt>
   <trkpt lat="35.020566697017074" lon="-116.49456336781343">
    <ele>550.7200000000001</ele>
   </trkpt>
   <trkpt lat="35.02093335230717" lon="-116.49360168820442">
    <ele>551.46</ele>
   </trkpt>
   <trkpt lat="35.021300000000004" lon="-116.49264000000001">
    <ele>552.09</ele>
   </trkpt>
   <trkpt lat="35.021640005762954" lon="-116.49180000704756">
    <ele>552.36</ele>
   </trkpt>
   <trkpt lat="35.021980005738186" lon="-116.49096000710882">
    <ele>552.34</ele>
   </trkpt>
   <trkpt lat="35.02232" lon="-116.49012">
    <ele>549.2</ele>
   </trkpt>
   <trkpt lat="35.0226860162057" lon="-116.48912601780872">
    <ele>551.2</ele>
   </trkpt>
   <trkpt lat="35.02305202430701" lon="-116.48813202671772">
    <ele>551.86</ele>
   </trkpt>
   <trkpt lat="35.023418024303766" lon="-116.48713802672702">
    <ele>552.1700000000001</ele>
   </trkpt>
   <trkpt lat="35.0237840161958" lon="-116.48614401783661">
    <ele>551.25</ele>
   </trkpt>
   <trkpt lat="35.024150000000006" lon="-116.48515">
    <ele>552.06</ele>
   </trkpt>
   <trkpt lat="35.02447001422983" lon="-116.48431668300577">
    <ele>551.9000000000001</ele>
   </trkpt>
   <trkpt lat="35.02479002276337" lon="-116.48348335948765">
    <ele>550.73</ele>
   </trkpt>
   <trkpt lat="35.025110025600505" lon="-116.48265002944562">
    <ele>547.6500000000001</ele>
   </trkpt>
   <trkpt lat="35.02543002274114" lon="-116.48181669287968">
    <ele>546.6500000000001</ele>
   </trkpt>
   <trkpt lat="35.02575001418515" lon="-116.48098334978982">
    <ele>546.2800000000001</ele>
   </trkpt>
   <trkpt lat="35.026070000000004" lon="-116.48015000000001">
    <ele>545.7800000000001</ele>
   </trkpt>
   <trkpt lat="35.02641401353759" lon="-116.47924201525439">
    <ele>542.3100000000001</ele>
   </trkpt>
   <trkpt lat="35.02675802031218" lon="-116.4783340228667">
    <ele>542.73</ele>
   </trkpt>
   <trkpt lat="35.02710202032362" lon="-116.47742602283687">
    <ele>541.96</ele>
   </trkpt>
   <trkpt lat="35.02744601357176" lon="-116.47651801516497">
    <ele>540.9200000000001</ele>
   </trkpt>
   <trkpt lat="35.02779" lon="-116.47561">
    <ele>540.2</ele>
   </trkpt>
   <trkpt lat="35.028147510080366" lon="-116.47470501186841">
    <ele>537.4300000000001</ele>
   </trkpt>
   <trkpt lat="35.02850501344215" lon="-116.47380001582061">
    <ele>535.5000000000001</ele>
   </trkpt>
   <trkpt lat="35.0288625100852" lon="-116.47289501185658">
    <ele>534.59</ele>
   </trkpt>
   <trkpt lat="35.02922" lon="-116.47199">
    <ele>532.5300000000001</ele>
   </trkpt>
   <trkpt lat="35.029586015567894" lon="-116.47101601743742">
    <ele>532.08</ele>
   </trkpt>
   <trkpt lat="35.029952023353594" lon="-116.47004202615197">
    <ele>530.85</ele>
   </trkpt>
   <trkpt lat="35.0303180233569" lon="-116.46906802614362">
    <ele>529.6500000000001</ele>
   </trkpt>
   <trkpt lat="35.03068401557766" lon="-116.46809401741237">
    <ele>528.1800000000001</ele>
   </trkpt>
   <trkpt lat="35.03105" lon="-116.46712000000001">
    <ele>527.1300000000001</ele>
   </trkpt>
   <trkpt lat="35.03131500192384" lon="-116.46643500222314">
    <ele>526.5600000000001</ele>
   </trkpt>
   <trkpt lat="35.031580000000005" lon="-116.46575000000001">
    <ele>525.97</ele>
   </trkpt>
   <trkpt lat="35.031810001396096" lon="-116.4651950012418">
    <ele>525.33</ele>
   </trkpt>
   <trkpt lat="35.03204" lon="-116.46464">
    <ele>524.4000000000001</ele>
   </trkpt>
   <trkpt lat="35.032470001268265" lon="-116.4641250024936">
    <ele>523.73</ele>
   </trkpt>
   <trkpt lat="35.032900000000005" lon="-116.46361">
    <ele>522.1300000000001</ele>
   </trkpt>
   <trkpt lat="35.03314" lon="-116.46312">
    <ele>521.32</ele>
   </trkpt>
   <trkpt lat="35.03336" lon="-116.46251000000001">
    <ele>520.19</ele>
   </trkpt>
   <trkpt lat="35.03352000142029" lon="-116.46192000118307">
    <ele>518.73</ele>
   </trkpt>
   <trkpt lat="35.033680000000004" lon="-116.46133">
    <ele>517.23</ele>
   </trkpt>
   <trkpt lat="35.03392" lon="-116.46035">
    <ele>513.6700000000001</ele>
   </trkpt>
   <trkpt lat="35.03417" lon="-116.45969000000001">
    <ele>512.59</ele>
   </trkpt>
   <trkpt lat="35.034470000000006" lon="-116.45924000000001">
    <ele>512.02</ele>
   </trkpt>
   <trkpt lat="35.0350833383987" lon="-116.45845001192892">
    <ele>510.6400000000001</ele>
   </trkpt>
   <trkpt lat="35.035696671677364" lon="-116.45766001199955">
    <ele>510.57000000000005</ele>
   </trkpt>
   <trkpt lat="35.03631" lon="-116.45687000000001">
    <ele>507.73</ele>
   </trkpt>
   <trkpt lat="35.036886009370136" lon="-116.45611402132656">
    <ele>506.4200000000001</ele>
   </trkpt>
   <trkpt lat="35.03746201405147" lon="-116.45535803199522">
    <ele>505.71</ele>
   </trkpt>
   <trkpt lat="35.03803801404384" lon="-116.45460203200572">
    <ele>504.99000000000007</ele>
   </trkpt>
   <trkpt lat="35.03861400934707" lon="-116.45384602135783">
    <ele>504.6400000000001</ele>
   </trkpt>
   <trkpt lat="35.039190000000005" lon="-116.45309">
    <ele>504.85</ele>
   </trkpt>
   <trkpt lat="35.03958500122063" lon="-116.45255500252345">
    <ele>504.39</ele>
   </trkpt>
   <trkpt lat="35.03998" lon="-116.45202">
    <ele>504.69000000000005</ele>
   </trkpt>
   <trkpt lat="35.04057400999199" lon="-116.45124002267193">
    <ele>503.88</ele>
   </trkpt>
   <trkpt lat="35.04116801499254" lon="-116.45046003400248">
    <ele>505.0</ele>
   </trkpt>
   <trkpt lat="35.04176201500145" lon="-116.44968003399136">
    <ele>504.83</ele>
   </trkpt>
   <trkpt lat="35.04235601001855" lon="-116.44890002263817">
    <ele>506.11000000000007</ele>
   </trkpt>
   <trkpt lat="35.042950000000005" lon="-116.44812">
    <ele>506.7900000000001</ele>
   </trkpt>
   <trkpt lat="35.04327000075605" lon="-116.44771000152085">
    <ele>506.9100000000001</ele>
   </trkpt>
   <trkpt lat="35.04359" lon="-116.44730000000001">
    <ele>507.86000000000007</ele>
   </trkpt>
   <trkpt lat="35.04441250002983" lon="-116.44734999848967">
    <ele>509.9100000000001</ele>
   </trkpt>
   <trkpt lat="35.045235000039135" lon="-116.44739999798618">
    <ele>512.1999999999999</ele>
   </trkpt>
   <trkpt lat="35.04605750002794" lon="-116.44744999848952">
    <ele>515.0</ele>
   </trkpt>
   <trkpt lat="35.04688" lon="-116.4475">
    <ele>517.12</ele>
   </trkpt>
   <trkpt lat="35.04724" lon="-116.44742000000001">
    <ele>518.27</ele>
   </trkpt>
   <trkpt lat="35.047650000000004" lon="-116.447">
    <ele>519.05</ele>
   </trkpt>
   <trkpt lat="35.04819780069164" lon="-116.44616448927496">
    <ele>517.82</ele>
   </trkpt>
   <trkpt lat="35.0487455956552" lon="-116.445328967343">
    <ele>515.48</ele>
   </trkpt>
   <trkpt lat="35.049293384890504" lon="-116.44449343420382">
    <ele>515.24</ele>
   </trkpt>
   <trkpt lat="35.049841168397336" lon="-116.4436578898572">
    <ele>515.33</ele>
   </trkpt>
   <trkpt lat="35.05038894617554" lon="-116.44282233430286">
    <ele>515.58</ele>
   </trkpt>
   <trkpt lat="35.05093671822488" lon="-116.44198676754054">
    <ele>514.93</ele>
   </trkpt>
   <trkpt lat="35.05148448454519" lon="-116.44115118957001">
    <ele>513.6700000000001</ele>
   </trkpt>
   <trkpt lat="35.052032245136274" lon="-116.44031560039096">
    <ele>516.0</ele>
   </trkpt>
   <trkpt lat="35.052580000000006" lon="-116.43948">
    <ele>516.63</ele>
   </trkpt>
   <trkpt lat="35.05311334815498" lon="-116.43863002775632">
    <ele>517.0</ele>
   </trkpt>
   <trkpt lat="35.05364669038151" lon="-116.43778004441053">
    <ele>517.4300000000001</ele>
   </trkpt>
   <trkpt lat="35.05418002667942" lon="-116.43693004996236">
    <ele>517.1300000000001</ele>
   </trkpt>
   <trkpt lat="35.054713357048485" lon="-116.43608004441151">
    <ele>516.4700000000001</ele>
   </trkpt>
   <trkpt lat="35.055246681488526" lon="-116.43523002775785">
    <ele>515.26</ele>
   </trkpt>
   <trkpt lat="35.055780000000006" lon="-116.43438">
    <ele>513.19</ele>
   </trkpt>
   <trkpt lat="35.056281442106254" lon="-116.43363859874438">
    <ele>513.0400000000001</ele>
   </trkpt>
   <trkpt lat="35.056782879701714" lon="-116.43289718838297">
    <ele>514.66</ele>
   </trkpt>
   <trkpt lat="35.05728431278621" lon="-116.43215576891558">
    <ele>514.0100000000001</ele>
   </trkpt>
   <trkpt lat="35.0577857413596" lon="-116.43141434034206">
    <ele>513.99</ele>
   </trkpt>
   <trkpt lat="35.05828716542178" lon="-116.43067290266215">
    <ele>514.07</ele>
   </trkpt>
   <trkpt lat="35.05878858497259" lon="-116.42993145587569">
    <ele>511.82000000000005</ele>
   </trkpt>
   <trkpt lat="35.059290000000004" lon="-116.42919">
    <ele>509.33000000000004</ele>
   </trkpt>
   <trkpt lat="35.059815035554486" lon="-116.42837363968238">
    <ele>513.39</ele>
   </trkpt>
   <trkpt lat="35.06034006563966" lon="-116.42755726886523">
    <ele>514.8900000000001</ele>
   </trkpt>
   <trkpt lat="35.06086509025537" lon="-116.4267408875483">
    <ele>514.58</ele>
   </trkpt>
   <trkpt lat="35.06139010940142" lon="-116.42592449573137">
    <ele>513.7</ele>
   </trkpt>
   <trkpt lat="35.061915123077654" lon="-116.42510809341427">
    <ele>512.08</ele>
   </trkpt>
   <trkpt lat="35.06244013128387" lon="-116.42429168059667">
    <ele>508.95</ele>
   </trkpt>
   <trkpt lat="35.06296513401991" lon="-116.42347525727841">
    <ele>504.0</ele>
   </trkpt>
   <trkpt lat="35.06349013128559" lon="-116.42265882345923">
    <ele>505.95</ele>
   </trkpt>
   <trkpt lat="35.064015123080736" lon="-116.42184237913891">
    <ele>507.51</ele>
   </trkpt>
   <trkpt lat="35.064540109405165" lon="-116.42102592431723">
    <ele>510.5200000000001</ele>
   </trkpt>
   <trkpt lat="35.06506509025871" lon="-116.42020945899391">
    <ele>512.0400000000001</ele>
   </trkpt>
   <trkpt lat="35.06559006564119" lon="-116.41939298316879">
    <ele>513.26</ele>
   </trkpt>
   <trkpt lat="35.06611503555242" lon="-116.41857649684158">
    <ele>513.5600000000001</ele>
   </trkpt>
   <trkpt lat="35.06664" lon="-116.41776000000002">
    <ele>512.1800000000001</ele>
   </trkpt>
   <trkpt lat="35.06708200967228" lon="-116.4169920166519">
    <ele>513.88</ele>
   </trkpt>
   <trkpt lat="35.06752401450383" lon="-116.4162240249862">
    <ele>515.99</ele>
   </trkpt>
   <trkpt lat="35.06796601449453" lon="-116.41545602500273">
    <ele>518.64</ele>
   </trkpt>
   <trkpt lat="35.06840800964426" lon="-116.41468801670135">
    <ele>521.0</ele>
   </trkpt>
   <trkpt lat="35.068850000000005" lon="-116.41392">
    <ele>525.4000000000001</ele>
   </trkpt>
   <trkpt lat="35.06904" lon="-116.41333000000002">
    <ele>527.84</ele>
   </trkpt>
   <trkpt lat="35.06917" lon="-116.41244">
    <ele>532.6700000000001</ele>
   </trkpt>
   <trkpt lat="35.069300000000005" lon="-116.41183000000001">
    <ele>536.2900000000001</ele>
   </trkpt>
   <trkpt lat="35.06962" lon="-116.41124">
    <ele>539.2300000000001</ele>
   </trkpt>
   <trkpt lat="35.07003" lon="-116.4116">
    <ele>539.44</ele>
   </trkpt>
   <trkpt lat="35.07061000140562" lon="-116.41217499596199">
    <ele>540.03</ele>
   </trkpt>
   <trkpt lat="35.07119" lon="-116.41275">
    <ele>540.21</ele>
   </trkpt>
   <trkpt lat="35.07173" lon="-116.41326000000001">
    <ele>541.21</ele>
   </trkpt>
   <trkpt lat="35.07186" lon="-116.41340000000001">
    <ele>541.21</ele>
   </trkpt>
   <trkpt lat="35.07217" lon="-116.41289">
    <ele>541.21</ele>
   </trkpt>
   <trkpt lat="35.072300000000006" lon="-116.41253">
    <ele>541.21</ele>
   </trkpt>
   <trkpt lat="35.07237" lon="-116.41209">
    <ele>541.21</ele>
   </trkpt>
   <trkpt lat="35.07258000193808" lon="-116.41140000182756">
    <ele>541.21</ele>
   </trkpt>
   <trkpt lat="35.072790000000005" lon="-116.41071000000001">
    <ele>541.21</ele>
   </trkpt>
   <trkpt lat="35.073326696100665" lon="-116.40990255842144">
    <ele>541.21</ele>
   </trkpt>
   <trkpt lat="35.07386338684997" lon="-116.40909510622211">
    <ele>558.57</ele>
   </trkpt>
   <trkpt lat="35.07440007224774" lon="-116.40828764340172">
    <ele>558.57</ele>
   </trkpt>
   <trkpt lat="35.074936752293794" lon="-116.40748016996004">
    <ele>558.57</ele>
   </trkpt>
   <trkpt lat="35.07547342698797" lon="-116.40667268589682">
    <ele>558.57</ele>
   </trkpt>
   <trkpt lat="35.07601009633006" lon="-116.40586519121186">
    <ele>558.57</ele>
   </trkpt>
   <trkpt lat="35.07654676031991" lon="-116.4050576859049">
    <ele>558.57</ele>
   </trkpt>
   <trkpt lat="35.077083418957336" lon="-116.40425016997563">
    <ele>558.57</ele>
   </trkpt>
   <trkpt lat="35.07762007224218" lon="-116.40344264342387">
    <ele>558.57</ele>
   </trkpt>
   <trkpt lat="35.078156720174235" lon="-116.40263510624938">
    <ele>558.57</ele>
   </trkpt>
   <trkpt lat="35.07869336275334" lon="-116.40182755845188">
    <ele>558.57</ele>
   </trkpt>
   <trkpt lat="35.07923" lon="-116.40102">
    <ele>557.62</ele>
   </trkpt>
   <trkpt lat="35.079480000000004" lon="-116.40050000000001">
    <ele>557.62</ele>
   </trkpt>
   <trkpt lat="35.079640000000005" lon="-116.39977">
    <ele>557.62</ele>
   </trkpt>
   <trkpt lat="35.07967403820538" lon="-116.39875300381667">
    <ele>557.62</ele>
   </trkpt>
   <trkpt lat="35.07970806792073" lon="-116.39773600678483">
    <ele>557.62</ele>
   </trkpt>
   <trkpt lat="35.079742089145995" lon="-116.3967190089047">
    <ele>557.62</ele>
   </trkpt>
   <trkpt lat="35.07977610188118" lon="-116.39570201017648">
    <ele>557.45</ele>
   </trkpt>
   <trkpt lat="35.07981010612628" lon="-116.39468501060044">
    <ele>555.85</ele>
   </trkpt>
   <trkpt lat="35.079844101881264" lon="-116.39366801017673">
    <ele>552.8700000000001</ele>
   </trkpt>
   <trkpt lat="35.07987808914611" lon="-116.39265100890555">
    <ele>549.76</ele>
   </trkpt>
   <trkpt lat="35.079912067920816" lon="-116.39163400678711">
    <ele>546.2600000000001</ele>
   </trkpt>
   <trkpt lat="35.07994603820534" lon="-116.39061700382166">
    <ele>544.86</ele>
   </trkpt>
   <trkpt lat="35.079980000000006" lon="-116.38960000000002">
    <ele>546.21</ele>
   </trkpt>
   <trkpt lat="35.080195001297845" lon="-116.38902500167356">
    <ele>544.1600000000001</ele>
   </trkpt>
   <trkpt lat="35.08041" lon="-116.38845">
    <ele>542.91</ele>
   </trkpt>
   <trkpt lat="35.080585001455674" lon="-116.38786500108421">
    <ele>542.91</ele>
   </trkpt>
   <trkpt lat="35.080760000000005" lon="-116.38728">
    <ele>542.91</ele>
   </trkpt>
   <trkpt lat="35.08122000350889" lon="-116.3863600051177">
    <ele>542.91</ele>
   </trkpt>
   <trkpt lat="35.081680000000006" lon="-116.38544">
    <ele>522.0799999999999</ele>
   </trkpt>
   <trkpt lat="35.08192000142499" lon="-116.38484000189669">
    <ele>522.0799999999999</ele>
   </trkpt>
   <trkpt lat="35.08216" lon="-116.38424">
    <ele>522.0799999999999</ele>
   </trkpt>
   <trkpt lat="35.082518777314334" lon="-116.38326503001034">
    <ele>522.0799999999999</ele>
   </trkpt>
   <trkpt lat="35.082877546825465" lon="-116.38229005144481">
    <ele>522.0799999999999</ele>
   </trkpt>
   <trkpt lat="35.08323630853322" lon="-116.38131506430341">
    <ele>522.0799999999999</ele>
   </trkpt>
   <trkpt lat="35.08359506243744" lon="-116.38034006858614">
    <ele>522.0799999999999</ele>
   </trkpt>
   <trkpt lat="35.083953808537935" lon="-116.37936506429297">
    <ele>522.0799999999999</ele>
   </trkpt>
   <trkpt lat="35.08431254683454" lon="-116.37839005142393">
    <ele>522.0799999999999</ele>
   </trkpt>
   <trkpt lat="35.084671277327075" lon="-116.377415029979">
    <ele>499.15000000000003</ele>
   </trkpt>
   <trkpt lat="35.08503" lon="-116.37644000000002">
    <ele>499.15000000000003</ele>
   </trkpt>
   <trkpt lat="35.085260002103844" lon="-116.3757250019991">
    <ele>499.15000000000003</ele>
   </trkpt>
   <trkpt lat="35.08549" lon="-116.37501">
    <ele>499.15000000000003</ele>
   </trkpt>
   <trkpt lat="35.0857" lon="-116.37398">
    <ele>499.15000000000003</ele>
   </trkpt>
   <trkpt lat="35.08576000163354" lon="-116.3733450006952">
    <ele>499.15000000000003</ele>
   </trkpt>
   <trkpt lat="35.085820000000005" lon="-116.37271000000001">
    <ele>499.06000000000006</ele>
   </trkpt>
   <trkpt lat="35.086013337837834" lon="-116.37197000347327">
    <ele>498.33000000000004</ele>
   </trkpt>
   <trkpt lat="35.08620667118026" lon="-116.37123000343851">
    <ele>497.92</ele>
   </trkpt>
   <trkpt lat="35.086400000000005" lon="-116.37049">
    <ele>496.76000000000005</ele>
   </trkpt>
   <trkpt lat="35.086495003429754" lon="-116.36957500113101">
    <ele>495.40000000000003</ele>
   </trkpt>
   <trkpt lat="35.08659" lon="-116.36866">
    <ele>492.66</ele>
   </trkpt>
   <trkpt lat="35.08668502234055" lon="-116.36761667274357">
    <ele>493.32000000000005</ele>
   </trkpt>
   <trkpt lat="35.08678003574493" lon="-116.36657334305629">
    <ele>492.66</ele>
   </trkpt>
   <trkpt lat="35.08687504021311" lon="-116.36553001093836">
    <ele>491.08</ele>
   </trkpt>
   <trkpt lat="35.08697003574498" lon="-116.36448667639004">
    <ele>488.01000000000005</ele>
   </trkpt>
   <trkpt lat="35.087065022340546" lon="-116.36344333941149">
    <ele>486.45000000000005</ele>
   </trkpt>
   <trkpt lat="35.087160000000004" lon="-116.36240000000001">
    <ele>485.89000000000004</ele>
   </trkpt>
   <trkpt lat="35.08725251213014" lon="-116.36140750337644">
    <ele>485.09000000000003</ele>
   </trkpt>
   <trkpt lat="35.08734501617358" lon="-116.36041500450148">
    <ele>484.42</ele>
   </trkpt>
   <trkpt lat="35.08743751213027" lon="-116.35942250337533">
    <ele>483.50000000000006</ele>
   </trkpt>
   <trkpt lat="35.08753" lon="-116.35843000000001">
    <ele>483.17</ele>
   </trkpt>
   <trkpt lat="35.08763127960129" lon="-116.35741500882291">
    <ele>481.35</ele>
   </trkpt>
   <trkpt lat="35.08773255074511" lon="-116.35640001512515">
    <ele>480.16</ele>
   </trkpt>
   <trkpt lat="35.08783381343143" lon="-116.35538501890693">
    <ele>478.65000000000003</ele>
   </trkpt>
   <trkpt lat="35.08793506766018" lon="-116.35437002016842">
    <ele>476.84000000000003</ele>
   </trkpt>
   <trkpt lat="35.0880363134313" lon="-116.35335501890987">
    <ele>474.89000000000004</ele>
   </trkpt>
   <trkpt lat="35.088137550744754" lon="-116.35234001513143">
    <ele>474.66</ele>
   </trkpt>
   <trkpt lat="35.088238779600495" lon="-116.3513250088333">
    <ele>470.41</ele>
   </trkpt>
   <trkpt lat="35.08834" lon="-116.35031000000001">
    <ele>466.81000000000006</ele>
   </trkpt>
   <trkpt lat="35.088280000000005" lon="-116.34962000000002">
    <ele>465.67</ele>
   </trkpt>
   <trkpt lat="35.08845" lon="-116.34904000000002">
    <ele>467.25000000000006</ele>
   </trkpt>
   <trkpt lat="35.08856128282037" lon="-116.3479712602022">
    <ele>467.61</ele>
   </trkpt>
   <trkpt lat="35.088672556263745" lon="-116.346902517488">
    <ele>468.0</ele>
   </trkpt>
   <trkpt lat="35.088783820330015" lon="-116.34583377185766">
    <ele>467.84000000000003</ele>
   </trkpt>
   <trkpt lat="35.088895075019146" lon="-116.34476502331137">
    <ele>468.64000000000004</ele>
   </trkpt>
   <trkpt lat="35.08900632033108" lon="-116.34369627184938">
    <ele>469.4200000000001</ele>
   </trkpt>
   <trkpt lat="35.08911755626573" lon="-116.34262751747195">
    <ele>469.06</ele>
   </trkpt>
   <trkpt lat="35.08922878282306" lon="-116.3415587601792">
    <ele>469.47</ele>
   </trkpt>
   <trkpt lat="35.08934" lon="-116.34049">
    <ele>469.80000000000007</ele>
   </trkpt>
   <trkpt lat="35.08923549499884" lon="-116.33949726000343">
    <ele>469.85</ele>
   </trkpt>
   <trkpt lat="35.089130981906855" lon="-116.33850452255112">
    <ele>469.14000000000004</ele>
   </trkpt>
   <trkpt lat="35.089026460724085" lon="-116.33751178764325">
    <ele>468.97</ele>
   </trkpt>
   <trkpt lat="35.0889219314506" lon="-116.33651905528">
    <ele>467.73</ele>
   </trkpt>
   <trkpt lat="35.088817394086426" lon="-116.33552632546154">
    <ele>466.39000000000004</ele>
   </trkpt>
   <trkpt lat="35.08871284863164" lon="-116.33453359818807">
    <ele>464.87000000000006</ele>
   </trkpt>
   <trkpt lat="35.08860829508629" lon="-116.33354087345977">
    <ele>462.44</ele>
   </trkpt>
   <trkpt lat="35.08850373345041" lon="-116.33254815127681">
    <ele>458.79</ele>
   </trkpt>
   <trkpt lat="35.08839916372406" lon="-116.33155543163939">
    <ele>456.76000000000005</ele>
   </trkpt>
   <trkpt lat="35.088294585907306" lon="-116.33056271454765">
    <ele>457.64000000000004</ele>
   </trkpt>
   <trkpt lat="35.088190000000004" lon="-116.32957">
    <ele>460.91</ele>
   </trkpt>
   <trkpt lat="35.088170000000005" lon="-116.32899">
    <ele>468.62</ele>
   </trkpt>
   <trkpt lat="35.08839500213433" lon="-116.32827000196579">
    <ele>478.71000000000004</ele>
   </trkpt>
   <trkpt lat="35.088620000000006" lon="-116.32755000000002">
    <ele>479.69000000000005</ele>
   </trkpt>
   <trkpt lat="35.088840001190235" lon="-116.3270000016123">
    <ele>464.25000000000006</ele>
   </trkpt>
   <trkpt lat="35.08906" lon="-116.32645000000001">
    <ele>449.36</ele>
   </trkpt>
   <trkpt lat="35.089130000000004" lon="-116.32581">
    <ele>437.58000000000004</ele>
   </trkpt>
   <trkpt lat="35.08927500283718" lon="-116.3249800014221">
    <ele>431.01000000000005</ele>
   </trkpt>
   <trkpt lat="35.089420000000004" lon="-116.32415">
    <ele>427.89000000000004</ele>
   </trkpt>
   <trkpt lat="35.08981283870895" lon="-116.32321563207098">
    <ele>418.2</ele>
   </trkpt>
   <trkpt lat="35.090205670250405" lon="-116.32228125514051">
    <ele>415.48</ele>
   </trkpt>
   <trkpt lat="35.09059849462421" lon="-116.32134686920851">
    <ele>408.26</ele>
   </trkpt>
   <trkpt lat="35.090991311830194" lon="-116.32041247427497">
    <ele>403.97</ele>
   </trkpt>
   <trkpt lat="35.09138412186818" lon="-116.31947807033981">
    <ele>401.3</ele>
   </trkpt>
   <trkpt lat="35.091776924738" lon="-116.31854365740297">
    <ele>399.16</ele>
   </trkpt>
   <trkpt lat="35.09216972043947" lon="-116.31760923546442">
    <ele>396.18</ele>
   </trkpt>
   <trkpt lat="35.092562508972414" lon="-116.31667480452411">
    <ele>393.90000000000003</ele>
   </trkpt>
   <trkpt lat="35.092955290336675" lon="-116.31574036458196">
    <ele>389.57</ele>
   </trkpt>
   <trkpt lat="35.09334806453206" lon="-116.31480591563795">
    <ele>386.32000000000005</ele>
   </trkpt>
   <trkpt lat="35.09374083155841" lon="-116.31387145769195">
    <ele>383.37000000000006</ele>
   </trkpt>
   <trkpt lat="35.09413359141555" lon="-116.312936990744">
    <ele>380.0</ele>
   </trkpt>
   <trkpt lat="35.09452634410329" lon="-116.31200251479402">
    <ele>375.97</ele>
   </trkpt>
   <trkpt lat="35.094919089621484" lon="-116.31106802984192">
    <ele>372.69</ele>
   </trkpt>
   <trkpt lat="35.095311827969944" lon="-116.31013353588767">
    <ele>369.21000000000004</ele>
   </trkpt>
   <trkpt lat="35.09570455914849" lon="-116.30919903293125">
    <ele>366.11</ele>
   </trkpt>
   <trkpt lat="35.09609728315696" lon="-116.30826452097253">
    <ele>363.11</ele>
   </trkpt>
   <trkpt lat="35.09649" lon="-116.30733000000001">
    <ele>360.72</ele>
   </trkpt>
   <trkpt lat="35.09679201407732" lon="-116.30640401372933">
    <ele>358.88000000000005</ele>
   </trkpt>
   <trkpt lat="35.09709402111458" lon="-116.30547802059867">
    <ele>355.35</ele>
   </trkpt>
   <trkpt lat="35.097396021111635" lon="-116.30455202060809">
    <ele>353.11</ele>
   </trkpt>
   <trkpt lat="35.09769801406836" lon="-116.3036260137576">
    <ele>351.76</ele>
   </trkpt>
   <trkpt lat="35.098000000000006" lon="-116.30270000000002">
    <ele>349.64</ele>
   </trkpt>
   <trkpt lat="35.09833252773837" lon="-116.30171752805389">
    <ele>348.02000000000004</ele>
   </trkpt>
   <trkpt lat="35.098665047551414" lon="-116.30073504809347">
    <ele>345.93</ele>
   </trkpt>
   <trkpt lat="35.09899755943898" lon="-116.29975256011883">
    <ele>344.15</ele>
   </trkpt>
   <trkpt lat="35.09933006340089" lon="-116.29877006412997">
    <ele>342.51000000000005</ele>
   </trkpt>
   <trkpt lat="35.099662559437" lon="-116.2977875601269">
    <ele>341.31</ele>
   </trkpt>
   <trkpt lat="35.09999504754715" lon="-116.29680504810969">
    <ele>339.39000000000004</ele>
   </trkpt>
   <trkpt lat="35.10032752773117" lon="-116.29582252807832">
    <ele>337.87</ele>
   </trkpt>
   <trkpt lat="35.100660000000005" lon="-116.29484000000001">
    <ele>336.71</ele>
   </trkpt>
   <trkpt lat="35.10097501134999" lon="-116.29388001113058">
    <ele>335.19000000000005</ele>
   </trkpt>
   <trkpt lat="35.10129001513299" lon="-116.29292001484207">
    <ele>334.53000000000003</ele>
   </trkpt>
   <trkpt lat="35.10160501134885" lon="-116.29196001113446">
    <ele>334.42</ele>
   </trkpt>
   <trkpt lat="35.10192" lon="-116.29100000000001">
    <ele>334.87</ele>
   </trkpt>
   <trkpt lat="35.10223501800794" lon="-116.29006335143598">
    <ele>334.87</ele>
   </trkpt>
   <trkpt lat="35.10255002881227" lon="-116.28912669563273">
    <ele>334.97</ele>
   </trkpt>
   <trkpt lat="35.10286503241282" lon="-116.2881900325903">
    <ele>335.09000000000003</ele>
   </trkpt>
   <trkpt lat="35.10318002880948" lon="-116.2872533623087">
    <ele>335.34000000000003</ele>
   </trkpt>
   <trkpt lat="35.10349501800211" lon="-116.28631668478798">
    <ele>335.66</ele>
   </trkpt>
   <trkpt lat="35.10381" lon="-116.28538">
    <ele>335.96000000000004</ele>
   </trkpt>
   <trkpt lat="35.10414251269338" lon="-116.28436501240796">
    <ele>335.64000000000004</ele>
   </trkpt>
   <trkpt lat="35.10447501692754" lon="-116.28335001653498">
    <ele>335.58000000000004</ele>
   </trkpt>
   <trkpt lat="35.10480751270231" lon="-116.28233501238113">
    <ele>335.87</ele>
   </trkpt>
   <trkpt lat="35.105140000000006" lon="-116.28132000000001">
    <ele>335.9200000000001</ele>
   </trkpt>
   <trkpt lat="35.10552500393673" lon="-116.28033500477213">
    <ele>335.87</ele>
   </trkpt>
   <trkpt lat="35.10591" lon="-116.27935000000001">
    <ele>335.83</ele>
   </trkpt>
   <trkpt lat="35.10630950358996" lon="-116.27842952114894">
    <ele>335.83</ele>
   </trkpt>
   <trkpt lat="35.106709000222494" lon="-116.27750903327427">
    <ele>335.39</ele>
   </trkpt>
   <trkpt lat="35.10710848989744" lon="-116.27658853637588">
    <ele>335.39</ele>
   </trkpt>
   <trkpt lat="35.10750797261462" lon="-116.27566803045377">
    <ele>335.39</ele>
   </trkpt>
   <trkpt lat="35.107907448373865" lon="-116.27474751550783">
    <ele>335.39</ele>
   </trkpt>
   <trkpt lat="35.108306917175014" lon="-116.27382699153802">
    <ele>335.39</ele>
   </trkpt>
   <trkpt lat="35.10870637901787" lon="-116.27290645854426">
    <ele>335.39</ele>
   </trkpt>
   <trkpt lat="35.10910583390228" lon="-116.27198591652649">
    <ele>335.27</ele>
   </trkpt>
   <trkpt lat="35.10950528182808" lon="-116.27106536548463">
    <ele>335.27</ele>
   </trkpt>
   <trkpt lat="35.10990472279508" lon="-116.27014480541864">
    <ele>335.27</ele>
   </trkpt>
   <trkpt lat="35.11030415680312" lon="-116.26922423632843">
    <ele>335.27</ele>
   </trkpt>
   <trkpt lat="35.11070358385202" lon="-116.26830365821395">
    <ele>335.27</ele>
   </trkpt>
   <trkpt lat="35.11110300394162" lon="-116.26738307107516">
    <ele>335.27</ele>
   </trkpt>
   <trkpt lat="35.11150241707174" lon="-116.26646247491193">
    <ele>335.27</ele>
   </trkpt>
   <trkpt lat="35.11190182324222" lon="-116.26554186972426">
    <ele>335.27</ele>
   </trkpt>
   <trkpt lat="35.11230122245288" lon="-116.26462125551201">
    <ele>335.83</ele>
   </trkpt>
   <trkpt lat="35.11270061470355" lon="-116.26370063227523">
    <ele>335.83</ele>
   </trkpt>
   <trkpt lat="35.1131" lon="-116.26278">
    <ele>335.83</ele>
   </trkpt>
   <trkpt lat="35.1135243887198" lon="-116.26181620697065">
    <ele>335.83</ele>
   </trkpt>
   <trkpt lat="35.11394876981129" lon="-116.26085240390185">
    <ele>335.83</ele>
   </trkpt>
   <trkpt lat="35.11437314327427" lon="-116.25988859079348">
    <ele>335.83</ele>
   </trkpt>
   <trkpt lat="35.11479750910857" lon="-116.25892476764551">
    <ele>335.83</ele>
   </trkpt>
   <trkpt lat="35.11522186731394" lon="-116.25796093445783">
    <ele>341.45000000000005</ele>
   </trkpt>
   <trkpt lat="35.11564621789024" lon="-116.25699709123036">
    <ele>341.45000000000005</ele>
   </trkpt>
   <trkpt lat="35.11607056083722" lon="-116.256033237963">
    <ele>341.45000000000005</ele>
   </trkpt>
   <trkpt lat="35.11649489615473" lon="-116.2550693746557">
    <ele>341.45000000000005</ele>
   </trkpt>
   <trkpt lat="35.116919223842515" lon="-116.25410550130842">
    <ele>341.45000000000005</ele>
   </trkpt>
   <trkpt lat="35.11734354390042" lon="-116.25314161792096">
    <ele>341.45000000000005</ele>
   </trkpt>
   <trkpt lat="35.117767856328214" lon="-116.25217772449334">
    <ele>341.45000000000005</ele>
   </trkpt>
   <trkpt lat="35.11819216112571" lon="-116.25121382102542">
    <ele>341.45000000000005</ele>
   </trkpt>
   <trkpt lat="35.11861645829273" lon="-116.25024990751714">
    <ele>341.45000000000005</ele>
   </trkpt>
   <trkpt lat="35.11904074782904" lon="-116.24928598396845">
    <ele>341.45000000000005</ele>
   </trkpt>
   <trkpt lat="35.119465029734464" lon="-116.24832205037919">
    <ele>362.61</ele>
   </trkpt>
   <trkpt lat="35.11988930400878" lon="-116.24735810674933">
    <ele>362.61</ele>
   </trkpt>
   <trkpt lat="35.12031357065181" lon="-116.24639415307881">
    <ele>362.61</ele>
   </trkpt>
   <trkpt lat="35.12073782966335" lon="-116.24543018936753">
    <ele>362.61</ele>
   </trkpt>
   <trkpt lat="35.12116208104319" lon="-116.24446621561538">
    <ele>362.61</ele>
   </trkpt>
   <trkpt lat="35.12158632479113" lon="-116.24350223182226">
    <ele>362.61</ele>
   </trkpt>
   <trkpt lat="35.12201056090699" lon="-116.24253823798817">
    <ele>362.61</ele>
   </trkpt>
   <trkpt lat="35.12243478939056" lon="-116.24157423411296">
    <ele>362.61</ele>
   </trkpt>
   <trkpt lat="35.12285901024163" lon="-116.24061022019657">
    <ele>362.61</ele>
   </trkpt>
   <trkpt lat="35.123283223460014" lon="-116.23964619623892">
    <ele>362.61</ele>
   </trkpt>
   <trkpt lat="35.1237074290455" lon="-116.23868216223993">
    <ele>401.1</ele>
   </trkpt>
   <trkpt lat="35.12413162699791" lon="-116.2377181181995">
    <ele>401.1</ele>
   </trkpt>
   <trkpt lat="35.12455581731702" lon="-116.23675406411758">
    <ele>401.1</ele>
   </trkpt>
   <trkpt lat="35.12498" lon="-116.23579000000001">
    <ele>401.1</ele>
   </trkpt>
   <trkpt lat="35.125300001201225" lon="-116.23528500174122">
    <ele>401.1</ele>
   </trkpt>
   <trkpt lat="35.125620000000005" lon="-116.23478000000001">
    <ele>401.1</ele>
   </trkpt>
   <trkpt lat="35.126143027271596" lon="-116.233921049648">
    <ele>401.1</ele>
   </trkpt>
   <trkpt lat="35.12666604848325" lon="-116.23306208826386">
    <ele>425.32000000000005</ele>
   </trkpt>
   <trkpt lat="35.12718906363483" lon="-116.23220311584734">
    <ele>425.32000000000005</ele>
   </trkpt>
   <trkpt lat="35.127712072726105" lon="-116.23134413239819">
    <ele>425.32000000000005</ele>
   </trkpt>
   <trkpt lat="35.12823507575687" lon="-116.23048513791622">
    <ele>425.32000000000005</ele>
   </trkpt>
   <trkpt lat="35.12875807272696" lon="-116.22962613240117">
    <ele>425.32000000000005</ele>
   </trkpt>
   <trkpt lat="35.12928106363616" lon="-116.22876711585282">
    <ele>425.32000000000005</ele>
   </trkpt>
   <trkpt lat="35.129804048484274" lon="-116.227908088271">
    <ele>425.32000000000005</ele>
   </trkpt>
   <trkpt lat="35.13032702727111" lon="-116.22704904965538">
    <ele>465.49</ele>
   </trkpt>
   <trkpt lat="35.13085" lon="-116.22619">
    <ele>465.49</ele>
   </trkpt>
   <trkpt lat="35.131205010031856" lon="-116.2252875118129">
    <ele>465.49</ele>
   </trkpt>
   <trkpt lat="35.13156001337352" lon="-116.22438501575661">
    <ele>465.49</ele>
   </trkpt>
   <trkpt lat="35.13191501002485" lon="-116.22348251183112">
    <ele>465.49</ele>
   </trkpt>
   <trkpt lat="35.132270000000005" lon="-116.22258000000001">
    <ele>465.49</ele>
   </trkpt>
   <trkpt lat="35.13244500168265" lon="-116.22194000137404">
    <ele>458.87000000000006</ele>
   </trkpt>
   <trkpt lat="35.13262" lon="-116.22130000000001">
    <ele>458.87000000000006</ele>
   </trkpt>
   <trkpt lat="35.132976670512306" lon="-116.22061667263385">
    <ele>458.87000000000006</ele>
   </trkpt>
   <trkpt lat="35.13333333718911" lon="-116.21993333928118">
    <ele>458.87000000000006</ele>
   </trkpt>
   <trkpt lat="35.13369" lon="-116.21925000000002">
    <ele>466.72</ele>
   </trkpt>
   <trkpt lat="35.134200000692" lon="-116.21884000256692">
    <ele>466.72</ele>
   </trkpt>
   <trkpt lat="35.134710000000005" lon="-116.21843000000001">
    <ele>466.72</ele>
   </trkpt>
   <trkpt lat="35.13538250262215" lon="-116.21796751147015">
    <ele>466.72</ele>
   </trkpt>
   <trkpt lat="35.136055003487236" lon="-116.21750501529989">
    <ele>466.72</ele>
   </trkpt>
   <trkpt lat="35.13672750259522" lon="-116.217042511489">
    <ele>466.72</ele>
   </trkpt>
   <trkpt lat="35.1374" lon="-116.21658000000001">
    <ele>466.72</ele>
   </trkpt>
   <trkpt lat="35.137906027083744" lon="-116.2157240478902">
    <ele>466.72</ele>
   </trkpt>
   <trkpt lat="35.138412048148915" lon="-116.21486808513944">
    <ele>484.54</ele>
   </trkpt>
   <trkpt lat="35.13891806319534" lon="-116.21401211174752">
    <ele>484.54</ele>
   </trkpt>
   <trkpt lat="35.139424072222845" lon="-116.21315612771423">
    <ele>484.54</ele>
   </trkpt>
   <trkpt lat="35.13993007523121" lon="-116.2123001330394">
    <ele>484.54</ele>
   </trkpt>
   <trkpt lat="35.140436072220275" lon="-116.21144412772279">
    <ele>484.54</ele>
   </trkpt>
   <trkpt lat="35.14094206318982" lon="-116.21058811176418">
    <ele>484.54</ele>
   </trkpt>
   <trkpt lat="35.14144804813968" lon="-116.20973208516342">
    <ele>484.54</ele>
   </trkpt>
   <trkpt lat="35.14195402706967" lon="-116.20887604792028">
    <ele>484.54</ele>
   </trkpt>
   <trkpt lat="35.14246" lon="-116.20802">
    <ele>484.54</ele>
   </trkpt>
   <trkpt lat="35.14311572116914" lon="-116.2074914541233">
    <ele>484.54</ele>
   </trkpt>
   <trkpt lat="35.14377144004323" lon="-116.20696289973044">
    <ele>464.12</ele>
   </trkpt>
   <trkpt lat="35.144427156622214" lon="-116.20643433682103">
    <ele>464.12</ele>
   </trkpt>
   <trkpt lat="35.14508287090596" lon="-116.20590576539483">
    <ele>464.12</ele>
   </trkpt>
   <trkpt lat="35.1457385828944" lon="-116.2053771854515">
    <ele>464.12</ele>
   </trkpt>
   <trkpt lat="35.14639429258745" lon="-116.20484859699067">
    <ele>464.12</ele>
   </trkpt>
   <trkpt lat="35.14705" lon="-116.20432000000001">
    <ele>464.12</ele>
   </trkpt>
   <trkpt lat="35.147623335431675" lon="-116.20382000700644">
    <ele>464.12</ele>
   </trkpt>
   <trkpt lat="35.14819666880947" lon="-116.20332000696777">
    <ele>464.12</ele>
   </trkpt>
   <trkpt lat="35.148770000000006" lon="-116.20282">
    <ele>464.12</ele>
   </trkpt>
   <trkpt lat="35.149486825308585" lon="-116.20222264212748">
    <ele>464.12</ele>
   </trkpt>
   <trkpt lat="35.150203647685416" lon="-116.20162527373063">
    <ele>464.12</ele>
   </trkpt>
   <trkpt lat="35.15092046713036" lon="-116.20102789480904">
    <ele>463.79</ele>
   </trkpt>
   <trkpt lat="35.15163728364326" lon="-116.20043050536229">
    <ele>463.79</ele>
   </trkpt>
   <trkpt lat="35.15235409722405" lon="-116.19983310538993">
    <ele>463.79</ele>
   </trkpt>
   <trkpt lat="35.153070907872554" lon="-116.19923569489156">
    <ele>463.79</ele>
   </trkpt>
   <trkpt lat="35.153787715588635" lon="-116.19863827386673">
    <ele>463.79</ele>
   </trkpt>
   <trkpt lat="35.154504520372186" lon="-116.19804084231507">
    <ele>463.79</ele>
   </trkpt>
   <trkpt lat="35.155221322223085" lon="-116.19744340023611">
    <ele>463.79</ele>
   </trkpt>
   <trkpt lat="35.155938121141176" lon="-116.19684594762947">
    <ele>463.79</ele>
   </trkpt>
   <trkpt lat="35.15665491712635" lon="-116.19624848449466">
    <ele>463.79</ele>
   </trkpt>
   <trkpt lat="35.15737171017847" lon="-116.19565101083136">
    <ele>463.79</ele>
   </trkpt>
   <trkpt lat="35.158088500297396" lon="-116.19505352663903">
    <ele>449.32000000000005</ele>
   </trkpt>
   <trkpt lat="35.15880528748302" lon="-116.19445603191733">
    <ele>449.32000000000005</ele>
   </trkpt>
   <trkpt lat="35.159522071735196" lon="-116.19385852666579">
    <ele>449.32000000000005</ele>
   </trkpt>
   <trkpt lat="35.1602388530538" lon="-116.19326101088406">
    <ele>449.32000000000005</ele>
   </trkpt>
   <trkpt lat="35.16095563143869" lon="-116.19266348457165">
    <ele>449.32000000000005</ele>
   </trkpt>
   <trkpt lat="35.161672406889764" lon="-116.19206594772814">
    <ele>449.32000000000005</ele>
   </trkpt>
   <trkpt lat="35.162389179406865" lon="-116.19146840035314">
    <ele>449.32000000000005</ele>
   </trkpt>
   <trkpt lat="35.16310594898989" lon="-116.19087084244622">
    <ele>449.32000000000005</ele>
   </trkpt>
   <trkpt lat="35.16382271563869" lon="-116.19027327400694">
    <ele>449.32000000000005</ele>
   </trkpt>
   <trkpt lat="35.164539479353124" lon="-116.18967569503491">
    <ele>449.32000000000005</ele>
   </trkpt>
   <trkpt lat="35.16525624013309" lon="-116.18907810552966">
    <ele>434.12000000000006</ele>
   </trkpt>
   <trkpt lat="35.165972997978436" lon="-116.18848050549077">
    <ele>434.12000000000006</ele>
   </trkpt>
   <trkpt lat="35.16668975288905" lon="-116.18788289491788">
    <ele>434.12000000000006</ele>
   </trkpt>
   <trkpt lat="35.1674065048648" lon="-116.18728527381053">
    <ele>434.12000000000006</ele>
   </trkpt>
   <trkpt lat="35.168123253905534" lon="-116.18668764216827">
    <ele>434.12000000000006</ele>
   </trkpt>
   <trkpt lat="35.16884" lon="-116.18609000000001">
    <ele>434.12000000000006</ele>
   </trkpt>
   <trkpt lat="35.169551527683154" lon="-116.18549459901483">
    <ele>434.12000000000006</ele>
   </trkpt>
   <trkpt lat="35.170263052453" lon="-116.18489918760957">
    <ele>434.12000000000006</ele>
   </trkpt>
   <trkpt lat="35.1709745743094" lon="-116.18430376578385">
    <ele>434.12000000000006</ele>
   </trkpt>
   <trkpt lat="35.17168609325224" lon="-116.18370833353721">
    <ele>434.12000000000006</ele>
   </trkpt>
   <trkpt lat="35.172397609281376" lon="-116.18311289086925">
    <ele>425.53000000000003</ele>
   </trkpt>
   <trkpt lat="35.173109122396696" lon="-116.18251743777957">
    <ele>425.53000000000003</ele>
   </trkpt>
   <trkpt lat="35.173820632598066" lon="-116.18192197426772">
    <ele>425.53000000000003</ele>
   </trkpt>
   <trkpt lat="35.174532139885365" lon="-116.18132650033334">
    <ele>425.53000000000003</ele>
   </trkpt>
   <trkpt lat="35.17524364425844" lon="-116.18073101597597">
    <ele>425.53000000000003</ele>
   </trkpt>
   <trkpt lat="35.1759551457172" lon="-116.18013552119521">
    <ele>425.53000000000003</ele>
   </trkpt>
   <trkpt lat="35.17666664426149" lon="-116.17954001599063">
    <ele>425.53000000000003</ele>
   </trkpt>
   <trkpt lat="35.17737813989119" lon="-116.17894450036182">
    <ele>425.53000000000003</ele>
   </trkpt>
   <trkpt lat="35.178089632606174" lon="-116.1783489743084">
    <ele>425.53000000000003</ele>
   </trkpt>
   <trkpt lat="35.178801122406306" lon="-116.17775343782995">
    <ele>425.53000000000003</ele>
   </trkpt>
   <trkpt lat="35.17951260929148" lon="-116.17715789092601">
    <ele>412.06</ele>
   </trkpt>
   <trkpt lat="35.18022409326155" lon="-116.17656233359618">
    <ele>412.06</ele>
   </trkpt>
   <trkpt lat="35.18093557431637" lon="-116.1759667658401">
    <ele>412.06</ele>
   </trkpt>
   <trkpt lat="35.181647052455865" lon="-116.17537118765728">
    <ele>412.06</ele>
   </trkpt>
   <trkpt lat="35.18235852767986" lon="-116.17477559904732">
    <ele>412.06</ele>
   </trkpt>
   <trkpt lat="35.18307" lon="-116.17418">
    <ele>412.06</ele>
   </trkpt>
   <trkpt lat="35.183470000407056" lon="-116.17382500184564">
    <ele>412.06</ele>
   </trkpt>
   <trkpt lat="35.183870000000006" lon="-116.17347000000001">
    <ele>412.06</ele>
   </trkpt>
   <trkpt lat="35.18449069677006" lon="-116.1727467440115">
    <ele>412.06</ele>
   </trkpt>
   <trkpt lat="35.18511138924048" lon="-116.17202347697504">
    <ele>412.06</ele>
   </trkpt>
   <trkpt lat="35.1857320774111" lon="-116.17130019889036">
    <ele>412.06</ele>
   </trkpt>
   <trkpt lat="35.186352761281746" lon="-116.17057690975707">
    <ele>399.41</ele>
   </trkpt>
   <trkpt lat="35.18697344085227" lon="-116.1698536095748">
    <ele>399.41</ele>
   </trkpt>
   <trkpt lat="35.1875941161225" lon="-116.16913029834325">
    <ele>399.41</ele>
   </trkpt>
   <trkpt lat="35.188214787092264" lon="-116.16840697606203">
    <ele>399.41</ele>
   </trkpt>
   <trkpt lat="35.188835453761406" lon="-116.16768364273085">
    <ele>399.41</ele>
   </trkpt>
   <trkpt lat="35.18945611612977" lon="-116.16696029834931">
    <ele>399.41</ele>
   </trkpt>
   <trkpt lat="35.19007677419717" lon="-116.1662369429171">
    <ele>399.41</ele>
   </trkpt>
   <trkpt lat="35.19069742796345" lon="-116.16551357643382">
    <ele>399.41</ele>
   </trkpt>
   <trkpt lat="35.191318077428456" lon="-116.16479019889918">
    <ele>399.41</ele>
   </trkpt>
   <trkpt lat="35.19193872259202" lon="-116.1640668103128">
    <ele>391.58000000000004</ele>
   </trkpt>
   <trkpt lat="35.19255936345397" lon="-116.16334341067439">
    <ele>391.58000000000004</ele>
   </trkpt>
   <trkpt lat="35.193180000000005" lon="-116.16262">
    <ele>391.58000000000004</ele>
   </trkpt>
   <trkpt lat="35.193145002667286" lon="-116.16181499974047">
    <ele>391.58000000000004</ele>
   </trkpt>
   <trkpt lat="35.193110000000004" lon="-116.16101">
    <ele>391.61</ele>
   </trkpt>
   <trkpt lat="35.193630000000006" lon="-116.16060000000002">
    <ele>391.43000000000006</ele>
   </trkpt>
   <trkpt lat="35.19426800518735" lon="-116.1600380176594">
    <ele>391.28000000000003</ele>
   </trkpt>
   <trkpt lat="35.19490600777844" lon="-116.15947602649175">
    <ele>391.58000000000004</ele>
   </trkpt>
   <trkpt lat="35.19554400777319" lon="-116.15891402649677">
    <ele>391.24</ele>
   </trkpt>
   <trkpt lat="35.19618200517149" lon="-116.15835201767416">
    <ele>390.8</ele>
   </trkpt>
   <trkpt lat="35.19682" lon="-116.15779">
    <ele>390.3</ele>
   </trkpt>
   <trkpt lat="35.19743000095158" lon="-116.15729500376236">
    <ele>389.72</ele>
   </trkpt>
   <trkpt lat="35.198040000000006" lon="-116.1568">
    <ele>389.16</ele>
   </trkpt>
   <trkpt lat="35.19811" lon="-116.15671">
    <ele>388.99000000000007</ele>
   </trkpt>
   <trkpt lat="35.19851201509756" lon="-116.15575201894626">
    <ele>387.79</ele>
   </trkpt>
   <trkpt lat="35.198914022650555" lon="-116.15479402840987">
    <ele>385.63</ele>
   </trkpt>
   <trkpt lat="35.19931602265879" lon="-116.15383602839078">
    <ele>384.31000000000006</ele>
   </trkpt>
   <trkpt lat="35.19971801512206" lon="-116.15287801888888">
    <ele>382.83</ele>
   </trkpt>
   <trkpt lat="35.200120000000005" lon="-116.15192">
    <ele>381.44000000000005</ele>
   </trkpt>
   <trkpt lat="35.200230000000005" lon="-116.15161">
    <ele>381.28</ele>
   </trkpt>
   <trkpt lat="35.200230000000005" lon="-116.15144000000001">
    <ele>381.01</ele>
   </trkpt>
   <trkpt lat="35.20011" lon="-116.15079000000001">
    <ele>379.20000000000005</ele>
   </trkpt>
   <trkpt lat="35.19989" lon="-116.14977">
    <ele>375.3</ele>
   </trkpt>
   <trkpt lat="35.199760000000005" lon="-116.14896">
    <ele>372.69</ele>
   </trkpt>
   <trkpt lat="35.19975" lon="-116.14875">
    <ele>372.53000000000003</ele>
   </trkpt>
   <trkpt lat="35.199690000000004" lon="-116.14835000000001">
    <ele>371.08000000000004</ele>
   </trkpt>
   <trkpt lat="35.19981" lon="-116.14771">
    <ele>367.78000000000003</ele>
   </trkpt>
   <trkpt lat="35.19982" lon="-116.14753">
    <ele>367.48</ele>
   </trkpt>
   <trkpt lat="35.199780000000004" lon="-116.14744">
    <ele>367.49</ele>
   </trkpt>
   <trkpt lat="35.19971" lon="-116.14735">
    <ele>367.7300000000001</ele>
   </trkpt>
   <trkpt lat="35.19934" lon="-116.14726">
    <ele>368.74</ele>
   </trkpt>
   <trkpt lat="35.198980000000006" lon="-116.14726">
    <ele>369.68</ele>
   </trkpt>
   <trkpt lat="35.19887" lon="-116.14722">
    <ele>369.8</ele>
   </trkpt>
   <trkpt lat="35.198780000000006" lon="-116.14717">
    <ele>369.92</ele>
   </trkpt>
   <trkpt lat="35.19836333859231" lon="-116.14636665833577">
    <ele>369.34000000000003</ele>
   </trkpt>
   <trkpt lat="35.197946671879286" lon="-116.1455633249132">
    <ele>368.81</ele>
   </trkpt>
   <trkpt lat="35.19753" lon="-116.14476">
    <ele>368.8</ele>
   </trkpt>
   <trkpt lat="35.19741000204939" lon="-116.14404999881712">
    <ele>367.89000000000004</ele>
   </trkpt>
   <trkpt lat="35.19729" lon="-116.14334000000001">
    <ele>366.34000000000003</ele>
   </trkpt>
   <trkpt lat="35.197280000000006" lon="-116.14314">
    <ele>365.91</ele>
   </trkpt>
   <trkpt lat="35.197300000000006" lon="-116.14284">
    <ele>365.58</ele>
   </trkpt>
   <trkpt lat="35.197390000000006" lon="-116.14211">
    <ele>365.72</ele>
   </trkpt>
   <trkpt lat="35.19738" lon="-116.14194">
    <ele>366.02</ele>
   </trkpt>
   <trkpt lat="35.19733" lon="-116.14171">
    <ele>366.41</ele>
   </trkpt>
   <trkpt lat="35.197210000000005" lon="-116.14153">
    <ele>367.42</ele>
   </trkpt>
   <trkpt lat="35.197070000000004" lon="-116.1414">
    <ele>367.56000000000006</ele>
   </trkpt>
   <trkpt lat="35.196720000000006" lon="-116.14129000000001">
    <ele>367.63</ele>
   </trkpt>
   <trkpt lat="35.19590333350053" lon="-116.14114666378447">
    <ele>363.86</ele>
   </trkpt>
   <trkpt lat="35.19508666683217" lon="-116.14100333045087">
    <ele>361.47</ele>
   </trkpt>
   <trkpt lat="35.19427" lon="-116.14086">
    <ele>358.85</ele>
   </trkpt>
   <trkpt lat="35.19407" lon="-116.14073">
    <ele>357.84000000000003</ele>
   </trkpt>
   <trkpt lat="35.193900000000006" lon="-116.14059">
    <ele>357.1</ele>
   </trkpt>
   <trkpt lat="35.1937" lon="-116.14028">
    <ele>355.89000000000004</ele>
   </trkpt>
   <trkpt lat="35.19357" lon="-116.13997">
    <ele>355.16</ele>
   </trkpt>
   <trkpt lat="35.19353" lon="-116.13952">
    <ele>354.54</ele>
   </trkpt>
   <trkpt lat="35.193600001452644" lon="-116.13892500053356">
    <ele>353.98</ele>
   </trkpt>
   <trkpt lat="35.193670000000004" lon="-116.13833000000001">
    <ele>352.61</ele>
   </trkpt>
   <trkpt lat="35.19376801255938" lon="-116.13745600421105">
    <ele>350.86</ele>
   </trkpt>
   <trkpt lat="35.193866018839465" lon="-116.13658200631326">
    <ele>349.02000000000004</ele>
   </trkpt>
   <trkpt lat="35.1939640188402" lon="-116.13570800630683">
    <ele>347.68000000000006</ele>
   </trkpt>
   <trkpt lat="35.19406201256159" lon="-116.13483400419186">
    <ele>346.73</ele>
   </trkpt>
   <trkpt lat="35.194160000000004" lon="-116.13396000000002">
    <ele>345.66</ele>
   </trkpt>
   <trkpt lat="35.19417" lon="-116.13372000000001">
    <ele>345.36000000000007</ele>
   </trkpt>
   <trkpt lat="35.19436" lon="-116.13361">
    <ele>345.42</ele>
   </trkpt>
   <trkpt lat="35.19474" lon="-116.13344000000001">
    <ele>345.74000000000007</ele>
   </trkpt>
   <trkpt lat="35.19487" lon="-116.13331000000001">
    <ele>345.45000000000005</ele>
   </trkpt>
   <trkpt lat="35.194900000000004" lon="-116.13316">
    <ele>345.22</ele>
   </trkpt>
   <trkpt lat="35.19489500222137" lon="-116.13242500008946">
    <ele>344.47</ele>
   </trkpt>
   <trkpt lat="35.19489" lon="-116.13169">
    <ele>343.83000000000004</ele>
   </trkpt>
   <trkpt lat="35.19489667567233" lon="-116.13064333349813">
    <ele>342.47</ele>
   </trkpt>
   <trkpt lat="35.194903342339046" lon="-116.12959666682437">
    <ele>340.94</ele>
   </trkpt>
   <trkpt lat="35.19491" lon="-116.12855">
    <ele>339.81</ele>
   </trkpt>
   <trkpt lat="35.19496" lon="-116.12849000000001">
    <ele>339.79</ele>
   </trkpt>
   <trkpt lat="35.194961145620276" lon="-116.12746555565953">
    <ele>338.12</ele>
   </trkpt>
   <trkpt lat="35.19496228261326" lon="-116.12644111129026">
    <ele>336.52000000000004</ele>
   </trkpt>
   <trkpt lat="35.19496341097897" lon="-116.12541666689243">
    <ele>333.66</ele>
   </trkpt>
   <trkpt lat="35.194964530717385" lon="-116.12439222246626">
    <ele>331.03000000000003</ele>
   </trkpt>
   <trkpt lat="35.1949656418285" lon="-116.12336777801195">
    <ele>328.19000000000005</ele>
   </trkpt>
   <trkpt lat="35.19496674431234" lon="-116.12234333352973">
    <ele>326.81000000000006</ele>
   </trkpt>
   <trkpt lat="35.19496783816888" lon="-116.12131888901979">
    <ele>325.25000000000006</ele>
   </trkpt>
   <trkpt lat="35.194968923398136" lon="-116.1202944444824">
    <ele>324.15000000000003</ele>
   </trkpt>
   <trkpt lat="35.194970000000005" lon="-116.11927000000001">
    <ele>322.67</ele>
   </trkpt>
   <trkpt lat="35.195060000000005" lon="-116.11893">
    <ele>322.54</ele>
   </trkpt>
   <trkpt lat="35.1955820082383" lon="-116.11822201820219">
    <ele>322.75000000000006</ele>
   </trkpt>
   <trkpt lat="35.19610401235609" lon="-116.1175140273055">
    <ele>322.42</ele>
   </trkpt>
   <trkpt lat="35.196626012353235" lon="-116.11680602730979">
    <ele>322.19</ele>
   </trkpt>
   <trkpt lat="35.19714800822961" lon="-116.11609801821477">
    <ele>321.65000000000003</ele>
   </trkpt>
   <trkpt lat="35.19767" lon="-116.11539">
    <ele>321.17</ele>
   </trkpt>
   <trkpt lat="35.1982480097948" lon="-116.11461802197958">
    <ele>320.54</ele>
   </trkpt>
   <trkpt lat="35.19882601469031" lon="-116.11384603297243">
    <ele>320.28000000000003</ele>
   </trkpt>
   <trkpt lat="35.199404014686394" lon="-116.1130740329782">
    <ele>319.64000000000004</ele>
   </trkpt>
   <trkpt lat="35.19998200978286" lon="-116.11230202199661">
    <ele>318.96000000000004</ele>
   </trkpt>
   <trkpt lat="35.20056" lon="-116.11153000000002">
    <ele>318.68</ele>
   </trkpt>
   <trkpt lat="35.201015001596815" lon="-116.11090000357738">
    <ele>317.75</ele>
   </trkpt>
   <trkpt lat="35.20147" lon="-116.11027000000001">
    <ele>317.6</ele>
   </trkpt>
   <trkpt lat="35.202119742204516" lon="-116.10954533527185">
    <ele>317.75</ele>
   </trkpt>
   <trkpt lat="35.20276948009168" lon="-116.10882065894869">
    <ele>317.75</ele>
   </trkpt>
   <trkpt lat="35.203419213661334" lon="-116.10809597103015">
    <ele>317.75</ele>
   </trkpt>
   <trkpt lat="35.204068942913274" lon="-116.1073712715158">
    <ele>317.75</ele>
   </trkpt>
   <trkpt lat="35.204718667847345" lon="-116.10664656040528">
    <ele>317.75</ele>
   </trkpt>
   <trkpt lat="35.205368388463384" lon="-116.10592183769823">
    <ele>298.28000000000003</ele>
   </trkpt>
   <trkpt lat="35.2060181047612" lon="-116.10519710339423">
    <ele>298.28000000000003</ele>
   </trkpt>
   <trkpt lat="35.20666781674062" lon="-116.1044723574929">
    <ele>298.28000000000003</ele>
   </trkpt>
   <trkpt lat="35.207317524401475" lon="-116.10374759999384">
    <ele>298.28000000000003</ele>
   </trkpt>
   <trkpt lat="35.2079672277436" lon="-116.10302283089668">
    <ele>298.28000000000003</ele>
   </trkpt>
   <trkpt lat="35.20861692676683" lon="-116.10229805020103">
    <ele>298.28000000000003</ele>
   </trkpt>
   <trkpt lat="35.20926662147095" lon="-116.1015732579065">
    <ele>298.28000000000003</ele>
   </trkpt>
   <trkpt lat="35.209916311855835" lon="-116.10084845401268">
    <ele>298.28000000000003</ele>
   </trkpt>
   <trkpt lat="35.21056599792129" lon="-116.10012363851922">
    <ele>298.28000000000003</ele>
   </trkpt>
   <trkpt lat="35.21121567966714" lon="-116.09939881142571">
    <ele>298.28000000000003</ele>
   </trkpt>
   <trkpt lat="35.21186535709323" lon="-116.09867397273179">
    <ele>288.82</ele>
   </trkpt>
   <trkpt lat="35.21251503019935" lon="-116.09794912243702">
    <ele>288.82</ele>
   </trkpt>
   <trkpt lat="35.21316469898536" lon="-116.09722426054104">
    <ele>288.82</ele>
   </trkpt>
   <trkpt lat="35.21381436345108" lon="-116.09649938704348">
    <ele>288.82</ele>
   </trkpt>
   <trkpt lat="35.214464023596314" lon="-116.09577450194394">
    <ele>288.82</ele>
   </trkpt>
   <trkpt lat="35.21511367942093" lon="-116.095049605242">
    <ele>288.82</ele>
   </trkpt>
   <trkpt lat="35.21576333092472" lon="-116.0943246969373">
    <ele>288.82</ele>
   </trkpt>
   <trkpt lat="35.216412978107535" lon="-116.0935997770295">
    <ele>288.82</ele>
   </trkpt>
   <trkpt lat="35.21706262096918" lon="-116.09287484551814">
    <ele>288.82</ele>
   </trkpt>
   <trkpt lat="35.217712259509504" lon="-116.09214990240285">
    <ele>288.82</ele>
   </trkpt>
   <trkpt lat="35.21836189372832" lon="-116.09142494768327">
    <ele>288.25</ele>
   </trkpt>
   <trkpt lat="35.21901152362544" lon="-116.09069998135895">
    <ele>288.25</ele>
   </trkpt>
   <trkpt lat="35.21966114920073" lon="-116.08997500342956">
    <ele>288.25</ele>
   </trkpt>
   <trkpt lat="35.22031077045398" lon="-116.08925001389471">
    <ele>288.25</ele>
   </trkpt>
   <trkpt lat="35.22096038738504" lon="-116.088525012754">
    <ele>288.25</ele>
   </trkpt>
   <trkpt lat="35.221610000000005" lon="-116.08780000000002">
    <ele>288.25</ele>
   </trkpt>
   <trkpt lat="35.22225288529117" lon="-116.08707436045408">
    <ele>288.25</ele>
   </trkpt>
   <trkpt lat="35.22289576625227" lon="-116.08634870941147">
    <ele>288.25</ele>
   </trkpt>
   <trkpt lat="35.22353864288314" lon="-116.08562304687183">
    <ele>288.25</ele>
   </trkpt>
   <trkpt lat="35.22418151518362" lon="-116.0848973728348">
    <ele>288.25</ele>
   </trkpt>
   <trkpt lat="35.22482438315352" lon="-116.08417168729999">
    <ele>285.95000000000005</ele>
   </trkpt>
   <trkpt lat="35.22546724679268" lon="-116.08344599026705">
    <ele>285.95000000000005</ele>
   </trkpt>
   <trkpt lat="35.22611010610092" lon="-116.08272028173553">
    <ele>285.95000000000005</ele>
   </trkpt>
   <trkpt lat="35.226752961078084" lon="-116.08199456170512">
    <ele>285.95000000000005</ele>
   </trkpt>
   <trkpt lat="35.22739581172399" lon="-116.08126883017542">
    <ele>285.95000000000005</ele>
   </trkpt>
   <trkpt lat="35.22803865803846" lon="-116.08054308714601">
    <ele>285.95000000000005</ele>
   </trkpt>
   <trkpt lat="35.228681500021324" lon="-116.07981733261657">
    <ele>285.95000000000005</ele>
   </trkpt>
   <trkpt lat="35.229324337672416" lon="-116.07909156658674">
    <ele>285.95000000000005</ele>
   </trkpt>
   <trkpt lat="35.22996717099157" lon="-116.07836578905606">
    <ele>285.95000000000005</ele>
   </trkpt>
   <trkpt lat="35.230610000000006" lon="-116.07764000000002">
    <ele>284.78000000000003</ele>
   </trkpt>
   <trkpt lat="35.23127750618362" lon="-116.07693251745448">
    <ele>284.78000000000003</ele>
   </trkpt>
   <trkpt lat="35.23194500825071" lon="-116.07622502326679">
    <ele>284.78000000000003</ele>
   </trkpt>
   <trkpt lat="35.232612506201086" lon="-116.07551751743654">
    <ele>284.78000000000003</ele>
   </trkpt>
   <trkpt lat="35.23328" lon="-116.07481000000001">
    <ele>284.78000000000003</ele>
   </trkpt>
   <trkpt lat="35.23392000000873" lon="-116.07481999992126">
    <ele>284.78000000000003</ele>
   </trkpt>
   <trkpt lat="35.23456" lon="-116.07483">
    <ele>284.78000000000003</ele>
   </trkpt>
   <trkpt lat="35.235213333354544" lon="-116.07481333360131">
    <ele>284.78000000000003</ele>
   </trkpt>
   <trkpt lat="35.23586666670679" lon="-116.07479666693419">
    <ele>284.56</ele>
   </trkpt>
   <trkpt lat="35.236520000000006" lon="-116.07478">
    <ele>284.56</ele>
   </trkpt>
   <trkpt lat="35.237309999942234" lon="-116.07469000088697">
    <ele>284.56</ele>
   </trkpt>
   <trkpt lat="35.2381" lon="-116.0746">
    <ele>284.56</ele>
   </trkpt>
   <trkpt lat="35.2385" lon="-116.07457000000001">
    <ele>284.56</ele>
   </trkpt>
   <trkpt lat="35.239360000088666" lon="-116.07471999840877">
    <ele>284.56</ele>
   </trkpt>
   <trkpt lat="35.24022" lon="-116.07487">
    <ele>284.56</ele>
   </trkpt>
   <trkpt lat="35.240845000304176" lon="-116.07511499813434">
    <ele>284.56</ele>
   </trkpt>
   <trkpt lat="35.24147" lon="-116.07536">
    <ele>284.56</ele>
   </trkpt>
   <trkpt lat="35.241910000439155" lon="-116.07564999848806">
    <ele>284.56</ele>
   </trkpt>
   <trkpt lat="35.24235" lon="-116.07594">
    <ele>287.36</ele>
   </trkpt>
   <trkpt lat="35.24277499997383" lon="-116.07614499882963">
    <ele>287.36</ele>
   </trkpt>
   <trkpt lat="35.2432" lon="-116.07635">
    <ele>287.36</ele>
   </trkpt>
   <trkpt lat="35.24360000037519" lon="-116.07665999845533">
    <ele>287.36</ele>
   </trkpt>
   <trkpt lat="35.244" lon="-116.07697">
    <ele>287.36</ele>
   </trkpt>
   <trkpt lat="35.244690000000006" lon="-116.07711">
    <ele>287.36</ele>
   </trkpt>
   <trkpt lat="35.2455" lon="-116.07690000000001">
    <ele>287.36</ele>
   </trkpt>
   <trkpt lat="35.24637500000779" lon="-116.07682500081069">
    <ele>287.36</ele>
   </trkpt>
   <trkpt lat="35.24725" lon="-116.07675">
    <ele>287.36</ele>
   </trkpt>
   <trkpt lat="35.247940000089606" lon="-116.07666000229918">
    <ele>287.36</ele>
   </trkpt>
   <trkpt lat="35.24863000011259" lon="-116.07657000306651">
    <ele>287.36</ele>
   </trkpt>
   <trkpt lat="35.24932000006894" lon="-116.07648000230193">
    <ele>287.36</ele>
   </trkpt>
   <trkpt lat="35.25001" lon="-116.07639">
    <ele>287.36</ele>
   </trkpt>
   <trkpt lat="35.25061499981093" lon="-116.0763650001945">
    <ele>290.66</ele>
   </trkpt>
   <trkpt lat="35.25122" lon="-116.07634000000002">
    <ele>290.66</ele>
   </trkpt>
   <trkpt lat="35.252009999997476" lon="-116.07634666653671">
    <ele>290.66</ele>
   </trkpt>
   <trkpt lat="35.25279999999459" lon="-116.07635333320334">
    <ele>290.66</ele>
   </trkpt>
   <trkpt lat="35.25359" lon="-116.07636000000001">
    <ele>290.66</ele>
   </trkpt>
   <trkpt lat="35.25428500006676" lon="-116.07636000000001">
    <ele>290.66</ele>
   </trkpt>
   <trkpt lat="35.25498" lon="-116.07636000000001">
    <ele>290.66</ele>
   </trkpt>
   <trkpt lat="35.25563500001173" lon="-116.07628500060738">
    <ele>290.66</ele>
   </trkpt>
   <trkpt lat="35.25629" lon="-116.07621">
    <ele>290.66</ele>
   </trkpt>
   <trkpt lat="35.25701" lon="-116.07617">
    <ele>290.66</ele>
   </trkpt>
   <trkpt lat="35.25752000034148" lon="-116.07594500135703">
    <ele>290.56000000000006</ele>
   </trkpt>
   <trkpt lat="35.258030000000005" lon="-116.07572">
    <ele>290.56000000000006</ele>
   </trkpt>
   <trkpt lat="35.25858" lon="-116.07546">
    <ele>290.56000000000006</ele>
   </trkpt>
   <trkpt lat="35.25893000136225" lon="-116.07492500202788">
    <ele>290.56000000000006</ele>
   </trkpt>
   <trkpt lat="35.259280000000004" lon="-116.07439000000001">
    <ele>290.52</ele>
   </trkpt>
   <trkpt lat="35.25945" lon="-116.07416">
    <ele>290.52</ele>
   </trkpt>
   <trkpt lat="35.259570000000004" lon="-116.07406">
    <ele>290.52</ele>
   </trkpt>
   <trkpt lat="35.26021000011933" lon="-116.07414999930134">
    <ele>290.52</ele>
   </trkpt>
   <trkpt lat="35.260850000000005" lon="-116.07424">
    <ele>290.52</ele>
   </trkpt>
   <trkpt lat="35.26095" lon="-116.07424">
    <ele>290.52</ele>
   </trkpt>
   <trkpt lat="35.26104" lon="-116.0742">
    <ele>283.90999999999997</ele>
   </trkpt>
   <trkpt lat="35.261120000000005" lon="-116.07408000000001">
    <ele>283.90999999999997</ele>
   </trkpt>
   <trkpt lat="35.26117" lon="-116.07393">
    <ele>283.90999999999997</ele>
   </trkpt>
   <trkpt lat="35.26125000398835" lon="-116.07294500100684">
    <ele>283.90999999999997</ele>
   </trkpt>
   <trkpt lat="35.26133" lon="-116.07196">
    <ele>283.90999999999997</ele>
   </trkpt>
   <trkpt lat="35.26136" lon="-116.07178">
    <ele>283.96000000000004</ele>
   </trkpt>
   <trkpt lat="35.261570000000006" lon="-116.07142">
    <ele>284.16</ele>
   </trkpt>
   <trkpt lat="35.26165" lon="-116.07152">
    <ele>284.14</ele>
   </trkpt>
   <trkpt lat="35.26189" lon="-116.07176000000001">
    <ele>284.52000000000004</ele>
   </trkpt>
   <trkpt lat="35.26249500133323" lon="-116.07232999574127">
    <ele>284.99</ele>
   </trkpt>
   <trkpt lat="35.2631" lon="-116.0729">
    <ele>285.57000000000005</ele>
   </trkpt>
   <trkpt lat="35.26360333517719" lon="-116.07337332745345">
    <ele>285.77000000000004</ele>
   </trkpt>
   <trkpt lat="35.26410666851108" lon="-116.07384666078725">
    <ele>286.18000000000006</ele>
   </trkpt>
   <trkpt lat="35.264610000000005" lon="-116.07432000000001">
    <ele>284.54</ele>
   </trkpt>
   <trkpt lat="35.26500000060921" lon="-116.07466499844523">
    <ele>283.71000000000004</ele>
   </trkpt>
   <trkpt lat="35.265390000000004" lon="-116.07501">
    <ele>283.62</ele>
   </trkpt>
   <trkpt lat="35.265530000000005" lon="-116.07505">
    <ele>283.62</ele>
   </trkpt>
   <trkpt lat="35.266402500019886" lon="-116.07504500016142">
    <ele>281.51000000000005</ele>
   </trkpt>
   <trkpt lat="35.26727500003957" lon="-116.07504000021517">
    <ele>281.0</ele>
   </trkpt>
   <trkpt lat="35.26814750005904" lon="-116.07503500016121">
    <ele>280.65</ele>
   </trkpt>
   <trkpt lat="35.269020000000005" lon="-116.07503000000001">
    <ele>280.96000000000004</ele>
   </trkpt>
   <trkpt lat="35.269870000002676" lon="-116.07503333305353">
    <ele>281.34000000000003</ele>
   </trkpt>
   <trkpt lat="35.27072000000525" lon="-116.07503666617703">
    <ele>281.48</ele>
   </trkpt>
   <trkpt lat="35.27157000000771" lon="-116.07503999937043">
    <ele>281.71000000000004</ele>
   </trkpt>
   <trkpt lat="35.27242000001011" lon="-116.07504333263381">
    <ele>282.27000000000004</ele>
   </trkpt>
   <trkpt lat="35.27327000001241" lon="-116.07504666596714">
    <ele>283.3</ele>
   </trkpt>
   <trkpt lat="35.27412000001461" lon="-116.07504999937044">
    <ele>283.64</ele>
   </trkpt>
   <trkpt lat="35.274970000016715" lon="-116.0750533328437">
    <ele>283.98</ele>
   </trkpt>
   <trkpt lat="35.27582000001874" lon="-116.07505666638689">
    <ele>284.25</ele>
   </trkpt>
   <trkpt lat="35.27667" lon="-116.07506000000001">
    <ele>284.62000000000006</ele>
   </trkpt>
   <trkpt lat="35.277370000000005" lon="-116.07515000000001">
    <ele>284.7</ele>
   </trkpt>
   <trkpt lat="35.2777" lon="-116.07527">
    <ele>284.52000000000004</ele>
   </trkpt>
   <trkpt lat="35.278360000000006" lon="-116.07554">
    <ele>284.19</ele>
   </trkpt>
   <trkpt lat="35.27855" lon="-116.07527">
    <ele>284.19</ele>
   </trkpt>
   <trkpt lat="35.279030000000006" lon="-116.07478">
    <ele>284.19</ele>
   </trkpt>
   <trkpt lat="35.27929" lon="-116.07424">
    <ele>284.19</ele>
   </trkpt>
   <trkpt lat="35.27980224399614" lon="-116.07342670782444">
    <ele>284.19</ele>
   </trkpt>
   <trkpt lat="35.280314482549095" lon="-116.07261340536013">
    <ele>284.19</ele>
   </trkpt>
   <trkpt lat="35.28082671565871" lon="-116.07180009260678">
    <ele>284.19</ele>
   </trkpt>
   <trkpt lat="35.28133894332481" lon="-116.07098676956421">
    <ele>296.91</ele>
   </trkpt>
   <trkpt lat="35.2818511655472" lon="-116.07017343623225">
    <ele>296.91</ele>
   </trkpt>
   <trkpt lat="35.282363382325734" lon="-116.06936009261061">
    <ele>296.91</ele>
   </trkpt>
   <trkpt lat="35.28287559366025" lon="-116.0685467386991">
    <ele>296.91</ele>
   </trkpt>
   <trkpt lat="35.283387799550546" lon="-116.06773337449752">
    <ele>296.91</ele>
   </trkpt>
   <trkpt lat="35.2839" lon="-116.06692000000001">
    <ele>296.91</ele>
   </trkpt>
   <trkpt lat="35.28426333693182" lon="-116.06625667266114">
    <ele>298.05</ele>
   </trkpt>
   <trkpt lat="35.284626670242574" lon="-116.06559333936909">
    <ele>298.91</ele>
   </trkpt>
   <trkpt lat="35.28499" lon="-116.06493">
    <ele>299.87</ele>
   </trkpt>
   <trkpt lat="35.28548500305973" lon="-116.06406000541524">
    <ele>301.45000000000005</ele>
   </trkpt>
   <trkpt lat="35.28598" lon="-116.06319">
    <ele>302.98</ele>
   </trkpt>
   <trkpt lat="35.28627" lon="-116.06264000000002">
    <ele>304.25</ele>
   </trkpt>
   <trkpt lat="35.28632" lon="-116.06257000000001">
    <ele>304.25</ele>
   </trkpt>
   <trkpt lat="35.28678000244196" lon="-116.06180500429032">
    <ele>305.67</ele>
   </trkpt>
   <trkpt lat="35.287240000000004" lon="-116.06104">
    <ele>307.05</ele>
   </trkpt>
   <trkpt lat="35.28766000714163" lon="-116.06028001180802">
    <ele>308.76000000000005</ele>
   </trkpt>
   <trkpt lat="35.28808000952975" lon="-116.05952001573056">
    <ele>310.19</ele>
   </trkpt>
   <trkpt lat="35.28850000716424" lon="-116.05876001176746">
    <ele>311.45</ele>
   </trkpt>
   <trkpt lat="35.288920000000005" lon="-116.058">
    <ele>313.47</ele>
   </trkpt>
   <trkpt lat="35.28938000481306" lon="-116.05723334208689">
    <ele>315.09000000000003</ele>
   </trkpt>
   <trkpt lat="35.2898400047887" lon="-116.05646667546094">
    <ele>317.85</ele>
   </trkpt>
   <trkpt lat="35.2903" lon="-116.05570000000002">
    <ele>319.54</ele>
   </trkpt>
   <trkpt lat="35.2907340099626" lon="-116.05492201668594">
    <ele>321.15000000000003</ele>
   </trkpt>
   <trkpt lat="35.29116801494374" lon="-116.05414402502954">
    <ele>322.56</ele>
   </trkpt>
   <trkpt lat="35.291602014943265" lon="-116.05336602503075">
    <ele>324.56</ele>
   </trkpt>
   <trkpt lat="35.292036009961066" lon="-116.0525880166894">
    <ele>326.54</ele>
   </trkpt>
   <trkpt lat="35.29247" lon="-116.05181">
    <ele>328.41</ele>
   </trkpt>
   <trkpt lat="35.292900006922544" lon="-116.05106001199113">
    <ele>329.71</ele>
   </trkpt>
   <trkpt lat="35.29333000921555" lon="-116.0503100160137">
    <ele>330.89</ele>
   </trkpt>
   <trkpt lat="35.29376000687892" lon="-116.04956001206756">
    <ele>332.37000000000006</ele>
   </trkpt>
   <trkpt lat="35.29419" lon="-116.04881">
    <ele>334.51000000000005</ele>
   </trkpt>
   <trkpt lat="35.29460000179362" lon="-116.0481250036995">
    <ele>335.57000000000005</ele>
   </trkpt>
   <trkpt lat="35.295010000000005" lon="-116.04744000000001">
    <ele>337.23</ele>
   </trkpt>
   <trkpt lat="35.29544000720746" lon="-116.04667501222478">
    <ele>339.06</ele>
   </trkpt>
   <trkpt lat="35.295870009598204" lon="-116.0459100163208">
    <ele>340.6</ele>
   </trkpt>
   <trkpt lat="35.296300007172114" lon="-116.045145012288">
    <ele>342.55</ele>
   </trkpt>
   <trkpt lat="35.296730000000004" lon="-116.04438">
    <ele>344.97</ele>
   </trkpt>
   <trkpt lat="35.296985001028716" lon="-116.0438900014659">
    <ele>345.82</ele>
   </trkpt>
   <trkpt lat="35.29724" lon="-116.0434">
    <ele>347.34000000000003</ele>
   </trkpt>
   <trkpt lat="35.29735" lon="-116.04323000000001">
    <ele>347.90000000000003</ele>
   </trkpt>
   <trkpt lat="35.297560000000004" lon="-116.04283000000001">
    <ele>348.12000000000006</ele>
   </trkpt>
   <trkpt lat="35.29800000464324" lon="-116.04208000813277">
    <ele>349.56</ele>
   </trkpt>
   <trkpt lat="35.298440004656605" lon="-116.0413300081101">
    <ele>351.57000000000005</ele>
   </trkpt>
   <trkpt lat="35.298880000000004" lon="-116.04058">
    <ele>353.87</ele>
   </trkpt>
   <trkpt lat="35.29922500125127" lon="-116.04001500251113">
    <ele>356.22</ele>
   </trkpt>
   <trkpt lat="35.29957" lon="-116.03945000000002">
    <ele>358.55</ele>
   </trkpt>
   <trkpt lat="35.299800000000005" lon="-116.03901">
    <ele>358.76</ele>
   </trkpt>
   <trkpt lat="35.30026000272234" lon="-116.03821000439402">
    <ele>358.83000000000004</ele>
   </trkpt>
   <trkpt lat="35.300720000000005" lon="-116.03741000000001">
    <ele>362.00000000000006</ele>
   </trkpt>
   <trkpt lat="35.301140000000004" lon="-116.03664">
    <ele>363.34000000000003</ele>
   </trkpt>
   <trkpt lat="35.30154500186449" lon="-116.03596500339631">
    <ele>364.47</ele>
   </trkpt>
   <trkpt lat="35.301950000000005" lon="-116.03529">
    <ele>366.09000000000003</ele>
   </trkpt>
   <trkpt lat="35.302110000000006" lon="-116.03493">
    <ele>368.25</ele>
   </trkpt>
   <trkpt lat="35.302200000000006" lon="-116.03466000000002">
    <ele>369.07</ele>
   </trkpt>
   <trkpt lat="35.302170000000004" lon="-116.03474000000001">
    <ele>368.86</ele>
   </trkpt>
   <trkpt lat="35.302530000000004" lon="-116.03377">
    <ele>370.24</ele>
   </trkpt>
   <trkpt lat="35.302690000000005" lon="-116.03337">
    <ele>370.47</ele>
   </trkpt>
   <trkpt lat="35.302890000000005" lon="-116.03296">
    <ele>371.42</ele>
   </trkpt>
   <trkpt lat="35.303000000000004" lon="-116.03279">
    <ele>371.73</ele>
   </trkpt>
   <trkpt lat="35.30328" lon="-116.03251000000002">
    <ele>373.31</ele>
   </trkpt>
   <trkpt lat="35.303380000000004" lon="-116.03238">
    <ele>373.41</ele>
   </trkpt>
   <trkpt lat="35.30344" lon="-116.03234">
    <ele>373.49</ele>
   </trkpt>
   <trkpt lat="35.303610000000006" lon="-116.03216">
    <ele>374.23</ele>
   </trkpt>
   <trkpt lat="35.303940000000004" lon="-116.03171">
    <ele>376.73</ele>
   </trkpt>
   <trkpt lat="35.30418" lon="-116.03126">
    <ele>377.35</ele>
   </trkpt>
   <trkpt lat="35.3044" lon="-116.03068">
    <ele>379.34</ele>
   </trkpt>
   <trkpt lat="35.304520000000004" lon="-116.03041">
    <ele>380.01</ele>
   </trkpt>
   <trkpt lat="35.304750000000006" lon="-116.03005">
    <ele>380.77000000000004</ele>
   </trkpt>
   <trkpt lat="35.305080000000004" lon="-116.02962000000001">
    <ele>381.62</ele>
   </trkpt>
   <trkpt lat="35.30556" lon="-116.02890000000001">
    <ele>383.28000000000003</ele>
   </trkpt>
   <trkpt lat="35.30599" lon="-116.02817">
    <ele>384.82000000000005</ele>
   </trkpt>
   <trkpt lat="35.30642000514485" lon="-116.02738000838426">
    <ele>387.09000000000003</ele>
   </trkpt>
   <trkpt lat="35.30685000515229" lon="-116.02659000837073">
    <ele>390.26000000000005</ele>
   </trkpt>
   <trkpt lat="35.307280000000006" lon="-116.0258">
    <ele>392.1000000000001</ele>
   </trkpt>
   <trkpt lat="35.307500000000005" lon="-116.02544">
    <ele>392.58000000000004</ele>
   </trkpt>
   <trkpt lat="35.30774" lon="-116.02510000000001">
    <ele>394.04</ele>
   </trkpt>
   <trkpt lat="35.30812" lon="-116.02428">
    <ele>396.11</ele>
   </trkpt>
   <trkpt lat="35.308530000000005" lon="-116.02371000000001">
    <ele>397.62</ele>
   </trkpt>
   <trkpt lat="35.30865" lon="-116.02339">
    <ele>398.97</ele>
   </trkpt>
   <trkpt lat="35.30872" lon="-116.02289">
    <ele>401.44</ele>
   </trkpt>
   <trkpt lat="35.30879" lon="-116.02266000000002">
    <ele>403.0</ele>
   </trkpt>
   <trkpt lat="35.309110000000004" lon="-116.02232000000001">
    <ele>403.91</ele>
   </trkpt>
   <trkpt lat="35.30951" lon="-116.02199">
    <ele>405.96000000000004</ele>
   </trkpt>
   <trkpt lat="35.309650000000005" lon="-116.02178">
    <ele>406.51000000000005</ele>
   </trkpt>
   <trkpt lat="35.30997" lon="-116.02120000000001">
    <ele>407.82</ele>
   </trkpt>
   <trkpt lat="35.31036" lon="-116.02056">
    <ele>409.88</ele>
   </trkpt>
   <trkpt lat="35.31042" lon="-116.02040000000001">
    <ele>410.11</ele>
   </trkpt>
   <trkpt lat="35.31083333817777" lon="-116.0196333411579">
    <ele>412.6</ele>
   </trkpt>
   <trkpt lat="35.311246671516855" lon="-116.01886667448072">
    <ele>415.2</ele>
   </trkpt>
   <trkpt lat="35.31166" lon="-116.0181">
    <ele>418.19000000000005</ele>
   </trkpt>
   <trkpt lat="35.311910000000005" lon="-116.01774">
    <ele>419.46000000000004</ele>
   </trkpt>
   <trkpt lat="35.31232667069052" lon="-116.0170400072288">
    <ele>421.50000000000006</ele>
   </trkpt>
   <trkpt lat="35.312743337347186" lon="-116.01634000724567">
    <ele>424.15000000000003</ele>
   </trkpt>
   <trkpt lat="35.31316" lon="-116.01564">
    <ele>426.51000000000005</ele>
   </trkpt>
   <trkpt lat="35.31359750717812" lon="-116.0148775123763">
    <ele>428.28000000000003</ele>
   </trkpt>
   <trkpt lat="35.3140350095699" lon="-116.0141150165036">
    <ele>430.42</ele>
   </trkpt>
   <trkpt lat="35.3144725071752" lon="-116.01335251238174">
    <ele>432.38000000000005</ele>
   </trkpt>
   <trkpt lat="35.314910000000005" lon="-116.01259">
    <ele>434.74</ele>
   </trkpt>
   <trkpt lat="35.31525500144813" lon="-116.0120100023676">
    <ele>436.81</ele>
   </trkpt>
   <trkpt lat="35.3156" lon="-116.01143">
    <ele>437.42</ele>
   </trkpt>
   <trkpt lat="35.316037507618724" lon="-116.01064501272403">
    <ele>439.70000000000005</ele>
   </trkpt>
   <trkpt lat="35.316475010164304" lon="-116.00986001695485">
    <ele>441.78000000000003</ele>
   </trkpt>
   <trkpt lat="35.31691250763659" lon="-116.00907501269235">
    <ele>444.49000000000007</ele>
   </trkpt>
   <trkpt lat="35.317350000000005" lon="-116.00829000000002">
    <ele>446.20000000000005</ele>
   </trkpt>
   <trkpt lat="35.31773500225733" lon="-116.00755500343524">
    <ele>448.18</ele>
   </trkpt>
   <trkpt lat="35.31812" lon="-116.00682">
    <ele>450.63</ele>
   </trkpt>
   <trkpt lat="35.318690000000004" lon="-116.00597">
    <ele>452.13</ele>
   </trkpt>
   <trkpt lat="35.318925001085475" lon="-116.00547500127671">
    <ele>455.90000000000003</ele>
   </trkpt>
   <trkpt lat="35.319160000000004" lon="-116.00498">
    <ele>457.28000000000003</ele>
   </trkpt>
   <trkpt lat="35.319410000000005" lon="-116.00455000000001">
    <ele>458.69000000000005</ele>
   </trkpt>
   <trkpt lat="35.31982" lon="-116.00370000000001">
    <ele>461.37000000000006</ele>
   </trkpt>
   <trkpt lat="35.32018500132997" lon="-116.00313000258467">
    <ele>463.62</ele>
   </trkpt>
   <trkpt lat="35.320550000000004" lon="-116.00256">
    <ele>465.53000000000003</ele>
   </trkpt>
   <trkpt lat="35.32085500126117" lon="-116.00202500187264">
    <ele>467.21</ele>
   </trkpt>
   <trkpt lat="35.321160000000006" lon="-116.00149">
    <ele>468.87000000000006</ele>
   </trkpt>
   <trkpt lat="35.32133" lon="-116.00113">
    <ele>469.73</ele>
   </trkpt>
   <trkpt lat="35.3216200010676" lon="-116.00064000162364">
    <ele>471.53000000000003</ele>
   </trkpt>
   <trkpt lat="35.32191" lon="-116.00015">
    <ele>473.79</ele>
   </trkpt>
   <trkpt lat="35.32213" lon="-115.99971000000001">
    <ele>475.06</ele>
   </trkpt>
   <trkpt lat="35.322583338661154" lon="-115.99890334243203">
    <ele>477.31</ele>
   </trkpt>
   <trkpt lat="35.32303667196474" lon="-115.9980966758184">
    <ele>480.45000000000005</ele>
   </trkpt>
   <trkpt lat="35.32349" lon="-115.99729">
    <ele>482.49</ele>
   </trkpt>
   <trkpt lat="35.323600000000006" lon="-115.99719">
    <ele>482.84000000000003</ele>
   </trkpt>
   <trkpt lat="35.32367" lon="-115.99697">
    <ele>483.15000000000003</ele>
   </trkpt>
   <trkpt lat="35.32417000299156" lon="-115.99611500531832">
    <ele>486.16</ele>
   </trkpt>
   <trkpt lat="35.324670000000005" lon="-115.99526000000002">
    <ele>489.75</ele>
   </trkpt>
   <trkpt lat="35.32502667022821" lon="-115.99460667234507">
    <ele>492.17</ele>
   </trkpt>
   <trkpt lat="35.325383336941954" lon="-115.9939533389256">
    <ele>494.75</ele>
   </trkpt>
   <trkpt lat="35.32574" lon="-115.9933">
    <ele>497.25</ele>
   </trkpt>
   <trkpt lat="35.32621224491013" lon="-115.99247003878878">
    <ele>500.26000000000005</ele>
   </trkpt>
   <trkpt lat="35.32668448414844" lon="-115.99164006788115">
    <ele>503.33000000000004</ele>
   </trkpt>
   <trkpt lat="35.327156717714765" lon="-115.99081008727694">
    <ele>507.13000000000005</ele>
   </trkpt>
   <trkpt lat="35.32762894560896" lon="-115.98998009697598">
    <ele>509.3500000000001</ele>
   </trkpt>
   <trkpt lat="35.32810116783083" lon="-115.98915009697812">
    <ele>513.51</ele>
   </trkpt>
   <trkpt lat="35.32857338438023" lon="-115.98832008728318">
    <ele>517.29</ele>
   </trkpt>
   <trkpt lat="35.329045595256986" lon="-115.98749006789099">
    <ele>520.51</ele>
   </trkpt>
   <trkpt lat="35.32951780046093" lon="-115.98666003880139">
    <ele>524.5300000000001</ele>
   </trkpt>
   <trkpt lat="35.32999" lon="-115.98583">
    <ele>528.25</ele>
   </trkpt>
   <trkpt lat="35.33008" lon="-115.98570000000001">
    <ele>528.64</ele>
   </trkpt>
   <trkpt lat="35.330425001354705" lon="-115.98511000265243">
    <ele>530.86</ele>
   </trkpt>
   <trkpt lat="35.33077" lon="-115.98452">
    <ele>534.27</ele>
   </trkpt>
   <trkpt lat="35.3310650012856" lon="-115.98396000205432">
    <ele>538.4300000000001</ele>
   </trkpt>
   <trkpt lat="35.331360000000004" lon="-115.9834">
    <ele>540.78</ele>
   </trkpt>
   <trkpt lat="35.33169" lon="-115.98264">
    <ele>542.61</ele>
   </trkpt>
   <trkpt lat="35.3318" lon="-115.98246">
    <ele>543.44</ele>
   </trkpt>
   <trkpt lat="35.33223" lon="-115.98189">
    <ele>545.36</ele>
   </trkpt>
   <trkpt lat="35.3324" lon="-115.98162">
    <ele>546.54</ele>
   </trkpt>
   <trkpt lat="35.332740001415246" lon="-115.9810350024502">
    <ele>548.61</ele>
   </trkpt>
   <trkpt lat="35.33308" lon="-115.98045">
    <ele>551.1</ele>
   </trkpt>
   <trkpt lat="35.33312" lon="-115.98033000000001">
    <ele>551.37</ele>
   </trkpt>
   <trkpt lat="35.333200000000005" lon="-115.98024000000001">
    <ele>552.84</ele>
   </trkpt>
   <trkpt lat="35.33344" lon="-115.97978">
    <ele>554.7800000000001</ele>
   </trkpt>
   <trkpt lat="35.33373" lon="-115.97911">
    <ele>558.8700000000001</ele>
   </trkpt>
   <trkpt lat="35.334030000000006" lon="-115.97857">
    <ele>560.7500000000001</ele>
   </trkpt>
   <trkpt lat="35.334230000000005" lon="-115.97800000000001">
    <ele>562.11</ele>
   </trkpt>
   <trkpt lat="35.33428" lon="-115.97791000000001">
    <ele>562.97</ele>
   </trkpt>
   <trkpt lat="35.33456" lon="-115.97771000000002">
    <ele>564.69</ele>
   </trkpt>
   <trkpt lat="35.334740000000004" lon="-115.97749">
    <ele>565.6800000000001</ele>
   </trkpt>
   <trkpt lat="35.33484" lon="-115.97727">
    <ele>567.58</ele>
   </trkpt>
   <trkpt lat="35.33522" lon="-115.97664">
    <ele>569.8199999999999</ele>
   </trkpt>
   <trkpt lat="35.335370000000005" lon="-115.97646">
    <ele>570.8199999999999</ele>
   </trkpt>
   <trkpt lat="35.33558" lon="-115.97624">
    <ele>572.11</ele>
   </trkpt>
   <trkpt lat="35.33567" lon="-115.9761">
    <ele>573.22</ele>
   </trkpt>
   <trkpt lat="35.335750000000004" lon="-115.97593">
    <ele>573.6</ele>
   </trkpt>
   <trkpt lat="35.335930000000005" lon="-115.97543">
    <ele>574.8100000000001</ele>
   </trkpt>
   <trkpt lat="35.3361" lon="-115.97504">
    <ele>576.48</ele>
   </trkpt>
   <trkpt lat="35.336395001029715" lon="-115.97455000172042">
    <ele>577.6300000000001</ele>
   </trkpt>
   <trkpt lat="35.336690000000004" lon="-115.97406000000001">
    <ele>579.5100000000001</ele>
   </trkpt>
   <trkpt lat="35.33694500090138" lon="-115.97358000160365">
    <ele>581.4100000000001</ele>
   </trkpt>
   <trkpt lat="35.3372" lon="-115.97310000000002">
    <ele>583.5</ele>
   </trkpt>
   <trkpt lat="35.337470000858204" lon="-115.97263500160894">
    <ele>585.4100000000001</ele>
   </trkpt>
   <trkpt lat="35.337740000000004" lon="-115.97217">
    <ele>587.59</ele>
   </trkpt>
   <trkpt lat="35.337860000000006" lon="-115.97194">
    <ele>588.01</ele>
   </trkpt>
   <trkpt lat="35.33796" lon="-115.97131">
    <ele>590.1500000000001</ele>
   </trkpt>
   <trkpt lat="35.33807" lon="-115.97108000000001">
    <ele>590.8100000000001</ele>
   </trkpt>
   <trkpt lat="35.33869" lon="-115.97039000000001">
    <ele>594.13</ele>
   </trkpt>
   <trkpt lat="35.33899" lon="-115.97001000000002">
    <ele>596.5500000000001</ele>
   </trkpt>
   <trkpt lat="35.339510000000004" lon="-115.96917">
    <ele>600.01</ele>
   </trkpt>
   <trkpt lat="35.34013" lon="-115.96858">
    <ele>603.9300000000001</ele>
   </trkpt>
   <trkpt lat="35.340310001068815" lon="-115.96806500121387">
    <ele>604.5</ele>
   </trkpt>
   <trkpt lat="35.34049" lon="-115.96755">
    <ele>605.28</ele>
   </trkpt>
   <trkpt lat="35.34091000595724" lon="-115.96670000882212">
    <ele>607.35</ele>
   </trkpt>
   <trkpt lat="35.341330005964544" lon="-115.96585000880748">
    <ele>611.02</ele>
   </trkpt>
   <trkpt lat="35.341750000000005" lon="-115.965">
    <ele>613.77</ele>
   </trkpt>
   <trkpt lat="35.342110000000005" lon="-115.9642">
    <ele>615.36</ele>
   </trkpt>
   <trkpt lat="35.34255500785398" lon="-115.96340251318244">
    <ele>617.89</ele>
   </trkpt>
   <trkpt lat="35.34300001047025" lon="-115.96260501757992">
    <ele>618.7900000000001</ele>
   </trkpt>
   <trkpt lat="35.34344500784869" lon="-115.9618075131923">
    <ele>621.53</ele>
   </trkpt>
   <trkpt lat="35.34389" lon="-115.96101000000002">
    <ele>624.9100000000001</ele>
   </trkpt>
   <trkpt lat="35.344120000000004" lon="-115.96075">
    <ele>626.19</ele>
   </trkpt>
   <trkpt lat="35.34433" lon="-115.96057">
    <ele>626.8800000000001</ele>
   </trkpt>
   <trkpt lat="35.344550000000005" lon="-115.96021">
    <ele>627.72</ele>
   </trkpt>
   <trkpt lat="35.34490667035911" lon="-115.95954000592457">
    <ele>629.87</ele>
   </trkpt>
   <trkpt lat="35.34526333702123" lon="-115.95887000593316">
    <ele>632.48</ele>
   </trkpt>
   <trkpt lat="35.345620000000004" lon="-115.9582">
    <ele>635.2500000000001</ele>
   </trkpt>
   <trkpt lat="35.34600800996843" lon="-115.95742201495005">
    <ele>638.8000000000001</ele>
   </trkpt>
   <trkpt lat="35.34639601495198" lon="-115.95664402242673">
    <ele>642.4200000000001</ele>
   </trkpt>
   <trkpt lat="35.34678401495054" lon="-115.95586602242992">
    <ele>645.66</ele>
   </trkpt>
   <trkpt lat="35.347172009964034" lon="-115.95508801495953">
    <ele>649.4000000000001</ele>
   </trkpt>
   <trkpt lat="35.34756" lon="-115.95431">
    <ele>653.75</ele>
   </trkpt>
   <trkpt lat="35.348080002735735" lon="-115.95350000516149">
    <ele>657.69</ele>
   </trkpt>
   <trkpt lat="35.348600000000005" lon="-115.95269">
    <ele>662.37</ele>
   </trkpt>
   <trkpt lat="35.34898500080001" lon="-115.95226500196367">
    <ele>666.33</ele>
   </trkpt>
   <trkpt lat="35.34937" lon="-115.95184">
    <ele>669.1800000000001</ele>
   </trkpt>
   <trkpt lat="35.349856295618416" lon="-115.95098070260822">
    <ele>674.69</ele>
   </trkpt>
   <trkpt lat="35.35034258515521" lon="-115.95012139486954">
    <ele>679.18</ele>
   </trkpt>
   <trkpt lat="35.35082886861019" lon="-115.9492620767838">
    <ele>684.95</ele>
   </trkpt>
   <trkpt lat="35.3513151459832" lon="-115.9484027483508">
    <ele>690.34</ele>
   </trkpt>
   <trkpt lat="35.35180141727403" lon="-115.94754340957039">
    <ele>694.74</ele>
   </trkpt>
   <trkpt lat="35.352287682482526" lon="-115.94668406044235">
    <ele>699.9200000000001</ele>
   </trkpt>
   <trkpt lat="35.35277394160848" lon="-115.94582470096653">
    <ele>704.3000000000001</ele>
   </trkpt>
   <trkpt lat="35.35326019465172" lon="-115.94496533114274">
    <ele>709.58</ele>
   </trkpt>
   <trkpt lat="35.353746441612074" lon="-115.94410595097078">
    <ele>714.8100000000001</ele>
   </trkpt>
   <trkpt lat="35.354232682489325" lon="-115.9432465604505">
    <ele>720.3600000000001</ele>
   </trkpt>
   <trkpt lat="35.35471891728332" lon="-115.9423871595817">
    <ele>724.84</ele>
   </trkpt>
   <trkpt lat="35.355205145993885" lon="-115.94152774836422">
    <ele>728.59</ele>
   </trkpt>
   <trkpt lat="35.3556913686208" lon="-115.9406683267978">
    <ele>732.9100000000001</ele>
   </trkpt>
   <trkpt lat="35.35617758516392" lon="-115.93980889488239">
    <ele>737.97</ele>
   </trkpt>
   <trkpt lat="35.356663795623035" lon="-115.93894945261769">
    <ele>741.0500000000001</ele>
   </trkpt>
   <trkpt lat="35.357150000000004" lon="-115.93809">
    <ele>744.48</ele>
   </trkpt>
   <trkpt lat="35.357850000000006" lon="-115.93747">
    <ele>750.82</ele>
   </trkpt>
   <trkpt lat="35.358290000000004" lon="-115.93724">
    <ele>752.2800000000001</ele>
   </trkpt>
   <trkpt lat="35.35835" lon="-115.93695000000001">
    <ele>754.3100000000001</ele>
   </trkpt>
   <trkpt lat="35.35833" lon="-115.93663000000001">
    <ele>753.74</ele>
   </trkpt>
   <trkpt lat="35.35793500257287" lon="-115.9358399961406">
    <ele>751.29</ele>
   </trkpt>
   <trkpt lat="35.35754" lon="-115.93505">
    <ele>747.57</ele>
   </trkpt>
   <trkpt lat="35.35763" lon="-115.9346">
    <ele>746.63</ele>
   </trkpt>
   <trkpt lat="35.358410001064925" lon="-115.93410500474621">
    <ele>751.62</ele>
   </trkpt>
   <trkpt lat="35.359190000000005" lon="-115.93361000000002">
    <ele>756.44</ele>
   </trkpt>
   <trkpt lat="35.35975000008151" lon="-115.93336500177173">
    <ele>759.33</ele>
   </trkpt>
   <trkpt lat="35.360310000000005" lon="-115.93312">
    <ele>763.4399999999999</ele>
   </trkpt>
   <trkpt lat="35.36081" lon="-115.93306000000001">
    <ele>766.6200000000001</ele>
   </trkpt>
   <trkpt lat="35.36093" lon="-115.93286">
    <ele>768.0</ele>
   </trkpt>
   <trkpt lat="35.36139" lon="-115.93268">
    <ele>769.7100000000002</ele>
   </trkpt>
   <trkpt lat="35.36164" lon="-115.93236">
    <ele>770.1000000000001</ele>
   </trkpt>
   <trkpt lat="35.361560000000004" lon="-115.93166000000001">
    <ele>771.12</ele>
   </trkpt>
   <trkpt lat="35.361810000000006" lon="-115.93133">
    <ele>771.2</ele>
   </trkpt>
   <trkpt lat="35.36175" lon="-115.93098">
    <ele>769.95</ele>
   </trkpt>
   <trkpt lat="35.36122" lon="-115.93057">
    <ele>766.38</ele>
   </trkpt>
   <trkpt lat="35.36106" lon="-115.93045000000001">
    <ele>765.73</ele>
   </trkpt>
   <trkpt lat="35.36106" lon="-115.93013">
    <ele>765.6800000000001</ele>
   </trkpt>
   <trkpt lat="35.36155" lon="-115.92929000000001">
    <ele>766.2500000000001</ele>
   </trkpt>
   <trkpt lat="35.361540000000005" lon="-115.92915">
    <ele>765.6500000000001</ele>
   </trkpt>
   <trkpt lat="35.36102" lon="-115.92865">
    <ele>760.61</ele>
   </trkpt>
   <trkpt lat="35.361110000000004" lon="-115.92833">
    <ele>761.5500000000001</ele>
   </trkpt>
   <trkpt lat="35.361340000000006" lon="-115.92798">
    <ele>762.72</ele>
   </trkpt>
   <trkpt lat="35.36195999996537" lon="-115.92780000143107">
    <ele>767.97</ele>
   </trkpt>
   <trkpt lat="35.36258" lon="-115.92762">
    <ele>772.82</ele>
   </trkpt>
   <trkpt lat="35.36267" lon="-115.92750000000001">
    <ele>773.4200000000001</ele>
   </trkpt>
   <trkpt lat="35.36299" lon="-115.9273">
    <ele>775.4000000000001</ele>
   </trkpt>
   <trkpt lat="35.36330000086935" lon="-115.92683000186611">
    <ele>775.5400000000001</ele>
   </trkpt>
   <trkpt lat="35.36361" lon="-115.92636">
    <ele>776.3800000000001</ele>
   </trkpt>
   <trkpt lat="35.36389500164313" lon="-115.92571000251604">
    <ele>776.7600000000001</ele>
   </trkpt>
   <trkpt lat="35.364180000000005" lon="-115.92506000000002">
    <ele>776.75</ele>
   </trkpt>
   <trkpt lat="35.36463000258" lon="-115.92426500447256">
    <ele>781.32</ele>
   </trkpt>
   <trkpt lat="35.365080000000006" lon="-115.92347000000001">
    <ele>781.6700000000001</ele>
   </trkpt>
   <trkpt lat="35.365490001364805" lon="-115.92291000274432">
    <ele>784.1300000000001</ele>
   </trkpt>
   <trkpt lat="35.3659" lon="-115.92235000000001">
    <ele>785.1300000000001</ele>
   </trkpt>
   <trkpt lat="35.366460003042576" lon="-115.92149000597193">
    <ele>787.2500000000001</ele>
   </trkpt>
   <trkpt lat="35.367020000000004" lon="-115.92063">
    <ele>789.71</ele>
   </trkpt>
   <trkpt lat="35.3674800025273" lon="-115.9198500044089">
    <ele>792.4000000000001</ele>
   </trkpt>
   <trkpt lat="35.367940000000004" lon="-115.91907">
    <ele>795.76</ele>
   </trkpt>
   <trkpt lat="35.36768" lon="-115.91847000000001">
    <ele>793.9600000000002</ele>
   </trkpt>
   <trkpt lat="35.368050000000004" lon="-115.91826">
    <ele>793.9600000000002</ele>
   </trkpt>
   <trkpt lat="35.36838" lon="-115.91813">
    <ele>793.9600000000002</ele>
   </trkpt>
   <trkpt lat="35.368995000232914" lon="-115.9179500013424">
    <ele>793.9600000000002</ele>
   </trkpt>
   <trkpt lat="35.36961" lon="-115.91777">
    <ele>793.9600000000002</ele>
   </trkpt>
   <trkpt lat="35.37036500004575" lon="-115.91772500041873">
    <ele>793.9600000000002</ele>
   </trkpt>
   <trkpt lat="35.371120000000005" lon="-115.91768">
    <ele>793.9600000000002</ele>
   </trkpt>
   <trkpt lat="35.371600000270604" lon="-115.91741000162249">
    <ele>793.9600000000002</ele>
   </trkpt>
   <trkpt lat="35.372080000000004" lon="-115.91714">
    <ele>829.34</ele>
   </trkpt>
   <trkpt lat="35.37265333472917" lon="-115.9167233392785">
    <ele>829.34</ele>
   </trkpt>
   <trkpt lat="35.37322666802807" lon="-115.91630667263695">
    <ele>829.34</ele>
   </trkpt>
   <trkpt lat="35.3738" lon="-115.91589">
    <ele>829.34</ele>
   </trkpt>
   <trkpt lat="35.37425" lon="-115.91562">
    <ele>829.34</ele>
   </trkpt>
   <trkpt lat="35.37494000191392" lon="-115.91513000842505">
    <ele>829.34</ele>
   </trkpt>
   <trkpt lat="35.37563000184975" lon="-115.91464000847076">
    <ele>829.34</ele>
   </trkpt>
   <trkpt lat="35.37632" lon="-115.91415">
    <ele>829.34</ele>
   </trkpt>
   <trkpt lat="35.3769666679135" lon="-115.9137600062548">
    <ele>829.34</ele>
   </trkpt>
   <trkpt lat="35.3776133345739" lon="-115.91337000625867">
    <ele>829.34</ele>
   </trkpt>
   <trkpt lat="35.378260000000004" lon="-115.91298">
    <ele>846.8800000000001</ele>
   </trkpt>
   <trkpt lat="35.378826667141084" lon="-115.91272667024934">
    <ele>846.8800000000001</ele>
   </trkpt>
   <trkpt lat="35.379393333753406" lon="-115.91247333694035">
    <ele>846.8800000000001</ele>
   </trkpt>
   <trkpt lat="35.379960000000004" lon="-115.91222">
    <ele>846.8800000000001</ele>
   </trkpt>
   <trkpt lat="35.38017" lon="-115.91221000000002">
    <ele>846.8800000000001</ele>
   </trkpt>
   <trkpt lat="35.38035" lon="-115.91204">
    <ele>846.8800000000001</ele>
   </trkpt>
   <trkpt lat="35.38116333437838" lon="-115.91181501134088">
    <ele>846.8800000000001</ele>
   </trkpt>
   <trkpt lat="35.38197666833968" lon="-115.91159001814546">
    <ele>846.8800000000001</ele>
   </trkpt>
   <trkpt lat="35.38279000188388" lon="-115.91136502041354">
    <ele>846.8800000000001</ele>
   </trkpt>
   <trkpt lat="35.38360333501095" lon="-115.91114001814479">
    <ele>870.4200000000001</ele>
   </trkpt>
   <trkpt lat="35.38441666772088" lon="-115.91091501133914">
    <ele>870.4200000000001</ele>
   </trkpt>
   <trkpt lat="35.38523" lon="-115.91069">
    <ele>870.4200000000001</ele>
   </trkpt>
   <trkpt lat="35.38557" lon="-115.91066000000001">
    <ele>870.4200000000001</ele>
   </trkpt>
   <trkpt lat="35.385760000000005" lon="-115.91054000000001">
    <ele>870.4200000000001</ele>
   </trkpt>
   <trkpt lat="35.386030000000005" lon="-115.90998">
    <ele>870.4200000000001</ele>
   </trkpt>
   <trkpt lat="35.38672000110747" lon="-115.909485004164">
    <ele>870.4200000000001</ele>
   </trkpt>
   <trkpt lat="35.38741" lon="-115.90899">
    <ele>870.4200000000001</ele>
   </trkpt>
   <trkpt lat="35.38775000150678" lon="-115.90839000248754">
    <ele>870.4200000000001</ele>
   </trkpt>
   <trkpt lat="35.388090000000005" lon="-115.90779">
    <ele>899.4000000000001</ele>
   </trkpt>
   <trkpt lat="35.38817000251308" lon="-115.9070050010316">
    <ele>899.4000000000001</ele>
   </trkpt>
   <trkpt lat="35.388250000000006" lon="-115.90622">
    <ele>899.4000000000001</ele>
   </trkpt>
   <trkpt lat="35.388155002386824" lon="-115.9054649994151">
    <ele>899.4000000000001</ele>
   </trkpt>
   <trkpt lat="35.38806" lon="-115.90471000000001">
    <ele>899.4000000000001</ele>
   </trkpt>
   <trkpt lat="35.387980000000006" lon="-115.90376">
    <ele>900.0500000000001</ele>
   </trkpt>
   <trkpt lat="35.38761000154333" lon="-115.90315499728248">
    <ele>902.9800000000001</ele>
   </trkpt>
   <trkpt lat="35.387240000000006" lon="-115.90255">
    <ele>904.6800000000001</ele>
   </trkpt>
   <trkpt lat="35.386976672054566" lon="-115.90174332814625">
    <ele>907.4700000000001</ele>
   </trkpt>
   <trkpt lat="35.386713338747285" lon="-115.90093666155944">
    <ele>909.34</ele>
   </trkpt>
   <trkpt lat="35.38645" lon="-115.90013">
    <ele>910.7</ele>
   </trkpt>
   <trkpt lat="35.38622" lon="-115.89907000000001">
    <ele>912.69</ele>
   </trkpt>
   <trkpt lat="35.38609" lon="-115.89862000000001">
    <ele>913.6800000000001</ele>
   </trkpt>
   <trkpt lat="35.385720000000006" lon="-115.89776">
    <ele>916.54</ele>
   </trkpt>
   <trkpt lat="35.38555" lon="-115.89753">
    <ele>915.7</ele>
   </trkpt>
   <trkpt lat="35.38515" lon="-115.89668">
    <ele>915.7</ele>
   </trkpt>
   <trkpt lat="35.38481" lon="-115.89574">
    <ele>915.7</ele>
   </trkpt>
   <trkpt lat="35.3844" lon="-115.89513000000001">
    <ele>913.8100000000001</ele>
   </trkpt>
   <trkpt lat="35.38423" lon="-115.89476">
    <ele>913.8100000000001</ele>
   </trkpt>
   <trkpt lat="35.384080000000004" lon="-115.89449">
    <ele>913.8100000000001</ele>
   </trkpt>
   <trkpt lat="35.38377000086072" lon="-115.8940499983988">
    <ele>913.8100000000001</ele>
   </trkpt>
   <trkpt lat="35.38346" lon="-115.89361000000001">
    <ele>913.8100000000001</ele>
   </trkpt>
   <trkpt lat="35.38299" lon="-115.8931">
    <ele>913.8100000000001</ele>
   </trkpt>
   <trkpt lat="35.38271" lon="-115.89293">
    <ele>913.8100000000001</ele>
   </trkpt>
   <trkpt lat="35.382450000000006" lon="-115.89283">
    <ele>913.8100000000001</ele>
   </trkpt>
   <trkpt lat="35.382070000000006" lon="-115.89278000000002">
    <ele>897.4000000000001</ele>
   </trkpt>
   <trkpt lat="35.381800000000005" lon="-115.89279">
    <ele>897.4000000000001</ele>
   </trkpt>
   <trkpt lat="35.38154" lon="-115.89283">
    <ele>897.4000000000001</ele>
   </trkpt>
   <trkpt lat="35.38116" lon="-115.89301">
    <ele>897.4000000000001</ele>
   </trkpt>
   <trkpt lat="35.380520000000004" lon="-115.89303000000001">
    <ele>897.36</ele>
   </trkpt>
   <trkpt lat="35.380250000000004" lon="-115.89307000000001">
    <ele>896.5400000000001</ele>
   </trkpt>
   <trkpt lat="35.37988" lon="-115.89316000000001">
    <ele>896.9800000000001</ele>
   </trkpt>
   <trkpt lat="35.379825003191286" lon="-115.89227999941704">
    <ele>900.7100000000002</ele>
   </trkpt>
   <trkpt lat="35.37977" lon="-115.8914">
    <ele>904.2500000000001</ele>
   </trkpt>
   <trkpt lat="35.3796900085168" lon="-115.89056999756038">
    <ele>907.99</ele>
   </trkpt>
   <trkpt lat="35.3796100113576" lon="-115.8897399967666">
    <ele>911.7600000000001</ele>
   </trkpt>
   <trkpt lat="35.37953000852241" lon="-115.88890999761873">
    <ele>914.48</ele>
   </trkpt>
   <trkpt lat="35.379450000000006" lon="-115.88808000000002">
    <ele>917.69</ele>
   </trkpt>
   <trkpt lat="35.379375008929706" lon="-115.88722999763537">
    <ele>921.3000000000001</ele>
   </trkpt>
   <trkpt lat="35.379300011906594" lon="-115.88637999685086">
    <ele>925.1600000000001</ele>
   </trkpt>
   <trkpt lat="35.37922500893069" lon="-115.88552999764657">
    <ele>927.71</ele>
   </trkpt>
   <trkpt lat="35.37915" lon="-115.88468">
    <ele>930.64</ele>
   </trkpt>
   <trkpt lat="35.379286671558" lon="-115.88391000257288">
    <ele>934.33</ele>
   </trkpt>
   <trkpt lat="35.37942333823101" lon="-115.88314000253722">
    <ele>937.22</ele>
   </trkpt>
   <trkpt lat="35.379560000000005" lon="-115.88237000000001">
    <ele>940.1700000000001</ele>
   </trkpt>
   <trkpt lat="35.379813341422626" lon="-115.88138000616209">
    <ele>943.1100000000001</ele>
   </trkpt>
   <trkpt lat="35.380066674770035" lon="-115.88039000610718">
    <ele>946.7</ele>
   </trkpt>
   <trkpt lat="35.380320000000005" lon="-115.8794">
    <ele>951.3000000000001</ele>
   </trkpt>
   <trkpt lat="35.38025000662481" lon="-115.87850333178199">
    <ele>953.5100000000001</ele>
   </trkpt>
   <trkpt lat="35.38018000662515" lon="-115.8776066651198">
    <ele>956.7500000000001</ele>
   </trkpt>
   <trkpt lat="35.38011" lon="-115.87671">
    <ele>960.13</ele>
   </trkpt>
   <trkpt lat="35.380340000000004" lon="-115.87586">
    <ele>963.5500000000001</ele>
   </trkpt>
   <trkpt lat="35.38063114502629" lon="-115.87484558484188">
    <ele>967.69</ele>
   </trkpt>
   <trkpt lat="35.38092228157398" lon="-115.87383116236258">
    <ele>972.45</ele>
   </trkpt>
   <trkpt lat="35.38121340964289" lon="-115.87281673256219">
    <ele>977.1200000000001</ele>
   </trkpt>
   <trkpt lat="35.38150452923289" lon="-115.8718022954408">
    <ele>982.1500000000001</ele>
   </trkpt>
   <trkpt lat="35.38179564034383" lon="-115.87078785099848">
    <ele>986.8800000000001</ele>
   </trkpt>
   <trkpt lat="35.38208674297554" lon="-115.86977339923533">
    <ele>991.9300000000001</ele>
   </trkpt>
   <trkpt lat="35.38237783712787" lon="-115.8687589401514">
    <ele>996.1800000000001</ele>
   </trkpt>
   <trkpt lat="35.38266892280068" lon="-115.86774447374681">
    <ele>1000.99</ele>
   </trkpt>
   <trkpt lat="35.382960000000004" lon="-115.86673">
    <ele>1006.4399999999999</ele>
   </trkpt>
   <trkpt lat="35.38322" lon="-115.86592">
    <ele>1009.77</ele>
   </trkpt>
   <trkpt lat="35.383660002386826" lon="-115.86516000413269">
    <ele>1013.3800000000001</ele>
   </trkpt>
   <trkpt lat="35.384100000000004" lon="-115.8644">
    <ele>1016.2300000000001</ele>
   </trkpt>
   <trkpt lat="35.384330000000006" lon="-115.86391">
    <ele>1018.5500000000001</ele>
   </trkpt>
   <trkpt lat="35.38464005675807" lon="-115.86291805337369">
    <ele>1023.05</ele>
   </trkpt>
   <trkpt lat="35.38495010540857" lon="-115.8619260991222">
    <ele>1028.18</ele>
   </trkpt>
   <trkpt lat="35.38526014595133" lon="-115.86093413724556">
    <ele>1031.8500000000001</ele>
   </trkpt>
   <trkpt lat="35.38557017838618" lon="-115.85994216774384">
    <ele>1035.8899999999999</ele>
   </trkpt>
   <trkpt lat="35.385880202713004" lon="-115.85895019061715">
    <ele>1041.25</ele>
   </trkpt>
   <trkpt lat="35.38619021893162" lon="-115.85795820586544">
    <ele>1045.14</ele>
   </trkpt>
   <trkpt lat="35.38650022704187" lon="-115.85696621348887">
    <ele>1049.3300000000002</ele>
   </trkpt>
   <trkpt lat="35.38681022704362" lon="-115.85597421348741">
    <ele>1053.8899999999999</ele>
   </trkpt>
   <trkpt lat="35.3871202189367" lon="-115.85498220586116">
    <ele>1057.79</ele>
   </trkpt>
   <trkpt lat="35.387430202720964" lon="-115.85399019061015">
    <ele>1061.8899999999999</ele>
   </trkpt>
   <trkpt lat="35.38774017839624" lon="-115.85299816773446">
    <ele>1065.8899999999999</ele>
   </trkpt>
   <trkpt lat="35.38805014596238" lon="-115.8520061372341">
    <ele>1070.68</ele>
   </trkpt>
   <trkpt lat="35.38836010541924" lon="-115.85101409910918">
    <ele>1073.67</ele>
   </trkpt>
   <trkpt lat="35.38867005676665" lon="-115.85002205335971">
    <ele>1075.7800000000002</ele>
   </trkpt>
   <trkpt lat="35.388980000000004" lon="-115.84903000000001">
    <ele>1079.5100000000002</ele>
   </trkpt>
   <trkpt lat="35.389281707712286" lon="-115.84807837248856">
    <ele>1081.59</ele>
   </trkpt>
   <trkpt lat="35.38958340796225" lon="-115.8471267378576">
    <ele>1084.95</ele>
   </trkpt>
   <trkpt lat="35.38988510074977" lon="-115.84617509610722">
    <ele>1087.66</ele>
   </trkpt>
   <trkpt lat="35.3901867860747" lon="-115.84522344723743">
    <ele>1091.76</ele>
   </trkpt>
   <trkpt lat="35.39048846393692" lon="-115.84427179124826">
    <ele>1096.51</ele>
   </trkpt>
   <trkpt lat="35.39079013433628" lon="-115.84332012813981">
    <ele>1101.13</ele>
   </trkpt>
   <trkpt lat="35.39109179727263" lon="-115.84236845791207">
    <ele>1105.5700000000002</ele>
   </trkpt>
   <trkpt lat="35.39139345274583" lon="-115.84141678056511">
    <ele>1109.73</ele>
   </trkpt>
   <trkpt lat="35.39169510075576" lon="-115.84046509609895">
    <ele>1114.3</ele>
   </trkpt>
   <trkpt lat="35.39199674130227" lon="-115.83951340451368">
    <ele>1119.0800000000002</ele>
   </trkpt>
   <trkpt lat="35.39229837438522" lon="-115.83856170580931">
    <ele>1124.36</ele>
   </trkpt>
   <trkpt lat="35.3926" lon="-115.83761000000001">
    <ele>1128.71</ele>
   </trkpt>
   <trkpt lat="35.39288001762144" lon="-115.83657601435819">
    <ele>1132.0800000000002</ele>
   </trkpt>
   <trkpt lat="35.39316002643264" lon="-115.83554202153589">
    <ele>1135.78</ele>
   </trkpt>
   <trkpt lat="35.39344002643348" lon="-115.83450802153327">
    <ele>1137.95</ele>
   </trkpt>
   <trkpt lat="35.39372001762379" lon="-115.83347401435043">
    <ele>1140.3100000000002</ele>
   </trkpt>
   <trkpt lat="35.394000000000005" lon="-115.83244">
    <ele>1143.52</ele>
   </trkpt>
   <trkpt lat="35.39429334868287" lon="-115.83157668238601">
    <ele>1146.65</ele>
   </trkpt>
   <trkpt lat="35.3945866912238" lon="-115.83071335849101">
    <ele>1149.67</ele>
   </trkpt>
   <trkpt lat="35.39488002762266" lon="-115.829850028315">
    <ele>1152.4800000000002</ele>
   </trkpt>
   <trkpt lat="35.39517335787934" lon="-115.82898669185795">
    <ele>1155.54</ele>
   </trkpt>
   <trkpt lat="35.39546668199371" lon="-115.82812334911995">
    <ele>1159.1100000000001</ele>
   </trkpt>
   <trkpt lat="35.39576" lon="-115.82726000000001">
    <ele>1161.3</ele>
   </trkpt>
   <trkpt lat="35.395860000000006" lon="-115.8268">
    <ele>1162.5800000000002</ele>
   </trkpt>
   <trkpt lat="35.396116013701416" lon="-115.82588801160726">
    <ele>1165.47</ele>
   </trkpt>
   <trkpt lat="35.396372020548675" lon="-115.82497601742347">
    <ele>1168.59</ele>
   </trkpt>
   <trkpt lat="35.396628020541684" lon="-115.8240640174487">
    <ele>1171.48</ele>
   </trkpt>
   <trkpt lat="35.396884013680335" lon="-115.823152011683">
    <ele>1173.44</ele>
   </trkpt>
   <trkpt lat="35.39714" lon="-115.82224000000001">
    <ele>1176.46</ele>
   </trkpt>
   <trkpt lat="35.39738333817309" lon="-115.82147333797369">
    <ele>1179.27</ele>
   </trkpt>
   <trkpt lat="35.39762667150236" lon="-115.82070667131993">
    <ele>1181.2</ele>
   </trkpt>
   <trkpt lat="35.397870000000005" lon="-115.81994">
    <ele>1183.6200000000001</ele>
   </trkpt>
   <trkpt lat="35.3981725242825" lon="-115.81902252409098">
    <ele>1188.32</ele>
   </trkpt>
   <trkpt lat="35.39847504162793" lon="-115.81810504129717">
    <ele>1191.51</ele>
   </trkpt>
   <trkpt lat="35.39877755203619" lon="-115.81718755161855">
    <ele>1196.8</ele>
   </trkpt>
   <trkpt lat="35.39908005550711" lon="-115.81627005505516">
    <ele>1201.06</ele>
   </trkpt>
   <trkpt lat="35.399382552040585" lon="-115.81535255160699">
    <ele>1205.03</ele>
   </trkpt>
   <trkpt lat="35.39968504163649" lon="-115.81443504127412">
    <ele>1208.59</ele>
   </trkpt>
   <trkpt lat="35.39998752429468" lon="-115.8135175240566">
    <ele>1213.72</ele>
   </trkpt>
   <trkpt lat="35.400290000000005" lon="-115.8126">
    <ele>1215.68</ele>
   </trkpt>
   <trkpt lat="35.40059668605001" lon="-115.81163001845576">
    <ele>1218.45</ele>
   </trkpt>
   <trkpt lat="35.40090336434601" lon="-115.81066002953185">
    <ele>1222.28</ele>
   </trkpt>
   <trkpt lat="35.401210034887846" lon="-115.80969003322838">
    <ele>1224.9800000000002</ele>
   </trkpt>
   <trkpt lat="35.40151669767541" lon="-115.8087200295454">
    <ele>1227.3700000000001</ele>
   </trkpt>
   <trkpt lat="35.40182335270851" lon="-115.80775001848292">
    <ele>1232.52</ele>
   </trkpt>
   <trkpt lat="35.40213" lon="-115.80678">
    <ele>1235.64</ele>
   </trkpt>
   <trkpt lat="35.402480000000004" lon="-115.80611">
    <ele>1238.5300000000002</ele>
   </trkpt>
   <trkpt lat="35.40274667392984" lon="-115.80517333941594">
    <ele>1246.89</ele>
   </trkpt>
   <trkpt lat="35.40301334062908" lon="-115.80423667263496">
    <ele>1259.42</ele>
   </trkpt>
   <trkpt lat="35.40328" lon="-115.80330000000001">
    <ele>1261.5</ele>
   </trkpt>
   <trkpt lat="35.40354250757542" lon="-115.80251750762682">
    <ele>1255.53</ele>
   </trkpt>
   <trkpt lat="35.40380501010452" lon="-115.8017350101574">
    <ele>1251.0400000000002</ele>
   </trkpt>
   <trkpt lat="35.404067507587236" lon="-115.80095250759182">
    <ele>1249.43</ele>
   </trkpt>
   <trkpt lat="35.40433" lon="-115.80017000000001">
    <ele>1249.29</ele>
   </trkpt>
   <trkpt lat="35.40482000309693" lon="-115.79931000514149">
    <ele>1249.71</ele>
   </trkpt>
   <trkpt lat="35.40531" lon="-115.79845">
    <ele>1248.89</ele>
   </trkpt>
   <trkpt lat="35.40570750653749" lon="-115.79772251077301">
    <ele>1250.5900000000001</ele>
   </trkpt>
   <trkpt lat="35.40610500871303" lon="-115.79699501437084">
    <ele>1251.51</ele>
   </trkpt>
   <trkpt lat="35.40650250652651" lon="-115.79626751079338">
    <ele>1252.5300000000002</ele>
   </trkpt>
   <trkpt lat="35.4069" lon="-115.79554">
    <ele>1253.73</ele>
   </trkpt>
   <trkpt lat="35.40697" lon="-115.79534000000001">
    <ele>1253.49</ele>
   </trkpt>
   <trkpt lat="35.407120000000006" lon="-115.79505">
    <ele>1252.85</ele>
   </trkpt>
   <trkpt lat="35.4074" lon="-115.79442000000002">
    <ele>1251.45</ele>
   </trkpt>
   <trkpt lat="35.40772501595156" lon="-115.79354001775563">
    <ele>1250.04</ele>
   </trkpt>
   <trkpt lat="35.408050025520694" lon="-115.79266002841432">
    <ele>1248.21</ele>
   </trkpt>
   <trkpt lat="35.40837502870732" lon="-115.79178003197603">
    <ele>1246.3500000000001</ele>
   </trkpt>
   <trkpt lat="35.40870002551125" lon="-115.79090002844084">
    <ele>1244.25</ele>
   </trkpt>
   <trkpt lat="35.40902501593239" lon="-115.79002001780867">
    <ele>1242.8000000000002</ele>
   </trkpt>
   <trkpt lat="35.40935" lon="-115.78914">
    <ele>1240.3500000000001</ele>
   </trkpt>
   <trkpt lat="35.40965000253408" lon="-115.78836000283374">
    <ele>1238.78</ele>
   </trkpt>
   <trkpt lat="35.40995" lon="-115.78758">
    <ele>1236.58</ele>
   </trkpt>
   <trkpt lat="35.41026333931436" lon="-115.78672667335869">
    <ele>1234.82</ele>
   </trkpt>
   <trkpt lat="35.41057667262693" lon="-115.78587334008198">
    <ele>1232.88</ele>
   </trkpt>
   <trkpt lat="35.41089" lon="-115.78502">
    <ele>1231.4900000000002</ele>
   </trkpt>
   <trkpt lat="35.411145001891406" lon="-115.7843500020112">
    <ele>1230.65</ele>
   </trkpt>
   <trkpt lat="35.4114" lon="-115.78368">
    <ele>1228.6200000000001</ele>
   </trkpt>
   <trkpt lat="35.411761534500805" lon="-115.78270440388587">
    <ele>1225.71</ele>
   </trkpt>
   <trkpt lat="35.41212306115649" lon="-115.78172879901831">
    <ele>1223.39</ele>
   </trkpt>
   <trkpt lat="35.41248457996692" lon="-115.78075318539736">
    <ele>1220.92</ele>
   </trkpt>
   <trkpt lat="35.412846090931886" lon="-115.779777563023">
    <ele>1219.41</ele>
   </trkpt>
   <trkpt lat="35.41320759405123" lon="-115.7788019318952">
    <ele>1217.84</ele>
   </trkpt>
   <trkpt lat="35.413569089324774" lon="-115.77782629201398">
    <ele>1215.26</ele>
   </trkpt>
   <trkpt lat="35.413930576752335" lon="-115.77685064337935">
    <ele>1212.76</ele>
   </trkpt>
   <trkpt lat="35.41429205633374" lon="-115.77587498599125">
    <ele>1210.02</ele>
   </trkpt>
   <trkpt lat="35.41465352806883" lon="-115.77489931984974">
    <ele>1206.66</ele>
   </trkpt>
   <trkpt lat="35.415014991957406" lon="-115.77392364495478">
    <ele>1203.8200000000002</ele>
   </trkpt>
   <trkpt lat="35.41537644799931" lon="-115.77294796130634">
    <ele>1202.28</ele>
   </trkpt>
   <trkpt lat="35.41573789619436" lon="-115.77197226890445">
    <ele>1200.68</ele>
   </trkpt>
   <trkpt lat="35.41609933654238" lon="-115.77099656774914">
    <ele>1199.4</ele>
   </trkpt>
   <trkpt lat="35.41646076904319" lon="-115.7700208578403">
    <ele>1197.3400000000001</ele>
   </trkpt>
   <trkpt lat="35.416822193696625" lon="-115.76904513917803">
    <ele>1195.54</ele>
   </trkpt>
   <trkpt lat="35.41718361050251" lon="-115.76806941176227">
    <ele>1193.3500000000001</ele>
   </trkpt>
   <trkpt lat="35.41754501946067" lon="-115.76709367559303">
    <ele>1191.54</ele>
   </trkpt>
   <trkpt lat="35.417906420570915" lon="-115.76611793067029">
    <ele>1191.7900000000002</ele>
   </trkpt>
   <trkpt lat="35.41826781383308" lon="-115.76514217699406">
    <ele>1191.2200000000003</ele>
   </trkpt>
   <trkpt lat="35.418629199247" lon="-115.76416641456431">
    <ele>1187.96</ele>
   </trkpt>
   <trkpt lat="35.418990576812476" lon="-115.76319064338108">
    <ele>1188.0700000000002</ele>
   </trkpt>
   <trkpt lat="35.41935194652935" lon="-115.76221486344431">
    <ele>1187.3700000000001</ele>
   </trkpt>
   <trkpt lat="35.41971330839745" lon="-115.76123907475403">
    <ele>1185.99</ele>
   </trkpt>
   <trkpt lat="35.42007466241659" lon="-115.76026327731027">
    <ele>1184.17</ele>
   </trkpt>
   <trkpt lat="35.4204360085866" lon="-115.75928747111296">
    <ele>1182.72</ele>
   </trkpt>
   <trkpt lat="35.4207973469073" lon="-115.7583116561621">
    <ele>1180.74</ele>
   </trkpt>
   <trkpt lat="35.421158677378536" lon="-115.75733583245771">
    <ele>1179.74</ele>
   </trkpt>
   <trkpt lat="35.42152" lon="-115.75636000000002">
    <ele>1177.95</ele>
   </trkpt>
   <trkpt lat="35.421902508877224" lon="-115.75551251208138">
    <ele>1175.94</ele>
   </trkpt>
   <trkpt lat="35.422285011833665" lon="-115.75466501611457">
    <ele>1175.74</ele>
   </trkpt>
   <trkpt lat="35.422667508869196" lon="-115.75381751209957">
    <ele>1173.95</ele>
   </trkpt>
   <trkpt lat="35.42305" lon="-115.75297">
    <ele>1173.1200000000001</ele>
   </trkpt>
   <trkpt lat="35.423316670734096" lon="-115.75226667135101">
    <ele>1171.9</ele>
   </trkpt>
   <trkpt lat="35.423583337390305" lon="-115.7515633380453">
    <ele>1170.02</ele>
   </trkpt>
   <trkpt lat="35.42385" lon="-115.75086">
    <ele>1169.38</ele>
   </trkpt>
   <trkpt lat="35.424212509845965" lon="-115.74996751205896">
    <ele>1167.9700000000003</ele>
   </trkpt>
   <trkpt lat="35.42457501312552" lon="-115.74907501608486">
    <ele>1166.6000000000001</ele>
   </trkpt>
   <trkpt lat="35.424937509838514" lon="-115.74818251207772">
    <ele>1164.05</ele>
   </trkpt>
   <trkpt lat="35.4253" lon="-115.74729">
    <ele>1162.88</ele>
   </trkpt>
   <trkpt lat="35.42555000228175" lon="-115.74654500233018">
    <ele>1161.57</ele>
   </trkpt>
   <trkpt lat="35.4258" lon="-115.7458">
    <ele>1160.3000000000002</ele>
   </trkpt>
   <trkpt lat="35.426175004064774" lon="-115.74480500467507">
    <ele>1158.88</ele>
   </trkpt>
   <trkpt lat="35.426550000000006" lon="-115.74381000000001">
    <ele>1157.0600000000002</ele>
   </trkpt>
   <trkpt lat="35.426925750153046" lon="-115.74282045561152">
    <ele>1156.05</ele>
   </trkpt>
   <trkpt lat="35.42730149223356" lon="-115.74183090199017">
    <ele>1154.5</ele>
   </trkpt>
   <trkpt lat="35.42767722624138" lon="-115.740841339136">
    <ele>1153.21</ele>
   </trkpt>
   <trkpt lat="35.4280529521763" lon="-115.73985176704895">
    <ele>1152.0400000000002</ele>
   </trkpt>
   <trkpt lat="35.42842867003813" lon="-115.73886218572903">
    <ele>1150.22</ele>
   </trkpt>
   <trkpt lat="35.4288043798267" lon="-115.73787259517619">
    <ele>1148.71</ele>
   </trkpt>
   <trkpt lat="35.42918008154182" lon="-115.73688299539046">
    <ele>1147.47</ele>
   </trkpt>
   <trkpt lat="35.42955577518329" lon="-115.7358933863718">
    <ele>1146.77</ele>
   </trkpt>
   <trkpt lat="35.429931460750936" lon="-115.73490376812018">
    <ele>1145.69</ele>
   </trkpt>
   <trkpt lat="35.43030713824456" lon="-115.73391414063559">
    <ele>1144.4800000000002</ele>
   </trkpt>
   <trkpt lat="35.43068280766398" lon="-115.73292450391804">
    <ele>1143.8600000000001</ele>
   </trkpt>
   <trkpt lat="35.43105846900902" lon="-115.7319348579675">
    <ele>1142.69</ele>
   </trkpt>
   <trkpt lat="35.43143412227946" lon="-115.73094520278396">
    <ele>1141.91</ele>
   </trkpt>
   <trkpt lat="35.43180976747514" lon="-115.72995553836735">
    <ele>1141.76</ele>
   </trkpt>
   <trkpt lat="35.43218540459587" lon="-115.72896586471774">
    <ele>1141.0600000000002</ele>
   </trkpt>
   <trkpt lat="35.43256103364146" lon="-115.72797618183505">
    <ele>1140.23</ele>
   </trkpt>
   <trkpt lat="35.432936654611716" lon="-115.72698648971928">
    <ele>1139.39</ele>
   </trkpt>
   <trkpt lat="35.43331226750646" lon="-115.72599678837045">
    <ele>1138.3500000000001</ele>
   </trkpt>
   <trkpt lat="35.4336878723255" lon="-115.7250070777885">
    <ele>1137.3600000000001</ele>
   </trkpt>
   <trkpt lat="35.43406346906864" lon="-115.72401735797345">
    <ele>1136.5</ele>
   </trkpt>
   <trkpt lat="35.43443905773571" lon="-115.72302762892524">
    <ele>1135.18</ele>
   </trkpt>
   <trkpt lat="35.43481463832651" lon="-115.72203789064389">
    <ele>1134.19</ele>
   </trkpt>
   <trkpt lat="35.43519021084085" lon="-115.72104814312937">
    <ele>1133.3200000000002</ele>
   </trkpt>
   <trkpt lat="35.43556577527856" lon="-115.72005838638167">
    <ele>1132.46</ele>
   </trkpt>
   <trkpt lat="35.43594133163944" lon="-115.71906862040079">
    <ele>1131.64</ele>
   </trkpt>
   <trkpt lat="35.4363168799233" lon="-115.71807884518668">
    <ele>1130.56</ele>
   </trkpt>
   <trkpt lat="35.43669242012996" lon="-115.71708906073933">
    <ele>1129.8100000000002</ele>
   </trkpt>
   <trkpt lat="35.43706795225923" lon="-115.71609926705874">
    <ele>1129.49</ele>
   </trkpt>
   <trkpt lat="35.43744347631092" lon="-115.71510946414489">
    <ele>1129.15</ele>
   </trkpt>
   <trkpt lat="35.43781899228484" lon="-115.71411965199776">
    <ele>1128.27</ele>
   </trkpt>
   <trkpt lat="35.43819450018081" lon="-115.71312983061733">
    <ele>1127.5600000000002</ele>
   </trkpt>
   <trkpt lat="35.438570000000006" lon="-115.71214">
    <ele>1126.56</ele>
   </trkpt>
   <trkpt lat="35.438915029988976" lon="-115.71124103466761">
    <ele>1126.41</ele>
   </trkpt>
   <trkpt lat="35.43926005331469" lon="-115.71034206162987">
    <ele>1125.91</ele>
   </trkpt>
   <trkpt lat="35.439605069976984" lon="-115.70944308088674">
    <ele>1126.3400000000001</ele>
   </trkpt>
   <trkpt lat="35.43995007997574" lon="-115.7085440924382">
    <ele>1125.43</ele>
   </trkpt>
   <trkpt lat="35.440295083310794" lon="-115.70764509628428">
    <ele>1124.5900000000001</ele>
   </trkpt>
   <trkpt lat="35.44064007998201" lon="-115.7067460924249">
    <ele>1122.2500000000002</ele>
   </trkpt>
   <trkpt lat="35.44098506998927" lon="-115.70584708086011">
    <ele>1122.77</ele>
   </trkpt>
   <trkpt lat="35.4413300533324" lon="-115.70494806158983">
    <ele>1121.63</ele>
   </trkpt>
   <trkpt lat="35.441675030011275" lon="-115.70404903461414">
    <ele>1120.8700000000001</ele>
   </trkpt>
   <trkpt lat="35.44202" lon="-115.70315000000001">
    <ele>1119.6200000000001</ele>
   </trkpt>
   <trkpt lat="35.44212" lon="-115.70278">
    <ele>1119.5400000000002</ele>
   </trkpt>
   <trkpt lat="35.44238" lon="-115.70210000000002">
    <ele>1119.96</ele>
   </trkpt>
   <trkpt lat="35.44263" lon="-115.70150000000001">
    <ele>1119.61</ele>
   </trkpt>
   <trkpt lat="35.442780000000006" lon="-115.70108">
    <ele>1119.43</ele>
   </trkpt>
   <trkpt lat="35.443090000000005" lon="-115.70007000000001">
    <ele>1119.0</ele>
   </trkpt>
   <trkpt lat="35.443265001662866" lon="-115.6994350013789">
    <ele>1118.9</ele>
   </trkpt>
   <trkpt lat="35.44344" lon="-115.6988">
    <ele>1118.83</ele>
   </trkpt>
   <trkpt lat="35.44391" lon="-115.69906">
    <ele>1118.83</ele>
   </trkpt>
   <trkpt lat="35.44418" lon="-115.69912000000001">
    <ele>1118.83</ele>
   </trkpt>
   <trkpt lat="35.44424" lon="-115.69908000000001">
    <ele>1118.83</ele>
   </trkpt>
   <trkpt lat="35.444340000000004" lon="-115.69893">
    <ele>1118.83</ele>
   </trkpt>
   <trkpt lat="35.44458" lon="-115.69839">
    <ele>1117.14</ele>
   </trkpt>
   <trkpt lat="35.44484000090447" lon="-115.697875002038">
    <ele>1117.14</ele>
   </trkpt>
   <trkpt lat="35.445100000000004" lon="-115.69736">
    <ele>1117.14</ele>
   </trkpt>
   <trkpt lat="35.44535000147454" lon="-115.69676500181262">
    <ele>1117.14</ele>
   </trkpt>
   <trkpt lat="35.445600000000006" lon="-115.69617000000001">
    <ele>1117.14</ele>
   </trkpt>
   <trkpt lat="35.446070000000006" lon="-115.6954">
    <ele>1117.14</ele>
   </trkpt>
   <trkpt lat="35.44641500659547" lon="-115.69467000937883">
    <ele>1117.14</ele>
   </trkpt>
   <trkpt lat="35.44676000879679" lon="-115.69394001249925">
    <ele>1117.14</ele>
   </trkpt>
   <trkpt lat="35.44710500660384" lon="-115.69321000936135">
    <ele>1117.14</ele>
   </trkpt>
   <trkpt lat="35.44745" lon="-115.69248">
    <ele>1117.14</ele>
   </trkpt>
   <trkpt lat="35.44786333888063" lon="-115.69166000841746">
    <ele>1117.9</ele>
   </trkpt>
   <trkpt lat="35.44827667221669" lon="-115.69084000841218">
    <ele>1117.9</ele>
   </trkpt>
   <trkpt lat="35.448690000000006" lon="-115.69002">
    <ele>1117.9</ele>
   </trkpt>
   <trkpt lat="35.44888" lon="-115.68896000000001">
    <ele>1117.9</ele>
   </trkpt>
   <trkpt lat="35.448930000000004" lon="-115.68877">
    <ele>1117.9</ele>
   </trkpt>
   <trkpt lat="35.44908" lon="-115.68858000000002">
    <ele>1117.9</ele>
   </trkpt>
   <trkpt lat="35.44946" lon="-115.68819">
    <ele>1117.9</ele>
   </trkpt>
   <trkpt lat="35.4499" lon="-115.68738">
    <ele>1117.9</ele>
   </trkpt>
   <trkpt lat="35.4507200002387" lon="-115.68713500249916">
    <ele>1117.9</ele>
   </trkpt>
   <trkpt lat="35.45154" lon="-115.68689">
    <ele>1117.9</ele>
   </trkpt>
   <trkpt lat="35.45234666696865" lon="-115.68671000360118">
    <ele>1120.3100000000002</ele>
   </trkpt>
   <trkpt lat="35.45315333367012" lon="-115.68653000359348">
    <ele>1120.3100000000002</ele>
   </trkpt>
   <trkpt lat="35.45396" lon="-115.68635">
    <ele>1120.3100000000002</ele>
   </trkpt>
   <trkpt lat="35.454500000121946" lon="-115.68616500124818">
    <ele>1120.3100000000002</ele>
   </trkpt>
   <trkpt lat="35.455040000000004" lon="-115.68598000000001">
    <ele>1120.72</ele>
   </trkpt>
   <trkpt lat="35.455640000262356" lon="-115.68582000237271">
    <ele>1120.69</ele>
   </trkpt>
   <trkpt lat="35.4562400003136" lon="-115.68566000235907">
    <ele>1120.8100000000002</ele>
   </trkpt>
   <trkpt lat="35.45684" lon="-115.6855">
    <ele>1120.3</ele>
   </trkpt>
   <trkpt lat="35.457080000000005" lon="-115.68546">
    <ele>1120.17</ele>
   </trkpt>
   <trkpt lat="35.45762000026857" lon="-115.68543500015551">
    <ele>1120.3899999999999</ele>
   </trkpt>
   <trkpt lat="35.45816" lon="-115.68541">
    <ele>1119.75</ele>
   </trkpt>
   <trkpt lat="35.458760000059506" lon="-115.68537000059358">
    <ele>1120.2800000000002</ele>
   </trkpt>
   <trkpt lat="35.45936000010583" lon="-115.68533000059054">
    <ele>1120.8700000000001</ele>
   </trkpt>
   <trkpt lat="35.45996" lon="-115.68529000000001">
    <ele>1120.33</ele>
   </trkpt>
   <trkpt lat="35.46061500005012" lon="-115.68530499987901">
    <ele>1120.3899999999999</ele>
   </trkpt>
   <trkpt lat="35.461270000000006" lon="-115.68532">
    <ele>1120.12</ele>
   </trkpt>
   <trkpt lat="35.461800000000004" lon="-115.68537">
    <ele>1119.55</ele>
   </trkpt>
   <trkpt lat="35.46206" lon="-115.68545">
    <ele>1119.48</ele>
   </trkpt>
   <trkpt lat="35.462300000000006" lon="-115.68559">
    <ele>1119.46</ele>
   </trkpt>
   <trkpt lat="35.46303000340605" lon="-115.68611498570303">
    <ele>1118.7900000000002</ele>
   </trkpt>
   <trkpt lat="35.463760004538955" lon="-115.6866399809353">
    <ele>1117.8400000000001</ele>
   </trkpt>
   <trkpt lat="35.46449000339862" lon="-115.68716498569721">
    <ele>1116.8</ele>
   </trkpt>
   <trkpt lat="35.46522" lon="-115.68769">
    <ele>1115.61</ele>
   </trkpt>
   <trkpt lat="35.46571" lon="-115.6881">
    <ele>1115.0300000000002</ele>
   </trkpt>
   <trkpt lat="35.46638" lon="-115.68864">
    <ele>1114.26</ele>
   </trkpt>
   <trkpt lat="35.467005000911634" lon="-115.6890999964539">
    <ele>1114.69</ele>
   </trkpt>
   <trkpt lat="35.46763" lon="-115.68956000000001">
    <ele>1113.97</ele>
   </trkpt>
   <trkpt lat="35.4682" lon="-115.69002">
    <ele>1114.0100000000002</ele>
   </trkpt>
   <trkpt lat="35.468610000000005" lon="-115.69038">
    <ele>1113.5000000000002</ele>
   </trkpt>
   <trkpt lat="35.468790000000006" lon="-115.69061">
    <ele>1113.5700000000002</ele>
   </trkpt>
   <trkpt lat="35.469080000000005" lon="-115.69105">
    <ele>1113.41</ele>
   </trkpt>
   <trkpt lat="35.469390000000004" lon="-115.69163">
    <ele>1112.36</ele>
   </trkpt>
   <trkpt lat="35.46952" lon="-115.69196000000001">
    <ele>1111.94</ele>
   </trkpt>
   <trkpt lat="35.46978333806292" lon="-115.69271666173148">
    <ele>1110.6299999999999</ele>
   </trkpt>
   <trkpt lat="35.470046671403416" lon="-115.69347332841863">
    <ele>1109.5400000000002</ele>
   </trkpt>
   <trkpt lat="35.470310000000005" lon="-115.69423">
    <ele>1108.23</ele>
   </trkpt>
   <trkpt lat="35.47063250757241" lon="-115.69501249057716">
    <ele>1106.7900000000002</ele>
   </trkpt>
   <trkpt lat="35.470955010094414" lon="-115.69579498743084">
    <ele>1105.5700000000002</ele>
   </trkpt>
   <trkpt lat="35.47127750756593" lon="-115.69657749056115">
    <ele>1104.44</ele>
   </trkpt>
   <trkpt lat="35.4716" lon="-115.69736">
    <ele>1103.5000000000002</ele>
   </trkpt>
   <trkpt lat="35.471740000000004" lon="-115.69776">
    <ele>1102.64</ele>
   </trkpt>
   <trkpt lat="35.47188000128699" lon="-115.69829999938524">
    <ele>1101.4700000000003</ele>
   </trkpt>
   <trkpt lat="35.47202" lon="-115.69884">
    <ele>1100.3500000000001</ele>
   </trkpt>
   <trkpt lat="35.47217500281784" lon="-115.6996649984671">
    <ele>1098.41</ele>
   </trkpt>
   <trkpt lat="35.47233" lon="-115.70049000000002">
    <ele>1096.5200000000002</ele>
   </trkpt>
   <trkpt lat="35.4724" lon="-115.70076">
    <ele>1095.5700000000002</ele>
   </trkpt>
   <trkpt lat="35.47263" lon="-115.7014">
    <ele>1094.1000000000001</ele>
   </trkpt>
   <trkpt lat="35.4729" lon="-115.70194000000001">
    <ele>1092.6299999999999</ele>
   </trkpt>
   <trkpt lat="35.473220000000005" lon="-115.70242">
    <ele>1091.43</ele>
   </trkpt>
   <trkpt lat="35.473510000000005" lon="-115.70275000000001">
    <ele>1090.99</ele>
   </trkpt>
   <trkpt lat="35.47399" lon="-115.70321000000001">
    <ele>1090.02</ele>
   </trkpt>
   <trkpt lat="35.47424" lon="-115.70341">
    <ele>1089.85</ele>
   </trkpt>
   <trkpt lat="35.47449" lon="-115.70354">
    <ele>1089.21</ele>
   </trkpt>
   <trkpt lat="35.474630000000005" lon="-115.70359">
    <ele>1089.2</ele>
   </trkpt>
   <trkpt lat="35.47486" lon="-115.70363">
    <ele>1089.47</ele>
   </trkpt>
   <trkpt lat="35.475410000141466" lon="-115.7036050001647">
    <ele>1089.32</ele>
   </trkpt>
   <trkpt lat="35.47596" lon="-115.70358000000002">
    <ele>1088.47</ele>
   </trkpt>
   <trkpt lat="35.47677000009276" lon="-115.7034500013061">
    <ele>1090.8600000000001</ele>
   </trkpt>
   <trkpt lat="35.47758" lon="-115.70332">
    <ele>1093.48</ele>
   </trkpt>
   <trkpt lat="35.47806000021417" lon="-115.70327500024938">
    <ele>1093.8700000000001</ele>
   </trkpt>
   <trkpt lat="35.47854" lon="-115.70323">
    <ele>1094.48</ele>
   </trkpt>
   <trkpt lat="35.479040000000005" lon="-115.70314">
    <ele>1093.08</ele>
   </trkpt>
   <trkpt lat="35.47967000007312" lon="-115.70302000188964">
    <ele>1087.28</ele>
   </trkpt>
   <trkpt lat="35.48030000002744" lon="-115.70290000189836">
    <ele>1082.74</ele>
   </trkpt>
   <trkpt lat="35.48093" lon="-115.70278">
    <ele>1080.45</ele>
   </trkpt>
   <trkpt lat="35.48131" lon="-115.70278">
    <ele>1078.87</ele>
   </trkpt>
   <trkpt lat="35.48219000015366" lon="-115.7029033306367">
    <ele>1076.38</ele>
   </trkpt>
   <trkpt lat="35.48307000018185" lon="-115.70302666397394">
    <ele>1075.89</ele>
   </trkpt>
   <trkpt lat="35.48395" lon="-115.70315000000001">
    <ele>1075.13</ele>
   </trkpt>
   <trkpt lat="35.48470999999528" lon="-115.70323499919236">
    <ele>1074.6200000000001</ele>
   </trkpt>
   <trkpt lat="35.48547" lon="-115.70332">
    <ele>1074.06</ele>
   </trkpt>
   <trkpt lat="35.48616250005912" lon="-115.70337499857993">
    <ele>1072.95</ele>
   </trkpt>
   <trkpt lat="35.48685500009329" lon="-115.70342999810771">
    <ele>1072.5</ele>
   </trkpt>
   <trkpt lat="35.48754750010249" lon="-115.70348499858335">
    <ele>1072.2900000000002</ele>
   </trkpt>
   <trkpt lat="35.488240000000005" lon="-115.70354">
    <ele>1072.23</ele>
   </trkpt>
   <trkpt lat="35.489060000107884" lon="-115.70365499883398">
    <ele>1071.45</ele>
   </trkpt>
   <trkpt lat="35.48988" lon="-115.70377">
    <ele>1071.23</ele>
   </trkpt>
   <trkpt lat="35.490190000000005" lon="-115.70378000000001">
    <ele>1071.0000000000002</ele>
   </trkpt>
   <trkpt lat="35.49092999996476" lon="-115.70375333382599">
    <ele>1070.6</ele>
   </trkpt>
   <trkpt lat="35.49166999992365" lon="-115.70372666716082">
    <ele>1070.3100000000002</ele>
   </trkpt>
   <trkpt lat="35.49241" lon="-115.70370000000001">
    <ele>1068.71</ele>
   </trkpt>
   <trkpt lat="35.49304499988722" lon="-115.70369000008083">
    <ele>1067.9</ele>
   </trkpt>
   <trkpt lat="35.493680000000005" lon="-115.70368">
    <ele>1066.43</ele>
   </trkpt>
   <trkpt lat="35.49456499991061" lon="-115.70368">
    <ele>1065.62</ele>
   </trkpt>
   <trkpt lat="35.495450000000005" lon="-115.70368">
    <ele>1064.42</ele>
   </trkpt>
   <trkpt lat="35.49628250003312" lon="-115.70366750038814">
    <ele>1063.28</ele>
   </trkpt>
   <trkpt lat="35.49711500006494" lon="-115.70365500051722">
    <ele>1062.13</ele>
   </trkpt>
   <trkpt lat="35.497947500095485" lon="-115.7036425003872">
    <ele>1061.59</ele>
   </trkpt>
   <trkpt lat="35.498780000000004" lon="-115.70363">
    <ele>1059.3600000000001</ele>
   </trkpt>
   <trkpt lat="35.49958833342497" lon="-115.7035633366878">
    <ele>1057.7</ele>
   </trkpt>
   <trkpt lat="35.50039666681327" lon="-115.70349667203386">
    <ele>1056.5200000000002</ele>
   </trkpt>
   <trkpt lat="35.5012050001649" lon="-115.7034300060382">
    <ele>1055.35</ele>
   </trkpt>
   <trkpt lat="35.502013333479866" lon="-115.70336333870071">
    <ele>1053.9</ele>
   </trkpt>
   <trkpt lat="35.50282166675814" lon="-115.70329667002134">
    <ele>1052.51</ele>
   </trkpt>
   <trkpt lat="35.50363" lon="-115.70323">
    <ele>1051.83</ele>
   </trkpt>
   <trkpt lat="35.50417499987831" lon="-115.7031850003161">
    <ele>1050.1200000000001</ele>
   </trkpt>
   <trkpt lat="35.504720000000006" lon="-115.70314">
    <ele>1048.9700000000003</ele>
   </trkpt>
   <trkpt lat="35.50517" lon="-115.70313000000002">
    <ele>1048.39</ele>
   </trkpt>
   <trkpt lat="35.5052" lon="-115.70313000000002">
    <ele>1048.3200000000002</ele>
   </trkpt>
   <trkpt lat="35.50603714290852" lon="-115.70309928987685">
    <ele>1047.3600000000001</ele>
   </trkpt>
   <trkpt lat="35.50687428580924" lon="-115.70306857911339">
    <ele>1047.0300000000002</ele>
   </trkpt>
   <trkpt lat="35.50771142870219" lon="-115.70303786770967">
    <ele>1046.33</ele>
   </trkpt>
   <trkpt lat="35.508548571587355" lon="-115.7030071556656">
    <ele>1044.5900000000001</ele>
   </trkpt>
   <trkpt lat="35.50938571446472" lon="-115.7029764429812">
    <ele>1043.95</ele>
   </trkpt>
   <trkpt lat="35.51022285733432" lon="-115.70294572965635">
    <ele>1043.11</ele>
   </trkpt>
   <trkpt lat="35.51106000019613" lon="-115.7029150156911">
    <ele>1042.2600000000002</ele>
   </trkpt>
   <trkpt lat="35.51189714305015" lon="-115.70288430108539">
    <ele>1041.63</ele>
   </trkpt>
   <trkpt lat="35.5127342858964" lon="-115.70285358583921">
    <ele>1040.91</ele>
   </trkpt>
   <trkpt lat="35.513571428734856" lon="-115.70282286995247">
    <ele>1039.5700000000002</ele>
   </trkpt>
   <trkpt lat="35.51440857156552" lon="-115.70279215342516">
    <ele>1038.41</ele>
   </trkpt>
   <trkpt lat="35.515245714388406" lon="-115.70276143625729">
    <ele>1037.62</ele>
   </trkpt>
   <trkpt lat="35.51608285720349" lon="-115.70273071844879">
    <ele>1036.7700000000002</ele>
   </trkpt>
   <trkpt lat="35.516920000000006" lon="-115.70270000000001">
    <ele>1035.8500000000001</ele>
   </trkpt>
   <trkpt lat="35.51770000004243" lon="-115.7026950000483">
    <ele>1035.52</ele>
   </trkpt>
   <trkpt lat="35.518480000000004" lon="-115.70269">
    <ele>1034.52</ele>
   </trkpt>
   <trkpt lat="35.51874" lon="-115.70273">
    <ele>1034.24</ele>
   </trkpt>
   <trkpt lat="35.51914" lon="-115.70282">
    <ele>1033.3100000000002</ele>
   </trkpt>
   <trkpt lat="35.51968499997492" lon="-115.70297999887524">
    <ele>1032.8300000000002</ele>
   </trkpt>
   <trkpt lat="35.520230000000005" lon="-115.70314">
    <ele>1031.7200000000003</ele>
   </trkpt>
   <trkpt lat="35.52103800119061" lon="-115.70340998912332">
    <ele>1030.81</ele>
   </trkpt>
   <trkpt lat="35.52184600177958" lon="-115.70367998368262">
    <ele>1029.9900000000002</ele>
   </trkpt>
   <trkpt lat="35.522654001766895" lon="-115.70394998367809">
    <ele>1028.48</ele>
   </trkpt>
   <trkpt lat="35.52346200115254" lon="-115.70421998911007">
    <ele>1026.96</ele>
   </trkpt>
   <trkpt lat="35.52427" lon="-115.70449">
    <ele>1025.2700000000002</ele>
   </trkpt>
   <trkpt lat="35.52495500054704" lon="-115.70469999462281">
    <ele>1024.01</ele>
   </trkpt>
   <trkpt lat="35.525640000730114" lon="-115.70490999283054">
    <ele>1022.82</ele>
   </trkpt>
   <trkpt lat="35.52632500054919" lon="-115.7051199946233">
    <ele>1021.87</ele>
   </trkpt>
   <trkpt lat="35.527010000000004" lon="-115.70533">
    <ele>1020.98</ele>
   </trkpt>
   <trkpt lat="35.527885000333534" lon="-115.70557999729553">
    <ele>1019.9800000000001</ele>
   </trkpt>
   <trkpt lat="35.528760000000005" lon="-115.70583">
    <ele>1018.7300000000001</ele>
   </trkpt>
   <trkpt lat="35.529310000223596" lon="-115.70596499911105">
    <ele>1018.0400000000001</ele>
   </trkpt>
   <trkpt lat="35.529860000000006" lon="-115.7061">
    <ele>1017.57</ele>
   </trkpt>
   <trkpt lat="35.53040000008645" lon="-115.7062049993013">
    <ele>1017.33</ele>
   </trkpt>
   <trkpt lat="35.53094" lon="-115.70631000000002">
    <ele>1016.64</ele>
   </trkpt>
   <trkpt lat="35.53180500017283" lon="-115.70643499595398">
    <ele>1015.49</ele>
   </trkpt>
   <trkpt lat="35.532670000216704" lon="-115.70655999460323">
    <ele>1014.54</ele>
   </trkpt>
   <trkpt lat="35.5335350001316" lon="-115.70668499594787">
    <ele>1013.8800000000001</ele>
   </trkpt>
   <trkpt lat="35.534400000000005" lon="-115.70681">
    <ele>1013.19</ele>
   </trkpt>
   <trkpt lat="35.53506000025595" lon="-115.70692499908897">
    <ele>1012.4600000000002</ele>
   </trkpt>
   <trkpt lat="35.535720000000005" lon="-115.70704">
    <ele>1011.5100000000001</ele>
   </trkpt>
   <trkpt lat="35.536505000033415" lon="-115.70716999872181">
    <ele>1010.7300000000001</ele>
   </trkpt>
   <trkpt lat="35.537290000000006" lon="-115.7073">
    <ele>1009.8500000000001</ele>
   </trkpt>
   <trkpt lat="35.53781" lon="-115.70735">
    <ele>1009.1400000000001</ele>
   </trkpt>
   <trkpt lat="35.5386" lon="-115.70749">
    <ele>1008.8900000000001</ele>
   </trkpt>
   <trkpt lat="35.5392749999975" lon="-115.70764999862789">
    <ele>1008.6300000000001</ele>
   </trkpt>
   <trkpt lat="35.539950000000005" lon="-115.70781000000001">
    <ele>1007.8500000000001</ele>
   </trkpt>
   <trkpt lat="35.54047500009289" lon="-115.70791999928899">
    <ele>1007.3700000000001</ele>
   </trkpt>
   <trkpt lat="35.541000000000004" lon="-115.70803000000001">
    <ele>1006.8400000000001</ele>
   </trkpt>
   <trkpt lat="35.541680000398834" lon="-115.70823332990258">
    <ele>1006.1900000000002</ele>
   </trkpt>
   <trkpt lat="35.54236000045636" lon="-115.70843666325308">
    <ele>1005.5400000000001</ele>
   </trkpt>
   <trkpt lat="35.543040000000005" lon="-115.70864">
    <ele>1004.86</ele>
   </trkpt>
   <trkpt lat="35.543860001699436" lon="-115.70892665201167">
    <ele>1004.0100000000001</ele>
   </trkpt>
   <trkpt lat="35.5446800027205" lon="-115.70921330988544">
    <ele>1002.9700000000001</ele>
   </trkpt>
   <trkpt lat="35.545500003063154" lon="-115.70949997362155">
    <ele>1001.9200000000001</ele>
   </trkpt>
   <trkpt lat="35.546320002727384" lon="-115.70978664322037">
    <ele>1001.0000000000001</ele>
   </trkpt>
   <trkpt lat="35.54714000171315" lon="-115.71007331868212">
    <ele>999.9700000000001</ele>
   </trkpt>
   <trkpt lat="35.54796" lon="-115.71036000000001">
    <ele>999.3000000000001</ele>
   </trkpt>
   <trkpt lat="35.54855500042727" lon="-115.71057499849003">
    <ele>998.35</ele>
   </trkpt>
   <trkpt lat="35.549150000000004" lon="-115.71079">
    <ele>997.72</ele>
   </trkpt>
   <trkpt lat="35.54987666722002" lon="-115.71101999586782">
    <ele>996.74</ele>
   </trkpt>
   <trkpt lat="35.5506033340033" lon="-115.71124999590467">
    <ele>995.8800000000001</ele>
   </trkpt>
   <trkpt lat="35.55133" lon="-115.71148000000001">
    <ele>994.96</ele>
   </trkpt>
   <trkpt lat="35.55216200126632" lon="-115.7117559885455">
    <ele>994.3700000000001</ele>
   </trkpt>
   <trkpt lat="35.552994001903734" lon="-115.71203198281935">
    <ele>994.16</ele>
   </trkpt>
   <trkpt lat="35.55382600191222" lon="-115.71230798282188">
    <ele>993.45</ele>
   </trkpt>
   <trkpt lat="35.554658001291756" lon="-115.71258398855333">
    <ele>993.22</ele>
   </trkpt>
   <trkpt lat="35.555490000000006" lon="-115.71286">
    <ele>992.19</ele>
   </trkpt>
   <trkpt lat="35.555580000000006" lon="-115.71258">
    <ele>992.19</ele>
   </trkpt>
   <trkpt lat="35.55586" lon="-115.71178">
    <ele>992.89</ele>
   </trkpt>
   <trkpt lat="35.556190008737765" lon="-115.71094001037743">
    <ele>993.95</ele>
   </trkpt>
   <trkpt lat="35.55652001164965" lon="-115.71010001383853">
    <ele>994.7800000000001</ele>
   </trkpt>
   <trkpt lat="35.55685000873555" lon="-115.70926001038335">
    <ele>995.83</ele>
   </trkpt>
   <trkpt lat="35.55718" lon="-115.70842">
    <ele>996.95</ele>
   </trkpt>
   <trkpt lat="35.55756262031722" lon="-115.70743620663684">
    <ele>997.87</ele>
   </trkpt>
   <trkpt lat="35.55794523264293" lon="-115.70645240388147">
    <ele>999.6400000000001</ele>
   </trkpt>
   <trkpt lat="35.55832783697694" lon="-115.70546859173386">
    <ele>1001.1400000000001</ele>
   </trkpt>
   <trkpt lat="35.55871043331906" lon="-115.70448477019397">
    <ele>1002.85</ele>
   </trkpt>
   <trkpt lat="35.559093021669106" lon="-115.70350093926186">
    <ele>1004.6700000000002</ele>
   </trkpt>
   <trkpt lat="35.559475602026886" lon="-115.70251709893742">
    <ele>1006.9000000000001</ele>
   </trkpt>
   <trkpt lat="35.55985817439221" lon="-115.70153324922065">
    <ele>1008.7700000000001</ele>
   </trkpt>
   <trkpt lat="35.56024073876489" lon="-115.7005493901115">
    <ele>1010.5600000000001</ele>
   </trkpt>
   <trkpt lat="35.56062329514473" lon="-115.69956552160995">
    <ele>1012.7000000000002</ele>
   </trkpt>
   <trkpt lat="35.561005843531554" lon="-115.69858164371604">
    <ele>1015.1300000000001</ele>
   </trkpt>
   <trkpt lat="35.56138838392516" lon="-115.69759775642969">
    <ele>1017.5500000000002</ele>
   </trkpt>
   <trkpt lat="35.56177091632538" lon="-115.69661385975084">
    <ele>1019.5400000000001</ele>
   </trkpt>
   <trkpt lat="35.56215344073199" lon="-115.69562995367951">
    <ele>1021.6899999999999</ele>
   </trkpt>
   <trkpt lat="35.562535957144824" lon="-115.69464603821572">
    <ele>1023.4800000000001</ele>
   </trkpt>
   <trkpt lat="35.5629184655637" lon="-115.69366211335932">
    <ele>1025.39</ele>
   </trkpt>
   <trkpt lat="35.56330096598842" lon="-115.6926781791104">
    <ele>1028.2900000000002</ele>
   </trkpt>
   <trkpt lat="35.56368345841879" lon="-115.69169423546887">
    <ele>1031.2100000000003</ele>
   </trkpt>
   <trkpt lat="35.564065942854604" lon="-115.69071028243472">
    <ele>1034.52</ele>
   </trkpt>
   <trkpt lat="35.56444841929571" lon="-115.68972632000794">
    <ele>1038.06</ele>
   </trkpt>
   <trkpt lat="35.564830887741905" lon="-115.6887423481885">
    <ele>1042.0</ele>
   </trkpt>
   <trkpt lat="35.565213348193" lon="-115.68775836697634">
    <ele>1045.5100000000002</ele>
   </trkpt>
   <trkpt lat="35.565595800648794" lon="-115.68677437637146">
    <ele>1049.45</ele>
   </trkpt>
   <trkpt lat="35.5659782451091" lon="-115.68579037637384">
    <ele>1053.2400000000002</ele>
   </trkpt>
   <trkpt lat="35.566360681573755" lon="-115.68480636698344">
    <ele>1057.19</ele>
   </trkpt>
   <trkpt lat="35.56674311004253" lon="-115.68382234820025">
    <ele>1060.22</ele>
   </trkpt>
   <trkpt lat="35.56712553051527" lon="-115.68283832002425">
    <ele>1065.15</ele>
   </trkpt>
   <trkpt lat="35.56750794299177" lon="-115.68185428245538">
    <ele>1069.53</ele>
   </trkpt>
   <trkpt lat="35.56789034747184" lon="-115.68087023549366">
    <ele>1072.68</ele>
   </trkpt>
   <trkpt lat="35.56827274395529" lon="-115.67988617913902">
    <ele>1077.69</ele>
   </trkpt>
   <trkpt lat="35.56865513244194" lon="-115.67890211339144">
    <ele>1081.45</ele>
   </trkpt>
   <trkpt lat="35.569037512931594" lon="-115.67791803825091">
    <ele>1086.3500000000001</ele>
   </trkpt>
   <trkpt lat="35.56941988542406" lon="-115.67693395371742">
    <ele>1090.5</ele>
   </trkpt>
   <trkpt lat="35.56980224991916" lon="-115.67594985979092">
    <ele>1094.44</ele>
   </trkpt>
   <trkpt lat="35.5701846064167" lon="-115.6749657564714">
    <ele>1097.8100000000002</ele>
   </trkpt>
   <trkpt lat="35.57056695491648" lon="-115.6739816437588">
    <ele>1104.77</ele>
   </trkpt>
   <trkpt lat="35.57094929541833" lon="-115.67299752165312">
    <ele>1109.2700000000002</ele>
   </trkpt>
   <trkpt lat="35.57133162792204" lon="-115.67201339015436">
    <ele>1112.26</ele>
   </trkpt>
   <trkpt lat="35.571713952427444" lon="-115.67102924926243">
    <ele>1116.91</ele>
   </trkpt>
   <trkpt lat="35.57209626893433" lon="-115.67004509897738">
    <ele>1120.69</ele>
   </trkpt>
   <trkpt lat="35.572478577442524" lon="-115.66906093929914">
    <ele>1124.7</ele>
   </trkpt>
   <trkpt lat="35.57286087795184" lon="-115.66807677022769">
    <ele>1127.5700000000002</ele>
   </trkpt>
   <trkpt lat="35.57324317046208" lon="-115.66709259176301">
    <ele>1132.0700000000002</ele>
   </trkpt>
   <trkpt lat="35.57362545497304" lon="-115.66610840390503">
    <ele>1135.17</ele>
   </trkpt>
   <trkpt lat="35.57400773148455" lon="-115.66512420665381">
    <ele>1137.6000000000001</ele>
   </trkpt>
   <trkpt lat="35.57439" lon="-115.66414">
    <ele>1145.04</ele>
   </trkpt>
   <trkpt lat="35.57477569632377" lon="-115.66315322185453">
    <ele>1148.8100000000002</ele>
   </trkpt>
   <trkpt lat="35.57516138460579" lon="-115.66216643420663">
    <ele>1152.5400000000002</ele>
   </trkpt>
   <trkpt lat="35.575547064845885" lon="-115.66117963705621">
    <ele>1156.8700000000001</ele>
   </trkpt>
   <trkpt lat="35.575932737043885" lon="-115.66019283040328">
    <ele>1163.3</ele>
   </trkpt>
   <trkpt lat="35.576318401199586" lon="-115.65920601424779">
    <ele>1167.14</ele>
   </trkpt>
   <trkpt lat="35.57670405731279" lon="-115.65821918858973">
    <ele>1166.3000000000002</ele>
   </trkpt>
   <trkpt lat="35.577089705383294" lon="-115.65723235342907">
    <ele>1161.45</ele>
   </trkpt>
   <trkpt lat="35.577475345410924" lon="-115.65624550876574">
    <ele>1170.5700000000002</ele>
   </trkpt>
   <trkpt lat="35.57786097739549" lon="-115.65525865459979">
    <ele>1169.34</ele>
   </trkpt>
   <trkpt lat="35.578246601336794" lon="-115.65427179093109">
    <ele>1169.7600000000002</ele>
   </trkpt>
   <trkpt lat="35.57863221723464" lon="-115.65328491775972">
    <ele>1173.74</ele>
   </trkpt>
   <trkpt lat="35.579017825088854" lon="-115.65229803508556">
    <ele>1175.1</ele>
   </trkpt>
   <trkpt lat="35.579403424899205" lon="-115.65131114290867">
    <ele>1179.5300000000002</ele>
   </trkpt>
   <trkpt lat="35.57978901666555" lon="-115.65032424122894">
    <ele>1177.25</ele>
   </trkpt>
   <trkpt lat="35.58017460038766" lon="-115.64933733004638">
    <ele>1174.98</ele>
   </trkpt>
   <trkpt lat="35.58056017606537" lon="-115.64835040936096">
    <ele>1181.3</ele>
   </trkpt>
   <trkpt lat="35.580945743698464" lon="-115.64736347917263">
    <ele>1190.3400000000001</ele>
   </trkpt>
   <trkpt lat="35.58133130328676" lon="-115.64637653948135">
    <ele>1188.46</ele>
   </trkpt>
   <trkpt lat="35.58171685483007" lon="-115.64538959028718">
    <ele>1188.0900000000001</ele>
   </trkpt>
   <trkpt lat="35.582102398328196" lon="-115.64440263159">
    <ele>1192.77</ele>
   </trkpt>
   <trkpt lat="35.58248793378096" lon="-115.64341566338985">
    <ele>1197.7900000000002</ele>
   </trkpt>
   <trkpt lat="35.58287346118815" lon="-115.64242868568661">
    <ele>1195.16</ele>
   </trkpt>
   <trkpt lat="35.5832589805496" lon="-115.64144169848035">
    <ele>1198.26</ele>
   </trkpt>
   <trkpt lat="35.58364449186509" lon="-115.64045470177098">
    <ele>1202.02</ele>
   </trkpt>
   <trkpt lat="35.58402999513443" lon="-115.6394676955585">
    <ele>1204.8100000000002</ele>
   </trkpt>
   <trkpt lat="35.58441549035746" lon="-115.63848067984289">
    <ele>1208.0700000000002</ele>
   </trkpt>
   <trkpt lat="35.584800977533945" lon="-115.63749365462408">
    <ele>1212.3000000000002</ele>
   </trkpt>
   <trkpt lat="35.58518645666372" lon="-115.63650661990205">
    <ele>1216.3400000000001</ele>
   </trkpt>
   <trkpt lat="35.58557192774659" lon="-115.63551957567681">
    <ele>1221.0100000000002</ele>
   </trkpt>
   <trkpt lat="35.58595739078237" lon="-115.6345325219483">
    <ele>1225.2800000000002</ele>
   </trkpt>
   <trkpt lat="35.58634284577085" lon="-115.63354545871653">
    <ele>1230.1000000000001</ele>
   </trkpt>
   <trkpt lat="35.586728292711854" lon="-115.6325583859814">
    <ele>1233.0500000000002</ele>
   </trkpt>
   <trkpt lat="35.58711373160517" lon="-115.63157130374296">
    <ele>1234.88</ele>
   </trkpt>
   <trkpt lat="35.58749916245064" lon="-115.63058421200111">
    <ele>1234.14</ele>
   </trkpt>
   <trkpt lat="35.58788458524803" lon="-115.62959711075588">
    <ele>1241.0400000000002</ele>
   </trkpt>
   <trkpt lat="35.58827" lon="-115.62861000000001">
    <ele>1245.75</ele>
   </trkpt>
   <trkpt lat="35.58864158464886" lon="-115.62764466914729">
    <ele>1251.68</ele>
   </trkpt>
   <trkpt lat="35.58901316160049" lon="-115.62667932933415">
    <ele>1254.69</ele>
   </trkpt>
   <trkpt lat="35.589384730854704" lon="-115.6257139805606">
    <ele>1257.68</ele>
   </trkpt>
   <trkpt lat="35.58975629241135" lon="-115.62474862282662">
    <ele>1259.8600000000001</ele>
   </trkpt>
   <trkpt lat="35.59012784627025" lon="-115.62378325613219">
    <ele>1262.64</ele>
   </trkpt>
   <trkpt lat="35.5904993924312" lon="-115.62281788047726">
    <ele>1263.89</ele>
   </trkpt>
   <trkpt lat="35.59087093089404" lon="-115.62185249586183">
    <ele>1265.2500000000002</ele>
   </trkpt>
   <trkpt lat="35.591242461658595" lon="-115.6208871022859">
    <ele>1267.19</ele>
   </trkpt>
   <trkpt lat="35.59161398472469" lon="-115.61992169974943">
    <ele>1268.13</ele>
   </trkpt>
   <trkpt lat="35.59198550009215" lon="-115.61895628825239">
    <ele>1266.94</ele>
   </trkpt>
   <trkpt lat="35.592357007760775" lon="-115.61799086779477">
    <ele>1268.13</ele>
   </trkpt>
   <trkpt lat="35.59272850773042" lon="-115.61702543837654">
    <ele>1272.39</ele>
   </trkpt>
   <trkpt lat="35.5931" lon="-115.61606">
    <ele>1272.97</ele>
   </trkpt>
   <trkpt lat="35.593150001722115" lon="-115.61541500035322">
    <ele>1273.0100000000002</ele>
   </trkpt>
   <trkpt lat="35.5932" lon="-115.61477000000001">
    <ele>1274.01</ele>
   </trkpt>
   <trkpt lat="35.593237509757536" lon="-115.61388250129482">
    <ele>1278.4</ele>
   </trkpt>
   <trkpt lat="35.59327501300872" lon="-115.61299500175798">
    <ele>1286.7700000000002</ele>
   </trkpt>
   <trkpt lat="35.59331250975354" lon="-115.61210750138963">
    <ele>1297.49</ele>
   </trkpt>
   <trkpt lat="35.59335" lon="-115.61122">
    <ele>1302.48</ele>
   </trkpt>
   <trkpt lat="35.593438014845425" lon="-115.61027200418948">
    <ele>1295.69</ele>
   </trkpt>
   <trkpt lat="35.59352602226722" lon="-115.60932400629439">
    <ele>1304.7000000000003</ele>
   </trkpt>
   <trkpt lat="35.59361402226535" lon="-115.60837600631488">
    <ele>1318.45</ele>
   </trkpt>
   <trkpt lat="35.59370201483976" lon="-115.60742800425113">
    <ele>1326.1000000000001</ele>
   </trkpt>
   <trkpt lat="35.593790000000006" lon="-115.60648">
    <ele>1324.3600000000001</ele>
   </trkpt>
   <trkpt lat="35.59382" lon="-115.60554">
    <ele>1326.65</ele>
   </trkpt>
   <trkpt lat="35.59389751359791" lon="-115.60449250301384">
    <ele>1324.38</ele>
   </trkpt>
   <trkpt lat="35.593975018131985" lon="-115.60344500399911">
    <ele>1333.82</ele>
   </trkpt>
   <trkpt lat="35.59405251360221" lon="-115.60239750295607">
    <ele>1339.7100000000003</ele>
   </trkpt>
   <trkpt lat="35.59413" lon="-115.60135000000001">
    <ele>1344.3500000000001</ele>
   </trkpt>
   <trkpt lat="35.594190003916495" lon="-115.60037500089054">
    <ele>1345.9500000000003</ele>
   </trkpt>
   <trkpt lat="35.59425" lon="-115.5994">
    <ele>1349.97</ele>
   </trkpt>
   <trkpt lat="35.59426500174456" lon="-115.59875000014262">
    <ele>1347.25</ele>
   </trkpt>
   <trkpt lat="35.594280000000005" lon="-115.59810000000002">
    <ele>1349.3400000000001</ele>
   </trkpt>
   <trkpt lat="35.59435288461306" lon="-115.59704714861225">
    <ele>1358.18</ele>
   </trkpt>
   <trkpt lat="35.594425760069335" lon="-115.59599429530729">
    <ele>1366.0100000000002</ele>
   </trkpt>
   <trkpt lat="35.59449862636879" lon="-115.59494144008542">
    <ele>1364.44</ele>
   </trkpt>
   <trkpt lat="35.5945714835114" lon="-115.5938885829468">
    <ele>1374.5200000000002</ele>
   </trkpt>
   <trkpt lat="35.59464433149712" lon="-115.5928357238917">
    <ele>1373.7800000000002</ele>
   </trkpt>
   <trkpt lat="35.594717170325914" lon="-115.59178286292037">
    <ele>1379.69</ele>
   </trkpt>
   <trkpt lat="35.59479" lon="-115.59073000000001">
    <ele>1383.0300000000002</ele>
   </trkpt>
   <trkpt lat="35.594820001914364" lon="-115.59005000015242">
    <ele>1384.3400000000001</ele>
   </trkpt>
   <trkpt lat="35.59485" lon="-115.58937">
    <ele>1386.13</ele>
   </trkpt>
   <trkpt lat="35.59489" lon="-115.58915">
    <ele>1388.3700000000001</ele>
   </trkpt>
   <trkpt lat="35.59493000167511" lon="-115.58851000058615">
    <ele>1388.03</ele>
   </trkpt>
   <trkpt lat="35.59497" lon="-115.58787000000001">
    <ele>1391.78</ele>
   </trkpt>
   <trkpt lat="35.59487" lon="-115.58697000000001">
    <ele>1391.78</ele>
   </trkpt>
   <trkpt lat="35.594840001728464" lon="-115.58632499997665">
    <ele>1391.8700000000001</ele>
   </trkpt>
   <trkpt lat="35.59481" lon="-115.58568000000001">
    <ele>1391.8700000000001</ele>
   </trkpt>
   <trkpt lat="35.59476" lon="-115.58535">
    <ele>1391.8700000000001</ele>
   </trkpt>
   <trkpt lat="35.59478" lon="-115.58494">
    <ele>1397.8799999999999</ele>
   </trkpt>
   <trkpt lat="35.59498500183675" lon="-115.5842700017726">
    <ele>1397.8799999999999</ele>
   </trkpt>
   <trkpt lat="35.59519" lon="-115.5836">
    <ele>1397.8799999999999</ele>
   </trkpt>
   <trkpt lat="35.595490000000005" lon="-115.58302">
    <ele>1397.8799999999999</ele>
   </trkpt>
   <trkpt lat="35.595580001835934" lon="-115.5823500008887">
    <ele>1397.8799999999999</ele>
   </trkpt>
   <trkpt lat="35.595670000000005" lon="-115.58168">
    <ele>1397.8799999999999</ele>
   </trkpt>
   <trkpt lat="35.59566" lon="-115.58119">
    <ele>1397.8799999999999</ele>
   </trkpt>
   <trkpt lat="35.59554" lon="-115.5806">
    <ele>1397.8799999999999</ele>
   </trkpt>
   <trkpt lat="35.59547500439272" lon="-115.57956999933573">
    <ele>1397.8799999999999</ele>
   </trkpt>
   <trkpt lat="35.59541" lon="-115.57854">
    <ele>1448.2700000000002</ele>
   </trkpt>
   <trkpt lat="35.59566" lon="-115.57782">
    <ele>1448.2700000000002</ele>
   </trkpt>
   <trkpt lat="35.595560000000006" lon="-115.57684">
    <ele>1448.2700000000002</ele>
   </trkpt>
   <trkpt lat="35.595740000000006" lon="-115.57594">
    <ele>1448.2700000000002</ele>
   </trkpt>
   <trkpt lat="35.59602" lon="-115.57533000000001">
    <ele>1448.2700000000002</ele>
   </trkpt>
   <trkpt lat="35.59631" lon="-115.57496">
    <ele>1448.2700000000002</ele>
   </trkpt>
   <trkpt lat="35.59647667159492" lon="-115.57418666994313">
    <ele>1448.2700000000002</ele>
   </trkpt>
   <trkpt lat="35.59664333824957" lon="-115.5734133366656">
    <ele>1448.2700000000002</ele>
   </trkpt>
   <trkpt lat="35.596810000000005" lon="-115.57264">
    <ele>1448.2700000000002</ele>
   </trkpt>
   <trkpt lat="35.59713" lon="-115.57165">
    <ele>1448.2700000000002</ele>
   </trkpt>
   <trkpt lat="35.59714" lon="-115.57079">
    <ele>1448.2700000000002</ele>
   </trkpt>
   <trkpt lat="35.59685000251969" lon="-115.57000999719206">
    <ele>1448.2700000000002</ele>
   </trkpt>
   <trkpt lat="35.596560000000004" lon="-115.56923">
    <ele>1448.2700000000002</ele>
   </trkpt>
   <trkpt lat="35.59613" lon="-115.56856">
    <ele>1439.07</ele>
   </trkpt>
   <trkpt lat="35.59597" lon="-115.56806">
    <ele>1439.07</ele>
   </trkpt>
   <trkpt lat="35.5961" lon="-115.56775">
    <ele>1439.07</ele>
   </trkpt>
   <trkpt lat="35.59606" lon="-115.56739">
    <ele>1439.07</ele>
   </trkpt>
   <trkpt lat="35.595800000000004" lon="-115.56681">
    <ele>1439.07</ele>
   </trkpt>
   <trkpt lat="35.59563" lon="-115.56596">
    <ele>1439.07</ele>
   </trkpt>
   <trkpt lat="35.59566000138998" lon="-115.56538000020696">
    <ele>1439.07</ele>
   </trkpt>
   <trkpt lat="35.595690000000005" lon="-115.5648">
    <ele>1439.07</ele>
   </trkpt>
   <trkpt lat="35.59581" lon="-115.56423000000001">
    <ele>1439.07</ele>
   </trkpt>
   <trkpt lat="35.59622" lon="-115.5639">
    <ele>1439.07</ele>
   </trkpt>
   <trkpt lat="35.596680000000006" lon="-115.56359">
    <ele>1439.07</ele>
   </trkpt>
   <trkpt lat="35.596680000000006" lon="-115.56314">
    <ele>1439.07</ele>
   </trkpt>
   <trkpt lat="35.596320000000006" lon="-115.56242">
    <ele>1439.07</ele>
   </trkpt>
   <trkpt lat="35.59633" lon="-115.56207">
    <ele>1439.07</ele>
   </trkpt>
   <trkpt lat="35.59649" lon="-115.56193">
    <ele>1439.07</ele>
   </trkpt>
   <trkpt lat="35.596540000000005" lon="-115.56149">
    <ele>1439.07</ele>
   </trkpt>
   <trkpt lat="35.59648000185534" lon="-115.56081499919519">
    <ele>1439.07</ele>
   </trkpt>
   <trkpt lat="35.59642" lon="-115.56014">
    <ele>1439.07</ele>
   </trkpt>
   <trkpt lat="35.596160000000005" lon="-115.55933">
    <ele>1368.8200000000002</ele>
   </trkpt>
   <trkpt lat="35.596180001378436" lon="-115.55875000046436">
    <ele>1368.8200000000002</ele>
   </trkpt>
   <trkpt lat="35.5962" lon="-115.55817">
    <ele>1368.8200000000002</ele>
   </trkpt>
   <trkpt lat="35.5964" lon="-115.55723">
    <ele>1368.8200000000002</ele>
   </trkpt>
   <trkpt lat="35.59631" lon="-115.5562">
    <ele>1368.8200000000002</ele>
   </trkpt>
   <trkpt lat="35.596005002148075" lon="-115.55547999727274">
    <ele>1368.8200000000002</ele>
   </trkpt>
   <trkpt lat="35.5957" lon="-115.55476000000002">
    <ele>1368.8200000000002</ele>
   </trkpt>
   <trkpt lat="35.595740000000006" lon="-115.55398000000001">
    <ele>1368.8200000000002</ele>
   </trkpt>
   <trkpt lat="35.59566" lon="-115.55348000000001">
    <ele>1368.8200000000002</ele>
   </trkpt>
   <trkpt lat="35.595600000000005" lon="-115.55289">
    <ele>1362.42</ele>
   </trkpt>
   <trkpt lat="35.595470000000006" lon="-115.55257">
    <ele>1362.42</ele>
   </trkpt>
   <trkpt lat="35.59532" lon="-115.55186">
    <ele>1362.42</ele>
   </trkpt>
   <trkpt lat="35.59521" lon="-115.55157000000001">
    <ele>1362.3200000000002</ele>
   </trkpt>
   <trkpt lat="35.5955" lon="-115.55083">
    <ele>1360.45</ele>
   </trkpt>
   <trkpt lat="35.595600000000005" lon="-115.55074">
    <ele>1360.6100000000001</ele>
   </trkpt>
   <trkpt lat="35.595710000000004" lon="-115.55021">
    <ele>1358.47</ele>
   </trkpt>
   <trkpt lat="35.595650000000006" lon="-115.54948">
    <ele>1352.6100000000001</ele>
   </trkpt>
   <trkpt lat="35.595710000000004" lon="-115.54886">
    <ele>1352.81</ele>
   </trkpt>
   <trkpt lat="35.595960000000005" lon="-115.54854">
    <ele>1351.21</ele>
   </trkpt>
   <trkpt lat="35.595850000000006" lon="-115.54814">
    <ele>1347.0700000000002</ele>
   </trkpt>
   <trkpt lat="35.595580000000005" lon="-115.54751">
    <ele>1337.3400000000001</ele>
   </trkpt>
   <trkpt lat="35.59531500108971" lon="-115.54699999834124">
    <ele>1335.25</ele>
   </trkpt>
   <trkpt lat="35.59505" lon="-115.54649">
    <ele>1334.63</ele>
   </trkpt>
   <trkpt lat="35.59472" lon="-115.54568">
    <ele>1327.13</ele>
   </trkpt>
   <trkpt lat="35.594590000000004" lon="-115.54523">
    <ele>1326.5</ele>
   </trkpt>
   <trkpt lat="35.594460000000005" lon="-115.54451">
    <ele>1327.45</ele>
   </trkpt>
   <trkpt lat="35.59414" lon="-115.54350000000001">
    <ele>1319.0000000000002</ele>
   </trkpt>
   <trkpt lat="35.593970000000006" lon="-115.54265000000001">
    <ele>1318.4900000000002</ele>
   </trkpt>
   <trkpt lat="35.59395" lon="-115.54155000000002">
    <ele>1315.79</ele>
   </trkpt>
   <trkpt lat="35.59385" lon="-115.5408">
    <ele>1309.9</ele>
   </trkpt>
   <trkpt lat="35.59369500188588" lon="-115.54013499896716">
    <ele>1307.26</ele>
   </trkpt>
   <trkpt lat="35.593540000000004" lon="-115.53947000000001">
    <ele>1302.68</ele>
   </trkpt>
   <trkpt lat="35.59348000287845" lon="-115.53863499935687">
    <ele>1295.2700000000002</ele>
   </trkpt>
   <trkpt lat="35.59342" lon="-115.5378">
    <ele>1287.64</ele>
   </trkpt>
   <trkpt lat="35.593160000000005" lon="-115.53718">
    <ele>1282.46</ele>
   </trkpt>
   <trkpt lat="35.59313000284388" lon="-115.53634999964997">
    <ele>1268.76</ele>
   </trkpt>
   <trkpt lat="35.5931" lon="-115.53552">
    <ele>1255.49</ele>
   </trkpt>
   <trkpt lat="35.59315000188451" lon="-115.5348450003854">
    <ele>1245.1100000000001</ele>
   </trkpt>
   <trkpt lat="35.5932" lon="-115.53417">
    <ele>1235.09</ele>
   </trkpt>
   <trkpt lat="35.593326672226674" lon="-115.53335000255824">
    <ele>1229.5</ele>
   </trkpt>
   <trkpt lat="35.593453338899046" lon="-115.53253000252134">
    <ele>1225.46</ele>
   </trkpt>
   <trkpt lat="35.59358" lon="-115.53171">
    <ele>1221.5900000000001</ele>
   </trkpt>
   <trkpt lat="35.5936250087442" lon="-115.53087000139152">
    <ele>1216.0900000000001</ele>
   </trkpt>
   <trkpt lat="35.59367001165985" lon="-115.53003000183848">
    <ele>1212.41</ele>
   </trkpt>
   <trkpt lat="35.59371500874692" lon="-115.52919000134106">
    <ele>1207.68</ele>
   </trkpt>
   <trkpt lat="35.59376" lon="-115.52835">
    <ele>1203.75</ele>
   </trkpt>
   <trkpt lat="35.593917513144355" lon="-115.52732000608606">
    <ele>1198.53</ele>
   </trkpt>
   <trkpt lat="35.59407501752524" lon="-115.52629000811869">
    <ele>1192.17</ele>
   </trkpt>
   <trkpt lat="35.59423251314258" lon="-115.5252600060981">
    <ele>1187.0800000000002</ele>
   </trkpt>
   <trkpt lat="35.594390000000004" lon="-115.52423">
    <ele>1180.16</ele>
   </trkpt>
   <trkpt lat="35.59478" lon="-115.52374">
    <ele>1177.46</ele>
   </trkpt>
   <trkpt lat="35.59507" lon="-115.52289">
    <ele>1173.1299999999999</ele>
   </trkpt>
   <trkpt lat="35.595218224102645" lon="-115.5218782005536">
    <ele>1168.98</ele>
   </trkpt>
   <trkpt lat="35.59536643974855" lon="-115.52086639736">
    <ele>1164.3600000000001</ele>
   </trkpt>
   <trkpt lat="35.59551464693769" lon="-115.51985459041941">
    <ele>1159.37</ele>
   </trkpt>
   <trkpt lat="35.595662845669914" lon="-115.51884277973203">
    <ele>1153.5900000000001</ele>
   </trkpt>
   <trkpt lat="35.5958110359452" lon="-115.51783096529803">
    <ele>1147.21</ele>
   </trkpt>
   <trkpt lat="35.595959217763436" lon="-115.51681914711756">
    <ele>1143.2900000000002</ele>
   </trkpt>
   <trkpt lat="35.59610739112456" lon="-115.51580732519082">
    <ele>1138.76</ele>
   </trkpt>
   <trkpt lat="35.5962555560285" lon="-115.51479549951802">
    <ele>1134.1100000000001</ele>
   </trkpt>
   <trkpt lat="35.596403712475166" lon="-115.5137836700993">
    <ele>1129.0500000000002</ele>
   </trkpt>
   <trkpt lat="35.59655186046449" lon="-115.51277183693483">
    <ele>1123.52</ele>
   </trkpt>
   <trkpt lat="35.596700000000006" lon="-115.51176000000001">
    <ele>1118.0800000000002</ele>
   </trkpt>
   <trkpt lat="35.596835011054544" lon="-115.51081500485917">
    <ele>1113.7100000000003</ele>
   </trkpt>
   <trkpt lat="35.59697001473206" lon="-115.5098700065304">
    <ele>1108.0800000000002</ele>
   </trkpt>
   <trkpt lat="35.59710501103249" lon="-115.5089250050138">
    <ele>1103.3200000000002</ele>
   </trkpt>
   <trkpt lat="35.597240000000006" lon="-115.50798">
    <ele>1097.9</ele>
   </trkpt>
   <trkpt lat="35.59733" lon="-115.50744">
    <ele>1095.01</ele>
   </trkpt>
   <trkpt lat="35.597350000000006" lon="-115.50668">
    <ele>1090.5900000000001</ele>
   </trkpt>
   <trkpt lat="35.597390000000004" lon="-115.50646">
    <ele>1089.05</ele>
   </trkpt>
   <trkpt lat="35.597440000000006" lon="-115.50598000000001">
    <ele>1089.69</ele>
   </trkpt>
   <trkpt lat="35.59742" lon="-115.50561">
    <ele>1089.23</ele>
   </trkpt>
   <trkpt lat="35.59753500116519" lon="-115.50506500107528">
    <ele>1084.21</ele>
   </trkpt>
   <trkpt lat="35.59765" lon="-115.50452000000001">
    <ele>1080.99</ele>
   </trkpt>
   <trkpt lat="35.59780751036724" lon="-115.5036050054428">
    <ele>1076.3400000000001</ele>
   </trkpt>
   <trkpt lat="35.59796501381833" lon="-115.50269000728422">
    <ele>1073.94</ele>
   </trkpt>
   <trkpt lat="35.598122510353235" lon="-115.50177500552445">
    <ele>1070.4900000000002</ele>
   </trkpt>
   <trkpt lat="35.59828" lon="-115.50086">
    <ele>1067.0900000000001</ele>
   </trkpt>
   <trkpt lat="35.59843271256384" lon="-115.49981635162334">
    <ele>1062.09</ele>
   </trkpt>
   <trkpt lat="35.598585416129836" lon="-115.49877269926405">
    <ele>1057.28</ele>
   </trkpt>
   <trkpt lat="35.59873811069791" lon="-115.49772904292232">
    <ele>1053.4</ele>
   </trkpt>
   <trkpt lat="35.59889079626795" lon="-115.49668538259834">
    <ele>1048.7300000000002</ele>
   </trkpt>
   <trkpt lat="35.5990434728399" lon="-115.49564171829236">
    <ele>1045.2700000000002</ele>
   </trkpt>
   <trkpt lat="35.59919614041367" lon="-115.49459805000454">
    <ele>1039.63</ele>
   </trkpt>
   <trkpt lat="35.59934879898917" lon="-115.49355437773504">
    <ele>1035.15</ele>
   </trkpt>
   <trkpt lat="35.59950144856631" lon="-115.49251070148414">
    <ele>1030.1299999999999</ele>
   </trkpt>
   <trkpt lat="35.59965408914502" lon="-115.49146702125195">
    <ele>1025.2100000000003</ele>
   </trkpt>
   <trkpt lat="35.599806720725205" lon="-115.49042333703873">
    <ele>1020.41</ele>
   </trkpt>
   <trkpt lat="35.59995934330678" lon="-115.48937964884465">
    <ele>1015.29</ele>
   </trkpt>
   <trkpt lat="35.600111956889656" lon="-115.48833595666993">
    <ele>1010.6000000000001</ele>
   </trkpt>
   <trkpt lat="35.600264561473765" lon="-115.48729226051476">
    <ele>1004.7700000000001</ele>
   </trkpt>
   <trkpt lat="35.600417157059" lon="-115.4862485603793">
    <ele>999.75</ele>
   </trkpt>
   <trkpt lat="35.60056974364529" lon="-115.48520485626376">
    <ele>994.65</ele>
   </trkpt>
   <trkpt lat="35.600722321232546" lon="-115.48416114816838">
    <ele>989.0500000000001</ele>
   </trkpt>
   <trkpt lat="35.600874889820695" lon="-115.48311743609332">
    <ele>984.65</ele>
   </trkpt>
   <trkpt lat="35.60102744940963" lon="-115.48207372003883">
    <ele>978.69</ele>
   </trkpt>
   <trkpt lat="35.60118" lon="-115.48103">
    <ele>973.64</ele>
   </trkpt>
   <trkpt lat="35.60133480227494" lon="-115.47996605965506">
    <ele>969.61</ele>
   </trkpt>
   <trkpt lat="35.6014895951984" lon="-115.47890211519402">
    <ele>965.1200000000001</ele>
   </trkpt>
   <trkpt lat="35.60164437877033" lon="-115.4778381666171">
    <ele>961.5000000000001</ele>
   </trkpt>
   <trkpt lat="35.601799152990594" lon="-115.4767742139246">
    <ele>957.88</ele>
   </trkpt>
   <trkpt lat="35.601953917859134" lon="-115.47571025711665">
    <ele>954.13</ele>
   </trkpt>
   <trkpt lat="35.60210867337586" lon="-115.47464629619347">
    <ele>950.3800000000001</ele>
   </trkpt>
   <trkpt lat="35.60226341954066" lon="-115.47358233115528">
    <ele>945.5000000000001</ele>
   </trkpt>
   <trkpt lat="35.60241815635347" lon="-115.47251836200232">
    <ele>940.46</ele>
   </trkpt>
   <trkpt lat="35.60257288381418" lon="-115.47145438873471">
    <ele>936.44</ele>
   </trkpt>
   <trkpt lat="35.602727601922716" lon="-115.47039041135278">
    <ele>931.7700000000001</ele>
   </trkpt>
   <trkpt lat="35.60288231067899" lon="-115.46932642985662">
    <ele>927.9200000000001</ele>
   </trkpt>
   <trkpt lat="35.60303701008288" lon="-115.4682624442465">
    <ele>924.0</ele>
   </trkpt>
   <trkpt lat="35.60319170013434" lon="-115.46719845452267">
    <ele>919.7700000000001</ele>
   </trkpt>
   <trkpt lat="35.60334638083326" lon="-115.46613446068525">
    <ele>914.72</ele>
   </trkpt>
   <trkpt lat="35.60350105217955" lon="-115.46507046273452">
    <ele>910.49</ele>
   </trkpt>
   <trkpt lat="35.60365571417313" lon="-115.46400646067066">
    <ele>905.83</ele>
   </trkpt>
   <trkpt lat="35.603810366813896" lon="-115.46294245449386">
    <ele>902.3100000000001</ele>
   </trkpt>
   <trkpt lat="35.60396501010177" lon="-115.46187844420437">
    <ele>899.7</ele>
   </trkpt>
   <trkpt lat="35.60411964403666" lon="-115.46081442980238">
    <ele>895.8900000000001</ele>
   </trkpt>
   <trkpt lat="35.60427426861847" lon="-115.45975041128811">
    <ele>892.14</ele>
   </trkpt>
   <trkpt lat="35.60442888384711" lon="-115.45868638866173">
    <ele>890.1700000000001</ele>
   </trkpt>
   <trkpt lat="35.60458348972251" lon="-115.45762236192348">
    <ele>887.1300000000001</ele>
   </trkpt>
   <trkpt lat="35.60473808624455" lon="-115.45655833107361">
    <ele>882.77</ele>
   </trkpt>
   <trkpt lat="35.604892673413175" lon="-115.45549429611225">
    <ele>879.84</ele>
   </trkpt>
   <trkpt lat="35.60504725122827" lon="-115.45443025703968">
    <ele>877.0500000000001</ele>
   </trkpt>
   <trkpt lat="35.60520181968975" lon="-115.45336621385604">
    <ele>873.1700000000001</ele>
   </trkpt>
   <trkpt lat="35.60535637879753" lon="-115.4523021665616">
    <ele>870.65</ele>
   </trkpt>
   <trkpt lat="35.60551092855153" lon="-115.45123811515651">
    <ele>868.4300000000001</ele>
   </trkpt>
   <trkpt lat="35.605665468951635" lon="-115.45017405964106">
    <ele>865.7800000000001</ele>
   </trkpt>
   <trkpt lat="35.60582" lon="-115.44911">
    <ele>863.57</ele>
   </trkpt>
   <trkpt lat="35.60597448180986" lon="-115.4480466830847">
    <ele>859.7</ele>
   </trkpt>
   <trkpt lat="35.60612895427869" lon="-115.44698336206359">
    <ele>857.6400000000001</ele>
   </trkpt>
   <trkpt lat="35.6062834174064" lon="-115.44592003693683">
    <ele>854.6700000000001</ele>
   </trkpt>
   <trkpt lat="35.606437871192924" lon="-115.44485670770464">
    <ele>851.9100000000001</ele>
   </trkpt>
   <trkpt lat="35.606592315638146" lon="-115.44379337436727">
    <ele>849.26</ele>
   </trkpt>
   <trkpt lat="35.606746750742005" lon="-115.44273003692493">
    <ele>847.89</ele>
   </trkpt>
   <trkpt lat="35.60690117650437" lon="-115.44166669537775">
    <ele>846.98</ele>
   </trkpt>
   <trkpt lat="35.60705559292519" lon="-115.44060334972602">
    <ele>846.4200000000001</ele>
   </trkpt>
   <trkpt lat="35.60721" lon="-115.43954000000001">
    <ele>843.23</ele>
   </trkpt>
   <trkpt lat="35.60732667316455" lon="-115.438653335899">
    <ele>841.0500000000001</ele>
   </trkpt>
   <trkpt lat="35.60744333983389" lon="-115.43776666921207">
    <ele>836.72</ele>
   </trkpt>
   <trkpt lat="35.60756" lon="-115.43688000000002">
    <ele>833.84</ele>
   </trkpt>
   <trkpt lat="35.60778500200438" lon="-115.43619000182503">
    <ele>831.03</ele>
   </trkpt>
   <trkpt lat="35.60801" lon="-115.4355">
    <ele>828.88</ele>
   </trkpt>
   <trkpt lat="35.60829000740697" lon="-115.4347275080791">
    <ele>828.9300000000001</ele>
   </trkpt>
   <trkpt lat="35.60857000988368" lon="-115.433955010751">
    <ele>829.4100000000001</ele>
   </trkpt>
   <trkpt lat="35.608850007430036" lon="-115.4331825080157">
    <ele>829.61</ele>
   </trkpt>
   <trkpt lat="35.60913" lon="-115.43241">
    <ele>829.8700000000001</ele>
   </trkpt>
   <trkpt lat="35.609491985268726" lon="-115.43142294646478">
    <ele>829.6800000000001</ele>
   </trkpt>
   <trkpt lat="35.60985396248793" lon="-115.43043588399735">
    <ele>830.3000000000001</ele>
   </trkpt>
   <trkpt lat="35.61021593165742" lon="-115.42944881259771">
    <ele>829.91</ele>
   </trkpt>
   <trkpt lat="35.61057789277701" lon="-115.42846173226586">
    <ele>829.7</ele>
   </trkpt>
   <trkpt lat="35.61093984584653" lon="-115.4274746430018">
    <ele>829.3900000000001</ele>
   </trkpt>
   <trkpt lat="35.61130179086578" lon="-115.42648754480555">
    <ele>829.01</ele>
   </trkpt>
   <trkpt lat="35.61166372783461" lon="-115.4255004376771">
    <ele>828.2700000000001</ele>
   </trkpt>
   <trkpt lat="35.61202565675282" lon="-115.42451332161642">
    <ele>828.64</ele>
   </trkpt>
   <trkpt lat="35.61238757762023" lon="-115.42352619662357">
    <ele>828.3600000000001</ele>
   </trkpt>
   <trkpt lat="35.61274949043667" lon="-115.42253906269845">
    <ele>827.5500000000001</ele>
   </trkpt>
   <trkpt lat="35.61311139520194" lon="-115.42155191984116">
    <ele>827.12</ele>
   </trkpt>
   <trkpt lat="35.61347329191589" lon="-115.42056476805165">
    <ele>826.1600000000001</ele>
   </trkpt>
   <trkpt lat="35.613835180578306" lon="-115.41957760732993">
    <ele>825.1600000000001</ele>
   </trkpt>
   <trkpt lat="35.61419706118903" lon="-115.41859043767597">
    <ele>824.6800000000001</ele>
   </trkpt>
   <trkpt lat="35.61455893374787" lon="-115.4176032590898">
    <ele>824.07</ele>
   </trkpt>
   <trkpt lat="35.614920798254666" lon="-115.41661607157141">
    <ele>822.7500000000001</ele>
   </trkpt>
   <trkpt lat="35.61528265470921" lon="-115.4156288751208">
    <ele>821.71</ele>
   </trkpt>
   <trkpt lat="35.61564450311134" lon="-115.41464166973797">
    <ele>821.13</ele>
   </trkpt>
   <trkpt lat="35.616006343460874" lon="-115.41365445542293">
    <ele>821.0400000000001</ele>
   </trkpt>
   <trkpt lat="35.61636817575763" lon="-115.41266723217564">
    <ele>820.34</ele>
   </trkpt>
   <trkpt lat="35.616730000000004" lon="-115.41168">
    <ele>819.45</ele>
   </trkpt>
   <trkpt lat="35.61700000205565" lon="-115.41097000246779">
    <ele>818.91</ele>
   </trkpt>
   <trkpt lat="35.617270000000005" lon="-115.41026000000001">
    <ele>817.8700000000001</ele>
   </trkpt>
   <trkpt lat="35.61760251026313" lon="-115.40935001135114">
    <ele>817.13</ele>
   </trkpt>
   <trkpt lat="35.61793501368394" lon="-115.40844001513574">
    <ele>816.12</ele>
   </trkpt>
   <trkpt lat="35.61826751026231" lon="-115.4075300113538">
    <ele>815.7500000000001</ele>
   </trkpt>
   <trkpt lat="35.6186" lon="-115.40662">
    <ele>815.76</ele>
   </trkpt>
   <trkpt lat="35.618730000000006" lon="-115.40631">
    <ele>815.73</ele>
   </trkpt>
   <trkpt lat="35.61876" lon="-115.40616000000001">
    <ele>815.73</ele>
   </trkpt>
   <trkpt lat="35.618770000000005" lon="-115.40599">
    <ele>815.73</ele>
   </trkpt>
   <trkpt lat="35.61901" lon="-115.40573">
    <ele>815.73</ele>
   </trkpt>
   <trkpt lat="35.61918" lon="-115.40559">
    <ele>815.73</ele>
   </trkpt>
   <trkpt lat="35.619460000000004" lon="-115.40555">
    <ele>815.73</ele>
   </trkpt>
   <trkpt lat="35.620160000000006" lon="-115.40568">
    <ele>815.73</ele>
   </trkpt>
   <trkpt lat="35.620270000000005" lon="-115.40568">
    <ele>815.73</ele>
   </trkpt>
   <trkpt lat="35.62039" lon="-115.40564">
    <ele>815.73</ele>
   </trkpt>
   <trkpt lat="35.620450000000005" lon="-115.40555">
    <ele>815.73</ele>
   </trkpt>
   <trkpt lat="35.62048" lon="-115.40542">
    <ele>815.73</ele>
   </trkpt>
   <trkpt lat="35.620450000000005" lon="-115.40532">
    <ele>815.73</ele>
   </trkpt>
   <trkpt lat="35.62024" lon="-115.40507000000001">
    <ele>847.89</ele>
   </trkpt>
   <trkpt lat="35.62015" lon="-115.40489000000001">
    <ele>847.89</ele>
   </trkpt>
   <trkpt lat="35.620160000000006" lon="-115.40474">
    <ele>847.89</ele>
   </trkpt>
   <trkpt lat="35.62031" lon="-115.40438">
    <ele>847.89</ele>
   </trkpt>
   <trkpt lat="35.62031" lon="-115.40429">
    <ele>847.89</ele>
   </trkpt>
   <trkpt lat="35.620290000000004" lon="-115.40424000000002">
    <ele>847.89</ele>
   </trkpt>
   <trkpt lat="35.62017" lon="-115.40403">
    <ele>847.89</ele>
   </trkpt>
   <trkpt lat="35.62015" lon="-115.40393">
    <ele>847.89</ele>
   </trkpt>
   <trkpt lat="35.620160000000006" lon="-115.40389">
    <ele>847.89</ele>
   </trkpt>
   <trkpt lat="35.620200000000004" lon="-115.40384">
    <ele>847.89</ele>
   </trkpt>
   <trkpt lat="35.62073" lon="-115.40345">
    <ele>847.89</ele>
   </trkpt>
   <trkpt lat="35.6208" lon="-115.40339000000002">
    <ele>847.89</ele>
   </trkpt>
   <trkpt lat="35.62082" lon="-115.40327">
    <ele>847.89</ele>
   </trkpt>
   <trkpt lat="35.62082" lon="-115.40313">
    <ele>847.89</ele>
   </trkpt>
   <trkpt lat="35.62077" lon="-115.40299">
    <ele>847.89</ele>
   </trkpt>
   <trkpt lat="35.620720000000006" lon="-115.40295">
    <ele>847.89</ele>
   </trkpt>
   <trkpt lat="35.6205" lon="-115.40292000000001">
    <ele>847.89</ele>
   </trkpt>
   <trkpt lat="35.62035" lon="-115.40282">
    <ele>847.89</ele>
   </trkpt>
   <trkpt lat="35.620290000000004" lon="-115.40264">
    <ele>847.89</ele>
   </trkpt>
   <trkpt lat="35.6203" lon="-115.40246">
    <ele>847.89</ele>
   </trkpt>
   <trkpt lat="35.62033" lon="-115.40241">
    <ele>847.89</ele>
   </trkpt>
   <trkpt lat="35.62041" lon="-115.40237">
    <ele>847.89</ele>
   </trkpt>
   <trkpt lat="35.62062" lon="-115.40242">
    <ele>847.89</ele>
   </trkpt>
   <trkpt lat="35.6207" lon="-115.40237">
    <ele>847.89</ele>
   </trkpt>
   <trkpt lat="35.620760000000004" lon="-115.40228">
    <ele>847.89</ele>
   </trkpt>
   <trkpt lat="35.621" lon="-115.40201">
    <ele>847.89</ele>
   </trkpt>
   <trkpt lat="35.621050000000004" lon="-115.40188">
    <ele>847.89</ele>
   </trkpt>
   <trkpt lat="35.62109" lon="-115.40152">
    <ele>847.89</ele>
   </trkpt>
   <trkpt lat="35.62109" lon="-115.40107">
    <ele>847.89</ele>
   </trkpt>
   <trkpt lat="35.620960000000004" lon="-115.4004">
    <ele>847.89</ele>
   </trkpt>
   <trkpt lat="35.62086" lon="-115.40017">
    <ele>847.89</ele>
   </trkpt>
   <trkpt lat="35.62064" lon="-115.3999">
    <ele>847.89</ele>
   </trkpt>
   <trkpt lat="35.62062" lon="-115.39982">
    <ele>847.89</ele>
   </trkpt>
   <trkpt lat="35.62064" lon="-115.39968">
    <ele>847.89</ele>
   </trkpt>
   <trkpt lat="35.62082" lon="-115.39919">
    <ele>836.61</ele>
   </trkpt>
   <trkpt lat="35.621120000000005" lon="-115.3987">
    <ele>836.61</ele>
   </trkpt>
   <trkpt lat="35.6212" lon="-115.39853000000001">
    <ele>836.61</ele>
   </trkpt>
   <trkpt lat="35.621460000000006" lon="-115.39767">
    <ele>836.61</ele>
   </trkpt>
   <trkpt lat="35.62174" lon="-115.39699">
    <ele>836.61</ele>
   </trkpt>
   <trkpt lat="35.62176" lon="-115.39690000000002">
    <ele>836.61</ele>
   </trkpt>
   <trkpt lat="35.62185" lon="-115.39674000000001">
    <ele>836.61</ele>
   </trkpt>
   <trkpt lat="35.621880000000004" lon="-115.39659">
    <ele>836.61</ele>
   </trkpt>
   <trkpt lat="35.621900000000004" lon="-115.39629000000001">
    <ele>836.61</ele>
   </trkpt>
   <trkpt lat="35.622130000000006" lon="-115.39574">
    <ele>836.61</ele>
   </trkpt>
   <trkpt lat="35.622110000000006" lon="-115.39543">
    <ele>832.88</ele>
   </trkpt>
   <trkpt lat="35.62216" lon="-115.3952">
    <ele>831.3900000000001</ele>
   </trkpt>
   <trkpt lat="35.62234" lon="-115.39486000000001">
    <ele>831.3900000000001</ele>
   </trkpt>
   <trkpt lat="35.62261" lon="-115.39458">
    <ele>824.95</ele>
   </trkpt>
   <trkpt lat="35.622800000000005" lon="-115.39428000000001">
    <ele>824.95</ele>
   </trkpt>
   <trkpt lat="35.62277" lon="-115.39359">
    <ele>824.95</ele>
   </trkpt>
   <trkpt lat="35.62280500274068" lon="-115.39277500044203">
    <ele>816.1600000000001</ele>
   </trkpt>
   <trkpt lat="35.622840000000004" lon="-115.39196000000001">
    <ele>816.1600000000001</ele>
   </trkpt>
   <trkpt lat="35.622980000000005" lon="-115.39189">
    <ele>815.0600000000001</ele>
   </trkpt>
   <trkpt lat="35.623270000000005" lon="-115.39156000000001">
    <ele>815.0600000000001</ele>
   </trkpt>
   <trkpt lat="35.6233" lon="-115.39150000000001">
    <ele>813.21</ele>
   </trkpt>
   <trkpt lat="35.62353" lon="-115.39122">
    <ele>813.21</ele>
   </trkpt>
   <trkpt lat="35.623610000000006" lon="-115.39106000000001">
    <ele>813.21</ele>
   </trkpt>
   <trkpt lat="35.6236433409992" lon="-115.39009666754629">
    <ele>813.21</ele>
   </trkpt>
   <trkpt lat="35.6236766743299" lon="-115.38913333428933">
    <ele>806.7200000000001</ele>
   </trkpt>
   <trkpt lat="35.62371" lon="-115.38817">
    <ele>807.1700000000001</ele>
   </trkpt>
   <trkpt lat="35.62418" lon="-115.38831">
    <ele>807.96</ele>
   </trkpt>
   <trkpt lat="35.62478000001351" lon="-115.38833499981287">
    <ele>807.6500000000001</ele>
   </trkpt>
   <trkpt lat="35.62538" lon="-115.38836">
    <ele>808.32</ele>
   </trkpt>
   <trkpt lat="35.62590999993229" lon="-115.38837499989864">
    <ele>809.0500000000001</ele>
   </trkpt>
   <trkpt lat="35.62644" lon="-115.38839000000002">
    <ele>809.2600000000001</ele>
   </trkpt>
   <trkpt lat="35.62716" lon="-115.38837000000001">
    <ele>809.2600000000001</ele>
   </trkpt>
   <trkpt lat="35.627500000000005" lon="-115.38831">
    <ele>809.2600000000001</ele>
   </trkpt>
   <trkpt lat="35.628040000000006" lon="-115.38813">
    <ele>809.2600000000001</ele>
   </trkpt>
   <trkpt lat="35.62847" lon="-115.38804">
    <ele>809.2600000000001</ele>
   </trkpt>
   <trkpt lat="35.62894999983516" lon="-115.38797500041498">
    <ele>809.2600000000001</ele>
   </trkpt>
   <trkpt lat="35.629430000000006" lon="-115.38791">
    <ele>809.2600000000001</ele>
   </trkpt>
   <trkpt lat="35.630157500274194" lon="-115.3877625040261">
    <ele>809.2600000000001</ele>
   </trkpt>
   <trkpt lat="35.630885000368586" lon="-115.38761500536758">
    <ele>807.85</ele>
   </trkpt>
   <trkpt lat="35.63161250028319" lon="-115.3874675040244">
    <ele>807.85</ele>
   </trkpt>
   <trkpt lat="35.632340000000006" lon="-115.38732">
    <ele>807.85</ele>
   </trkpt>
   <trkpt lat="35.633133333706844" lon="-115.38718667328253">
    <ele>807.85</ele>
   </trkpt>
   <trkpt lat="35.63392666726676" lon="-115.38705334391847">
    <ele>807.85</ele>
   </trkpt>
   <trkpt lat="35.634720000679785" lon="-115.38692001190768">
    <ele>807.85</ele>
   </trkpt>
   <trkpt lat="35.63551333394588" lon="-115.38678667725006">
    <ele>806.9200000000001</ele>
   </trkpt>
   <trkpt lat="35.63630666706502" lon="-115.38665333994544">
    <ele>806.83</ele>
   </trkpt>
   <trkpt lat="35.637100000000004" lon="-115.38652">
    <ele>807.1100000000001</ele>
   </trkpt>
   <trkpt lat="35.63770500025005" lon="-115.38640500083345">
    <ele>807.0600000000001</ele>
   </trkpt>
   <trkpt lat="35.638310000000004" lon="-115.38629">
    <ele>807.47</ele>
   </trkpt>
   <trkpt lat="35.63907000011665" lon="-115.38620200334894">
    <ele>807.8700000000001</ele>
   </trkpt>
   <trkpt lat="35.63983000016931" lon="-115.38611400502413">
    <ele>808.24</ele>
   </trkpt>
   <trkpt lat="35.64059000015796" lon="-115.38602600502554">
    <ele>808.51</ele>
   </trkpt>
   <trkpt lat="35.641350000082596" lon="-115.38593800335303">
    <ele>808.7900000000001</ele>
   </trkpt>
   <trkpt lat="35.64211" lon="-115.38585">
    <ele>809.07</ele>
   </trkpt>
   <trkpt lat="35.642857500175836" lon="-115.3857375031545">
    <ele>809.44</ele>
   </trkpt>
   <trkpt lat="35.643605000247064" lon="-115.38562500420419">
    <ele>809.5500000000001</ele>
   </trkpt>
   <trkpt lat="35.64435250021369" lon="-115.3855125031489">
    <ele>809.5500000000001</ele>
   </trkpt>
   <trkpt lat="35.645100000000006" lon="-115.3854">
    <ele>809.5500000000001</ele>
   </trkpt>
   <trkpt lat="35.645360000000004" lon="-115.38531">
    <ele>809.5500000000001</ele>
   </trkpt>
   <trkpt lat="35.646" lon="-115.38481000000002">
    <ele>809.5500000000001</ele>
   </trkpt>
   <trkpt lat="35.646620000000006" lon="-115.38455">
    <ele>809.5500000000001</ele>
   </trkpt>
   <trkpt lat="35.64719" lon="-115.38429000000001">
    <ele>809.1400000000001</ele>
   </trkpt>
   <trkpt lat="35.64755" lon="-115.38419">
    <ele>809.1400000000001</ele>
   </trkpt>
   <trkpt lat="35.64800000006731" lon="-115.38419">
    <ele>809.1400000000001</ele>
   </trkpt>
   <trkpt lat="35.648450000000004" lon="-115.38419">
    <ele>809.1400000000001</ele>
   </trkpt>
   <trkpt lat="35.648830000000004" lon="-115.3841">
    <ele>809.1400000000001</ele>
   </trkpt>
   <trkpt lat="35.649190000000004" lon="-115.38397">
    <ele>809.1400000000001</ele>
   </trkpt>
   <trkpt lat="35.64983" lon="-115.38357">
    <ele>809.1400000000001</ele>
   </trkpt>
   <trkpt lat="35.650220000000004" lon="-115.38343">
    <ele>809.1400000000001</ele>
   </trkpt>
   <trkpt lat="35.65057" lon="-115.38343">
    <ele>809.1400000000001</ele>
   </trkpt>
   <trkpt lat="35.65110000004907" lon="-115.38352999933794">
    <ele>809.1400000000001</ele>
   </trkpt>
   <trkpt lat="35.651630000000004" lon="-115.38363000000001">
    <ele>808.95</ele>
   </trkpt>
   <trkpt lat="35.65236499999229" lon="-115.38373499902619">
    <ele>809.44</ele>
   </trkpt>
   <trkpt lat="35.6531" lon="-115.38384">
    <ele>809.94</ele>
   </trkpt>
   <trkpt lat="35.653635000032885" lon="-115.38394999925966">
    <ele>809.83</ele>
   </trkpt>
   <trkpt lat="35.65417" lon="-115.38406">
    <ele>810.0500000000001</ele>
   </trkpt>
   <trkpt lat="35.654896000174446" lon="-115.38416999599644">
    <ele>810.73</ele>
   </trkpt>
   <trkpt lat="35.655622000248876" lon="-115.38427999399265">
    <ele>811.5000000000001</ele>
   </trkpt>
   <trkpt lat="35.65634800022327" lon="-115.38438999398868">
    <ele>811.5400000000001</ele>
   </trkpt>
   <trkpt lat="35.65707400009764" lon="-115.38449999598464">
    <ele>812.13</ele>
   </trkpt>
   <trkpt lat="35.6578" lon="-115.38461000000001">
    <ele>812.32</ele>
   </trkpt>
   <trkpt lat="35.658455000140854" lon="-115.38466499955969">
    <ele>812.58</ele>
   </trkpt>
   <trkpt lat="35.659110000000005" lon="-115.38472000000002">
    <ele>812.7500000000001</ele>
   </trkpt>
   <trkpt lat="35.65935" lon="-115.38468">
    <ele>812.73</ele>
   </trkpt>
   <trkpt lat="35.66009000064044" lon="-115.3844860071866">
    <ele>812.52</ele>
   </trkpt>
   <trkpt lat="35.660830000969746" lon="-115.38429201077768">
    <ele>812.52</ele>
   </trkpt>
   <trkpt lat="35.661570000987936" lon="-115.3840980107731">
    <ele>812.52</ele>
   </trkpt>
   <trkpt lat="35.662310000694966" lon="-115.38390400717265">
    <ele>812.52</ele>
   </trkpt>
   <trkpt lat="35.663050000000005" lon="-115.38371000000001">
    <ele>812.52</ele>
   </trkpt>
   <trkpt lat="35.66383000024572" lon="-115.38352667025634">
    <ele>812.52</ele>
   </trkpt>
   <trkpt lat="35.66461000021357" lon="-115.38334333693061">
    <ele>810.91</ele>
   </trkpt>
   <trkpt lat="35.66539" lon="-115.38316">
    <ele>810.91</ele>
   </trkpt>
   <trkpt lat="35.66624222564003" lon="-115.38293948447371">
    <ele>810.91</ele>
   </trkpt>
   <trkpt lat="35.667094450878025" lon="-115.38271896423944">
    <ele>810.91</ele>
   </trkpt>
   <trkpt lat="35.66794667571397" lon="-115.38249843929691">
    <ele>810.91</ele>
   </trkpt>
   <trkpt lat="35.66879890014784" lon="-115.38227790964591">
    <ele>810.91</ele>
   </trkpt>
   <trkpt lat="35.6696511241796" lon="-115.38205737528615">
    <ele>810.91</ele>
   </trkpt>
   <trkpt lat="35.67050334780923" lon="-115.3818368362174">
    <ele>810.91</ele>
   </trkpt>
   <trkpt lat="35.67135557103675" lon="-115.38161629243945">
    <ele>810.91</ele>
   </trkpt>
   <trkpt lat="35.67220779386208" lon="-115.38139574395198">
    <ele>807.6800000000001</ele>
   </trkpt>
   <trkpt lat="35.67306001628523" lon="-115.38117519075482">
    <ele>807.6800000000001</ele>
   </trkpt>
   <trkpt lat="35.67391223830618" lon="-115.38095463284768">
    <ele>807.6800000000001</ele>
   </trkpt>
   <trkpt lat="35.6747644599249" lon="-115.38073407023033">
    <ele>807.6800000000001</ele>
   </trkpt>
   <trkpt lat="35.67561668114138" lon="-115.3805135029025">
    <ele>807.6800000000001</ele>
   </trkpt>
   <trkpt lat="35.67646890195557" lon="-115.38029293086399">
    <ele>807.6800000000001</ele>
   </trkpt>
   <trkpt lat="35.67732112236749" lon="-115.38007235411452">
    <ele>807.6800000000001</ele>
   </trkpt>
   <trkpt lat="35.67817334237709" lon="-115.37985177265382">
    <ele>807.6800000000001</ele>
   </trkpt>
   <trkpt lat="35.67902556198436" lon="-115.3796311864817">
    <ele>808.07</ele>
   </trkpt>
   <trkpt lat="35.679877781189276" lon="-115.37941059559788">
    <ele>808.07</ele>
   </trkpt>
   <trkpt lat="35.680730000000004" lon="-115.37919000000001">
    <ele>808.07</ele>
   </trkpt>
   <trkpt lat="35.681485000147404" lon="-115.37898000199681">
    <ele>808.07</ele>
   </trkpt>
   <trkpt lat="35.68224" lon="-115.37877">
    <ele>807.15</ele>
   </trkpt>
   <trkpt lat="35.68309500057366" lon="-115.37855750682839">
    <ele>807.07</ele>
   </trkpt>
   <trkpt lat="35.683950000773905" lon="-115.37834500910242">
    <ele>806.8900000000001</ele>
   </trkpt>
   <trkpt lat="35.684805000600754" lon="-115.37813250682188">
    <ele>807.27</ele>
   </trkpt>
   <trkpt lat="35.685660000000006" lon="-115.37792">
    <ele>807.86</ele>
   </trkpt>
   <trkpt lat="35.686406667453944" lon="-115.37772500912553">
    <ele>808.33</ele>
   </trkpt>
   <trkpt lat="35.687153334593475" lon="-115.37753001460096">
    <ele>808.6500000000001</ele>
   </trkpt>
   <trkpt lat="35.68790000141854" lon="-115.37733501642609">
    <ele>809.2900000000001</ele>
   </trkpt>
   <trkpt lat="35.68864666792918" lon="-115.37714001460078">
    <ele>809.32</ele>
   </trkpt>
   <trkpt lat="35.689393334125334" lon="-115.37694500912487">
    <ele>809.51</ele>
   </trkpt>
   <trkpt lat="35.69014" lon="-115.37675000000002">
    <ele>809.74</ele>
   </trkpt>
   <trkpt lat="35.69068499990279" lon="-115.37662500089124">
    <ele>809.74</ele>
   </trkpt>
   <trkpt lat="35.691230000000004" lon="-115.37650000000001">
    <ele>809.74</ele>
   </trkpt>
   <trkpt lat="35.69173000008786" lon="-115.37636500084292">
    <ele>809.74</ele>
   </trkpt>
   <trkpt lat="35.69223" lon="-115.37623">
    <ele>809.74</ele>
   </trkpt>
   <trkpt lat="35.69290750036061" lon="-115.37606000433178">
    <ele>809.74</ele>
   </trkpt>
   <trkpt lat="35.69358500048221" lon="-115.37589000577545">
    <ele>809.74</ele>
   </trkpt>
   <trkpt lat="35.6942625003648" lon="-115.37572000433083">
    <ele>807.9900000000001</ele>
   </trkpt>
   <trkpt lat="35.69494" lon="-115.37555">
    <ele>807.9900000000001</ele>
   </trkpt>
   <trkpt lat="35.69555666685588" lon="-115.37538666920102">
    <ele>807.9900000000001</ele>
   </trkpt>
   <trkpt lat="35.69617333349112" lon="-115.37522333587604">
    <ele>807.9900000000001</ele>
   </trkpt>
   <trkpt lat="35.69679" lon="-115.37506">
    <ele>807.9900000000001</ele>
   </trkpt>
   <trkpt lat="35.69731" lon="-115.37483">
    <ele>807.9900000000001</ele>
   </trkpt>
   <trkpt lat="35.69744" lon="-115.37479">
    <ele>807.9900000000001</ele>
   </trkpt>
   <trkpt lat="35.698080000000004" lon="-115.37474">
    <ele>807.9900000000001</ele>
   </trkpt>
   <trkpt lat="35.6988500009862" lon="-115.37454144007482">
    <ele>808.3</ele>
   </trkpt>
   <trkpt lat="35.699620001646295" lon="-115.3743428763148">
    <ele>808.2800000000001</ele>
   </trkpt>
   <trkpt lat="35.70039000198029" lon="-115.37414430871976">
    <ele>808.32</ele>
   </trkpt>
   <trkpt lat="35.70116000198817" lon="-115.37394573728952">
    <ele>808.8700000000001</ele>
   </trkpt>
   <trkpt lat="35.70193000166991" lon="-115.37374716202392">
    <ele>808.0500000000001</ele>
   </trkpt>
   <trkpt lat="35.7027000010255" lon="-115.37354858292275">
    <ele>808.58</ele>
   </trkpt>
   <trkpt lat="35.70347" lon="-115.37335000000002">
    <ele>809.69</ele>
   </trkpt>
   <trkpt lat="35.704276668031945" lon="-115.37314668312732">
    <ele>809.6000000000001</ele>
   </trkpt>
   <trkpt lat="35.70508333572196" lon="-115.37294336214008">
    <ele>810.76</ele>
   </trkpt>
   <trkpt lat="35.70589000307004" lon="-115.37274003703814">
    <ele>811.6000000000001</ele>
   </trkpt>
   <trkpt lat="35.70669667007616" lon="-115.37253670782128">
    <ele>811.6000000000001</ele>
   </trkpt>
   <trkpt lat="35.7075033367403" lon="-115.37233337448927">
    <ele>812.44</ele>
   </trkpt>
   <trkpt lat="35.70831000306247" lon="-115.3721300370419">
    <ele>812.6500000000001</ele>
   </trkpt>
   <trkpt lat="35.709116669042615" lon="-115.37192669547903">
    <ele>813.85</ele>
   </trkpt>
   <trkpt lat="35.709923334680745" lon="-115.37172334980043">
    <ele>813.7700000000001</ele>
   </trkpt>
   <trkpt lat="35.710730000000005" lon="-115.37152">
    <ele>814.08</ele>
   </trkpt>
   <trkpt lat="35.71149500004527" lon="-115.3713150020021">
    <ele>814.35</ele>
   </trkpt>
   <trkpt lat="35.71226" lon="-115.37111000000002">
    <ele>814.5000000000001</ele>
   </trkpt>
   <trkpt lat="35.71246" lon="-115.37098">
    <ele>814.52</ele>
   </trkpt>
   <trkpt lat="35.71271" lon="-115.37076">
    <ele>814.19</ele>
   </trkpt>
   <trkpt lat="35.712790000000005" lon="-115.37060000000001">
    <ele>813.76</ele>
   </trkpt>
   <trkpt lat="35.713040004885826" lon="-115.36983000488841">
    <ele>813.7200000000001</ele>
   </trkpt>
   <trkpt lat="35.71329000486716" lon="-115.36906000494601">
    <ele>813.07</ele>
   </trkpt>
   <trkpt lat="35.71354" lon="-115.36829000000002">
    <ele>812.6300000000001</ele>
   </trkpt>
   <trkpt lat="35.713835002775696" lon="-115.36746500316414">
    <ele>811.6600000000001</ele>
   </trkpt>
   <trkpt lat="35.714130000000004" lon="-115.36664">
    <ele>811.1600000000001</ele>
   </trkpt>
   <trkpt lat="35.71416" lon="-115.36644000000001">
    <ele>811.1600000000001</ele>
   </trkpt>
   <trkpt lat="35.71408" lon="-115.36582000000001">
    <ele>810.51</ele>
   </trkpt>
   <trkpt lat="35.71385" lon="-115.36478000000001">
    <ele>809.9900000000001</ele>
   </trkpt>
   <trkpt lat="35.714691371240335" lon="-115.36448415652471">
    <ele>811.6500000000001</ele>
   </trkpt>
   <trkpt lat="35.71553274175664" lon="-115.36418830680249">
    <ele>813.1600000000001</ele>
   </trkpt>
   <trkpt lat="35.71637411154888" lon="-115.36389245083298">
    <ele>814.96</ele>
   </trkpt>
   <trkpt lat="35.717215480617" lon="-115.3635965886159">
    <ele>816.4800000000001</ele>
   </trkpt>
   <trkpt lat="35.71805684896099" lon="-115.36330072015095">
    <ele>817.24</ele>
   </trkpt>
   <trkpt lat="35.7188982165808" lon="-115.36300484543776">
    <ele>817.9300000000001</ele>
   </trkpt>
   <trkpt lat="35.719739583476375" lon="-115.36270896447606">
    <ele>818.7500000000001</ele>
   </trkpt>
   <trkpt lat="35.720580949647704" lon="-115.36241307726547">
    <ele>819.2900000000001</ele>
   </trkpt>
   <trkpt lat="35.72142231509473" lon="-115.36211718380571">
    <ele>819.34</ele>
   </trkpt>
   <trkpt lat="35.722263679817424" lon="-115.36182128409642">
    <ele>821.15</ele>
   </trkpt>
   <trkpt lat="35.723105043815735" lon="-115.36152537813734">
    <ele>822.23</ele>
   </trkpt>
   <trkpt lat="35.72394640708965" lon="-115.36122946592812">
    <ele>823.1700000000001</ele>
   </trkpt>
   <trkpt lat="35.724787769639114" lon="-115.36093354746845">
    <ele>824.3000000000001</ele>
   </trkpt>
   <trkpt lat="35.72562913146409" lon="-115.36063762275798">
    <ele>825.1400000000001</ele>
   </trkpt>
   <trkpt lat="35.72647049256455" lon="-115.36034169179642">
    <ele>826.1800000000001</ele>
   </trkpt>
   <trkpt lat="35.72731185294046" lon="-115.36004575458344">
    <ele>827.58</ele>
   </trkpt>
   <trkpt lat="35.72815321259175" lon="-115.35974981111872">
    <ele>828.25</ele>
   </trkpt>
   <trkpt lat="35.72899457151842" lon="-115.3594538614019">
    <ele>828.46</ele>
   </trkpt>
   <trkpt lat="35.729835929720416" lon="-115.35915790543275">
    <ele>828.6500000000001</ele>
   </trkpt>
   <trkpt lat="35.73067728719769" lon="-115.35886194321087">
    <ele>829.1700000000001</ele>
   </trkpt>
   <trkpt lat="35.73151864395023" lon="-115.35856597473597">
    <ele>830.5400000000001</ele>
   </trkpt>
   <trkpt lat="35.73236" lon="-115.35827">
    <ele>831.73</ele>
   </trkpt>
   <trkpt lat="35.73272" lon="-115.35813">
    <ele>832.3000000000001</ele>
   </trkpt>
   <trkpt lat="35.733050000000006" lon="-115.35796">
    <ele>833.37</ele>
   </trkpt>
   <trkpt lat="35.73337" lon="-115.35777000000002">
    <ele>833.97</ele>
   </trkpt>
   <trkpt lat="35.73410601093528" lon="-115.35722804508713">
    <ele>835.2</ele>
   </trkpt>
   <trkpt lat="35.73484201944028" lon="-115.3566860801564">
    <ele>836.47</ele>
   </trkpt>
   <trkpt lat="35.735578025514876" lon="-115.35614410520736">
    <ele>837.46</ele>
   </trkpt>
   <trkpt lat="35.73631402915896" lon="-115.35560212023968">
    <ele>837.9100000000001</ele>
   </trkpt>
   <trkpt lat="35.73705003037243" lon="-115.35506012525288">
    <ele>838.2100000000002</ele>
   </trkpt>
   <trkpt lat="35.737786029155174" lon="-115.35451812024651">
    <ele>838.5100000000001</ele>
   </trkpt>
   <trkpt lat="35.73852202550706" lon="-115.3539761052202">
    <ele>838.86</ele>
   </trkpt>
   <trkpt lat="35.739258019428014" lon="-115.3534340801735">
    <ele>839.0300000000001</ele>
   </trkpt>
   <trkpt lat="35.739994010917904" lon="-115.35289204510599">
    <ele>839.5100000000001</ele>
   </trkpt>
   <trkpt lat="35.740730000000006" lon="-115.35235000000002">
    <ele>840.2700000000001</ele>
   </trkpt>
   <trkpt lat="35.741383338041494" lon="-115.3518733528863">
    <ele>840.16</ele>
   </trkpt>
   <trkpt lat="35.742036674202964" lon="-115.3513966979495">
    <ele>840.45</ele>
   </trkpt>
   <trkpt lat="35.742690008484345" lon="-115.35092003518932">
    <ele>840.7500000000001</ele>
   </trkpt>
   <trkpt lat="35.74334334088556" lon="-115.35044336460548">
    <ele>841.0500000000001</ele>
   </trkpt>
   <trkpt lat="35.74399667140653" lon="-115.34996668619767">
    <ele>841.6500000000001</ele>
   </trkpt>
   <trkpt lat="35.74465" lon="-115.34949">
    <ele>842.6500000000001</ele>
   </trkpt>
   <trkpt lat="35.745391766101314" lon="-115.34894576377907">
    <ele>843.9000000000001</ele>
   </trkpt>
   <trkpt lat="35.746133529751496" lon="-115.34840151741524">
    <ele>844.71</ele>
   </trkpt>
   <trkpt lat="35.74687529095047" lon="-115.3478572609081">
    <ele>845.49</ele>
   </trkpt>
   <trkpt lat="35.7476170496981" lon="-115.3473129942572">
    <ele>846.4800000000001</ele>
   </trkpt>
   <trkpt lat="35.748358805994286" lon="-115.34676871746211">
    <ele>847.0300000000001</ele>
   </trkpt>
   <trkpt lat="35.749100559838894" lon="-115.34622443052241">
    <ele>847.6700000000001</ele>
   </trkpt>
   <trkpt lat="35.74984231123182" lon="-115.34568013343764">
    <ele>848.2400000000001</ele>
   </trkpt>
   <trkpt lat="35.75058406017297" lon="-115.34513582620741">
    <ele>848.4800000000001</ele>
   </trkpt>
   <trkpt lat="35.751325806662216" lon="-115.34459150883123">
    <ele>848.6300000000001</ele>
   </trkpt>
   <trkpt lat="35.75206755069944" lon="-115.34404718130868">
    <ele>849.04</ele>
   </trkpt>
   <trkpt lat="35.75280929228454" lon="-115.34350284363938">
    <ele>849.37</ele>
   </trkpt>
   <trkpt lat="35.75355103141739" lon="-115.34295849582284">
    <ele>849.7000000000002</ele>
   </trkpt>
   <trkpt lat="35.754292768097905" lon="-115.34241413785868">
    <ele>850.1800000000001</ele>
   </trkpt>
   <trkpt lat="35.75503450232594" lon="-115.34186976974641">
    <ele>851.4</ele>
   </trkpt>
   <trkpt lat="35.7557762341014" lon="-115.34132539148564">
    <ele>852.44</ele>
   </trkpt>
   <trkpt lat="35.756517963424166" lon="-115.34078100307592">
    <ele>853.46</ele>
   </trkpt>
   <trkpt lat="35.75725969029413" lon="-115.3402366045168">
    <ele>854.3900000000001</ele>
   </trkpt>
   <trkpt lat="35.758001414711174" lon="-115.3396921958079">
    <ele>855.35</ele>
   </trkpt>
   <trkpt lat="35.7587431366752" lon="-115.33914777694874">
    <ele>856.1400000000001</ele>
   </trkpt>
   <trkpt lat="35.75948485618607" lon="-115.33860334793887">
    <ele>857.0300000000001</ele>
   </trkpt>
   <trkpt lat="35.7602265732437" lon="-115.33805890877791">
    <ele>857.6600000000001</ele>
   </trkpt>
   <trkpt lat="35.76096828784795" lon="-115.33751445946542">
    <ele>857.98</ele>
   </trkpt>
   <trkpt lat="35.76171" lon="-115.33697000000001">
    <ele>859.13</ele>
   </trkpt>
   <trkpt lat="35.762457503701974" lon="-115.33642251544802">
    <ele>859.6700000000001</ele>
   </trkpt>
   <trkpt lat="35.76320500492299" lon="-115.33587502060719">
    <ele>859.9000000000001</ele>
   </trkpt>
   <trkpt lat="35.76395250366293" lon="-115.33532751547715">
    <ele>860.4200000000001</ele>
   </trkpt>
   <trkpt lat="35.764700000000005" lon="-115.33478000000001">
    <ele>860.2</ele>
   </trkpt>
   <trkpt lat="35.76515500034377" lon="-115.33446000188673">
    <ele>860.71</ele>
   </trkpt>
   <trkpt lat="35.76561" lon="-115.33414">
    <ele>861.11</ele>
   </trkpt>
   <trkpt lat="35.765840000000004" lon="-115.334">
    <ele>862.0300000000001</ele>
   </trkpt>
   <trkpt lat="35.76619" lon="-115.33387">
    <ele>862.0300000000001</ele>
   </trkpt>
   <trkpt lat="35.766400000000004" lon="-115.33382">
    <ele>863.0200000000001</ele>
   </trkpt>
   <trkpt lat="35.766890000000004" lon="-115.33375000000001">
    <ele>863.2900000000001</ele>
   </trkpt>
   <trkpt lat="35.76777749998055" lon="-115.33376749941371">
    <ele>864.19</ele>
   </trkpt>
   <trkpt lat="35.76866499995854" lon="-115.33378499921797">
    <ele>865.36</ele>
   </trkpt>
   <trkpt lat="35.769552499934015" lon="-115.33380249941278">
    <ele>866.47</ele>
   </trkpt>
   <trkpt lat="35.77044" lon="-115.33382">
    <ele>867.14</ele>
   </trkpt>
   <trkpt lat="35.770860000000006" lon="-115.33378">
    <ele>867.7800000000001</ele>
   </trkpt>
   <trkpt lat="35.771240000000006" lon="-115.33370000000001">
    <ele>867.99</ele>
   </trkpt>
   <trkpt lat="35.771550000000005" lon="-115.3336">
    <ele>867.99</ele>
   </trkpt>
   <trkpt lat="35.77196" lon="-115.33338">
    <ele>868.2500000000001</ele>
   </trkpt>
   <trkpt lat="35.77264250302945" lon="-115.33288501275452">
    <ele>868.5100000000001</ele>
   </trkpt>
   <trkpt lat="35.77332500403071" lon="-115.33239001701251">
    <ele>868.8</ele>
   </trkpt>
   <trkpt lat="35.77400750300366" lon="-115.33189501277363">
    <ele>869.0600000000001</ele>
   </trkpt>
   <trkpt lat="35.77469" lon="-115.33140000000002">
    <ele>869.3900000000001</ele>
   </trkpt>
   <trkpt lat="35.774860000000004" lon="-115.33123">
    <ele>869.3900000000001</ele>
   </trkpt>
   <trkpt lat="35.77514" lon="-115.33083">
    <ele>869.19</ele>
   </trkpt>
   <trkpt lat="35.77525" lon="-115.3306">
    <ele>868.96</ele>
   </trkpt>
   <trkpt lat="35.775310000000005" lon="-115.33042">
    <ele>868.6400000000001</ele>
   </trkpt>
   <trkpt lat="35.775400000000005" lon="-115.32998">
    <ele>868.6400000000001</ele>
   </trkpt>
   <trkpt lat="35.775420000000004" lon="-115.32975">
    <ele>867.8100000000001</ele>
   </trkpt>
   <trkpt lat="35.77539500213985" lon="-115.32902999960544">
    <ele>867.45</ele>
   </trkpt>
   <trkpt lat="35.77537" lon="-115.32831000000002">
    <ele>867.1500000000001</ele>
   </trkpt>
   <trkpt lat="35.775380000000006" lon="-115.32793000000001">
    <ele>866.86</ele>
   </trkpt>
   <trkpt lat="35.77546" lon="-115.32747">
    <ele>866.57</ele>
   </trkpt>
   <trkpt lat="35.77557" lon="-115.32715">
    <ele>866.48</ele>
   </trkpt>
   <trkpt lat="35.775740000000006" lon="-115.32685000000001">
    <ele>866.2900000000001</ele>
   </trkpt>
   <trkpt lat="35.77597" lon="-115.32654000000001">
    <ele>866.2500000000001</ele>
   </trkpt>
   <trkpt lat="35.776650000000004" lon="-115.32601000000001">
    <ele>866.21</ele>
   </trkpt>
   <trkpt lat="35.77734000106436" lon="-115.32550500437613">
    <ele>866.2500000000001</ele>
   </trkpt>
   <trkpt lat="35.77803" lon="-115.325">
    <ele>866.44</ele>
   </trkpt>
   <trkpt lat="35.77854666787029" lon="-115.3246166716584">
    <ele>866.65</ele>
   </trkpt>
   <trkpt lat="35.779063334524146" lon="-115.32423333833465">
    <ele>866.7</ele>
   </trkpt>
   <trkpt lat="35.77958" lon="-115.32385000000001">
    <ele>867.1</ele>
   </trkpt>
   <trkpt lat="35.780300000000004" lon="-115.32334000000002">
    <ele>867.48</ele>
   </trkpt>
   <trkpt lat="35.78076500060637" lon="-115.32298500201179">
    <ele>867.5100000000001</ele>
   </trkpt>
   <trkpt lat="35.78123" lon="-115.32263">
    <ele>867.5600000000001</ele>
   </trkpt>
   <trkpt lat="35.78178000073454" lon="-115.32223000271495">
    <ele>867.86</ele>
   </trkpt>
   <trkpt lat="35.78233" lon="-115.32183">
    <ele>867.97</ele>
   </trkpt>
   <trkpt lat="35.78288500062144" lon="-115.32144500268255">
    <ele>868.0500000000001</ele>
   </trkpt>
   <trkpt lat="35.783440000000006" lon="-115.32106">
    <ele>868.3700000000001</ele>
   </trkpt>
   <trkpt lat="35.78420324955633" lon="-115.32049835994943">
    <ele>869.2800000000001</ele>
   </trkpt>
   <trkpt lat="35.784966496501085" lon="-115.31993670911308">
    <ele>870.1</ele>
   </trkpt>
   <trkpt lat="35.78572974083415" lon="-115.31937504749042">
    <ele>871.4300000000001</ele>
   </trkpt>
   <trkpt lat="35.7864929825554" lon="-115.31881337508102">
    <ele>872.53</ele>
   </trkpt>
   <trkpt lat="35.78725622166471" lon="-115.31825169188441">
    <ele>873.24</ele>
   </trkpt>
   <trkpt lat="35.78801945816196" lon="-115.31768999790009">
    <ele>874.6700000000001</ele>
   </trkpt>
   <trkpt lat="35.78878269204701" lon="-115.31712829312762">
    <ele>875.7800000000001</ele>
   </trkpt>
   <trkpt lat="35.78954592331976" lon="-115.3165665775665">
    <ele>876.3400000000001</ele>
   </trkpt>
   <trkpt lat="35.79030915198007" lon="-115.31600485121628">
    <ele>877.7</ele>
   </trkpt>
   <trkpt lat="35.791072378027835" lon="-115.31544311407644">
    <ele>880.1200000000001</ele>
   </trkpt>
   <trkpt lat="35.7918356014629" lon="-115.31488136614657">
    <ele>880.5100000000001</ele>
   </trkpt>
   <trkpt lat="35.79259882228517" lon="-115.31431960742614">
    <ele>882.1700000000001</ele>
   </trkpt>
   <trkpt lat="35.79336204049451" lon="-115.31375783791474">
    <ele>883.2200000000001</ele>
   </trkpt>
   <trkpt lat="35.7941252560908" lon="-115.31319605761183">
    <ele>884.35</ele>
   </trkpt>
   <trkpt lat="35.79488846907392" lon="-115.31263426651698">
    <ele>886.33</ele>
   </trkpt>
   <trkpt lat="35.795651679443736" lon="-115.31207246462968">
    <ele>887.46</ele>
   </trkpt>
   <trkpt lat="35.79641488720013" lon="-115.3115106519495">
    <ele>888.51</ele>
   </trkpt>
   <trkpt lat="35.79717809234297" lon="-115.31094882847596">
    <ele>889.94</ele>
   </trkpt>
   <trkpt lat="35.797941294872146" lon="-115.31038699420856">
    <ele>891.58</ele>
   </trkpt>
   <trkpt lat="35.79870449478754" lon="-115.30982514914682">
    <ele>892.5400000000001</ele>
   </trkpt>
   <trkpt lat="35.799467692089" lon="-115.3092632932903">
    <ele>893.94</ele>
   </trkpt>
   <trkpt lat="35.800230886776426" lon="-115.30870142663849">
    <ele>894.73</ele>
   </trkpt>
   <trkpt lat="35.80099407884968" lon="-115.30813954919095">
    <ele>896.34</ele>
   </trkpt>
   <trkpt lat="35.801757268308656" lon="-115.30757766094723">
    <ele>897.34</ele>
   </trkpt>
   <trkpt lat="35.80252045515322" lon="-115.30701576190677">
    <ele>899.09</ele>
   </trkpt>
   <trkpt lat="35.803283639383245" lon="-115.30645385206917">
    <ele>901.07</ele>
   </trkpt>
   <trkpt lat="35.80404682099861" lon="-115.30589193143395">
    <ele>902.3000000000001</ele>
   </trkpt>
   <trkpt lat="35.80481" lon="-115.30533000000001">
    <ele>903.6500000000001</ele>
   </trkpt>
   <trkpt lat="35.8055640113944" lon="-115.3047770472504">
    <ele>905.51</ele>
   </trkpt>
   <trkpt lat="35.80631802025677" lon="-115.30422408400216">
    <ele>906.19</ele>
   </trkpt>
   <trkpt lat="35.80707202658698" lon="-115.30367111025474">
    <ele>907.6700000000001</ele>
   </trkpt>
   <trkpt lat="35.80782603038492" lon="-115.30311812600772">
    <ele>908.4700000000001</ele>
   </trkpt>
   <trkpt lat="35.808580031650486" lon="-115.30256513126064">
    <ele>909.9300000000001</ele>
   </trkpt>
   <trkpt lat="35.80933403038354" lon="-115.30201212601307">
    <ele>911.1300000000001</ele>
   </trkpt>
   <trkpt lat="35.81008802658397" lon="-115.30145911026452">
    <ele>912.51</ele>
   </trkpt>
   <trkpt lat="35.810842020251656" lon="-115.30090608401456">
    <ele>913.9</ele>
   </trkpt>
   <trkpt lat="35.811596011386484" lon="-115.30035304726272">
    <ele>914.7600000000001</ele>
   </trkpt>
   <trkpt lat="35.81235" lon="-115.2998">
    <ele>915.83</ele>
   </trkpt>
   <trkpt lat="35.813008338372086" lon="-115.29930668711812">
    <ele>916.4100000000001</ele>
   </trkpt>
   <trkpt lat="35.81366667472871" lon="-115.29881336605611">
    <ele>916.95</ele>
   </trkpt>
   <trkpt lat="35.814325009069776" lon="-115.29832003681368">
    <ele>917.4200000000001</ele>
   </trkpt>
   <trkpt lat="35.81498334139524" lon="-115.29782669939053">
    <ele>917.6700000000001</ele>
   </trkpt>
   <trkpt lat="35.81564167170498" lon="-115.29733335378636">
    <ele>917.7</ele>
   </trkpt>
   <trkpt lat="35.816300000000005" lon="-115.29684">
    <ele>917.6</ele>
   </trkpt>
   <trkpt lat="35.816926003375094" lon="-115.29638801426249">
    <ele>917.7</ele>
   </trkpt>
   <trkpt lat="35.817552005058204" lon="-115.29593602139725">
    <ele>918.3000000000001</ele>
   </trkpt>
   <trkpt lat="35.81817800504924" lon="-115.29548402140402">
    <ele>918.7900000000001</ele>
   </trkpt>
   <trkpt lat="35.81880400334817" lon="-115.29503201428254">
    <ele>919.5300000000001</ele>
   </trkpt>
   <trkpt lat="35.819430000000004" lon="-115.29458000000001">
    <ele>920.1600000000001</ele>
   </trkpt>
   <trkpt lat="35.8199600006305" lon="-115.29418000269476">
    <ele>921.2300000000001</ele>
   </trkpt>
   <trkpt lat="35.82049" lon="-115.29378000000001">
    <ele>921.95</ele>
   </trkpt>
   <trkpt lat="35.82097" lon="-115.29336">
    <ele>922.27</ele>
   </trkpt>
   <trkpt lat="35.821360000000006" lon="-115.29291">
    <ele>921.83</ele>
   </trkpt>
   <trkpt lat="35.8217" lon="-115.29241">
    <ele>920.3000000000001</ele>
   </trkpt>
   <trkpt lat="35.82195" lon="-115.29193000000001">
    <ele>918.5300000000001</ele>
   </trkpt>
   <trkpt lat="35.822160000000004" lon="-115.29143">
    <ele>915.2300000000001</ele>
   </trkpt>
   <trkpt lat="35.82240000268578" lon="-115.29062000255485">
    <ele>914.27</ele>
   </trkpt>
   <trkpt lat="35.82264" lon="-115.28981">
    <ele>914.36</ele>
   </trkpt>
   <trkpt lat="35.82284000000001" lon="-115.28928">
    <ele>914.5500000000001</ele>
   </trkpt>
   <trkpt lat="35.823060000000005" lon="-115.28883">
    <ele>914.44</ele>
   </trkpt>
   <trkpt lat="35.823330000000006" lon="-115.28838">
    <ele>914.48</ele>
   </trkpt>
   <trkpt lat="35.823660000000004" lon="-115.28794">
    <ele>914.44</ele>
   </trkpt>
   <trkpt lat="35.824326676327786" lon="-115.2872566953731">
    <ele>914.1</ele>
   </trkpt>
   <trkpt lat="35.824993348788205" lon="-115.2865733792674">
    <ele>913.2300000000001</ele>
   </trkpt>
   <trkpt lat="35.82566001738108" lon="-115.28589005168246">
    <ele>911.7</ele>
   </trkpt>
   <trkpt lat="35.82632668210629" lon="-115.28520671261786">
    <ele>910.48</ele>
   </trkpt>
   <trkpt lat="35.82699334296364" lon="-115.28452336207326">
    <ele>909.96</ele>
   </trkpt>
   <trkpt lat="35.82766" lon="-115.28384000000001">
    <ele>910.1600000000001</ele>
   </trkpt>
   <trkpt lat="35.82833252085864" lon="-115.2831633964132">
    <ele>911.3200000000002</ele>
   </trkpt>
   <trkpt lat="35.82900503792521" lon="-115.28248678135886">
    <ele>912.1800000000001</ele>
   </trkpt>
   <trkpt lat="35.829677551199566" lon="-115.2818101548365">
    <ele>913.48</ele>
   </trkpt>
   <trkpt lat="35.83035006068154" lon="-115.28113351684574">
    <ele>915.12</ele>
   </trkpt>
   <trkpt lat="35.831022566370976" lon="-115.28045686738615">
    <ele>916.27</ele>
   </trkpt>
   <trkpt lat="35.83169506826773" lon="-115.2797802064573">
    <ele>917.3500000000001</ele>
   </trkpt>
   <trkpt lat="35.832367566371616" lon="-115.27910353405885">
    <ele>917.94</ele>
   </trkpt>
   <trkpt lat="35.83304006068249" lon="-115.27842685019031">
    <ele>919.2900000000001</ele>
   </trkpt>
   <trkpt lat="35.83371255120021" lon="-115.27775015485129">
    <ele>920.4000000000001</ele>
   </trkpt>
   <trkpt lat="35.8343850379246" lon="-115.27707344804142">
    <ele>921.2300000000001</ele>
   </trkpt>
   <trkpt lat="35.83505752085549" lon="-115.27639672976021">
    <ele>922.34</ele>
   </trkpt>
   <trkpt lat="35.835730000000005" lon="-115.27572">
    <ele>923.51</ele>
   </trkpt>
   <trkpt lat="35.83642041176914" lon="-115.27502123566653">
    <ele>924.1100000000001</ele>
   </trkpt>
   <trkpt lat="35.83711081949336" lon="-115.27432245917119">
    <ele>924.1700000000001</ele>
   </trkpt>
   <trkpt lat="35.83780122317251" lon="-115.27362367051354">
    <ele>924.24</ele>
   </trkpt>
   <trkpt lat="35.838491622806394" lon="-115.27292486969314">
    <ele>924.39</ele>
   </trkpt>
   <trkpt lat="35.839182018394844" lon="-115.27222605670956">
    <ele>924.48</ele>
   </trkpt>
   <trkpt lat="35.8398724099377" lon="-115.27152723156227">
    <ele>924.1800000000001</ele>
   </trkpt>
   <trkpt lat="35.84056279743476" lon="-115.27082839425093">
    <ele>923.72</ele>
   </trkpt>
   <trkpt lat="35.841253180885886" lon="-115.270129544775">
    <ele>923.7700000000001</ele>
   </trkpt>
   <trkpt lat="35.84194356029087" lon="-115.26943068313409">
    <ele>923.6500000000001</ele>
   </trkpt>
   <trkpt lat="35.842633935649566" lon="-115.2687318093277">
    <ele>924.45</ele>
   </trkpt>
   <trkpt lat="35.8433243069618" lon="-115.2680329233554">
    <ele>925.8000000000001</ele>
   </trkpt>
   <trkpt lat="35.84401467422737" lon="-115.26733402521681">
    <ele>926.6700000000001</ele>
   </trkpt>
   <trkpt lat="35.84470503744613" lon="-115.26663511491135">
    <ele>927.1700000000001</ele>
   </trkpt>
   <trkpt lat="35.84539539661791" lon="-115.2659361924387">
    <ele>927.88</ele>
   </trkpt>
   <trkpt lat="35.84608575174252" lon="-115.2652372577983">
    <ele>928.57</ele>
   </trkpt>
   <trkpt lat="35.84677610281979" lon="-115.26453831098978">
    <ele>929.32</ele>
   </trkpt>
   <trkpt lat="35.847466449849556" lon="-115.26383935201267">
    <ele>929.8000000000001</ele>
   </trkpt>
   <trkpt lat="35.84815679283163" lon="-115.26314038086649">
    <ele>929.7800000000001</ele>
   </trkpt>
   <trkpt lat="35.848847131765865" lon="-115.26244139755083">
    <ele>929.7500000000001</ele>
   </trkpt>
   <trkpt lat="35.849537466652066" lon="-115.26174240206521">
    <ele>929.9200000000001</ele>
   </trkpt>
   <trkpt lat="35.85022779749005" lon="-115.26104339440923">
    <ele>931.64</ele>
   </trkpt>
   <trkpt lat="35.85091812427967" lon="-115.26034437458236">
    <ele>935.09</ele>
   </trkpt>
   <trkpt lat="35.851608447020745" lon="-115.25964534258422">
    <ele>935.86</ele>
   </trkpt>
   <trkpt lat="35.85229876571308" lon="-115.25894629841432">
    <ele>934.57</ele>
   </trkpt>
   <trkpt lat="35.85298908035654" lon="-115.25824724207223">
    <ele>934.1</ele>
   </trkpt>
   <trkpt lat="35.853679390950916" lon="-115.2575481735575">
    <ele>933.59</ele>
   </trkpt>
   <trkpt lat="35.85436969749605" lon="-115.25684909286969">
    <ele>933.7500000000001</ele>
   </trkpt>
   <trkpt lat="35.85506" lon="-115.25615">
    <ele>934.5200000000001</ele>
   </trkpt>
   <trkpt lat="35.855615001197854" lon="-115.2555850040822">
    <ele>934.7700000000001</ele>
   </trkpt>
   <trkpt lat="35.856170000000006" lon="-115.25502000000002">
    <ele>934.8900000000001</ele>
   </trkpt>
   <trkpt lat="35.85681788039978" lon="-115.25436292696146">
    <ele>935.58</ele>
   </trkpt>
   <trkpt lat="35.857465757222094" lon="-115.25370584318318">
    <ele>936.3500000000001</ele>
   </trkpt>
   <trkpt lat="35.85811363046677" lon="-115.25304874866472">
    <ele>937.44</ele>
   </trkpt>
   <trkpt lat="35.85876150013369" lon="-115.25239164340577">
    <ele>936.6000000000001</ele>
   </trkpt>
   <trkpt lat="35.8594093662227" lon="-115.25173452740592">
    <ele>936.21</ele>
   </trkpt>
   <trkpt lat="35.86005722873365" lon="-115.2510774006648">
    <ele>936.2800000000001</ele>
   </trkpt>
   <trkpt lat="35.86070508766641" lon="-115.25042026318206">
    <ele>937.1300000000001</ele>
   </trkpt>
   <trkpt lat="35.86135294302084" lon="-115.24976311495732">
    <ele>937.73</ele>
   </trkpt>
   <trkpt lat="35.86200079479678" lon="-115.24910595599019">
    <ele>938.22</ele>
   </trkpt>
   <trkpt lat="35.86264864299408" lon="-115.2484487862803">
    <ele>938.7200000000001</ele>
   </trkpt>
   <trkpt lat="35.86329648761263" lon="-115.24779160582732">
    <ele>939.2900000000001</ele>
   </trkpt>
   <trkpt lat="35.86394432865225" lon="-115.24713441463082">
    <ele>939.73</ele>
   </trkpt>
   <trkpt lat="35.86459216611284" lon="-115.24647721269048">
    <ele>941.3500000000001</ele>
   </trkpt>
   <trkpt lat="35.86524" lon="-115.24582000000001">
    <ele>943.73</ele>
   </trkpt>
   <trkpt lat="35.86551" lon="-115.24549">
    <ele>944.25</ele>
   </trkpt>
   <trkpt lat="35.865750000000006" lon="-115.24510000000001">
    <ele>944.9300000000001</ele>
   </trkpt>
   <trkpt lat="35.86626586876086" lon="-115.24421839646519">
    <ele>945.58</ele>
   </trkpt>
   <trkpt lat="35.86678173108087" lon="-115.24333678145287">
    <ele>946.5400000000001</ele>
   </trkpt>
   <trkpt lat="35.86729758695985" lon="-115.2424551549628">
    <ele>946.61</ele>
   </trkpt>
   <trkpt lat="35.867813436397576" lon="-115.2415735169948">
    <ele>946.97</ele>
   </trkpt>
   <trkpt lat="35.868329279393855" lon="-115.24069186754859">
    <ele>947.3800000000001</ele>
   </trkpt>
   <trkpt lat="35.868845115948474" lon="-115.239810206624">
    <ele>948.4000000000001</ele>
   </trkpt>
   <trkpt lat="35.869360946061235" lon="-115.23892853422076">
    <ele>949.34</ele>
   </trkpt>
   <trkpt lat="35.869876769731924" lon="-115.23804685033869">
    <ele>950.15</ele>
   </trkpt>
   <trkpt lat="35.87039258696034" lon="-115.23716515497752">
    <ele>950.35</ele>
   </trkpt>
   <trkpt lat="35.87090839774628" lon="-115.23628344813704">
    <ele>949.37</ele>
   </trkpt>
   <trkpt lat="35.87142420208953" lon="-115.23540172981707">
    <ele>947.98</ele>
   </trkpt>
   <trkpt lat="35.87194" lon="-115.23452">
    <ele>946.25</ele>
   </trkpt>
   <trkpt lat="35.87243" lon="-115.23381">
    <ele>944.2300000000001</ele>
   </trkpt>
   <trkpt lat="35.87292" lon="-115.23331">
    <ele>942.9200000000001</ele>
   </trkpt>
   <trkpt lat="35.873400000000004" lon="-115.23295">
    <ele>941.91</ele>
   </trkpt>
   <trkpt lat="35.874068577258804" lon="-115.23246573880756">
    <ele>940.58</ele>
   </trkpt>
   <trkpt lat="35.87473715257406" lon="-115.23198146944193">
    <ele>939.9200000000001</ele>
   </trkpt>
   <trkpt lat="35.875405725945676" lon="-115.23149719190273">
    <ele>938.86</ele>
   </trkpt>
   <trkpt lat="35.8760742973736" lon="-115.23101290618966">
    <ele>937.71</ele>
   </trkpt>
   <trkpt lat="35.876742866857725" lon="-115.23052861230244">
    <ele>936.9000000000001</ele>
   </trkpt>
   <trkpt lat="35.87741143439798" lon="-115.2300443102407">
    <ele>936.9100000000001</ele>
   </trkpt>
   <trkpt lat="35.878080000000004" lon="-115.22956">
    <ele>937.1800000000001</ele>
   </trkpt>
   <trkpt lat="35.87882178362115" lon="-115.22902596238572">
    <ele>937.7200000000001</ele>
   </trkpt>
   <trkpt lat="35.879563564878524" lon="-115.22849191476938">
    <ele>938.8700000000001</ele>
   </trkpt>
   <trkpt lat="35.88030534377203" lon="-115.22795785715063">
    <ele>939.5600000000001</ele>
   </trkpt>
   <trkpt lat="35.881047120301545" lon="-115.22742378952896">
    <ele>937.49</ele>
   </trkpt>
   <trkpt lat="35.88178889446698" lon="-115.22688971190401">
    <ele>934.24</ele>
   </trkpt>
   <trkpt lat="35.88253066626819" lon="-115.2263556242753">
    <ele>931.3000000000001</ele>
   </trkpt>
   <trkpt lat="35.88327243570512" lon="-115.22582152664242">
    <ele>930.2800000000001</ele>
   </trkpt>
   <trkpt lat="35.88401420277762" lon="-115.22528741900499">
    <ele>929.45</ele>
   </trkpt>
   <trkpt lat="35.884755967485596" lon="-115.22475330136247">
    <ele>928.2300000000001</ele>
   </trkpt>
   <trkpt lat="35.88549772982894" lon="-115.22421917371454">
    <ele>927.42</ele>
   </trkpt>
   <trkpt lat="35.886239489807544" lon="-115.22368503606073">
    <ele>926.12</ele>
   </trkpt>
   <trkpt lat="35.88698124742128" lon="-115.2231508884006">
    <ele>923.66</ele>
   </trkpt>
   <trkpt lat="35.887723002670064" lon="-115.22261673073373">
    <ele>921.8000000000001</ele>
   </trkpt>
   <trkpt lat="35.88846475555377" lon="-115.2220825630597">
    <ele>919.1600000000001</ele>
   </trkpt>
   <trkpt lat="35.88920650607231" lon="-115.2215483853781">
    <ele>917.09</ele>
   </trkpt>
   <trkpt lat="35.88994825422555" lon="-115.22101419768845">
    <ele>915.73</ele>
   </trkpt>
   <trkpt lat="35.890690000000006" lon="-115.22048000000001">
    <ele>914.6700000000001</ele>
   </trkpt>
   <trkpt lat="35.89136000318579" lon="-115.21997251289635">
    <ele>913.5500000000001</ele>
   </trkpt>
   <trkpt lat="35.892030004236695" lon="-115.21946501720375">
    <ele>912.3000000000001</ele>
   </trkpt>
   <trkpt lat="35.89270000315264" lon="-115.21895751292185">
    <ele>910.46</ele>
   </trkpt>
   <trkpt lat="35.893370000000004" lon="-115.21845">
    <ele>909.12</ele>
   </trkpt>
   <trkpt lat="35.894085009423335" lon="-115.21788003603899">
    <ele>904.83</ele>
   </trkpt>
   <trkpt lat="35.89480001615369" lon="-115.21731006178264">
    <ele>901.7900000000001</ele>
   </trkpt>
   <trkpt lat="35.89551502019094" lon="-115.21674007723048">
    <ele>898.8600000000001</ele>
   </trkpt>
   <trkpt lat="35.896230021535" lon="-115.21617008238215">
    <ele>896.9300000000001</ele>
   </trkpt>
   <trkpt lat="35.89694502018573" lon="-115.21560007723721">
    <ele>895.5500000000001</ele>
   </trkpt>
   <trkpt lat="35.89766001614301" lon="-115.21503006179523">
    <ele>895.2700000000001</ele>
   </trkpt>
   <trkpt lat="35.89837500940673" lon="-115.21446003605583">
    <ele>894.8800000000001</ele>
   </trkpt>
   <trkpt lat="35.89909" lon="-115.21389">
    <ele>892.9200000000001</ele>
   </trkpt>
   <trkpt lat="35.89951000000001" lon="-115.21361">
    <ele>890.72</ele>
   </trkpt>
   <trkpt lat="35.9003060089531" lon="-115.21312004435536">
    <ele>886.65</ele>
   </trkpt>
   <trkpt lat="35.90110201591607" lon="-115.21263007885567">
    <ele>884.5500000000001</ele>
   </trkpt>
   <trkpt lat="35.9018980208888" lon="-115.21214010350053">
    <ele>883.07</ele>
   </trkpt>
   <trkpt lat="35.902694023871206" lon="-115.21165011828947">
    <ele>881.57</ele>
   </trkpt>
   <trkpt lat="35.903490024863174" lon="-115.21116012322203">
    <ele>879.58</ele>
   </trkpt>
   <trkpt lat="35.90428602386462" lon="-115.21067011829771">
    <ele>878.75</ele>
   </trkpt>
   <trkpt lat="35.90508202087544" lon="-115.21018010351608">
    <ele>876.99</ele>
   </trkpt>
   <trkpt lat="35.90587801589556" lon="-115.20969007887666">
    <ele>875.8800000000001</ele>
   </trkpt>
   <trkpt lat="35.90667400892483" lon="-115.20920004437903">
    <ele>875.2500000000001</ele>
   </trkpt>
   <trkpt lat="35.90747" lon="-115.20871000000001">
    <ele>874.82</ele>
   </trkpt>
   <trkpt lat="35.90818500947658" lon="-115.20820604098985">
    <ele>874.33</ele>
   </trkpt>
   <trkpt lat="35.908900016847454" lon="-115.20770207287191">
    <ele>871.74</ele>
   </trkpt>
   <trkpt lat="35.909615022112526" lon="-115.20719809564574">
    <ele>869.74</ele>
   </trkpt>
   <trkpt lat="35.91033002527171" lon="-115.20669410931102">
    <ele>866.4600000000002</ele>
   </trkpt>
   <trkpt lat="35.911045026324906" lon="-115.20619011386732">
    <ele>865.1700000000001</ele>
   </trkpt>
   <trkpt lat="35.91176002527203" lon="-115.20568610931433">
    <ele>863.5</ele>
   </trkpt>
   <trkpt lat="35.91247502211299" lon="-115.20518209565161">
    <ele>862.72</ele>
   </trkpt>
   <trkpt lat="35.91319001684768" lon="-115.20467807287883">
    <ele>860.5400000000001</ele>
   </trkpt>
   <trkpt lat="35.91390500947601" lon="-115.20417404099557">
    <ele>859.1700000000001</ele>
   </trkpt>
   <trkpt lat="35.914620000000006" lon="-115.20367">
    <ele>857.8100000000001</ele>
   </trkpt>
   <trkpt lat="35.91534287395895" lon="-115.20311149492875">
    <ele>856.21</ele>
   </trkpt>
   <trkpt lat="35.9160657453315" lon="-115.20255297965024">
    <ele>854.25</ele>
   </trkpt>
   <trkpt lat="35.916788614117515" lon="-115.20199445416395">
    <ele>852.57</ele>
   </trkpt>
   <trkpt lat="35.917511480316904" lon="-115.20143591846956">
    <ele>850.6600000000001</ele>
   </trkpt>
   <trkpt lat="35.918234343929534" lon="-115.20087737256655">
    <ele>848.77</ele>
   </trkpt>
   <trkpt lat="35.918957204955284" lon="-115.2003188164546">
    <ele>847.11</ele>
   </trkpt>
   <trkpt lat="35.91968006339406" lon="-115.1997602501332">
    <ele>845.5400000000001</ele>
   </trkpt>
   <trkpt lat="35.920402919245724" lon="-115.19920167360195">
    <ele>844.0600000000001</ele>
   </trkpt>
   <trkpt lat="35.92112577251018" lon="-115.19864308686049">
    <ele>842.25</ele>
   </trkpt>
   <trkpt lat="35.921848623187294" lon="-115.19808448990831">
    <ele>840.6300000000001</ele>
   </trkpt>
   <trkpt lat="35.92257147127696" lon="-115.19752588274507">
    <ele>839.2600000000001</ele>
   </trkpt>
   <trkpt lat="35.92329431677905" lon="-115.19696726537026">
    <ele>837.73</ele>
   </trkpt>
   <trkpt lat="35.92401715969347" lon="-115.19640863778355">
    <ele>836.9100000000001</ele>
   </trkpt>
   <trkpt lat="35.92474" lon="-115.19585000000001">
    <ele>835.61</ele>
   </trkpt>
   <trkpt lat="35.925352003645926" lon="-115.19538201447786">
    <ele>833.5300000000001</ele>
   </trkpt>
   <trkpt lat="35.9259640054757" lon="-115.19491402171187">
    <ele>831.3100000000001</ele>
   </trkpt>
   <trkpt lat="35.92657600548923" lon="-115.19444602170182">
    <ele>829.89</ele>
   </trkpt>
   <trkpt lat="35.92718800368644" lon="-115.19397801444747">
    <ele>828.86</ele>
   </trkpt>
   <trkpt lat="35.927800000000005" lon="-115.19351">
    <ele>827.82</ele>
   </trkpt>
   <trkpt lat="35.92850333832878" lon="-115.19302002178158">
    <ele>825.61</ele>
   </trkpt>
   <trkpt lat="35.929206674666624" lon="-115.19253003484604">
    <ele>824.06</ele>
   </trkpt>
   <trkpt lat="35.92991000901342" lon="-115.19204003919305">
    <ele>822.71</ele>
   </trkpt>
   <trkpt lat="35.93061334136909" lon="-115.19155003482223">
    <ele>820.8000000000001</ele>
   </trkpt>
   <trkpt lat="35.93131667173353" lon="-115.19106002173322">
    <ele>819.2</ele>
   </trkpt>
   <trkpt lat="35.93202" lon="-115.19057000000001">
    <ele>817.5600000000001</ele>
   </trkpt>
   <trkpt lat="35.93261000127641" lon="-115.19018333908089">
    <ele>816.35</ele>
   </trkpt>
   <trkpt lat="35.933200001312926" lon="-115.18979667239039">
    <ele>814.8700000000001</ele>
   </trkpt>
   <trkpt lat="35.93379" lon="-115.18941000000001">
    <ele>813.96</ele>
   </trkpt>
   <trkpt lat="35.934210000422866" lon="-115.18912000148958">
    <ele>812.48</ele>
   </trkpt>
   <trkpt lat="35.934630000000006" lon="-115.18883000000001">
    <ele>811.5400000000001</ele>
   </trkpt>
   <trkpt lat="35.93527" lon="-115.18836">
    <ele>809.69</ele>
   </trkpt>
   <trkpt lat="35.93595418236681" lon="-115.18777338919084">
    <ele>808.2600000000001</ele>
   </trkpt>
   <trkpt lat="35.93663836187968" lon="-115.18718676822688">
    <ele>806.2300000000001</ele>
   </trkpt>
   <trkpt lat="35.93732253853849" lon="-115.1866001371077">
    <ele>804.5600000000001</ele>
   </trkpt>
   <trkpt lat="35.938006712343125" lon="-115.18601349583298">
    <ele>802.1100000000001</ele>
   </trkpt>
   <trkpt lat="35.938690883293454" lon="-115.18542684440223">
    <ele>800.5500000000001</ele>
   </trkpt>
   <trkpt lat="35.939375051389355" lon="-115.18484018281515">
    <ele>798.7700000000001</ele>
   </trkpt>
   <trkpt lat="35.94005921663071" lon="-115.18425351107128">
    <ele>797.25</ele>
   </trkpt>
   <trkpt lat="35.940743379017405" lon="-115.18366682917028">
    <ele>795.64</ele>
   </trkpt>
   <trkpt lat="35.941427538549306" lon="-115.18308013711173">
    <ele>794.1300000000001</ele>
   </trkpt>
   <trkpt lat="35.942111695226316" lon="-115.18249343489528">
    <ele>793.0100000000001</ele>
   </trkpt>
   <trkpt lat="35.94279584904829" lon="-115.18190672252052">
    <ele>792.37</ele>
   </trkpt>
   <trkpt lat="35.94348" lon="-115.18132000000001">
    <ele>791.5200000000001</ele>
   </trkpt>
   <trkpt lat="35.944010000000006" lon="-115.18089">
    <ele>790.1700000000001</ele>
   </trkpt>
   <trkpt lat="35.94476375721492" lon="-115.1803912833071">
    <ele>789.0400000000001</ele>
   </trkpt>
   <trkpt lat="35.94551751236685" lon="-115.17989255709989">
    <ele>787.1</ele>
   </trkpt>
   <trkpt lat="35.94627126545569" lon="-115.17939382137794">
    <ele>785.6800000000001</ele>
   </trkpt>
   <trkpt lat="35.947025016481355" lon="-115.17889507614089">
    <ele>783.8000000000001</ele>
   </trkpt>
   <trkpt lat="35.94777876544374" lon="-115.17839632138826">
    <ele>783.07</ele>
   </trkpt>
   <trkpt lat="35.94853251234275" lon="-115.17789755711969">
    <ele>782.11</ele>
   </trkpt>
   <trkpt lat="35.949286257178294" lon="-115.17739878333471">
    <ele>780.34</ele>
   </trkpt>
   <trkpt lat="35.95004" lon="-115.1769">
    <ele>778.88</ele>
   </trkpt>
   <trkpt lat="35.95064500082753" lon="-115.17647500319951">
    <ele>777.7400000000001</ele>
   </trkpt>
   <trkpt lat="35.95125" lon="-115.17605">
    <ele>776.5000000000001</ele>
   </trkpt>
   <trkpt lat="35.951750000394995" lon="-115.17573000204435">
    <ele>775.4100000000001</ele>
   </trkpt>
   <trkpt lat="35.95225000000001" lon="-115.17541000000001">
    <ele>774.46</ele>
   </trkpt>
   <trkpt lat="35.952940000968674" lon="-115.17495000395715">
    <ele>773.1800000000001</ele>
   </trkpt>
   <trkpt lat="35.953630000000004" lon="-115.17449">
    <ele>771.45</ele>
   </trkpt>
   <trkpt lat="35.95431500068098" lon="-115.17414000294673">
    <ele>770.7600000000001</ele>
   </trkpt>
   <trkpt lat="35.955000000000005" lon="-115.17379000000001">
    <ele>769.7700000000001</ele>
   </trkpt>
   <trkpt lat="35.95519" lon="-115.17372">
    <ele>769.7700000000001</ele>
   </trkpt>
   <trkpt lat="35.95577500010921" lon="-115.17350000166377">
    <ele>769.12</ele>
   </trkpt>
   <trkpt lat="35.956360000000004" lon="-115.17328">
    <ele>768.09</ele>
   </trkpt>
   <trkpt lat="35.95675" lon="-115.17317000000001">
    <ele>767.4200000000001</ele>
   </trkpt>
   <trkpt lat="35.957350000000005" lon="-115.17305">
    <ele>766.14</ele>
   </trkpt>
   <trkpt lat="35.95801499994873" lon="-115.17302000025508">
    <ele>764.94</ele>
   </trkpt>
   <trkpt lat="35.95868" lon="-115.17299000000001">
    <ele>764.0</ele>
   </trkpt>
   <trkpt lat="35.95917499989182" lon="-115.17299000000003">
    <ele>763.02</ele>
   </trkpt>
   <trkpt lat="35.95967" lon="-115.17299000000001">
    <ele>761.51</ele>
   </trkpt>
   <trkpt lat="35.9602" lon="-115.17288">
    <ele>760.21</ele>
   </trkpt>
   <trkpt lat="35.960893333410226" lon="-115.17284333397367">
    <ele>759.19</ele>
   </trkpt>
   <trkpt lat="35.961586666809296" lon="-115.17280666730353">
    <ele>759.82</ele>
   </trkpt>
   <trkpt lat="35.96228" lon="-115.17277000000001">
    <ele>757.97</ele>
   </trkpt>
   <trkpt lat="35.96287000008083" lon="-115.17275500011006">
    <ele>757.2800000000001</ele>
   </trkpt>
   <trkpt lat="35.963460000000005" lon="-115.17274">
    <ele>756.4300000000001</ele>
   </trkpt>
   <trkpt lat="35.964183333293725" lon="-115.17274">
    <ele>755.4900000000001</ele>
   </trkpt>
   <trkpt lat="35.96490666658745" lon="-115.17274">
    <ele>754.99</ele>
   </trkpt>
   <trkpt lat="35.965630000000004" lon="-115.17274">
    <ele>752.4300000000001</ele>
   </trkpt>
   <trkpt lat="35.965830000000004" lon="-115.17276000000001">
    <ele>751.83</ele>
   </trkpt>
   <trkpt lat="35.96633000004339" lon="-115.172740000125">
    <ele>750.7800000000001</ele>
   </trkpt>
   <trkpt lat="35.96683" lon="-115.17272000000001">
    <ele>750.2</ele>
   </trkpt>
   <trkpt lat="35.9675775000148" lon="-115.17272749978716">
    <ele>748.8800000000001</ele>
   </trkpt>
   <trkpt lat="35.968325000029125" lon="-115.17273499971628">
    <ele>747.69</ele>
   </trkpt>
   <trkpt lat="35.96907250004299" lon="-115.17274249978742">
    <ele>746.38</ele>
   </trkpt>
   <trkpt lat="35.969820000000006" lon="-115.17275000000001">
    <ele>745.33</ele>
   </trkpt>
   <trkpt lat="35.97065000000079" lon="-115.1727411118588">
    <ele>743.63</ele>
   </trkpt>
   <trkpt lat="35.97148000000093" lon="-115.17273222353067">
    <ele>742.3900000000001</ele>
   </trkpt>
   <trkpt lat="35.972310000000405" lon="-115.17272333501568">
    <ele>741.02</ele>
   </trkpt>
   <trkpt lat="35.973139999999226" lon="-115.17271444631379">
    <ele>739.86</ele>
   </trkpt>
   <trkpt lat="35.97396999999738" lon="-115.17270555742495">
    <ele>738.02</ele>
   </trkpt>
   <trkpt lat="35.97479999999489" lon="-115.17269666834918">
    <ele>736.7800000000001</ele>
   </trkpt>
   <trkpt lat="35.97562999999175" lon="-115.17268777908646">
    <ele>735.0000000000001</ele>
   </trkpt>
   <trkpt lat="35.976459999987945" lon="-115.1726788896368">
    <ele>734.09</ele>
   </trkpt>
   <trkpt lat="35.97729" lon="-115.17267000000001">
    <ele>731.8800000000001</ele>
   </trkpt>
   <trkpt lat="35.977916666765" lon="-115.1726666667191">
    <ele>730.44</ele>
   </trkpt>
   <trkpt lat="35.9785433335299" lon="-115.17266333338524">
    <ele>729.98</ele>
   </trkpt>
   <trkpt lat="35.97917" lon="-115.17266000000001">
    <ele>729.13</ele>
   </trkpt>
   <trkpt lat="35.97996142856707" lon="-115.17264857211639">
    <ele>727.09</ele>
   </trkpt>
   <trkpt lat="35.980752857133055" lon="-115.17263714400355">
    <ele>725.8500000000001</ele>
   </trkpt>
   <trkpt lat="35.98154428569795" lon="-115.17262571566148">
    <ele>724.34</ele>
   </trkpt>
   <trkpt lat="35.982335714261765" lon="-115.1726142870902">
    <ele>722.7900000000001</ele>
   </trkpt>
   <trkpt lat="35.98312714282451" lon="-115.17260285828964">
    <ele>721.0500000000001</ele>
   </trkpt>
   <trkpt lat="35.983918571386155" lon="-115.17259142925985">
    <ele>720.5100000000001</ele>
   </trkpt>
   <trkpt lat="35.98471" lon="-115.17258000000001">
    <ele>718.45</ele>
   </trkpt>
   <trkpt lat="35.98543200002678" lon="-115.17258199992689">
    <ele>717.1</ele>
   </trkpt>
   <trkpt lat="35.986154000053546" lon="-115.17258399989036">
    <ele>716.34</ele>
   </trkpt>
   <trkpt lat="35.98687600008026" lon="-115.17258599989042">
    <ele>714.62</ele>
   </trkpt>
   <trkpt lat="35.987598000106956" lon="-115.1725879999271">
    <ele>713.5400000000001</ele>
   </trkpt>
   <trkpt lat="35.98832" lon="-115.17259000000001">
    <ele>712.0600000000001</ele>
   </trkpt>
   <trkpt lat="35.98892333342676" lon="-115.17258333343429">
    <ele>711.0300000000001</ele>
   </trkpt>
   <trkpt lat="35.98952666685316" lon="-115.1725766667666">
    <ele>710.49</ele>
   </trkpt>
   <trkpt lat="35.99013" lon="-115.17257000000001">
    <ele>709.34</ele>
   </trkpt>
   <trkpt lat="35.99101499998826" lon="-115.17254500028085">
    <ele>707.7800000000001</ele>
   </trkpt>
   <trkpt lat="35.9919" lon="-115.17252">
    <ele>706.55</ele>
   </trkpt>
   <trkpt lat="35.992661666650186" lon="-115.17251500024153">
    <ele>705.32</ele>
   </trkpt>
   <trkpt lat="35.99342333330016" lon="-115.17251000038647">
    <ele>704.0900000000001</ele>
   </trkpt>
   <trkpt lat="35.99418499994991" lon="-115.17250500043487">
    <ele>702.5600000000001</ele>
   </trkpt>
   <trkpt lat="35.99494666659946" lon="-115.1725000003867">
    <ele>701.46</ele>
   </trkpt>
   <trkpt lat="35.99570833324881" lon="-115.17249500024198">
    <ele>700.6500000000001</ele>
   </trkpt>
   <trkpt lat="35.99647" lon="-115.17249000000001">
    <ele>699.5600000000001</ele>
   </trkpt>
   <trkpt lat="35.997350000000004" lon="-115.17251">
    <ele>698.3800000000001</ele>
   </trkpt>
   <trkpt lat="35.99788" lon="-115.17248000000001">
    <ele>697.59</ele>
   </trkpt>
   <trkpt lat="35.99854999992287" lon="-115.17248000000001">
    <ele>696.58</ele>
   </trkpt>
   <trkpt lat="35.99922" lon="-115.17248000000001">
    <ele>695.5300000000001</ele>
   </trkpt>
   <trkpt lat="36.000044999984155" lon="-115.1724550002621">
    <ele>693.85</ele>
   </trkpt>
   <trkpt lat="36.000870000000006" lon="-115.17243">
    <ele>692.4200000000001</ele>
   </trkpt>
   <trkpt lat="36.00152000003496" lon="-115.1724233334429">
    <ele>691.7</ele>
   </trkpt>
   <trkpt lat="36.00217000006955" lon="-115.17241666677587">
    <ele>691.1600000000001</ele>
   </trkpt>
   <trkpt lat="36.00282" lon="-115.17241000000001">
    <ele>690.5600000000001</ele>
   </trkpt>
   <trkpt lat="36.00360285714415" lon="-115.17240571454103">
    <ele>690.1400000000001</ele>
   </trkpt>
   <trkpt lat="36.00438571428815" lon="-115.17240142899693">
    <ele>689.6600000000001</ele>
   </trkpt>
   <trkpt lat="36.005168571431994" lon="-115.17239714336775">
    <ele>688.9300000000001</ele>
   </trkpt>
   <trkpt lat="36.005951428575685" lon="-115.17239285765346">
    <ele>688.1700000000001</ele>
   </trkpt>
   <trkpt lat="36.00673428571922" lon="-115.17238857185409">
    <ele>687.7200000000001</ele>
   </trkpt>
   <trkpt lat="36.007517142862596" lon="-115.17238428596957">
    <ele>687.22</ele>
   </trkpt>
   <trkpt lat="36.008300000000006" lon="-115.17238">
    <ele>686.9000000000001</ele>
   </trkpt>
   <trkpt lat="36.009002499991105" lon="-115.17237250020062">
    <ele>686.6600000000001</ele>
   </trkpt>
   <trkpt lat="36.009704999981736" lon="-115.17236500026755">
    <ele>686.5100000000001</ele>
   </trkpt>
   <trkpt lat="36.01040749997189" lon="-115.17235750020082">
    <ele>686.5500000000001</ele>
   </trkpt>
   <trkpt lat="36.01111" lon="-115.17235000000001">
    <ele>686.5500000000001</ele>
   </trkpt>
   <trkpt lat="36.01178499999221" lon="-115.17233250044985">
    <ele>686.58</ele>
   </trkpt>
   <trkpt lat="36.01245999998186" lon="-115.17231500060004">
    <ele>686.83</ele>
   </trkpt>
   <trkpt lat="36.01313499996897" lon="-115.17229750045047">
    <ele>686.09</ele>
   </trkpt>
   <trkpt lat="36.01381" lon="-115.17228000000001">
    <ele>686.0200000000001</ele>
   </trkpt>
   <trkpt lat="36.01469000005303" lon="-115.17229499983345">
    <ele>685.88</ele>
   </trkpt>
   <trkpt lat="36.015570000000004" lon="-115.17231000000001">
    <ele>685.6500000000001</ele>
   </trkpt>
   <trkpt lat="36.01617666665339" lon="-115.17229333359035">
    <ele>685.58</ele>
   </trkpt>
   <trkpt lat="36.01678333330447" lon="-115.17227666692412">
    <ele>685.2900000000001</ele>
   </trkpt>
   <trkpt lat="36.017390000000006" lon="-115.17226000000001">
    <ele>685.3100000000001</ele>
   </trkpt>
   <trkpt lat="36.0182258333333" lon="-115.17225833352781">
    <ele>685.2</ele>
   </trkpt>
   <trkpt lat="36.01906166666657" lon="-115.17225666702025">
    <ele>685.09</ele>
   </trkpt>
   <trkpt lat="36.019897499999814" lon="-115.17225500047732">
    <ele>685.15</ele>
   </trkpt>
   <trkpt lat="36.020733333333034" lon="-115.17225333389908">
    <ele>685.33</ele>
   </trkpt>
   <trkpt lat="36.02156916666623" lon="-115.17225166728544">
    <ele>685.45</ele>
   </trkpt>
   <trkpt lat="36.02240499999942" lon="-115.17225000063647">
    <ele>684.8900000000001</ele>
   </trkpt>
   <trkpt lat="36.023240833332565" lon="-115.17224833395214">
    <ele>684.84</ele>
   </trkpt>
   <trkpt lat="36.0240766666657" lon="-115.17224666723244">
    <ele>684.44</ele>
   </trkpt>
   <trkpt lat="36.024912499998806" lon="-115.1722450004774">
    <ele>683.9200000000001</ele>
   </trkpt>
   <trkpt lat="36.02574833333189" lon="-115.17224333368698">
    <ele>683.4300000000001</ele>
   </trkpt>
   <trkpt lat="36.026584166664954" lon="-115.1722416668612">
    <ele>683.0400000000001</ele>
   </trkpt>
   <trkpt lat="36.027420000000006" lon="-115.17224000000002">
    <ele>683.0400000000001</ele>
   </trkpt>
   <trkpt lat="36.02830400000878" lon="-115.17224199991026">
    <ele>682.86</ele>
   </trkpt>
   <trkpt lat="36.029188000017534" lon="-115.17224399986537">
    <ele>683.46</ele>
   </trkpt>
   <trkpt lat="36.030072000026244" lon="-115.17224599986541">
    <ele>683.7200000000001</ele>
   </trkpt>
   <trkpt lat="36.03095600003493" lon="-115.1722479999103">
    <ele>683.6300000000001</ele>
   </trkpt>
   <trkpt lat="36.03184" lon="-115.17225">
    <ele>683.95</ele>
   </trkpt>
   <trkpt lat="36.03264200000834" lon="-115.17224999999999">
    <ele>684.0</ele>
   </trkpt>
   <trkpt lat="36.03344400001665" lon="-115.17224999999999">
    <ele>683.82</ele>
   </trkpt>
   <trkpt lat="36.03424600002497" lon="-115.17224999999999">
    <ele>683.51</ele>
   </trkpt>
   <trkpt lat="36.0350480000333" lon="-115.17224999999999">
    <ele>683.08</ele>
   </trkpt>
   <trkpt lat="36.03585" lon="-115.17225">
    <ele>683.12</ele>
   </trkpt>
   <trkpt lat="36.03659249999698" lon="-115.17225499985855">
    <ele>683.33</ele>
   </trkpt>
   <trkpt lat="36.037334999993746" lon="-115.1722599998114">
    <ele>683.61</ele>
   </trkpt>
   <trkpt lat="36.03807749999032" lon="-115.17226499985851">
    <ele>683.7800000000001</ele>
   </trkpt>
   <trkpt lat="36.03882" lon="-115.17227000000001">
    <ele>683.84</ele>
   </trkpt>
   <trkpt lat="36.03949999995829" lon="-115.17227">
    <ele>683.8000000000001</ele>
   </trkpt>
   <trkpt lat="36.04017999991657" lon="-115.17227">
    <ele>684.03</ele>
   </trkpt>
   <trkpt lat="36.040859999874854" lon="-115.17227">
    <ele>683.86</ele>
   </trkpt>
   <trkpt lat="36.041540000000005" lon="-115.17227000000001">
    <ele>683.88</ele>
   </trkpt>
   <trkpt lat="36.041990000112456" lon="-115.17227999994533">
    <ele>683.73</ele>
   </trkpt>
   <trkpt lat="36.042440000000006" lon="-115.17229">
    <ele>683.59</ele>
   </trkpt>
   <trkpt lat="36.04325000000921" lon="-115.17228333367619">
    <ele>683.5500000000001</ele>
   </trkpt>
   <trkpt lat="36.044060000018035" lon="-115.17227666721524">
    <ele>683.49</ele>
   </trkpt>
   <trkpt lat="36.04487000002649" lon="-115.17227000061709">
    <ele>683.46</ele>
   </trkpt>
   <trkpt lat="36.045680000034594" lon="-115.17226333388179">
    <ele>683.51</ele>
   </trkpt>
   <trkpt lat="36.046490000042304" lon="-115.1722566670093">
    <ele>683.49</ele>
   </trkpt>
   <trkpt lat="36.0473" lon="-115.17225">
    <ele>683.36</ele>
   </trkpt>
   <trkpt lat="36.04817750003553" lon="-115.172254999833">
    <ele>682.84</ele>
   </trkpt>
   <trkpt lat="36.04905500007086" lon="-115.17225999977745">
    <ele>681.57</ele>
   </trkpt>
   <trkpt lat="36.04993250010598" lon="-115.1722649998334">
    <ele>681.03</ele>
   </trkpt>
   <trkpt lat="36.050810000000006" lon="-115.17227000000001">
    <ele>681.19</ele>
   </trkpt>
   <trkpt lat="36.05164333334342" lon="-115.1722633334744">
    <ele>681.5500000000001</ele>
   </trkpt>
   <trkpt lat="36.05247666668649" lon="-115.17225666680767">
    <ele>681.6600000000001</ele>
   </trkpt>
   <trkpt lat="36.05331" lon="-115.17225">
    <ele>681.73</ele>
   </trkpt>
   <trkpt lat="36.05404599998876" lon="-115.17225599977547">
    <ele>681.6700000000001</ele>
   </trkpt>
   <trkpt lat="36.054781999977195" lon="-115.17226199966314">
    <ele>681.64</ele>
   </trkpt>
   <trkpt lat="36.055517999965346" lon="-115.17226799966305">
    <ele>681.51</ele>
   </trkpt>
   <trkpt lat="36.0562539999532" lon="-115.17227399977517">
    <ele>681.1700000000001</ele>
   </trkpt>
   <trkpt lat="36.056990000000006" lon="-115.17228000000001">
    <ele>681.25</ele>
   </trkpt>
   <trkpt lat="36.05762500000736" lon="-115.1722650001209">
    <ele>680.9900000000001</ele>
   </trkpt>
   <trkpt lat="36.058260000000004" lon="-115.17225">
    <ele>680.88</ele>
   </trkpt>
   <trkpt lat="36.05909499999414" lon="-115.17224500015921">
    <ele>680.39</ele>
   </trkpt>
   <trkpt lat="36.059929999988086" lon="-115.17224000021231">
    <ele>679.85</ele>
   </trkpt>
   <trkpt lat="36.06076499998183" lon="-115.1722350001593">
    <ele>679.3100000000001</ele>
   </trkpt>
   <trkpt lat="36.061600000000006" lon="-115.17223000000001">
    <ele>678.97</ele>
   </trkpt>
   <trkpt lat="36.062400000010165" lon="-115.1722333331639">
    <ele>678.58</ele>
   </trkpt>
   <trkpt lat="36.06320000002024" lon="-115.17223666639559">
    <ele>678.13</ele>
   </trkpt>
   <trkpt lat="36.064000000030205" lon="-115.17223999969507">
    <ele>677.86</ele>
   </trkpt>
   <trkpt lat="36.06480000004009" lon="-115.17224333306234">
    <ele>677.52</ele>
   </trkpt>
   <trkpt lat="36.065600000049876" lon="-115.17224666649739">
    <ele>676.94</ele>
   </trkpt>
   <trkpt lat="36.0664" lon="-115.17225">
    <ele>676.13</ele>
   </trkpt>
   <trkpt lat="36.06705" lon="-115.17228000000001">
    <ele>675.8700000000001</ele>
   </trkpt>
   <trkpt lat="36.06755500015743" lon="-115.1722700000611">
    <ele>675.5600000000001</ele>
   </trkpt>
   <trkpt lat="36.06806" lon="-115.17226000000001">
    <ele>675.2</ele>
   </trkpt>
   <trkpt lat="36.06880500001505" lon="-115.17226749978705">
    <ele>674.42</ele>
   </trkpt>
   <trkpt lat="36.06955000002961" lon="-115.17227499971617">
    <ele>673.64</ele>
   </trkpt>
   <trkpt lat="36.070295000043714" lon="-115.17228249978736">
    <ele>672.76</ele>
   </trkpt>
   <trkpt lat="36.07104" lon="-115.17229">
    <ele>672.1600000000001</ele>
   </trkpt>
   <trkpt lat="36.07167000011137" lon="-115.17233999960752">
    <ele>671.71</ele>
   </trkpt>
   <trkpt lat="36.072300000000006" lon="-115.17239000000001">
    <ele>671.0400000000001</ele>
   </trkpt>
   <trkpt lat="36.073" lon="-115.17243">
    <ele>669.76</ele>
   </trkpt>
   <trkpt lat="36.07387875001294" lon="-115.17244624872907">
    <ele>669.03</ele>
   </trkpt>
   <trkpt lat="36.074757500023686" lon="-115.17246249782129">
    <ele>668.46</ele>
   </trkpt>
   <trkpt lat="36.07563625003223" lon="-115.17247874727661">
    <ele>668.0</ele>
   </trkpt>
   <trkpt lat="36.07651500003859" lon="-115.17249499709507">
    <ele>667.32</ele>
   </trkpt>
   <trkpt lat="36.07739375004276" lon="-115.1725112472767">
    <ele>666.4100000000001</ele>
   </trkpt>
   <trkpt lat="36.07827250004473" lon="-115.1725274978215">
    <ele>665.47</ele>
   </trkpt>
   <trkpt lat="36.079151250044504" lon="-115.17254374872954">
    <ele>664.36</ele>
   </trkpt>
   <trkpt lat="36.08003" lon="-115.17256">
    <ele>663.9900000000001</ele>
   </trkpt>
   <trkpt lat="36.08083500004431" lon="-115.17257999979631">
    <ele>663.58</ele>
   </trkpt>
   <trkpt lat="36.08164" lon="-115.1726">
    <ele>663.73</ele>
   </trkpt>
   <trkpt lat="36.081630000000004" lon="-115.17271000000001">
    <ele>663.73</ele>
   </trkpt>
   <trkpt lat="36.08165" lon="-115.17272000000001">
    <ele>663.73</ele>
   </trkpt>
   <trkpt lat="36.081720000000004" lon="-115.17269">
    <ele>663.73</ele>
   </trkpt>
   <trkpt lat="36.0818" lon="-115.17274">
    <ele>663.73</ele>
   </trkpt>
   <trkpt lat="36.08193" lon="-115.17277000000001">
    <ele>663.73</ele>
   </trkpt>
  </trkseg>
 </trk>
</gpx>
